season,week,contestant,total_score,avg_score,n_judges,status,placement,voting_method,is_finalist,estimated_vote_prop,vote_certainty
1,1,John O'Hurley,20.0,6.666666666666667,3,active,2,rank,True,0.1834862385321101,0.3
1,1,Kelly Monaco,13.0,4.333333333333333,3,active,1,rank,True,0.11926605504587157,0.3
1,1,Evander Holyfield,18.0,6.0,3,active,5,rank,False,0.1651376146788991,0.3
1,1,Rachel Hunter,20.0,6.666666666666667,3,active,4,rank,False,0.1834862385321101,0.3
1,1,Joey McIntyre,20.0,6.666666666666667,3,active,3,rank,True,0.1834862385321101,0.3
1,1,Trista Sutter,18.0,6.0,3,active,6,rank,False,0.1651376146788991,0.3
1,2,John O'Hurley,26.0,8.666666666666666,3,active,2,rank,True,0.2857142857142857,0.7
1,2,Kelly Monaco,17.0,5.666666666666667,3,active,1,rank,True,0.09523809523809523,0.7
1,2,Evander Holyfield,14.0,4.666666666666667,3,active,5,rank,False,0.047619047619047616,0.7
1,2,Rachel Hunter,24.0,8.0,3,active,4,rank,False,0.23809523809523808,0.7
1,2,Joey McIntyre,21.0,7.0,3,active,3,rank,True,0.19047619047619047,0.7
1,2,Trista Sutter,19.0,6.333333333333333,3,eliminated_this_week,6,rank,False,0.14285714285714285,0.7
1,3,John O'Hurley,24.0,8.0,3,active,2,rank,True,0.2,0.7
1,3,Kelly Monaco,21.0,7.0,3,active,1,rank,True,0.06666666666666667,0.7
1,3,Evander Holyfield,13.0,4.333333333333333,3,eliminated_this_week,5,rank,False,0.3333333333333333,0.7
1,3,Rachel Hunter,26.0,8.666666666666666,3,active,4,rank,False,0.26666666666666666,0.7
1,3,Joey McIntyre,22.0,7.333333333333333,3,active,3,rank,True,0.13333333333333333,0.7
1,4,John O'Hurley,21.0,7.0,3,active,2,rank,True,0.3,0.7
1,4,Kelly Monaco,26.0,8.666666666666666,3,active,1,rank,True,0.4,0.7
1,4,Rachel Hunter,25.0,8.333333333333334,3,eliminated_this_week,4,rank,False,0.1,0.7
1,4,Joey McIntyre,20.0,6.666666666666667,3,active,3,rank,True,0.2,0.7
1,5,John O'Hurley,27.0,9.0,3,active,2,rank,True,0.3698630136986301,0.3
1,5,Kelly Monaco,23.5,7.833333333333333,3,active,1,rank,True,0.3219178082191781,0.3
1,5,Joey McIntyre,22.5,7.5,3,active,3,rank,True,0.3082191780821918,0.3
1,6,John O'Hurley,27.0,9.0,3,active,2,rank,True,0.4954128440366973,0.3
1,6,Kelly Monaco,27.5,9.166666666666666,3,active,1,rank,True,0.5045871559633027,0.3
2,1,Tatum O'Neal,23.0,7.666666666666667,3,active,9,rank,False,0.16363636363636364,0.7
2,1,Tia Carrere,20.0,6.666666666666667,3,active,6,rank,False,0.07272727272727272,0.7
2,1,George Hamilton,18.0,6.0,3,active,5,rank,False,0.03636363636363636,0.7
2,1,Lisa Rinna,19.0,6.333333333333333,3,active,4,rank,False,0.05454545454545454,0.7
2,1,Stacy Keibler,22.0,7.333333333333333,3,active,3,rank,True,0.10909090909090909,0.7
2,1,Jerry Rice,21.0,7.0,3,active,2,rank,True,0.09090909090909091,0.7
2,1,Giselle Fernandez,23.0,7.666666666666667,3,active,8,rank,False,0.12727272727272726,0.7
2,1,Master P,12.0,4.0,3,active,7,rank,False,0.01818181818181818,0.7
2,1,Drew Lachey,24.0,8.0,3,active,1,rank,True,0.18181818181818182,0.7
2,1,Kenny Mayne,13.0,4.333333333333333,3,eliminated_this_week,10,rank,False,0.14545454545454545,0.7
2,2,Tatum O'Neal,17.0,5.666666666666667,3,eliminated_this_week,9,rank,False,0.15555555555555556,0.7
2,2,Tia Carrere,22.0,7.333333333333333,3,active,6,rank,False,0.08888888888888889,0.7
2,2,George Hamilton,22.0,7.333333333333333,3,active,5,rank,False,0.06666666666666667,0.7
2,2,Lisa Rinna,20.0,6.666666666666667,3,active,4,rank,False,0.044444444444444446,0.7
2,2,Stacy Keibler,29.0,9.666666666666666,3,active,3,rank,True,0.2,0.7
2,2,Jerry Rice,23.0,7.666666666666667,3,active,2,rank,True,0.1111111111111111,0.7
2,2,Giselle Fernandez,24.0,8.0,3,active,8,rank,False,0.13333333333333333,0.7
2,2,Master P,16.0,5.333333333333333,3,active,7,rank,False,0.022222222222222223,0.7
2,2,Drew Lachey,27.0,9.0,3,active,1,rank,True,0.17777777777777778,0.7
2,3,Tia Carrere,26.0,8.666666666666666,3,active,6,rank,False,0.16666666666666666,0.7
2,3,George Hamilton,22.0,7.333333333333333,3,active,5,rank,False,0.08333333333333333,0.7
2,3,Lisa Rinna,25.0,8.333333333333334,3,active,4,rank,False,0.1388888888888889,0.7
2,3,Stacy Keibler,27.0,9.0,3,active,3,rank,True,0.2222222222222222,0.7
2,3,Jerry Rice,19.0,6.333333333333333,3,active,2,rank,True,0.05555555555555555,0.7
2,3,Giselle Fernandez,22.0,7.333333333333333,3,eliminated_this_week,8,rank,False,0.1111111111111111,0.7
2,3,Master P,14.0,4.666666666666667,3,active,7,rank,False,0.027777777777777776,0.7
2,3,Drew Lachey,27.0,9.0,3,active,1,rank,True,0.19444444444444445,0.7
2,4,Tia Carrere,25.0,8.333333333333334,3,active,6,rank,False,0.10714285714285714,0.7
2,4,George Hamilton,21.0,7.0,3,active,5,rank,False,0.03571428571428571,0.7
2,4,Lisa Rinna,26.0,8.666666666666666,3,active,4,rank,False,0.17857142857142858,0.7
2,4,Stacy Keibler,26.0,8.666666666666666,3,active,3,rank,True,0.14285714285714285,0.7
2,4,Jerry Rice,24.0,8.0,3,active,2,rank,True,0.07142857142857142,0.7
2,4,Master P,8.0,2.6666666666666665,3,eliminated_this_week,7,rank,False,0.25,0.7
2,4,Drew Lachey,28.0,9.333333333333334,3,active,1,rank,True,0.21428571428571427,0.7
2,5,Tia Carrere,22.0,7.333333333333333,3,eliminated_this_week,6,rank,False,0.2857142857142857,0.7
2,5,George Hamilton,24.0,8.0,3,active,5,rank,False,0.09523809523809523,0.7
2,5,Lisa Rinna,25.0,8.333333333333334,3,active,4,rank,False,0.14285714285714285,0.7
2,5,Stacy Keibler,30.0,10.0,3,active,3,rank,True,0.23809523809523808,0.7
2,5,Jerry Rice,23.0,7.666666666666667,3,active,2,rank,True,0.047619047619047616,0.7
2,5,Drew Lachey,27.0,9.0,3,active,1,rank,True,0.19047619047619047,0.7
2,6,George Hamilton,23.0,7.666666666666667,3,eliminated_this_week,5,rank,False,0.26666666666666666,0.7
2,6,Lisa Rinna,27.0,9.0,3,active,4,rank,False,0.13333333333333333,0.7
2,6,Stacy Keibler,30.0,10.0,3,active,3,rank,True,0.3333333333333333,0.7
2,6,Jerry Rice,23.0,7.666666666666667,3,active,2,rank,True,0.06666666666666667,0.7
2,6,Drew Lachey,30.0,10.0,3,active,1,rank,True,0.2,0.7
2,7,Lisa Rinna,26.5,8.833333333333334,3,eliminated_this_week,4,rank,False,0.2,0.7
2,7,Stacy Keibler,27.5,9.166666666666666,3,active,3,rank,True,0.4,0.7
2,7,Jerry Rice,20.5,6.833333333333333,3,active,2,rank,True,0.1,0.7
2,7,Drew Lachey,27.5,9.166666666666666,3,active,1,rank,True,0.3,0.7
2,8,Stacy Keibler,28.6665,9.5555,3,active,3,rank,True,0.33992071896021603,0.3
2,8,Jerry Rice,26.666600000000003,8.888866666666667,3,active,2,rank,True,0.31620636785880724,0.3
2,8,Drew Lachey,28.9998,9.6666,3,active,1,rank,True,0.34387291318097685,0.3
3,1,Harry Hamlin,17.0,5.666666666666667,3,active,9,percentage,False,0.09090909090909091,0.14150943396226412
3,1,Vivica A. Fox,22.0,7.333333333333333,3,active,8,percentage,False,0.09090909090909091,0.14150943396226412
3,1,Monique Coleman,19.0,6.333333333333333,3,active,4,percentage,False,0.09090909090909091,0.14150943396226412
3,1,Joey Lawrence,21.0,7.0,3,active,3,percentage,True,0.09090909090909091,0.14150943396226412
3,1,Mario Lopez,26.0,8.666666666666666,3,active,2,percentage,True,0.09090909090909091,0.14150943396226412
3,1,Emmitt Smith,24.0,8.0,3,active,1,percentage,True,0.09090909090909091,0.14150943396226412
3,1,Shanna Moakler,18.0,6.0,3,active,10,percentage,False,0.09090909090909091,0.14150943396226412
3,1,Willa Ford,22.0,7.333333333333333,3,active,7,percentage,False,0.09090909090909091,0.14150943396226412
3,1,Sara Evans,15.0,5.0,3,active,6,percentage,False,0.09090909090909091,0.14150943396226412
3,1,Jerry Springer,16.0,5.333333333333333,3,active,5,percentage,False,0.09090909090909091,0.14150943396226412
3,1,Tucker Carlson,12.0,4.0,3,eliminated_this_week,11,percentage,False,0.09090909090909091,0.14150943396226412
3,2,Harry Hamlin,21.0,7.0,3,active,9,percentage,False,0.1,0.010000000000000009
3,2,Vivica A. Fox,24.0,8.0,3,active,8,percentage,False,0.1,0.010000000000000009
3,2,Monique Coleman,26.0,8.666666666666666,3,active,4,percentage,False,0.1,0.010000000000000009
3,2,Joey Lawrence,29.0,9.666666666666666,3,active,3,percentage,True,0.1,0.010000000000000009
3,2,Mario Lopez,21.0,7.0,3,active,2,percentage,True,0.1,0.010000000000000009
3,2,Emmitt Smith,24.0,8.0,3,active,1,percentage,True,0.1,0.010000000000000009
3,2,Shanna Moakler,22.0,7.333333333333333,3,eliminated_this_week,10,percentage,False,0.09297826086956522,0.010000000000000009
3,2,Willa Ford,23.0,7.666666666666667,3,active,7,percentage,False,0.1,0.010000000000000009
3,2,Sara Evans,21.0,7.0,3,active,6,percentage,False,0.1,0.010000000000000009
3,2,Jerry Springer,19.0,6.333333333333333,3,active,5,percentage,False,0.10702173913043479,0.010000000000000009
3,3,Harry Hamlin,22.0,7.333333333333333,3,eliminated_this_week,9,percentage,False,0.1033647342995169,0.010000000000000009
3,3,Vivica A. Fox,27.0,9.0,3,active,8,percentage,False,0.1111111111111111,0.010000000000000009
3,3,Monique Coleman,27.0,9.0,3,active,4,percentage,False,0.1111111111111111,0.010000000000000009
3,3,Joey Lawrence,22.0,7.333333333333333,3,active,3,percentage,True,0.1111111111111111,0.010000000000000009
3,3,Mario Lopez,22.0,7.333333333333333,3,active,2,percentage,True,0.1111111111111111,0.010000000000000009
3,3,Emmitt Smith,19.0,6.333333333333333,3,active,1,percentage,True,0.1188574879227053,0.010000000000000009
3,3,Willa Ford,22.0,7.333333333333333,3,active,7,percentage,False,0.1111111111111111,0.010000000000000009
3,3,Sara Evans,25.0,8.333333333333334,3,active,6,percentage,False,0.1111111111111111,0.010000000000000009
3,3,Jerry Springer,21.0,7.0,3,active,5,percentage,False,0.1111111111111111,0.010000000000000009
3,4,Vivica A. Fox,24.0,8.0,3,eliminated_this_week,8,percentage,False,0.11423232323270219,0.010000000000000009
3,4,Monique Coleman,24.0,8.0,3,active,4,percentage,False,0.12499999999977263,0.010000000000000009
3,4,Joey Lawrence,27.0,9.0,3,active,3,percentage,True,0.12499999999977263,0.010000000000000009
3,4,Mario Lopez,29.0,9.666666666666666,3,active,2,percentage,True,0.12499999999977263,0.010000000000000009
3,4,Emmitt Smith,24.0,8.0,3,active,1,percentage,True,0.12499999999977263,0.010000000000000009
3,4,Willa Ford,28.0,9.333333333333334,3,active,7,percentage,False,0.12499999999977263,0.010000000000000009
3,4,Sara Evans,20.0,6.666666666666667,3,active,6,percentage,False,0.1354343434347224,0.010000000000000009
3,4,Jerry Springer,22.0,7.333333333333333,3,active,5,percentage,False,0.1253333333337123,0.010000000000000009
3,5,Monique Coleman,27.0,9.0,3,active,4,percentage,False,0.14285714285740272,0.010000000000000009
3,5,Joey Lawrence,25.0,8.333333333333334,3,active,3,percentage,True,0.14310714285694795,0.010000000000000009
3,5,Mario Lopez,27.0,9.0,3,active,2,percentage,True,0.14285714285740272,0.010000000000000009
3,5,Emmitt Smith,27.0,9.0,3,active,1,percentage,True,0.14285714285740272,0.010000000000000009
3,5,Willa Ford,27.0,9.0,3,eliminated_this_week,7,percentage,False,0.13105741910004187,0.010000000000000009
3,5,Sara Evans,24.0,8.0,3,active,6,percentage,False,0.148632004735401,0.010000000000000009
3,5,Jerry Springer,24.0,8.0,3,active,5,percentage,False,0.148632004735401,0.010000000000000009
3,6,Monique Coleman,23.0,7.666666666666667,3,active,4,percentage,False,0.19491525423728814,0.3
3,6,Joey Lawrence,24.0,8.0,3,active,3,percentage,True,0.2033898305084746,0.3
3,6,Mario Lopez,28.0,9.333333333333334,3,active,2,percentage,True,0.23728813559322035,0.3
3,6,Emmitt Smith,25.0,8.333333333333334,3,active,1,percentage,True,0.211864406779661,0.3
3,6,Jerry Springer,18.0,6.0,3,active,5,percentage,False,0.15254237288135594,0.3
3,7,Monique Coleman,27.0,9.0,3,active,4,percentage,False,0.2,0.2962962962962967
3,7,Joey Lawrence,28.5,9.5,3,active,3,percentage,True,0.2,0.2962962962962967
3,7,Mario Lopez,28.0,9.333333333333334,3,active,2,percentage,True,0.2,0.2962962962962967
3,7,Emmitt Smith,28.5,9.5,3,active,1,percentage,True,0.2,0.2962962962962967
3,7,Jerry Springer,23.0,7.666666666666667,3,eliminated_this_week,5,percentage,False,0.2,0.2962962962962967
3,8,Monique Coleman,26.5,8.833333333333334,3,eliminated_this_week,4,percentage,False,0.25,0.0458715596330278
3,8,Joey Lawrence,27.0,9.0,3,active,3,percentage,True,0.25,0.0458715596330278
3,8,Mario Lopez,28.5,9.5,3,active,2,percentage,True,0.25,0.0458715596330278
3,8,Emmitt Smith,27.0,9.0,3,active,1,percentage,True,0.25,0.0458715596330278
3,9,Joey Lawrence,29.5,9.833333333333334,3,active,3,percentage,True,0.3333333333333333,0.3
3,9,Mario Lopez,29.5,9.833333333333334,3,active,2,percentage,True,0.3333333333333333,0.3
3,9,Emmitt Smith,29.5,9.833333333333334,3,active,1,percentage,True,0.3333333333333333,0.3
3,10,Mario Lopez,29.666600000000003,9.888866666666667,3,active,2,percentage,True,0.5,0.3
3,10,Emmitt Smith,29.666600000000003,9.888866666666667,3,active,1,percentage,True,0.5,0.3
4,1,John Ratzenberger,17.0,5.666666666666667,3,active,6,percentage,False,0.0825242718446602,0.3
4,1,Ian Ziering,21.0,7.0,3,active,4,percentage,False,0.10194174757281553,0.3
4,1,Clyde Drexler,16.0,5.333333333333333,3,active,8,percentage,False,0.07766990291262135,0.3
4,1,Laila Ali,23.0,7.666666666666667,3,active,3,percentage,True,0.11165048543689321,0.3
4,1,Apolo Anton Ohno,21.0,7.0,3,active,1,percentage,True,0.10194174757281553,0.3
4,1,Shandi Finnessey,19.0,6.333333333333333,3,active,10,percentage,False,0.09223300970873786,0.3
4,1,Paulina Porizkova,19.0,6.333333333333333,3,active,11,percentage,False,0.09223300970873786,0.3
4,1,Heather Mills,18.0,6.0,3,active,7,percentage,False,0.08737864077669903,0.3
4,1,Billy Ray Cyrus,13.0,4.333333333333333,3,active,5,percentage,False,0.06310679611650485,0.3
4,1,Joey Fatone,24.0,8.0,3,active,2,percentage,True,0.11650485436893204,0.3
4,1,Leeza Gibbons,15.0,5.0,3,active,9,percentage,False,0.07281553398058252,0.3
4,2,John Ratzenberger,21.0,7.0,3,active,6,percentage,False,0.09090909090909091,0.010000000000000286
4,2,Ian Ziering,22.0,7.333333333333333,3,active,4,percentage,False,0.09090909090909091,0.010000000000000286
4,2,Clyde Drexler,18.0,6.0,3,active,8,percentage,False,0.09753153988868275,0.010000000000000286
4,2,Laila Ali,27.0,9.0,3,active,3,percentage,True,0.09090909090909091,0.010000000000000286
4,2,Apolo Anton Ohno,26.0,8.666666666666666,3,active,1,percentage,True,0.09090909090909091,0.010000000000000286
4,2,Shandi Finnessey,20.0,6.666666666666667,3,active,10,percentage,False,0.09090909090909091,0.010000000000000286
4,2,Paulina Porizkova,21.0,7.0,3,eliminated_this_week,11,percentage,False,0.08428664192949907,0.010000000000000286
4,2,Heather Mills,24.0,8.0,3,active,7,percentage,False,0.09090909090909091,0.010000000000000286
4,2,Billy Ray Cyrus,21.0,7.0,3,active,5,percentage,False,0.09090909090909091,0.010000000000000286
4,2,Joey Fatone,24.0,8.0,3,active,2,percentage,True,0.09090909090909091,0.010000000000000286
4,2,Leeza Gibbons,21.0,7.0,3,active,9,percentage,False,0.09090909090909091,0.010000000000000286
4,3,John Ratzenberger,20.0,6.666666666666667,3,active,6,percentage,False,0.1,0.010000000000000009
4,3,Ian Ziering,24.0,8.0,3,active,4,percentage,False,0.1,0.010000000000000009
4,3,Clyde Drexler,16.0,5.333333333333333,3,active,8,percentage,False,0.11196788990825689,0.010000000000000009
4,3,Laila Ali,21.0,7.0,3,active,3,percentage,True,0.1,0.010000000000000009
4,3,Apolo Anton Ohno,23.0,7.666666666666667,3,active,1,percentage,True,0.1,0.010000000000000009
4,3,Shandi Finnessey,21.0,7.0,3,eliminated_this_week,10,percentage,False,0.08803211009174312,0.010000000000000009
4,3,Heather Mills,24.0,8.0,3,active,7,percentage,False,0.1,0.010000000000000009
4,3,Billy Ray Cyrus,21.0,7.0,3,active,5,percentage,False,0.1,0.010000000000000009
4,3,Joey Fatone,24.0,8.0,3,active,2,percentage,True,0.1,0.010000000000000009
4,3,Leeza Gibbons,24.0,8.0,3,active,9,percentage,False,0.1,0.010000000000000009
4,4,John Ratzenberger,16.0,5.333333333333333,3,active,6,percentage,False,0.11111111111109848,0.010000000000000009
4,4,Ian Ziering,24.0,8.0,3,active,4,percentage,False,0.11111111111109848,0.010000000000000009
4,4,Clyde Drexler,15.0,5.0,3,active,8,percentage,False,0.11424269005852374,0.010000000000000009
4,4,Laila Ali,21.0,7.0,3,active,3,percentage,True,0.11111111111109848,0.010000000000000009
4,4,Apolo Anton Ohno,26.0,8.666666666666666,3,active,1,percentage,True,0.11111111111109848,0.010000000000000009
4,4,Heather Mills,23.0,7.666666666666667,3,active,7,percentage,False,0.11111111111109848,0.010000000000000009
4,4,Billy Ray Cyrus,21.0,7.0,3,active,5,percentage,False,0.11111111111109848,0.010000000000000009
4,4,Joey Fatone,28.0,9.333333333333334,3,active,2,percentage,True,0.11111111111109848,0.010000000000000009
4,4,Leeza Gibbons,16.0,5.333333333333333,3,eliminated_this_week,9,percentage,False,0.10797953216378689,0.010000000000000009
4,5,John Ratzenberger,18.0,6.0,3,active,6,percentage,False,0.125,0.22727272727272735
4,5,Ian Ziering,24.0,8.0,3,active,4,percentage,False,0.125,0.22727272727272735
4,5,Clyde Drexler,13.0,4.333333333333333,3,eliminated_this_week,8,percentage,False,0.125,0.22727272727272735
4,5,Laila Ali,28.0,9.333333333333334,3,active,3,percentage,True,0.125,0.22727272727272735
4,5,Apolo Anton Ohno,30.0,10.0,3,active,1,percentage,True,0.125,0.22727272727272735
4,5,Heather Mills,21.0,7.0,3,active,7,percentage,False,0.125,0.22727272727272735
4,5,Billy Ray Cyrus,17.0,5.666666666666667,3,active,5,percentage,False,0.125,0.22727272727272735
4,5,Joey Fatone,25.0,8.333333333333334,3,active,2,percentage,True,0.125,0.22727272727272735
4,6,John Ratzenberger,19.0,6.333333333333333,3,active,6,percentage,False,0.1549551820728291,0.009999999999999454
4,6,Ian Ziering,24.0,8.0,3,active,4,percentage,False,0.14285714285714285,0.009999999999999454
4,6,Laila Ali,28.0,9.333333333333334,3,active,3,percentage,True,0.14285714285714285,0.009999999999999454
4,6,Apolo Anton Ohno,28.0,9.333333333333334,3,active,1,percentage,True,0.14285714285714285,0.009999999999999454
4,6,Heather Mills,23.0,7.666666666666667,3,eliminated_this_week,7,percentage,False,0.13042577030812325,0.009999999999999454
4,6,Billy Ray Cyrus,21.0,7.0,3,active,5,percentage,False,0.14319047619047617,0.009999999999999454
4,6,Joey Fatone,27.0,9.0,3,active,2,percentage,True,0.14285714285714285,0.009999999999999454
4,7,John Ratzenberger,22.5,7.5,3,eliminated_this_week,6,percentage,False,0.1548398058240301,0.010000000000000009
4,7,Ian Ziering,27.0,9.0,3,active,4,percentage,False,0.166666666667273,0.010000000000000009
4,7,Laila Ali,29.5,9.833333333333334,3,active,3,percentage,True,0.166666666667273,0.010000000000000009
4,7,Apolo Anton Ohno,27.0,9.0,3,active,1,percentage,True,0.166666666667273,0.010000000000000009
4,7,Billy Ray Cyrus,19.0,6.333333333333333,3,active,5,percentage,False,0.17849352750687797,0.010000000000000009
4,7,Joey Fatone,29.5,9.833333333333334,3,active,2,percentage,True,0.166666666667273,0.010000000000000009
4,8,Ian Ziering,23.5,7.833333333333333,3,active,4,percentage,False,0.2,0.3585657370517925
4,8,Laila Ali,26.5,8.833333333333334,3,active,3,percentage,True,0.2,0.3585657370517925
4,8,Apolo Anton Ohno,29.0,9.666666666666666,3,active,1,percentage,True,0.2,0.3585657370517925
4,8,Billy Ray Cyrus,19.0,6.333333333333333,3,eliminated_this_week,5,percentage,False,0.2,0.3585657370517925
4,8,Joey Fatone,27.5,9.166666666666666,3,active,2,percentage,True,0.2,0.3585657370517925
4,9,Ian Ziering,29.0,9.666666666666666,3,eliminated_this_week,4,percentage,False,0.25,0.04219409282700426
4,9,Laila Ali,30.0,10.0,3,active,3,percentage,True,0.25,0.04219409282700426
4,9,Apolo Anton Ohno,29.5,9.833333333333334,3,active,1,percentage,True,0.25,0.04219409282700426
4,9,Joey Fatone,30.0,10.0,3,active,2,percentage,True,0.25,0.04219409282700426
4,10,Laila Ali,28.333200000000005,9.444400000000002,3,active,3,percentage,True,0.3281854310465651,0.3
4,10,Apolo Anton Ohno,29.3332,9.777733333333334,3,active,1,percentage,True,0.33976850076853665,0.3
4,10,Joey Fatone,28.6665,9.5555,3,active,2,percentage,True,0.3320460681848982,0.3
5,1,Cameron Mathison,21.0,7.0,3,active,5,percentage,False,0.08333333333333333,0.07782101167315203
5,1,Jane Seymour,24.0,8.0,3,active,6,percentage,False,0.08333333333333333,0.07782101167315203
5,1,Sabrina Bryan,26.0,8.666666666666666,3,active,7,percentage,False,0.08333333333333333,0.07782101167315203
5,1,Jennie Garth,21.0,7.0,3,active,4,percentage,False,0.08333333333333333,0.07782101167315203
5,1,Floyd Mayweather Jr. ,18.0,6.0,3,active,9,percentage,False,0.08333333333333333,0.07782101167315203
5,1,Josie Maran,16.0,5.333333333333333,3,eliminated_this_week,12,percentage,False,0.08333333333333333,0.07782101167315203
5,1,Albert Reed,21.0,7.0,3,active,11,percentage,False,0.08333333333333333,0.07782101167315203
5,1,Helio Castroneves,25.0,8.333333333333334,3,active,1,percentage,True,0.08333333333333333,0.07782101167315203
5,1,Mel B,24.0,8.0,3,active,2,percentage,True,0.08333333333333333,0.07782101167315203
5,1,Wayne Newton,19.0,6.333333333333333,3,active,10,percentage,False,0.08333333333333333,0.07782101167315203
5,1,Marie Osmond,21.0,7.0,3,active,3,percentage,True,0.08333333333333333,0.07782101167315203
5,1,Mark Cuban,21.0,7.0,3,active,8,percentage,False,0.08333333333333333,0.07782101167315203
5,2,Cameron Mathison,21.0,7.0,3,active,5,percentage,False,0.09090909090909091,0.010000000000000009
5,2,Jane Seymour,21.0,7.0,3,active,6,percentage,False,0.09090909090909091,0.010000000000000009
5,2,Sabrina Bryan,26.0,8.666666666666666,3,active,7,percentage,False,0.09090909090909091,0.010000000000000009
5,2,Jennie Garth,21.0,7.0,3,active,4,percentage,False,0.09090909090909091,0.010000000000000009
5,2,Floyd Mayweather Jr. ,21.0,7.0,3,active,9,percentage,False,0.09090909090909091,0.010000000000000009
5,2,Albert Reed,21.0,7.0,3,eliminated_this_week,11,percentage,False,0.07763738222561753,0.010000000000000009
5,2,Helio Castroneves,27.0,9.0,3,active,1,percentage,True,0.09090909090909091,0.010000000000000009
5,2,Mel B,23.0,7.666666666666667,3,active,2,percentage,True,0.09090909090909091,0.010000000000000009
5,2,Wayne Newton,15.0,5.0,3,active,10,percentage,False,0.10384746625923097,0.010000000000000009
5,2,Marie Osmond,24.0,8.0,3,active,3,percentage,True,0.09090909090909091,0.010000000000000009
5,2,Mark Cuban,18.0,6.0,3,active,8,percentage,False,0.09124242424242425,0.010000000000000009
5,3,Cameron Mathison,23.0,7.666666666666667,3,active,5,percentage,False,0.1,0.08368200836820078
5,3,Jane Seymour,27.0,9.0,3,active,6,percentage,False,0.1,0.08368200836820078
5,3,Sabrina Bryan,27.0,9.0,3,active,7,percentage,False,0.1,0.08368200836820078
5,3,Jennie Garth,26.0,8.666666666666666,3,active,4,percentage,False,0.1,0.08368200836820078
5,3,Floyd Mayweather Jr. ,21.0,7.0,3,active,9,percentage,False,0.1,0.08368200836820078
5,3,Helio Castroneves,24.0,8.0,3,active,1,percentage,True,0.1,0.08368200836820078
5,3,Mel B,27.0,9.0,3,active,2,percentage,True,0.1,0.08368200836820078
5,3,Wayne Newton,18.0,6.0,3,eliminated_this_week,10,percentage,False,0.1,0.08368200836820078
5,3,Marie Osmond,26.0,8.666666666666666,3,active,3,percentage,True,0.1,0.08368200836820078
5,3,Mark Cuban,20.0,6.666666666666667,3,active,8,percentage,False,0.1,0.08368200836820078
5,4,Cameron Mathison,27.0,9.0,3,active,5,percentage,False,0.1111111111111111,0.010000000000000009
5,4,Jane Seymour,26.0,8.666666666666666,3,active,6,percentage,False,0.1111111111111111,0.010000000000000009
5,4,Sabrina Bryan,30.0,10.0,3,active,7,percentage,False,0.1111111111111111,0.010000000000000009
5,4,Jennie Garth,27.0,9.0,3,active,4,percentage,False,0.1111111111111111,0.010000000000000009
5,4,Floyd Mayweather Jr. ,23.0,7.666666666666667,3,eliminated_this_week,9,percentage,False,0.10847435897435896,0.010000000000000009
5,4,Helio Castroneves,27.0,9.0,3,active,1,percentage,True,0.1111111111111111,0.010000000000000009
5,4,Mel B,26.0,8.666666666666666,3,active,2,percentage,True,0.1111111111111111,0.010000000000000009
5,4,Marie Osmond,26.0,8.666666666666666,3,active,3,percentage,True,0.1111111111111111,0.010000000000000009
5,4,Mark Cuban,22.0,7.333333333333333,3,active,8,percentage,False,0.11374786324786323,0.010000000000000009
5,5,Cameron Mathison,26.0,8.666666666666666,3,active,5,percentage,False,0.12499999999999956,0.010000000000000009
5,5,Jane Seymour,26.0,8.666666666666666,3,active,6,percentage,False,0.12499999999999956,0.010000000000000009
5,5,Sabrina Bryan,28.0,9.333333333333334,3,active,7,percentage,False,0.12499999999999956,0.010000000000000009
5,5,Jennie Garth,25.0,8.333333333333334,3,active,4,percentage,False,0.12499999999999956,0.010000000000000009
5,5,Helio Castroneves,23.0,7.666666666666667,3,active,1,percentage,True,0.12499999999999956,0.010000000000000009
5,5,Mel B,29.0,9.666666666666666,3,active,2,percentage,True,0.12499999999999956,0.010000000000000009
5,5,Marie Osmond,21.0,7.0,3,active,3,percentage,True,0.12550000000000133,0.010000000000000009
5,5,Mark Cuban,21.0,7.0,3,eliminated_this_week,8,percentage,False,0.12450000000000133,0.010000000000000009
5,6,Cameron Mathison,25.0,8.333333333333334,3,active,5,percentage,False,0.14285714285714285,0.010000000000000009
5,6,Jane Seymour,22.0,7.333333333333333,3,active,6,percentage,False,0.15059788359788356,0.010000000000000009
5,6,Sabrina Bryan,25.0,8.333333333333334,3,eliminated_this_week,7,percentage,False,0.1329312169312169,0.010000000000000009
5,6,Jennie Garth,27.0,9.0,3,active,4,percentage,False,0.14285714285714285,0.010000000000000009
5,6,Helio Castroneves,28.0,9.333333333333334,3,active,1,percentage,True,0.14285714285714285,0.010000000000000009
5,6,Mel B,30.0,10.0,3,active,2,percentage,True,0.14285714285714285,0.010000000000000009
5,6,Marie Osmond,23.0,7.666666666666667,3,active,3,percentage,True,0.14504232804232803,0.010000000000000009
5,7,Cameron Mathison,25.5,8.5,3,active,5,percentage,False,0.16666666666666666,0.03205128205128194
5,7,Jane Seymour,25.0,8.333333333333334,3,eliminated_this_week,6,percentage,False,0.16666666666666666,0.03205128205128194
5,7,Jennie Garth,26.5,8.833333333333334,3,active,4,percentage,False,0.16666666666666666,0.03205128205128194
5,7,Helio Castroneves,26.0,8.666666666666666,3,active,1,percentage,True,0.16666666666666666,0.03205128205128194
5,7,Mel B,27.0,9.0,3,active,2,percentage,True,0.16666666666666666,0.03205128205128194
5,7,Marie Osmond,26.0,8.666666666666666,3,active,3,percentage,True,0.16666666666666666,0.03205128205128194
5,8,Cameron Mathison,25.5,8.5,3,eliminated_this_week,5,percentage,False,0.19553105196448173,0.010000000000000009
5,8,Jennie Garth,25.0,8.333333333333334,3,active,4,percentage,False,0.20033333333330303,0.010000000000000009
5,8,Helio Castroneves,28.5,9.5,3,active,1,percentage,True,0.20000000000004547,0.010000000000000009
5,8,Mel B,28.0,9.333333333333334,3,active,2,percentage,True,0.20000000000004547,0.010000000000000009
5,8,Marie Osmond,24.5,8.166666666666666,3,active,3,percentage,True,0.2041356147021243,0.010000000000000009
5,9,Jennie Garth,29.0,9.666666666666666,3,eliminated_this_week,4,percentage,False,0.2452264957264389,0.009999999999999454
5,9,Helio Castroneves,30.0,10.0,3,active,1,percentage,True,0.25000000000005684,0.009999999999999454
5,9,Mel B,30.0,10.0,3,active,2,percentage,True,0.25000000000005684,0.009999999999999454
5,9,Marie Osmond,28.0,9.333333333333334,3,active,3,percentage,True,0.2547735042734474,0.009999999999999454
5,10,Helio Castroneves,27.999900000000004,9.333300000000001,3,active,1,percentage,True,0.35294095402801606,0.3
5,10,Mel B,28.333199999999998,9.4444,3,active,2,percentage,True,0.35714222688890257,0.3
5,10,Marie Osmond,23.0,7.666666666666667,3,active,3,percentage,True,0.2899168190830813,0.3
6,1,Cristian de la Fuente,21.0,7.0,3,active,3,percentage,True,0.08641975308641975,0.3
6,1,Steve Guttenberg,18.0,6.0,3,active,10,percentage,False,0.07407407407407407,0.3
6,1,Priscilla Presley,24.0,8.0,3,active,8,percentage,False,0.09876543209876543,0.3
6,1,Marlee Matlin,22.0,7.333333333333333,3,active,7,percentage,False,0.09053497942386832,0.3
6,1,Shannon Elizabeth,21.0,7.0,3,active,6,percentage,False,0.08641975308641975,0.3
6,1,Marissa Jaret Winokur,18.0,6.0,3,active,4,percentage,False,0.07407407407407407,0.3
6,1,Jason Taylor,22.0,7.333333333333333,3,active,2,percentage,True,0.09053497942386832,0.3
6,1,Kristi Yamaguchi,27.0,9.0,3,active,1,percentage,True,0.1111111111111111,0.3
6,1,Monica Seles,15.0,5.0,3,active,11,percentage,False,0.06172839506172839,0.3
6,1,Penn Jillette,16.0,5.333333333333333,3,active,12,percentage,False,0.06584362139917696,0.3
6,1,Adam Carolla,15.0,5.0,3,active,9,percentage,False,0.06172839506172839,0.3
6,1,Mario,24.0,8.0,3,active,5,percentage,False,0.09876543209876543,0.3
6,2,Cristian de la Fuente,20.0,6.666666666666667,3,active,3,percentage,True,0.08333333333332386,0.01945525291828787
6,2,Steve Guttenberg,16.0,5.333333333333333,3,active,10,percentage,False,0.08350000000002843,0.01945525291828787
6,2,Priscilla Presley,21.0,7.0,3,active,8,percentage,False,0.08333333333332386,0.01945525291828787
6,2,Marlee Matlin,24.0,8.0,3,active,7,percentage,False,0.08333333333332386,0.01945525291828787
6,2,Shannon Elizabeth,24.0,8.0,3,active,6,percentage,False,0.08333333333332386,0.01945525291828787
6,2,Marissa Jaret Winokur,21.0,7.0,3,active,4,percentage,False,0.08333333333332386,0.01945525291828787
6,2,Jason Taylor,27.0,9.0,3,active,2,percentage,True,0.08333333333332386,0.01945525291828787
6,2,Kristi Yamaguchi,27.0,9.0,3,active,1,percentage,True,0.08333333333332386,0.01945525291828787
6,2,Monica Seles,15.0,5.0,3,eliminated_this_week,11,percentage,False,0.08544552529185723,0.01945525291828787
6,2,Penn Jillette,17.0,5.666666666666667,3,eliminated_this_week,12,percentage,False,0.08105447470819964,0.01945525291828787
6,2,Adam Carolla,19.0,6.333333333333333,3,active,9,percentage,False,0.08333333333332386,0.01945525291828787
6,2,Mario,26.0,8.666666666666666,3,active,5,percentage,False,0.08333333333332386,0.01945525291828787
6,3,Cristian de la Fuente,25.0,8.333333333333334,3,active,3,percentage,True,0.1,0.010000000000000009
6,3,Steve Guttenberg,21.0,7.0,3,eliminated_this_week,10,percentage,False,0.0951140350877193,0.010000000000000009
6,3,Priscilla Presley,26.0,8.666666666666666,3,active,8,percentage,False,0.1,0.010000000000000009
6,3,Marlee Matlin,21.0,7.0,3,active,7,percentage,False,0.1,0.010000000000000009
6,3,Shannon Elizabeth,24.0,8.0,3,active,6,percentage,False,0.1,0.010000000000000009
6,3,Marissa Jaret Winokur,19.0,6.333333333333333,3,active,4,percentage,False,0.10488596491228071,0.010000000000000009
6,3,Jason Taylor,23.0,7.666666666666667,3,active,2,percentage,True,0.1,0.010000000000000009
6,3,Kristi Yamaguchi,27.0,9.0,3,active,1,percentage,True,0.1,0.010000000000000009
6,3,Adam Carolla,21.0,7.0,3,active,9,percentage,False,0.1,0.010000000000000009
6,3,Mario,21.0,7.0,3,active,5,percentage,False,0.1,0.010000000000000009
6,4,Cristian de la Fuente,26.0,8.666666666666666,3,active,3,percentage,True,0.1111111111111111,0.13333333333333364
6,4,Priscilla Presley,22.0,7.333333333333333,3,active,8,percentage,False,0.1111111111111111,0.13333333333333364
6,4,Marlee Matlin,24.0,8.0,3,active,7,percentage,False,0.1111111111111111,0.13333333333333364
6,4,Shannon Elizabeth,28.0,9.333333333333334,3,active,6,percentage,False,0.1111111111111111,0.13333333333333364
6,4,Marissa Jaret Winokur,24.0,8.0,3,active,4,percentage,False,0.1111111111111111,0.13333333333333364
6,4,Jason Taylor,29.0,9.666666666666666,3,active,2,percentage,True,0.1111111111111111,0.13333333333333364
6,4,Kristi Yamaguchi,29.0,9.666666666666666,3,active,1,percentage,True,0.1111111111111111,0.13333333333333364
6,4,Adam Carolla,19.0,6.333333333333333,3,eliminated_this_week,9,percentage,False,0.1111111111111111,0.13333333333333364
6,4,Mario,24.0,8.0,3,active,5,percentage,False,0.1111111111111111,0.13333333333333364
6,5,Cristian de la Fuente,23.0,7.666666666666667,3,active,3,percentage,True,0.125,0.05102040816326536
6,5,Priscilla Presley,21.0,7.0,3,eliminated_this_week,8,percentage,False,0.125,0.05102040816326536
6,5,Marlee Matlin,22.0,7.333333333333333,3,active,7,percentage,False,0.125,0.05102040816326536
6,5,Shannon Elizabeth,23.0,7.666666666666667,3,active,6,percentage,False,0.125,0.05102040816326536
6,5,Marissa Jaret Winokur,24.0,8.0,3,active,4,percentage,False,0.125,0.05102040816326536
6,5,Jason Taylor,27.0,9.0,3,active,2,percentage,True,0.125,0.05102040816326536
6,5,Kristi Yamaguchi,29.0,9.666666666666666,3,active,1,percentage,True,0.125,0.05102040816326536
6,5,Mario,27.0,9.0,3,active,5,percentage,False,0.125,0.05102040816326536
6,6,Cristian de la Fuente,27.0,9.0,3,active,3,percentage,True,0.14285714285714285,0.16666666666666718
6,6,Marlee Matlin,21.0,7.0,3,eliminated_this_week,7,percentage,False,0.14285714285714285,0.16666666666666718
6,6,Shannon Elizabeth,24.0,8.0,3,active,6,percentage,False,0.14285714285714285,0.16666666666666718
6,6,Marissa Jaret Winokur,26.0,8.666666666666666,3,active,4,percentage,False,0.14285714285714285,0.16666666666666718
6,6,Jason Taylor,24.0,8.0,3,active,2,percentage,True,0.14285714285714285,0.16666666666666718
6,6,Kristi Yamaguchi,30.0,10.0,3,active,1,percentage,True,0.14285714285714285,0.16666666666666718
6,6,Mario,28.0,9.333333333333334,3,active,5,percentage,False,0.14285714285714285,0.16666666666666718
6,7,Cristian de la Fuente,23.0,7.666666666666667,3,active,3,percentage,True,0.1752572815533981,0.010000000000000009
6,7,Shannon Elizabeth,25.5,8.5,3,eliminated_this_week,6,percentage,False,0.1580760517799353,0.010000000000000009
6,7,Marissa Jaret Winokur,26.0,8.666666666666666,3,active,4,percentage,False,0.16666666666666669,0.010000000000000009
6,7,Jason Taylor,27.5,9.166666666666666,3,active,2,percentage,True,0.16666666666666669,0.010000000000000009
6,7,Kristi Yamaguchi,27.0,9.0,3,active,1,percentage,True,0.16666666666666669,0.010000000000000009
6,7,Mario,25.5,8.5,3,active,5,percentage,False,0.16666666666666669,0.010000000000000009
6,8,Cristian de la Fuente,28.5,9.5,3,active,3,percentage,True,0.19999999999999998,0.009999999999999454
6,8,Marissa Jaret Winokur,25.0,8.333333333333334,3,active,4,percentage,False,0.20611797752808986,0.009999999999999454
6,8,Jason Taylor,26.0,8.666666666666666,3,active,2,percentage,True,0.19999999999999998,0.009999999999999454
6,8,Kristi Yamaguchi,27.5,9.166666666666666,3,active,1,percentage,True,0.19999999999999998,0.009999999999999454
6,8,Mario,26.5,8.833333333333334,3,eliminated_this_week,5,percentage,False,0.1938820224719101,0.009999999999999454
6,9,Cristian de la Fuente,28.0,9.333333333333334,3,active,3,percentage,True,0.25,0.1363636363636367
6,9,Marissa Jaret Winokur,26.0,8.666666666666666,3,eliminated_this_week,4,percentage,False,0.25,0.1363636363636367
6,9,Jason Taylor,27.5,9.166666666666666,3,active,2,percentage,True,0.25,0.1363636363636367
6,9,Kristi Yamaguchi,28.5,9.5,3,active,1,percentage,True,0.25,0.1363636363636367
6,10,Cristian de la Fuente,26.0,8.666666666666666,3,active,3,percentage,True,0.3076923076923077,0.3
6,10,Jason Taylor,28.5,9.5,3,active,2,percentage,True,0.33727810650887574,0.3
6,10,Kristi Yamaguchi,30.0,10.0,3,active,1,percentage,True,0.35502958579881655,0.3
7,1,Ted McGinley,18.5,6.166666666666667,3,eliminated_this_week,12,percentage,False,0.07022466422466425,0.09174603174603141
7,1,Cloris Leachman,16.0,5.333333333333333,3,active,7,percentage,False,0.07692307692307694,0.09174603174603141
7,1,Susan Lucci,18.5,6.166666666666667,3,active,6,percentage,False,0.07692307692307694,0.09174603174603141
7,1,Cody Linley,20.5,6.833333333333333,3,active,4,percentage,False,0.07692307692307696,0.09174603174603141
7,1,Misty May-Treanor,21.0,7.0,3,active,10,percentage,False,0.07692307692307694,0.09174603174603141
7,1,Maurice Greene,19.5,6.5,3,active,5,percentage,False,0.07692307692307694,0.09174603174603141
7,1,Warren Sapp,21.5,7.166666666666667,3,active,2,percentage,True,0.07692307692307696,0.09174603174603141
7,1,Jeffrey Ross,12.0,4.0,3,eliminated_this_week,13,percentage,False,0.08362148962148966,0.09174603174603141
7,1,Toni Braxton,22.5,7.5,3,active,8,percentage,False,0.07692307692307694,0.09174603174603141
7,1,Lance Bass,21.5,7.166666666666667,3,active,3,percentage,True,0.07692307692307694,0.09174603174603141
7,1,Kim Kardashian,18.5,6.166666666666667,3,active,11,percentage,False,0.07692307692307694,0.09174603174603141
7,1,Rocco DiSpirito,17.5,5.833333333333333,3,active,9,percentage,False,0.07692307692307694,0.09174603174603141
7,1,Brooke Burke,24.5,8.166666666666666,3,active,1,percentage,True,0.07692307692307694,0.09174603174603141
7,2,Cloris Leachman,15.0,5.0,3,active,7,percentage,False,0.09576731112019717,0.009999999999999731
7,2,Susan Lucci,21.0,7.0,3,active,6,percentage,False,0.09090909090911159,0.009999999999999731
7,2,Cody Linley,21.0,7.0,3,active,4,percentage,False,0.09090909090911158,0.009999999999999731
7,2,Misty May-Treanor,21.0,7.0,3,active,10,percentage,False,0.09090909090911158,0.009999999999999731
7,2,Maurice Greene,19.0,6.333333333333333,3,active,5,percentage,False,0.09090909090911158,0.009999999999999731
7,2,Warren Sapp,24.0,8.0,3,active,2,percentage,True,0.09090909090911158,0.009999999999999731
7,2,Toni Braxton,23.0,7.666666666666667,3,active,8,percentage,False,0.09090909090911158,0.009999999999999731
7,2,Lance Bass,20.0,6.666666666666667,3,active,3,percentage,True,0.09090909090911158,0.009999999999999731
7,2,Kim Kardashian,17.0,5.666666666666667,3,eliminated_this_week,11,percentage,False,0.08571753736454107,0.009999999999999731
7,2,Rocco DiSpirito,16.0,5.333333333333333,3,active,9,percentage,False,0.09124242424236911,0.009999999999999731
7,2,Brooke Burke,24.0,8.0,3,active,1,percentage,True,0.09090909090911159,0.009999999999999731
7,3,Cloris Leachman,16.0,5.333333333333333,3,active,7,percentage,False,0.08040201005025126,0.3
7,3,Susan Lucci,21.0,7.0,3,active,6,percentage,False,0.10552763819095477,0.3
7,3,Cody Linley,21.0,7.0,3,active,4,percentage,False,0.10552763819095477,0.3
7,3,Maurice Greene,24.0,8.0,3,active,5,percentage,False,0.12060301507537688,0.3
7,3,Warren Sapp,25.0,8.333333333333334,3,active,2,percentage,True,0.12562814070351758,0.3
7,3,Toni Braxton,22.0,7.333333333333333,3,active,8,percentage,False,0.11055276381909548,0.3
7,3,Lance Bass,22.0,7.333333333333333,3,active,3,percentage,True,0.11055276381909548,0.3
7,3,Rocco DiSpirito,20.0,6.666666666666667,3,active,9,percentage,False,0.10050251256281408,0.3
7,3,Brooke Burke,28.0,9.333333333333334,3,active,1,percentage,True,0.1407035175879397,0.3
7,4,Cloris Leachman,22.0,7.333333333333333,3,active,7,percentage,False,0.1111111111111111,0.09852216748768461
7,4,Susan Lucci,24.0,8.0,3,active,6,percentage,False,0.1111111111111111,0.09852216748768461
7,4,Cody Linley,23.0,7.666666666666667,3,active,4,percentage,False,0.1111111111111111,0.09852216748768461
7,4,Maurice Greene,20.0,6.666666666666667,3,active,5,percentage,False,0.1111111111111111,0.09852216748768461
7,4,Warren Sapp,22.0,7.333333333333333,3,active,2,percentage,True,0.1111111111111111,0.09852216748768461
7,4,Toni Braxton,22.0,7.333333333333333,3,active,8,percentage,False,0.1111111111111111,0.09852216748768461
7,4,Lance Bass,26.0,8.666666666666666,3,active,3,percentage,True,0.1111111111111111,0.09852216748768461
7,4,Rocco DiSpirito,18.0,6.0,3,eliminated_this_week,9,percentage,False,0.1111111111111111,0.09852216748768461
7,4,Brooke Burke,26.0,8.666666666666666,3,active,1,percentage,True,0.1111111111111111,0.09852216748768461
7,5,Cloris Leachman,21.0,7.0,3,active,7,percentage,False,0.12704273504273506,0.010000000000000009
7,5,Susan Lucci,22.0,7.333333333333333,3,active,6,percentage,False,0.125,0.010000000000000009
7,5,Cody Linley,28.0,9.333333333333334,3,active,4,percentage,False,0.125,0.010000000000000009
7,5,Maurice Greene,27.0,9.0,3,active,5,percentage,False,0.125,0.010000000000000009
7,5,Warren Sapp,25.0,8.333333333333334,3,active,2,percentage,True,0.125,0.010000000000000009
7,5,Toni Braxton,22.0,7.333333333333333,3,eliminated_this_week,8,percentage,False,0.12091452991452993,0.010000000000000009
7,5,Lance Bass,21.0,7.0,3,active,3,percentage,True,0.12704273504273506,0.010000000000000009
7,5,Brooke Burke,29.0,9.666666666666666,3,active,1,percentage,True,0.125,0.010000000000000009
7,6,Cloris Leachman,15.0,5.0,3,eliminated_this_week,7,percentage,False,0.14285714285714285,0.37500000000000033
7,6,Susan Lucci,23.0,7.666666666666667,3,active,6,percentage,False,0.14285714285714285,0.37500000000000033
7,6,Cody Linley,23.0,7.666666666666667,3,active,4,percentage,False,0.14285714285714285,0.37500000000000033
7,6,Maurice Greene,21.0,7.0,3,active,5,percentage,False,0.14285714285714285,0.37500000000000033
7,6,Warren Sapp,25.0,8.333333333333334,3,active,2,percentage,True,0.14285714285714285,0.37500000000000033
7,6,Lance Bass,27.0,9.0,3,active,3,percentage,True,0.14285714285714285,0.37500000000000033
7,6,Brooke Burke,26.0,8.666666666666666,3,active,1,percentage,True,0.14285714285714285,0.37500000000000033
7,7,Susan Lucci,24.0,8.0,3,eliminated_this_week,6,percentage,False,0.1546621315192744,0.010000000000000009
7,7,Cody Linley,22.0,7.333333333333333,3,active,4,percentage,False,0.16926757369614515,0.010000000000000009
7,7,Maurice Greene,25.0,8.333333333333334,3,active,5,percentage,False,0.16666666666666669,0.010000000000000009
7,7,Warren Sapp,21.0,7.0,3,active,2,percentage,True,0.17607029478458053,0.010000000000000009
7,7,Lance Bass,25.0,8.333333333333334,3,active,3,percentage,True,0.16666666666666669,0.010000000000000009
7,7,Brooke Burke,30.0,10.0,3,active,1,percentage,True,0.16666666666666669,0.010000000000000009
7,8,Cody Linley,24.0,8.0,3,active,4,percentage,False,0.20050000000000107,0.010000000000000009
7,8,Maurice Greene,24.0,8.0,3,eliminated_this_week,5,percentage,False,0.19950000000000107,0.010000000000000009
7,8,Warren Sapp,27.0,9.0,3,active,2,percentage,True,0.1999999999999993,0.010000000000000009
7,8,Lance Bass,25.0,8.333333333333334,3,active,3,percentage,True,0.1999999999999993,0.010000000000000009
7,8,Brooke Burke,27.5,9.166666666666666,3,active,1,percentage,True,0.1999999999999993,0.010000000000000009
7,9,Cody Linley,23.0,7.666666666666667,3,eliminated_this_week,4,percentage,False,0.25,0.14925373134328346
7,9,Warren Sapp,24.5,8.166666666666666,3,active,2,percentage,True,0.25,0.14925373134328346
7,9,Lance Bass,28.5,9.5,3,active,3,percentage,True,0.25,0.14925373134328346
7,9,Brooke Burke,24.5,8.166666666666666,3,active,1,percentage,True,0.25,0.14925373134328346
7,10,Warren Sapp,27.5,9.166666666666666,3,active,2,percentage,True,0.3235294117647059,0.3
7,10,Lance Bass,27.5,9.166666666666666,3,active,3,percentage,True,0.3235294117647059,0.3
7,10,Brooke Burke,30.0,10.0,3,active,1,percentage,True,0.35294117647058826,0.3
8,1,Gilles Marini,24.0,8.0,3,active,2,percentage,True,0.09876543209876543,0.3
8,1,Denise Richards,18.0,6.0,3,active,12,percentage,False,0.07407407407407407,0.3
8,1,David Alan Grier,19.0,6.333333333333333,3,active,9,percentage,False,0.07818930041152264,0.3
8,1,Lawrence Taylor,16.0,5.333333333333333,3,active,7,percentage,False,0.06584362139917696,0.3
8,1,Ty Murray,14.0,4.666666666666667,3,active,4,percentage,False,0.05761316872427984,0.3
8,1,Shawn Johnson,23.0,7.666666666666667,3,active,1,percentage,True,0.09465020576131687,0.3
8,1,Steve Wozniak,13.0,4.333333333333333,3,active,10,percentage,False,0.053497942386831275,0.3
8,1,Belinda Carlisle,17.0,5.666666666666667,3,active,13,percentage,False,0.06995884773662552,0.3
8,1,Chuck Wicks,20.0,6.666666666666667,3,active,6,percentage,False,0.0823045267489712,0.3
8,1,Lil' Kim,21.0,7.0,3,active,5,percentage,False,0.08641975308641975,0.3
8,1,Steve-O,17.0,5.666666666666667,3,active,8,percentage,False,0.06995884773662552,0.3
8,1,Holly Madison,18.0,6.0,3,active,11,percentage,False,0.07407407407407407,0.3
8,1,Melissa Rycroft,23.0,7.666666666666667,3,active,3,percentage,True,0.09465020576131687,0.3
8,2,Gilles Marini,27.0,9.0,3,active,2,percentage,True,0.07692307692300698,0.010000000000000009
8,2,Denise Richards,21.0,7.0,3,active,12,percentage,False,0.07692307692300698,0.010000000000000009
8,2,David Alan Grier,17.0,5.666666666666667,3,active,9,percentage,False,0.07692307692300698,0.010000000000000009
8,2,Lawrence Taylor,20.0,6.666666666666667,3,active,7,percentage,False,0.07692307692300698,0.010000000000000009
8,2,Ty Murray,20.0,6.666666666666667,3,active,4,percentage,False,0.07692307692300698,0.010000000000000009
8,2,Shawn Johnson,24.0,8.0,3,active,1,percentage,True,0.07692307692300698,0.010000000000000009
8,2,Steve Wozniak,17.0,5.666666666666667,3,active,10,percentage,False,0.07692307692300698,0.010000000000000009
8,2,Belinda Carlisle,18.0,6.0,3,eliminated_this_week,13,percentage,False,0.06887590711214098,0.010000000000000009
8,2,Chuck Wicks,20.0,6.666666666666667,3,active,6,percentage,False,0.07692307692300698,0.010000000000000009
8,2,Lil' Kim,23.0,7.666666666666667,3,active,5,percentage,False,0.07692307692300698,0.010000000000000009
8,2,Steve-O,14.0,4.666666666666667,3,active,8,percentage,False,0.08497024673478248,0.010000000000000009
8,2,Holly Madison,18.0,6.0,3,active,11,percentage,False,0.07692307692300698,0.010000000000000009
8,2,Melissa Rycroft,26.0,8.666666666666666,3,active,3,percentage,True,0.07692307692300698,0.010000000000000009
8,3,Gilles Marini,27.0,9.0,3,active,2,percentage,True,0.08333333333333333,0.010000000000000009
8,3,Denise Richards,16.0,5.333333333333333,3,eliminated_this_week,12,percentage,False,0.07102230971128608,0.010000000000000009
8,3,David Alan Grier,24.0,8.0,3,active,9,percentage,False,0.08333333333333333,0.010000000000000009
8,3,Lawrence Taylor,20.0,6.666666666666667,3,active,7,percentage,False,0.08333333333333333,0.010000000000000009
8,3,Ty Murray,23.0,7.666666666666667,3,active,4,percentage,False,0.08333333333333333,0.010000000000000009
8,3,Shawn Johnson,27.0,9.0,3,active,1,percentage,True,0.08333333333333333,0.010000000000000009
8,3,Steve Wozniak,10.0,3.3333333333333335,3,active,10,percentage,False,0.09564435695538058,0.010000000000000009
8,3,Chuck Wicks,23.0,7.666666666666667,3,active,6,percentage,False,0.08333333333333333,0.010000000000000009
8,3,Lil' Kim,25.0,8.333333333333334,3,active,5,percentage,False,0.08333333333333333,0.010000000000000009
8,3,Steve-O,15.0,5.0,3,active,8,percentage,False,0.08333333333333333,0.010000000000000009
8,3,Holly Madison,17.0,5.666666666666667,3,active,11,percentage,False,0.08333333333333333,0.010000000000000009
8,3,Melissa Rycroft,27.0,9.0,3,active,3,percentage,True,0.08333333333333333,0.010000000000000009
8,4,Gilles Marini,30.0,10.0,3,active,2,percentage,True,0.09090909090909091,0.07764462809917383
8,4,David Alan Grier,22.0,7.333333333333333,3,active,9,percentage,False,0.09090909090909091,0.07764462809917383
8,4,Lawrence Taylor,19.0,6.333333333333333,3,active,7,percentage,False,0.09090909090909091,0.07764462809917383
8,4,Ty Murray,25.0,8.333333333333334,3,active,4,percentage,False,0.09090909090909091,0.07764462809917383
8,4,Shawn Johnson,25.0,8.333333333333334,3,active,1,percentage,True,0.09090909090909091,0.07764462809917383
8,4,Steve Wozniak,12.0,4.0,3,eliminated_this_week,10,percentage,False,0.09529132231404958,0.07764462809917383
8,4,Chuck Wicks,22.0,7.333333333333333,3,active,6,percentage,False,0.09090909090909091,0.07764462809917383
8,4,Lil' Kim,27.0,9.0,3,active,5,percentage,False,0.09090909090909091,0.07764462809917383
8,4,Steve-O,15.0,5.0,3,active,8,percentage,False,0.09090909090909091,0.07764462809917383
8,4,Holly Madison,16.0,5.333333333333333,3,eliminated_this_week,11,percentage,False,0.08652685950413223,0.07764462809917383
8,4,Melissa Rycroft,29.0,9.666666666666666,3,active,3,percentage,True,0.09090909090909091,0.07764462809917383
8,5,Gilles Marini,29.0,9.666666666666666,3,active,2,percentage,True,0.1111111111111111,0.010000000000000009
8,5,David Alan Grier,22.0,7.333333333333333,3,eliminated_this_week,9,percentage,False,0.10092063492063491,0.010000000000000009
8,5,Lawrence Taylor,20.0,6.666666666666667,3,active,7,percentage,False,0.11144444444444444,0.010000000000000009
8,5,Ty Murray,21.0,7.0,3,active,4,percentage,False,0.1111111111111111,0.010000000000000009
8,5,Shawn Johnson,26.0,8.666666666666666,3,active,1,percentage,True,0.1111111111111111,0.010000000000000009
8,5,Chuck Wicks,23.0,7.666666666666667,3,active,6,percentage,False,0.1111111111111111,0.010000000000000009
8,5,Lil' Kim,26.0,8.666666666666666,3,active,5,percentage,False,0.1111111111111111,0.010000000000000009
8,5,Steve-O,18.0,6.0,3,active,8,percentage,False,0.12096825396825396,0.010000000000000009
8,5,Melissa Rycroft,25.0,8.333333333333334,3,active,3,percentage,True,0.1111111111111111,0.010000000000000009
8,6,Gilles Marini,26.0,8.666666666666666,3,active,2,percentage,True,0.125,0.10752688172043001
8,6,Lawrence Taylor,22.0,7.333333333333333,3,active,7,percentage,False,0.125,0.10752688172043001
8,6,Ty Murray,18.0,6.0,3,active,4,percentage,False,0.125,0.10752688172043001
8,6,Shawn Johnson,26.0,8.666666666666666,3,active,1,percentage,True,0.125,0.10752688172043001
8,6,Chuck Wicks,23.0,7.666666666666667,3,active,6,percentage,False,0.125,0.10752688172043001
8,6,Lil' Kim,28.0,9.333333333333334,3,active,5,percentage,False,0.125,0.10752688172043001
8,6,Steve-O,16.0,5.333333333333333,3,eliminated_this_week,8,percentage,False,0.125,0.10752688172043001
8,6,Melissa Rycroft,27.0,9.0,3,active,3,percentage,True,0.125,0.10752688172043001
8,7,Gilles Marini,27.0,9.0,3,active,2,percentage,True,0.14285714285714285,0.16483516483516536
8,7,Lawrence Taylor,21.0,7.0,3,eliminated_this_week,7,percentage,False,0.14285714285714285,0.16483516483516536
8,7,Ty Murray,24.0,8.0,3,active,4,percentage,False,0.14285714285714285,0.16483516483516536
8,7,Shawn Johnson,28.0,9.333333333333334,3,active,1,percentage,True,0.14285714285714285,0.16483516483516536
8,7,Chuck Wicks,27.0,9.0,3,active,6,percentage,False,0.14285714285714285,0.16483516483516536
8,7,Lil' Kim,26.0,8.666666666666666,3,active,5,percentage,False,0.14285714285714285,0.16483516483516536
8,7,Melissa Rycroft,29.0,9.666666666666666,3,active,3,percentage,True,0.14285714285714285,0.16483516483516536
8,8,Gilles Marini,27.5,9.166666666666666,3,active,2,percentage,True,0.16666666666666666,0.010000000000000009
8,8,Ty Murray,26.0,8.666666666666666,3,active,4,percentage,False,0.16666666666666666,0.010000000000000009
8,8,Shawn Johnson,26.0,8.666666666666666,3,active,1,percentage,True,0.16666666666666666,0.010000000000000009
8,8,Chuck Wicks,25.5,8.5,3,eliminated_this_week,6,percentage,False,0.15815384615384617,0.010000000000000009
8,8,Lil' Kim,28.0,9.333333333333334,3,active,5,percentage,False,0.16666666666666666,0.010000000000000009
8,8,Melissa Rycroft,23.0,7.666666666666667,3,active,3,percentage,True,0.17517948717948717,0.010000000000000009
8,9,Gilles Marini,28.0,9.333333333333334,3,active,2,percentage,True,0.2000000000003638,0.010000000000000009
8,9,Ty Murray,23.0,7.666666666666667,3,active,4,percentage,False,0.2117359550556341,0.010000000000000009
8,9,Shawn Johnson,28.0,9.333333333333334,3,active,1,percentage,True,0.2000000000003638,0.010000000000000009
8,9,Lil' Kim,26.0,8.666666666666666,3,eliminated_this_week,5,percentage,False,0.18826404494327456,0.010000000000000009
8,9,Melissa Rycroft,28.5,9.5,3,active,3,percentage,True,0.2000000000003638,0.010000000000000009
8,10,Gilles Marini,30.0,10.0,3,active,2,percentage,True,0.25,0.31963470319634757
8,10,Ty Murray,24.0,8.0,3,eliminated_this_week,4,percentage,False,0.25,0.31963470319634757
8,10,Shawn Johnson,28.0,9.333333333333334,3,active,1,percentage,True,0.25,0.31963470319634757
8,10,Melissa Rycroft,27.5,9.166666666666666,3,active,3,percentage,True,0.25,0.31963470319634757
8,11,Gilles Marini,29.0,9.666666666666666,3,active,2,percentage,True,0.3314285714285714,0.3
8,11,Shawn Johnson,30.0,10.0,3,active,1,percentage,True,0.34285714285714286,0.3
8,11,Melissa Rycroft,28.5,9.5,3,active,3,percentage,True,0.32571428571428573,0.3
9,1,Ashley Hamiliton,18.9999,6.3333,3,eliminated_this_week,16,percentage,False,0.0623334154354612,0.0
9,1,Debi Mazar,22.0,7.333333333333333,3,active,12,percentage,False,0.06250000000000044,0.0
9,1,Melissa Joan Hart,24.0,8.0,3,active,9,percentage,False,0.06250000000000044,0.0
9,1,Mark Dacascos,28.9998,9.6666,3,active,6,percentage,False,0.06250000000000044,0.0
9,1,Chuck Liddell,22.0,7.333333333333333,3,active,11,percentage,False,0.06250000000000044,0.0
9,1,Natalie Coughlin,26.9998,8.999933333333333,3,active,10,percentage,False,0.06250000000000044,0.0
9,1,Louie Vito,26.9998,8.999933333333333,3,active,8,percentage,False,0.06250000000000044,0.0
9,1,Michael Irvin,19.0,6.333333333333333,3,active,7,percentage,False,0.06283316912907182,0.0
9,1,Joanna Krupa,33.9999,11.3333,3,active,4,percentage,False,0.06250000000000044,0.0
9,1,Kathy Ireland,19.9999,6.666633333333333,3,active,14,percentage,False,0.06250000000000044,0.0
9,1,Tom DeLay,19.9999,6.666633333333333,3,active,13,percentage,False,0.06250000000000044,0.0
9,1,Macy Gray,18.9999,6.3333,3,eliminated_this_week,15,percentage,False,0.0623334154354612,0.0
9,1,Aaron Carter,31.999899999999997,10.666633333333332,3,active,5,percentage,False,0.06250000000000044,0.0
9,1,Mya,30.999899999999997,10.3333,3,active,2,percentage,True,0.06250000000000044,0.0
9,1,Donny Osmond,29.999899999999997,9.999966666666666,3,active,1,percentage,True,0.06250000000000044,0.0
9,1,Kelly Osbourne,30.9998,10.333266666666667,3,active,3,percentage,True,0.06250000000000044,0.0
9,2,Debi Mazar,21.0,7.0,3,active,12,percentage,False,0.07142857142857117,0.010000000000000009
9,2,Melissa Joan Hart,19.0,6.333333333333333,3,active,9,percentage,False,0.07142857142857117,0.010000000000000009
9,2,Mark Dacascos,21.0,7.0,3,active,6,percentage,False,0.07142857142857117,0.010000000000000009
9,2,Chuck Liddell,19.0,6.333333333333333,3,active,11,percentage,False,0.07142857142857117,0.010000000000000009
9,2,Natalie Coughlin,21.0,7.0,3,active,10,percentage,False,0.07142857142857117,0.010000000000000009
9,2,Louie Vito,19.0,6.333333333333333,3,active,8,percentage,False,0.07142857142857117,0.010000000000000009
9,2,Michael Irvin,20.0,6.666666666666667,3,active,7,percentage,False,0.07142857142857117,0.010000000000000009
9,2,Joanna Krupa,20.0,6.666666666666667,3,active,4,percentage,False,0.07142857142857117,0.010000000000000009
9,2,Kathy Ireland,18.0,6.0,3,eliminated_this_week,14,percentage,False,0.07092857142857295,0.010000000000000009
9,2,Tom DeLay,18.0,6.0,3,active,13,percentage,False,0.07192857142857295,0.010000000000000009
9,2,Aaron Carter,27.0,9.0,3,active,5,percentage,False,0.07142857142857117,0.010000000000000009
9,2,Mya,27.0,9.0,3,active,2,percentage,True,0.07142857142857117,0.010000000000000009
9,2,Donny Osmond,25.0,8.333333333333334,3,active,1,percentage,True,0.07142857142857117,0.010000000000000009
9,2,Kelly Osbourne,19.0,6.333333333333333,3,active,3,percentage,True,0.07142857142857117,0.010000000000000009
9,3,Debi Mazar,17.0,5.666666666666667,3,eliminated_this_week,12,percentage,False,0.0697964619357636,0.010000000000000009
9,3,Melissa Joan Hart,19.0,6.333333333333333,3,active,9,percentage,False,0.07692307692314689,0.010000000000000009
9,3,Mark Dacascos,18.0,6.0,3,active,6,percentage,False,0.07692307692314689,0.010000000000000009
9,3,Chuck Liddell,17.0,5.666666666666667,3,active,11,percentage,False,0.07692307692314689,0.010000000000000009
9,3,Natalie Coughlin,26.0,8.666666666666666,3,active,10,percentage,False,0.07692307692314689,0.010000000000000009
9,3,Louie Vito,20.0,6.666666666666667,3,active,8,percentage,False,0.07692307692314689,0.010000000000000009
9,3,Michael Irvin,14.0,4.666666666666667,3,active,7,percentage,False,0.08242436891250782,0.010000000000000009
9,3,Joanna Krupa,23.0,7.666666666666667,3,active,4,percentage,False,0.07692307692314689,0.010000000000000009
9,3,Tom DeLay,15.0,5.0,3,active,13,percentage,False,0.07854839992025975,0.010000000000000009
9,3,Aaron Carter,21.0,7.0,3,active,5,percentage,False,0.07692307692314689,0.010000000000000009
9,3,Mya,27.0,9.0,3,active,2,percentage,True,0.07692307692314689,0.010000000000000009
9,3,Donny Osmond,21.0,7.0,3,active,1,percentage,True,0.07692307692314689,0.010000000000000009
9,3,Kelly Osbourne,20.0,6.666666666666667,3,active,3,percentage,True,0.07692307692314689,0.010000000000000009
9,4,Melissa Joan Hart,28.0,9.333333333333334,3,active,9,percentage,False,0.09090909090909091,0.010000000000000009
9,4,Mark Dacascos,22.0,7.333333333333333,3,active,6,percentage,False,0.09090909090909091,0.010000000000000009
9,4,Chuck Liddell,17.0,5.666666666666667,3,eliminated_this_week,11,percentage,False,0.08748760330578513,0.010000000000000009
9,4,Natalie Coughlin,24.0,8.0,3,active,10,percentage,False,0.09090909090909091,0.010000000000000009
9,4,Louie Vito,16.0,5.333333333333333,3,active,8,percentage,False,0.09261983471074381,0.010000000000000009
9,4,Michael Irvin,16.0,5.333333333333333,3,active,7,percentage,False,0.09261983471074381,0.010000000000000009
9,4,Joanna Krupa,26.0,8.666666666666666,3,active,4,percentage,False,0.09090909090909091,0.010000000000000009
9,4,Aaron Carter,18.0,6.0,3,active,5,percentage,False,0.09090909090909091,0.010000000000000009
9,4,Mya,28.0,9.333333333333334,3,active,2,percentage,True,0.09090909090909091,0.010000000000000009
9,4,Donny Osmond,24.0,8.0,3,active,1,percentage,True,0.09090909090909091,0.010000000000000009
9,4,Kelly Osbourne,23.0,7.666666666666667,3,active,3,percentage,True,0.09090909090909091,0.010000000000000009
9,5,Melissa Joan Hart,23.0,7.666666666666667,3,active,9,percentage,False,0.1,0.010000000000000009
9,5,Mark Dacascos,26.0,8.666666666666666,3,active,6,percentage,False,0.1,0.010000000000000009
9,5,Natalie Coughlin,22.0,7.333333333333333,3,eliminated_this_week,10,percentage,False,0.09743388429752066,0.010000000000000009
9,5,Louie Vito,22.0,7.333333333333333,3,active,8,percentage,False,0.1,0.010000000000000009
9,5,Michael Irvin,21.0,7.0,3,active,7,percentage,False,0.10256611570247934,0.010000000000000009
9,5,Joanna Krupa,24.0,8.0,3,active,4,percentage,False,0.1,0.010000000000000009
9,5,Aaron Carter,24.0,8.0,3,active,5,percentage,False,0.1,0.010000000000000009
9,5,Mya,27.0,9.0,3,active,2,percentage,True,0.1,0.010000000000000009
9,5,Donny Osmond,29.0,9.666666666666666,3,active,1,percentage,True,0.1,0.010000000000000009
9,5,Kelly Osbourne,24.0,8.0,3,active,3,percentage,True,0.1,0.010000000000000009
9,6,Melissa Joan Hart,23.9999,7.9999666666666664,3,eliminated_this_week,9,percentage,False,0.1089379313770274,0.01173083579904699
9,6,Mark Dacascos,32.0,10.666666666666666,3,active,6,percentage,False,0.1111111111111111,0.01173083579904699
9,6,Louie Vito,24.0,8.0,3,eliminated_this_week,8,percentage,False,0.10893783522284842,0.01173083579904699
9,6,Michael Irvin,21.9998,7.333266666666667,3,active,7,percentage,False,0.1154575667334575,0.01173083579904699
9,6,Joanna Krupa,35.9999,11.999966666666666,3,active,4,percentage,False,0.1111111111111111,0.01173083579904699
9,6,Aaron Carter,32.9998,10.999933333333333,3,active,5,percentage,False,0.1111111111111111,0.01173083579904699
9,6,Mya,33.0,11.0,3,active,2,percentage,True,0.1111111111111111,0.01173083579904699
9,6,Donny Osmond,30.999899999999997,10.3333,3,active,1,percentage,True,0.1111111111111111,0.01173083579904699
9,6,Kelly Osbourne,24.9998,8.333266666666667,3,active,3,percentage,True,0.1111111111111111,0.01173083579904699
9,7,Mark Dacascos,21.5,7.166666666666667,3,eliminated_this_week,6,percentage,False,0.1459561457061457,0.05198005698005714
9,7,Michael Irvin,23.5,7.833333333333333,3,eliminated_this_week,7,percentage,False,0.13975814000814,0.05198005698005714
9,7,Joanna Krupa,27.5,9.166666666666666,3,active,4,percentage,False,0.14285714285714285,0.05198005698005714
9,7,Aaron Carter,26.5,8.833333333333334,3,active,5,percentage,False,0.14285714285714285,0.05198005698005714
9,7,Mya,24.5,8.166666666666666,3,active,2,percentage,True,0.14285714285714285,0.05198005698005714
9,7,Donny Osmond,26.0,8.666666666666666,3,active,1,percentage,True,0.14285714285714285,0.05198005698005714
9,7,Kelly Osbourne,26.0,8.666666666666666,3,active,3,percentage,True,0.14285714285714285,0.05198005698005714
9,8,Joanna Krupa,26.0,8.666666666666666,3,active,4,percentage,False,0.1999999999999993,0.010000000000000009
9,8,Aaron Carter,25.0,8.333333333333334,3,eliminated_this_week,5,percentage,False,0.19950000000000107,0.010000000000000009
9,8,Mya,29.5,9.833333333333334,3,active,2,percentage,True,0.1999999999999993,0.010000000000000009
9,8,Donny Osmond,25.0,8.333333333333334,3,active,1,percentage,True,0.20050000000000107,0.010000000000000009
9,8,Kelly Osbourne,25.5,8.5,3,active,3,percentage,True,0.1999999999999993,0.010000000000000009
9,9,Joanna Krupa,27.0,9.0,3,eliminated_this_week,4,percentage,False,0.23856214990068556,0.009999999999999454
9,9,Mya,28.9999,9.666633333333333,3,active,2,percentage,True,0.25000000000045475,0.009999999999999454
9,9,Donny Osmond,24.666600000000003,8.2222,3,active,1,percentage,True,0.2614378500984049,0.009999999999999454
9,9,Kelly Osbourne,25.9998,8.6666,3,active,3,percentage,True,0.25000000000045475,0.009999999999999454
9,10,Mya,28.333199999999998,9.4444,3,active,2,percentage,True,0.34320309320309317,0.3
9,10,Donny Osmond,28.9998,9.6666,3,active,1,percentage,True,0.35127769056340485,0.3
9,10,Kelly Osbourne,25.2222,8.4074,3,active,3,percentage,True,0.305519216233502,0.3
10,1,Aiden Turner,15.0,5.0,3,active,9,percentage,False,0.07177033492822966,0.3
10,1,Shannen Doherty,18.0,6.0,3,active,11,percentage,False,0.0861244019138756,0.3
10,1,Niecy Nash,18.0,6.0,3,active,5,percentage,False,0.0861244019138756,0.3
10,1,Buzz Aldrin,14.0,4.666666666666667,3,active,10,percentage,False,0.06698564593301436,0.3
10,1,Chad Ochocinco,18.0,6.0,3,active,4,percentage,False,0.0861244019138756,0.3
10,1,Evan Lysacek,23.0,7.666666666666667,3,active,2,percentage,True,0.11004784688995216,0.3
10,1,Pamela Anderson,21.0,7.0,3,active,6,percentage,False,0.10047846889952153,0.3
10,1,Nicole Scherzinger,25.0,8.333333333333334,3,active,1,percentage,True,0.11961722488038277,0.3
10,1,Erin Andrews,21.0,7.0,3,active,3,percentage,True,0.10047846889952153,0.3
10,1,Kate Gosselin,16.0,5.333333333333333,3,active,8,percentage,False,0.07655502392344497,0.3
10,1,Jake Pavelka,20.0,6.666666666666667,3,active,7,percentage,False,0.09569377990430622,0.3
10,2,Aiden Turner,19.0,6.333333333333333,3,active,9,percentage,False,0.09090909090909091,0.010000000000000009
10,2,Shannen Doherty,20.0,6.666666666666667,3,eliminated_this_week,11,percentage,False,0.07054545454545454,0.010000000000000009
10,2,Niecy Nash,21.0,7.0,3,active,5,percentage,False,0.09090909090909091,0.010000000000000009
10,2,Buzz Aldrin,12.0,4.0,3,active,10,percentage,False,0.10790909090909091,0.010000000000000009
10,2,Chad Ochocinco,16.0,5.333333333333333,3,active,4,percentage,False,0.09090909090909091,0.010000000000000009
10,2,Evan Lysacek,24.0,8.0,3,active,2,percentage,True,0.09090909090909091,0.010000000000000009
10,2,Pamela Anderson,22.0,7.333333333333333,3,active,6,percentage,False,0.09090909090909091,0.010000000000000009
10,2,Nicole Scherzinger,28.0,9.333333333333334,3,active,1,percentage,True,0.09090909090909091,0.010000000000000009
10,2,Erin Andrews,23.0,7.666666666666667,3,active,3,percentage,True,0.09090909090909091,0.010000000000000009
10,2,Kate Gosselin,15.0,5.0,3,active,8,percentage,False,0.09427272727272727,0.010000000000000009
10,2,Jake Pavelka,20.0,6.666666666666667,3,active,7,percentage,False,0.09090909090909091,0.010000000000000009
10,3,Aiden Turner,20.0,6.666666666666667,3,active,9,percentage,False,0.1,0.09852216748768461
10,3,Niecy Nash,21.0,7.0,3,active,5,percentage,False,0.1,0.09852216748768461
10,3,Buzz Aldrin,13.0,4.333333333333333,3,eliminated_this_week,10,percentage,False,0.1,0.09852216748768461
10,3,Chad Ochocinco,20.0,6.666666666666667,3,active,4,percentage,False,0.1,0.09852216748768461
10,3,Evan Lysacek,26.0,8.666666666666666,3,active,2,percentage,True,0.1,0.09852216748768461
10,3,Pamela Anderson,21.0,7.0,3,active,6,percentage,False,0.1,0.09852216748768461
10,3,Nicole Scherzinger,23.0,7.666666666666667,3,active,1,percentage,True,0.1,0.09852216748768461
10,3,Erin Andrews,23.0,7.666666666666667,3,active,3,percentage,True,0.1,0.09852216748768461
10,3,Kate Gosselin,15.0,5.0,3,active,8,percentage,False,0.1,0.09852216748768461
10,3,Jake Pavelka,21.0,7.0,3,active,7,percentage,False,0.1,0.09852216748768461
10,4,Aiden Turner,16.5,5.5,3,eliminated_this_week,9,percentage,False,0.1092634022162324,0.010000000000000009
10,4,Niecy Nash,18.0,6.0,3,active,5,percentage,False,0.1111111111111111,0.010000000000000009
10,4,Chad Ochocinco,22.0,7.333333333333333,3,active,4,percentage,False,0.1111111111111111,0.010000000000000009
10,4,Evan Lysacek,26.0,8.666666666666666,3,active,2,percentage,True,0.1111111111111111,0.010000000000000009
10,4,Pamela Anderson,23.5,7.833333333333333,3,active,6,percentage,False,0.1111111111111111,0.010000000000000009
10,4,Nicole Scherzinger,25.0,8.333333333333334,3,active,1,percentage,True,0.1111111111111111,0.010000000000000009
10,4,Erin Andrews,19.5,6.5,3,active,3,percentage,True,0.1111111111111111,0.010000000000000009
10,4,Kate Gosselin,16.0,5.333333333333333,3,active,8,percentage,False,0.11295882000598981,0.010000000000000009
10,4,Jake Pavelka,19.0,6.333333333333333,3,active,7,percentage,False,0.1111111111111111,0.010000000000000009
10,5,Niecy Nash,18.0,6.0,3,active,5,percentage,False,0.125,0.17341040462427737
10,5,Chad Ochocinco,18.0,6.0,3,active,4,percentage,False,0.125,0.17341040462427737
10,5,Evan Lysacek,27.0,9.0,3,active,2,percentage,True,0.125,0.17341040462427737
10,5,Pamela Anderson,21.0,7.0,3,active,6,percentage,False,0.125,0.17341040462427737
10,5,Nicole Scherzinger,29.0,9.666666666666666,3,active,1,percentage,True,0.125,0.17341040462427737
10,5,Erin Andrews,22.0,7.333333333333333,3,active,3,percentage,True,0.125,0.17341040462427737
10,5,Kate Gosselin,15.0,5.0,3,eliminated_this_week,8,percentage,False,0.125,0.17341040462427737
10,5,Jake Pavelka,23.0,7.666666666666667,3,active,7,percentage,False,0.125,0.17341040462427737
10,6,Niecy Nash,25.9998,8.6666,3,active,5,percentage,False,0.14285714285714285,0.04784226550041126
10,6,Chad Ochocinco,30.999899999999997,10.3333,3,active,4,percentage,False,0.14285714285714285,0.04784226550041126
10,6,Evan Lysacek,27.0,9.0,3,active,2,percentage,True,0.14285714285714285,0.04784226550041126
10,6,Pamela Anderson,29.9998,9.999933333333333,3,active,6,percentage,False,0.14285714285714285,0.04784226550041126
10,6,Nicole Scherzinger,35.9999,11.999966666666666,3,active,1,percentage,True,0.14285714285714285,0.04784226550041126
10,6,Erin Andrews,34.0,11.333333333333334,3,active,3,percentage,True,0.14285714285714285,0.04784226550041126
10,6,Jake Pavelka,24.999899999999997,8.3333,3,eliminated_this_week,7,percentage,False,0.14285714285714285,0.04784226550041126
10,7,Niecy Nash,24.5,8.166666666666666,3,active,5,percentage,False,0.17038210075023008,0.010000000000000009
10,7,Chad Ochocinco,26.0,8.666666666666666,3,active,4,percentage,False,0.16666666666668561,0.010000000000000009
10,7,Evan Lysacek,27.0,9.0,3,active,2,percentage,True,0.16666666666668561,0.010000000000000009
10,7,Pamela Anderson,25.5,8.5,3,eliminated_this_week,6,percentage,False,0.16295123258302752,0.010000000000000009
10,7,Nicole Scherzinger,27.0,9.0,3,active,1,percentage,True,0.16666666666668561,0.010000000000000009
10,7,Erin Andrews,25.5,8.5,3,active,3,percentage,True,0.16666666666668561,0.010000000000000009
10,8,Niecy Nash,21.5,7.166666666666667,3,eliminated_this_week,5,percentage,False,0.2,0.07905138339921014
10,8,Chad Ochocinco,22.5,7.5,3,active,4,percentage,False,0.2,0.07905138339921014
10,8,Evan Lysacek,26.5,8.833333333333334,3,active,2,percentage,True,0.2,0.07905138339921014
10,8,Nicole Scherzinger,29.5,9.833333333333334,3,active,1,percentage,True,0.2,0.07905138339921014
10,8,Erin Andrews,26.5,8.833333333333334,3,active,3,percentage,True,0.2,0.07905138339921014
10,9,Chad Ochocinco,26.0,8.666666666666666,3,eliminated_this_week,4,percentage,False,0.25,0.1769911504424776
10,9,Evan Lysacek,29.5,9.833333333333334,3,active,2,percentage,True,0.25,0.1769911504424776
10,9,Nicole Scherzinger,29.5,9.833333333333334,3,active,1,percentage,True,0.25,0.1769911504424776
10,9,Erin Andrews,28.0,9.333333333333334,3,active,3,percentage,True,0.25,0.1769911504424776
10,10,Evan Lysacek,26.888699999999996,8.9629,3,active,2,percentage,True,0.325268368450467,0.3
10,10,Nicole Scherzinger,28.7777,9.592566666666666,3,active,1,percentage,True,0.3481193038992962,0.3
10,10,Erin Andrews,26.9998,8.999933333333333,3,active,3,percentage,True,0.32661232765023673,0.3
11,1,David Hasselhoff,15.0,5.0,3,eliminated_this_week,12,percentage,False,0.08266666666666665,0.010000000000000009
11,1,Florence Henderson,18.0,6.0,3,active,8,percentage,False,0.08333333333333333,0.010000000000000009
11,1,Kyle Massey,23.0,7.666666666666667,3,active,2,percentage,True,0.08333333333333333,0.010000000000000009
11,1,Jennifer Grey,24.0,8.0,3,active,1,percentage,True,0.08333333333333333,0.010000000000000009
11,1,Rick Fox,22.0,7.333333333333333,3,active,6,percentage,False,0.08333333333333333,0.010000000000000009
11,1,Kurt Warner,19.0,6.333333333333333,3,active,5,percentage,False,0.08333333333333333,0.010000000000000009
11,1,Margaret Cho,15.0,5.0,3,active,10,percentage,False,0.08366666666666665,0.010000000000000009
11,1,Michael Bolton,16.0,5.333333333333333,3,active,11,percentage,False,0.08333333333333333,0.010000000000000009
11,1,Brandy,23.0,7.666666666666667,3,active,4,percentage,False,0.08333333333333333,0.010000000000000009
11,1,The Situation,15.0,5.0,3,active,9,percentage,False,0.08366666666666665,0.010000000000000009
11,1,Audrina Patridge,19.0,6.333333333333333,3,active,7,percentage,False,0.08333333333333333,0.010000000000000009
11,1,Bristol Palin,18.0,6.0,3,active,3,percentage,True,0.08333333333333333,0.010000000000000009
11,2,Florence Henderson,19.0,6.333333333333333,3,active,8,percentage,False,0.09090909090909091,0.2714932126696834
11,2,Kyle Massey,22.0,7.333333333333333,3,active,2,percentage,True,0.09090909090909091,0.2714932126696834
11,2,Jennifer Grey,24.0,8.0,3,active,1,percentage,True,0.09090909090909091,0.2714932126696834
11,2,Rick Fox,21.0,7.0,3,active,6,percentage,False,0.09090909090909091,0.2714932126696834
11,2,Kurt Warner,21.0,7.0,3,active,5,percentage,False,0.09090909090909091,0.2714932126696834
11,2,Margaret Cho,18.0,6.0,3,active,10,percentage,False,0.09090909090909091,0.2714932126696834
11,2,Michael Bolton,12.0,4.0,3,eliminated_this_week,11,percentage,False,0.09090909090909091,0.2714932126696834
11,2,Brandy,21.0,7.0,3,active,4,percentage,False,0.09090909090909091,0.2714932126696834
11,2,The Situation,18.0,6.0,3,active,9,percentage,False,0.09090909090909091,0.2714932126696834
11,2,Audrina Patridge,23.0,7.666666666666667,3,active,7,percentage,False,0.09090909090909091,0.2714932126696834
11,2,Bristol Palin,22.0,7.333333333333333,3,active,3,percentage,True,0.09090909090909091,0.2714932126696834
11,3,Florence Henderson,20.0,6.666666666666667,3,active,8,percentage,False,0.1,0.04524886877828038
11,3,Kyle Massey,23.0,7.666666666666667,3,active,2,percentage,True,0.1,0.04524886877828038
11,3,Jennifer Grey,24.0,8.0,3,active,1,percentage,True,0.1,0.04524886877828038
11,3,Rick Fox,24.0,8.0,3,active,6,percentage,False,0.1,0.04524886877828038
11,3,Kurt Warner,23.0,7.666666666666667,3,active,5,percentage,False,0.1,0.04524886877828038
11,3,Margaret Cho,18.0,6.0,3,eliminated_this_week,10,percentage,False,0.1,0.04524886877828038
11,3,Brandy,24.0,8.0,3,active,4,percentage,False,0.1,0.04524886877828038
11,3,The Situation,20.0,6.666666666666667,3,active,9,percentage,False,0.1,0.04524886877828038
11,3,Audrina Patridge,26.0,8.666666666666666,3,active,7,percentage,False,0.1,0.04524886877828038
11,3,Bristol Palin,19.0,6.333333333333333,3,active,3,percentage,True,0.1,0.04524886877828038
11,4,Florence Henderson,17.5,5.833333333333333,3,active,8,percentage,False,0.1111111111111111,0.11173184357541915
11,4,Kyle Massey,20.0,6.666666666666667,3,active,2,percentage,True,0.1111111111111111,0.11173184357541915
11,4,Jennifer Grey,28.0,9.333333333333334,3,active,1,percentage,True,0.1111111111111111,0.11173184357541915
11,4,Rick Fox,19.5,6.5,3,active,6,percentage,False,0.1111111111111111,0.11173184357541915
11,4,Kurt Warner,17.0,5.666666666666667,3,active,5,percentage,False,0.1111111111111111,0.11173184357541915
11,4,Brandy,24.0,8.0,3,active,4,percentage,False,0.1111111111111111,0.11173184357541915
11,4,The Situation,14.0,4.666666666666667,3,eliminated_this_week,9,percentage,False,0.1111111111111111,0.11173184357541915
11,4,Audrina Patridge,23.0,7.666666666666667,3,active,7,percentage,False,0.1111111111111111,0.11173184357541915
11,4,Bristol Palin,16.0,5.333333333333333,3,active,3,percentage,True,0.1111111111111111,0.11173184357541915
11,5,Florence Henderson,21.0,7.0,3,eliminated_this_week,8,percentage,False,0.11625824175824176,0.010000000000000009
11,5,Kyle Massey,20.0,6.666666666666667,3,active,2,percentage,True,0.125,0.010000000000000009
11,5,Jennifer Grey,25.0,8.333333333333334,3,active,1,percentage,True,0.125,0.010000000000000009
11,5,Rick Fox,24.0,8.0,3,active,6,percentage,False,0.125,0.010000000000000009
11,5,Kurt Warner,24.0,8.0,3,active,5,percentage,False,0.125,0.010000000000000009
11,5,Brandy,27.0,9.0,3,active,4,percentage,False,0.125,0.010000000000000009
11,5,Audrina Patridge,23.0,7.666666666666667,3,active,7,percentage,False,0.125,0.010000000000000009
11,5,Bristol Palin,18.0,6.0,3,active,3,percentage,True,0.13374175824175824,0.010000000000000009
11,6,Kyle Massey,29.999899999999997,9.999966666666666,3,active,2,percentage,True,0.14285714285714288,0.010000000000000009
11,6,Jennifer Grey,29.0,9.666666666666666,3,active,1,percentage,True,0.14285714285714288,0.010000000000000009
11,6,Rick Fox,30.0,10.0,3,active,6,percentage,False,0.14285714285714288,0.010000000000000009
11,6,Kurt Warner,21.9999,7.3333,3,active,5,percentage,False,0.16751157236487552,0.010000000000000009
11,6,Brandy,35.9999,11.999966666666666,3,active,4,percentage,False,0.14285714285714288,0.010000000000000009
11,6,Audrina Patridge,31.9998,10.6666,3,eliminated_this_week,7,percentage,False,0.11820271334941021,0.010000000000000009
11,6,Bristol Palin,27.9998,9.333266666666667,3,active,3,percentage,True,0.14285714285714288,0.010000000000000009
11,7,Kyle Massey,33.5,8.375,4,active,2,percentage,True,0.167,0.010000000000000009
11,7,Jennifer Grey,36.5,9.125,4,active,1,percentage,True,0.16666666666666666,0.010000000000000009
11,7,Rick Fox,34.5,8.625,4,eliminated_this_week,6,percentage,False,0.16120383693045565,0.010000000000000009
11,7,Kurt Warner,35.0,8.75,4,active,5,percentage,False,0.16666666666666666,0.010000000000000009
11,7,Brandy,36.5,9.125,4,active,4,percentage,False,0.16666666666666666,0.010000000000000009
11,7,Bristol Palin,32.5,8.125,4,active,3,percentage,True,0.17179616306954437,0.010000000000000009
11,8,Kyle Massey,28.0,9.333333333333334,3,active,2,percentage,True,0.2,0.010000000000000009
11,8,Jennifer Grey,28.5,9.5,3,active,1,percentage,True,0.2,0.010000000000000009
11,8,Kurt Warner,24.0,8.0,3,eliminated_this_week,5,percentage,False,0.19761320754716982,0.010000000000000009
11,8,Brandy,28.5,9.5,3,active,4,percentage,False,0.2,0.010000000000000009
11,8,Bristol Palin,23.5,7.833333333333333,3,active,3,percentage,True,0.2023867924528302,0.010000000000000009
11,9,Kyle Massey,29.0,9.666666666666666,3,active,2,percentage,True,0.25,0.010000000000000009
11,9,Jennifer Grey,30.0,10.0,3,active,1,percentage,True,0.25,0.010000000000000009
11,9,Brandy,28.5,9.5,3,eliminated_this_week,4,percentage,False,0.24072807017543857,0.010000000000000009
11,9,Bristol Palin,26.5,8.833333333333334,3,active,3,percentage,True,0.2592719298245614,0.010000000000000009
11,10,Kyle Massey,27.333199999999998,9.111066666666666,3,active,2,percentage,True,0.3293164561842318,0.3
11,10,Jennifer Grey,30.0,10.0,3,active,1,percentage,True,0.36144665408832316,0.3
11,10,Bristol Palin,25.666600000000003,8.555533333333335,3,active,3,percentage,True,0.3092368897274452,0.3
12,1,Ralph Macchio,24.0,8.0,3,active,4,percentage,False,0.11594202898550725,0.3
12,1,Chelsea Kane,21.0,7.0,3,active,3,percentage,True,0.10144927536231885,0.3
12,1,Kirstie Alley,23.0,7.666666666666667,3,active,2,percentage,True,0.1111111111111111,0.3
12,1,Hines Ward,21.0,7.0,3,active,1,percentage,True,0.10144927536231885,0.3
12,1,Sugar Ray Leonard,17.0,5.666666666666667,3,active,9,percentage,False,0.0821256038647343,0.3
12,1,Chris Jericho,19.0,6.333333333333333,3,active,7,percentage,False,0.09178743961352658,0.3
12,1,Petra Nemcova,18.0,6.0,3,active,8,percentage,False,0.08695652173913043,0.3
12,1,Mike Catherwood,13.0,4.333333333333333,3,active,11,percentage,False,0.06280193236714976,0.3
12,1,Romeo,19.0,6.333333333333333,3,active,5,percentage,False,0.09178743961352658,0.3
12,1,Wendy Williams,14.0,4.666666666666667,3,active,10,percentage,False,0.06763285024154589,0.3
12,1,Kendra Wilkinson,18.0,6.0,3,active,6,percentage,False,0.08695652173913043,0.3
12,2,Ralph Macchio,21.0,7.0,3,active,4,percentage,False,0.09090909090909091,0.010000000000000009
12,2,Chelsea Kane,18.0,6.0,3,active,3,percentage,True,0.09090909090909091,0.010000000000000009
12,2,Kirstie Alley,20.0,6.666666666666667,3,active,2,percentage,True,0.09090909090909091,0.010000000000000009
12,2,Hines Ward,23.0,7.666666666666667,3,active,1,percentage,True,0.09090909090909091,0.010000000000000009
12,2,Sugar Ray Leonard,17.0,5.666666666666667,3,active,9,percentage,False,0.09124242424242424,0.010000000000000009
12,2,Chris Jericho,23.0,7.666666666666667,3,active,7,percentage,False,0.09090909090909091,0.010000000000000009
12,2,Petra Nemcova,18.0,6.0,3,active,8,percentage,False,0.09090909090909091,0.010000000000000009
12,2,Mike Catherwood,17.0,5.666666666666667,3,eliminated_this_week,11,percentage,False,0.09024242424242424,0.010000000000000009
12,2,Romeo,23.0,7.666666666666667,3,active,5,percentage,False,0.09090909090909091,0.010000000000000009
12,2,Wendy Williams,17.0,5.666666666666667,3,active,10,percentage,False,0.09124242424242424,0.010000000000000009
12,2,Kendra Wilkinson,19.0,6.333333333333333,3,active,6,percentage,False,0.09090909090909091,0.010000000000000009
12,3,Ralph Macchio,21.0,7.0,3,active,4,percentage,False,0.1,0.23364485981308414
12,3,Chelsea Kane,23.0,7.666666666666667,3,active,3,percentage,True,0.1,0.23364485981308414
12,3,Kirstie Alley,21.0,7.0,3,active,2,percentage,True,0.1,0.23364485981308414
12,3,Hines Ward,25.0,8.333333333333334,3,active,1,percentage,True,0.1,0.23364485981308414
12,3,Sugar Ray Leonard,20.0,6.666666666666667,3,active,9,percentage,False,0.1,0.23364485981308414
12,3,Chris Jericho,21.0,7.0,3,active,7,percentage,False,0.1,0.23364485981308414
12,3,Petra Nemcova,25.0,8.333333333333334,3,active,8,percentage,False,0.1,0.23364485981308414
12,3,Romeo,20.0,6.666666666666667,3,active,5,percentage,False,0.1,0.23364485981308414
12,3,Wendy Williams,15.0,5.0,3,eliminated_this_week,10,percentage,False,0.1,0.23364485981308414
12,3,Kendra Wilkinson,23.0,7.666666666666667,3,active,6,percentage,False,0.1,0.23364485981308414
12,4,Ralph Macchio,25.0,8.333333333333334,3,active,4,percentage,False,0.1111111111111111,0.010000000000000009
12,4,Chelsea Kane,26.0,8.666666666666666,3,active,3,percentage,True,0.1111111111111111,0.010000000000000009
12,4,Kirstie Alley,22.0,7.333333333333333,3,active,2,percentage,True,0.1111111111111111,0.010000000000000009
12,4,Hines Ward,25.0,8.333333333333334,3,active,1,percentage,True,0.1111111111111111,0.010000000000000009
12,4,Sugar Ray Leonard,21.0,7.0,3,eliminated_this_week,9,percentage,False,0.10332955771305286,0.010000000000000009
12,4,Chris Jericho,23.0,7.666666666666667,3,active,7,percentage,False,0.1111111111111111,0.010000000000000009
12,4,Petra Nemcova,23.0,7.666666666666667,3,active,8,percentage,False,0.1111111111111111,0.010000000000000009
12,4,Romeo,23.0,7.666666666666667,3,active,5,percentage,False,0.1111111111111111,0.010000000000000009
12,4,Kendra Wilkinson,18.0,6.0,3,active,6,percentage,False,0.11889266450916935,0.010000000000000009
12,5,Ralph Macchio,22.0,7.333333333333333,3,active,4,percentage,False,0.12533333333333482,0.010000000000000009
12,5,Chelsea Kane,26.0,8.666666666666666,3,active,3,percentage,True,0.12499999999999911,0.010000000000000009
12,5,Kirstie Alley,23.0,7.666666666666667,3,active,2,percentage,True,0.12499999999999911,0.010000000000000009
12,5,Hines Ward,27.0,9.0,3,active,1,percentage,True,0.12499999999999911,0.010000000000000009
12,5,Chris Jericho,26.0,8.666666666666666,3,active,7,percentage,False,0.12499999999999911,0.010000000000000009
12,5,Petra Nemcova,22.0,7.333333333333333,3,eliminated_this_week,8,percentage,False,0.12433333333333482,0.010000000000000009
12,5,Romeo,26.0,8.666666666666666,3,active,5,percentage,False,0.12499999999999911,0.010000000000000009
12,5,Kendra Wilkinson,22.0,7.333333333333333,3,active,6,percentage,False,0.12533333333333482,0.010000000000000009
12,6,Ralph Macchio,24.0,8.0,3,active,4,percentage,False,0.14285714285714285,0.11111111111111127
12,6,Chelsea Kane,28.0,9.333333333333334,3,active,3,percentage,True,0.14285714285714285,0.11111111111111127
12,6,Kirstie Alley,26.0,8.666666666666666,3,active,2,percentage,True,0.14285714285714285,0.11111111111111127
12,6,Hines Ward,27.0,9.0,3,active,1,percentage,True,0.14285714285714285,0.11111111111111127
12,6,Chris Jericho,22.0,7.333333333333333,3,eliminated_this_week,7,percentage,False,0.14285714285714285,0.11111111111111127
12,6,Romeo,28.0,9.333333333333334,3,active,5,percentage,False,0.14285714285714285,0.11111111111111127
12,6,Kendra Wilkinson,25.0,8.333333333333334,3,active,6,percentage,False,0.14285714285714285,0.11111111111111127
12,7,Ralph Macchio,33.0,8.25,4,active,4,percentage,False,0.16666666666666669,0.010000000000000009
12,7,Chelsea Kane,32.0,8.0,4,active,3,percentage,True,0.16666666666666669,0.010000000000000009
12,7,Kirstie Alley,30.0,7.5,4,active,2,percentage,True,0.16788417329796643,0.010000000000000009
12,7,Hines Ward,33.0,8.25,4,active,1,percentage,True,0.16666666666666669,0.010000000000000009
12,7,Romeo,30.0,7.5,4,active,5,percentage,False,0.16788417329796643,0.010000000000000009
12,7,Kendra Wilkinson,30.5,7.625,4,eliminated_this_week,6,percentage,False,0.1642316534040672,0.010000000000000009
12,8,Ralph Macchio,23.0,7.666666666666667,3,active,4,percentage,False,0.21203846153846154,0.010000000000000009
12,8,Chelsea Kane,27.5,9.166666666666666,3,active,3,percentage,True,0.2,0.010000000000000009
12,8,Kirstie Alley,26.5,8.833333333333334,3,active,2,percentage,True,0.2,0.010000000000000009
12,8,Hines Ward,27.0,9.0,3,active,1,percentage,True,0.2,0.010000000000000009
12,8,Romeo,26.0,8.666666666666666,3,eliminated_this_week,5,percentage,False,0.18796153846153846,0.010000000000000009
12,9,Ralph Macchio,24.0,8.0,3,eliminated_this_week,4,percentage,False,0.25,0.2553191489361706
12,9,Chelsea Kane,36.5,12.166666666666666,3,active,3,percentage,True,0.25,0.2553191489361706
12,9,Kirstie Alley,27.0,9.0,3,active,2,percentage,True,0.25,0.2553191489361706
12,9,Hines Ward,30.0,10.0,3,active,1,percentage,True,0.25,0.2553191489361706
12,10,Chelsea Kane,29.666600000000003,9.888866666666667,3,active,3,percentage,True,0.33969480071129965,0.3
12,10,Kirstie Alley,27.999899999999997,9.3333,3,active,2,percentage,True,0.32061039857740076,0.3
12,10,Hines Ward,29.666600000000003,9.888866666666667,3,active,1,percentage,True,0.33969480071129965,0.3
13,1,Elisabetta Canalis,15.0,5.0,3,active,11,percentage,False,0.08333333333333333,0.046082949308756116
13,1,David Arquette,18.0,6.0,3,active,6,percentage,False,0.08333333333333333,0.046082949308756116
13,1,Ricki Lake,20.0,6.666666666666667,3,active,3,percentage,True,0.08333333333333333,0.046082949308756116
13,1,J.R. Martinez,22.0,7.333333333333333,3,active,1,percentage,True,0.08333333333333333,0.046082949308756116
13,1,Metta World Peace (Ron),14.0,4.666666666666667,3,eliminated_this_week,12,percentage,False,0.08333333333333333,0.046082949308756116
13,1,Hope Solo,21.0,7.0,3,active,4,percentage,False,0.08333333333333333,0.046082949308756116
13,1,Chynna Phillips,22.0,7.333333333333333,3,active,9,percentage,False,0.08333333333333333,0.046082949308756116
13,1,Kristin Cavallari,19.0,6.333333333333333,3,active,10,percentage,False,0.08333333333333333,0.046082949308756116
13,1,Carson Kressley,17.0,5.666666666666667,3,active,8,percentage,False,0.08333333333333333,0.046082949308756116
13,1,Chaz Bono,17.0,5.666666666666667,3,active,7,percentage,False,0.08333333333333333,0.046082949308756116
13,1,Nancy Grace,16.0,5.333333333333333,3,active,5,percentage,False,0.08333333333333333,0.046082949308756116
13,1,Rob Kardashian,16.0,5.333333333333333,3,active,2,percentage,True,0.08333333333333333,0.046082949308756116
13,2,Elisabetta Canalis,21.0,7.0,3,eliminated_this_week,11,percentage,False,0.07894832857725234,0.010000000000000009
13,2,David Arquette,18.0,6.0,3,active,6,percentage,False,0.09340124337545863,0.010000000000000009
13,2,Ricki Lake,23.0,7.666666666666667,3,active,3,percentage,True,0.09090909090909091,0.010000000000000009
13,2,J.R. Martinez,22.0,7.333333333333333,3,active,1,percentage,True,0.09090909090909091,0.010000000000000009
13,2,Hope Solo,19.0,6.333333333333333,3,active,4,percentage,False,0.09090909090909091,0.010000000000000009
13,2,Chynna Phillips,21.0,7.0,3,active,9,percentage,False,0.09090909090909091,0.010000000000000009
13,2,Kristin Cavallari,22.0,7.333333333333333,3,active,10,percentage,False,0.09090909090909091,0.010000000000000009
13,2,Carson Kressley,18.0,6.0,3,active,8,percentage,False,0.09340124337545862,0.010000000000000009
13,2,Chaz Bono,17.0,5.666666666666667,3,active,7,percentage,False,0.09788554830819404,0.010000000000000009
13,2,Nancy Grace,21.0,7.0,3,active,5,percentage,False,0.09090909090909091,0.010000000000000009
13,2,Rob Kardashian,21.0,7.0,3,active,2,percentage,True,0.09090909090909091,0.010000000000000009
13,3,David Arquette,24.0,8.0,3,active,6,percentage,False,0.1,0.009999999999999731
13,3,Ricki Lake,27.0,9.0,3,active,3,percentage,True,0.1,0.009999999999999731
13,3,J.R. Martinez,26.0,8.666666666666666,3,active,1,percentage,True,0.1,0.009999999999999731
13,3,Hope Solo,24.0,8.0,3,active,4,percentage,False,0.1,0.009999999999999731
13,3,Chynna Phillips,26.0,8.666666666666666,3,active,9,percentage,False,0.1,0.009999999999999731
13,3,Kristin Cavallari,24.0,8.0,3,eliminated_this_week,10,percentage,False,0.08667510548523208,0.009999999999999731
13,3,Carson Kressley,23.0,7.666666666666667,3,active,8,percentage,False,0.1,0.009999999999999731
13,3,Chaz Bono,18.0,6.0,3,active,7,percentage,False,0.11299156118143461,0.009999999999999731
13,3,Nancy Grace,21.0,7.0,3,active,5,percentage,False,0.10033333333333333,0.009999999999999731
13,3,Rob Kardashian,24.0,8.0,3,active,2,percentage,True,0.1,0.009999999999999731
13,4,David Arquette,23.0,7.666666666666667,3,active,6,percentage,False,0.1111111111111111,0.010000000000000009
13,4,Ricki Lake,29.0,9.666666666666666,3,active,3,percentage,True,0.1111111111111111,0.010000000000000009
13,4,J.R. Martinez,26.0,8.666666666666666,3,active,1,percentage,True,0.1111111111111111,0.010000000000000009
13,4,Hope Solo,24.0,8.0,3,active,4,percentage,False,0.1111111111111111,0.010000000000000009
13,4,Chynna Phillips,21.0,7.0,3,eliminated_this_week,9,percentage,False,0.10821876661350345,0.010000000000000009
13,4,Carson Kressley,20.0,6.666666666666667,3,active,8,percentage,False,0.11400345560871876,0.010000000000000009
13,4,Chaz Bono,21.0,7.0,3,active,7,percentage,False,0.1111111111111111,0.010000000000000009
13,4,Nancy Grace,21.0,7.0,3,active,5,percentage,False,0.1111111111111111,0.010000000000000009
13,4,Rob Kardashian,24.0,8.0,3,active,2,percentage,True,0.1111111111111111,0.010000000000000009
13,5,David Arquette,25.0,8.333333333333334,3,active,6,percentage,False,0.125,0.10638297872340413
13,5,Ricki Lake,24.0,8.0,3,active,3,percentage,True,0.125,0.10638297872340413
13,5,J.R. Martinez,28.0,9.333333333333334,3,active,1,percentage,True,0.125,0.10638297872340413
13,5,Hope Solo,24.0,8.0,3,active,4,percentage,False,0.125,0.10638297872340413
13,5,Carson Kressley,19.0,6.333333333333333,3,eliminated_this_week,8,percentage,False,0.125,0.10638297872340413
13,5,Chaz Bono,21.0,7.0,3,active,7,percentage,False,0.125,0.10638297872340413
13,5,Nancy Grace,22.0,7.333333333333333,3,active,5,percentage,False,0.125,0.10638297872340413
13,5,Rob Kardashian,25.0,8.333333333333334,3,active,2,percentage,True,0.125,0.10638297872340413
13,6,David Arquette,23.0,7.666666666666667,3,active,6,percentage,False,0.14285714285714285,0.06024096385542188
13,6,Ricki Lake,29.0,9.666666666666666,3,active,3,percentage,True,0.14285714285714285,0.06024096385542188
13,6,J.R. Martinez,29.0,9.666666666666666,3,active,1,percentage,True,0.14285714285714285,0.06024096385542188
13,6,Hope Solo,20.0,6.666666666666667,3,active,4,percentage,False,0.14285714285714285,0.06024096385542188
13,6,Chaz Bono,19.0,6.333333333333333,3,eliminated_this_week,7,percentage,False,0.14285714285714285,0.06024096385542188
13,6,Nancy Grace,24.0,8.0,3,active,5,percentage,False,0.14285714285714285,0.06024096385542188
13,6,Rob Kardashian,22.0,7.333333333333333,3,active,2,percentage,True,0.14285714285714285,0.06024096385542188
13,7,David Arquette,23.5,7.833333333333333,3,eliminated_this_week,6,percentage,False,0.16104721274175202,0.010000000000000009
13,7,Ricki Lake,26.5,8.833333333333334,3,active,3,percentage,True,0.16666666666666669,0.010000000000000009
13,7,J.R. Martinez,24.0,8.0,3,active,1,percentage,True,0.16666666666666669,0.010000000000000009
13,7,Hope Solo,25.0,8.333333333333334,3,active,4,percentage,False,0.16666666666666669,0.010000000000000009
13,7,Nancy Grace,22.0,7.333333333333333,3,active,5,percentage,False,0.17228612059158135,0.010000000000000009
13,7,Rob Kardashian,25.5,8.5,3,active,2,percentage,True,0.16666666666666669,0.010000000000000009
13,8,Ricki Lake,26.0,8.666666666666666,3,active,3,percentage,True,0.2,0.2702702702702703
13,8,J.R. Martinez,30.0,10.0,3,active,1,percentage,True,0.2,0.2702702702702703
13,8,Hope Solo,26.0,8.666666666666666,3,active,4,percentage,False,0.2,0.2702702702702703
13,8,Nancy Grace,22.0,7.333333333333333,3,eliminated_this_week,5,percentage,False,0.2,0.2702702702702703
13,8,Rob Kardashian,25.5,8.5,3,active,2,percentage,True,0.2,0.2702702702702703
13,9,Ricki Lake,33.4999,11.166633333333332,3,active,3,percentage,True,0.25,0.29537677374166127
13,9,J.R. Martinez,28.0,9.333333333333334,3,active,1,percentage,True,0.25,0.29537677374166127
13,9,Hope Solo,24.4998,8.1666,3,eliminated_this_week,4,percentage,False,0.25,0.29537677374166127
13,9,Rob Kardashian,32.4998,10.833266666666667,3,active,2,percentage,True,0.25,0.29537677374166127
13,10,Ricki Lake,27.999899999999997,9.3333,3,active,3,percentage,True,0.33136133188796163,0.3
13,10,J.R. Martinez,28.1665,9.388833333333332,3,active,1,percentage,True,0.33333293885414844,0.3
13,10,Rob Kardashian,28.333199999999998,9.4444,3,active,2,percentage,True,0.33530572925789,0.3
14,1,William Levy,24.0,8.0,3,active,3,percentage,True,0.08888888888888889,0.3
14,1,Jack Wagner,23.0,7.666666666666667,3,active,11,percentage,False,0.08518518518518518,0.3
14,1,Sherri Sheperd,23.0,7.666666666666667,3,active,10,percentage,False,0.08518518518518518,0.3
14,1,Jaleel White,26.0,8.666666666666666,3,active,7,percentage,False,0.0962962962962963,0.3
14,1,Roshon Fegan,23.0,7.666666666666667,3,active,6,percentage,False,0.08518518518518518,0.3
14,1,Melissa Gilbert,20.0,6.666666666666667,3,active,5,percentage,False,0.07407407407407407,0.3
14,1,Martina Navratilova,20.0,6.666666666666667,3,active,12,percentage,False,0.07407407407407407,0.3
14,1,Donald Driver,21.0,7.0,3,active,1,percentage,True,0.07777777777777778,0.3
14,1,Gavin DeGraw,20.0,6.666666666666667,3,active,9,percentage,False,0.07407407407407407,0.3
14,1,Gladys Knight,23.0,7.666666666666667,3,active,8,percentage,False,0.08518518518518518,0.3
14,1,Katherine Jenkins,26.0,8.666666666666666,3,active,2,percentage,True,0.0962962962962963,0.3
14,1,Maria Menounos,21.0,7.0,3,active,4,percentage,False,0.07777777777777778,0.3
14,2,William Levy,25.0,8.333333333333334,3,active,3,percentage,True,0.08333333333333333,0.07434944237918212
14,2,Jack Wagner,21.0,7.0,3,active,11,percentage,False,0.08333333333333333,0.07434944237918212
14,2,Sherri Sheperd,23.0,7.666666666666667,3,active,10,percentage,False,0.08333333333333333,0.07434944237918212
14,2,Jaleel White,22.0,7.333333333333333,3,active,7,percentage,False,0.08333333333333333,0.07434944237918212
14,2,Roshon Fegan,26.0,8.666666666666666,3,active,6,percentage,False,0.08333333333333333,0.07434944237918212
14,2,Melissa Gilbert,20.0,6.666666666666667,3,active,5,percentage,False,0.08333333333333333,0.07434944237918212
14,2,Martina Navratilova,17.0,5.666666666666667,3,eliminated_this_week,12,percentage,False,0.08333333333333333,0.07434944237918212
14,2,Donald Driver,24.0,8.0,3,active,1,percentage,True,0.08333333333333333,0.07434944237918212
14,2,Gavin DeGraw,21.0,7.0,3,active,9,percentage,False,0.08333333333333333,0.07434944237918212
14,2,Gladys Knight,19.0,6.333333333333333,3,active,8,percentage,False,0.08333333333333333,0.07434944237918212
14,2,Katherine Jenkins,26.0,8.666666666666666,3,active,2,percentage,True,0.08333333333333333,0.07434944237918212
14,2,Maria Menounos,25.0,8.333333333333334,3,active,4,percentage,False,0.08333333333333333,0.07434944237918212
14,3,William Levy,28.0,9.333333333333334,3,active,3,percentage,True,0.09090909090909188,0.010000000000000009
14,3,Jack Wagner,24.0,8.0,3,eliminated_this_week,11,percentage,False,0.09010909090908975,0.010000000000000009
14,3,Sherri Sheperd,24.0,8.0,3,active,10,percentage,False,0.09110909090908975,0.010000000000000009
14,3,Jaleel White,25.0,8.333333333333334,3,active,7,percentage,False,0.09090909090909188,0.010000000000000009
14,3,Roshon Fegan,25.0,8.333333333333334,3,active,6,percentage,False,0.09090909090909188,0.010000000000000009
14,3,Melissa Gilbert,24.0,8.0,3,active,5,percentage,False,0.09110909090908975,0.010000000000000009
14,3,Donald Driver,26.0,8.666666666666666,3,active,1,percentage,True,0.09090909090909188,0.010000000000000009
14,3,Gavin DeGraw,24.0,8.0,3,active,9,percentage,False,0.09110909090908975,0.010000000000000009
14,3,Gladys Knight,24.0,8.0,3,active,8,percentage,False,0.09110909090908975,0.010000000000000009
14,3,Katherine Jenkins,29.0,9.666666666666666,3,active,2,percentage,True,0.09090909090909188,0.010000000000000009
14,3,Maria Menounos,27.0,9.0,3,active,4,percentage,False,0.09090909090909188,0.010000000000000009
14,4,William Levy,22.0,7.333333333333333,3,active,3,percentage,True,0.1,0.010000000000000009
14,4,Sherri Sheperd,21.0,7.0,3,eliminated_this_week,10,percentage,False,0.09735407725321889,0.010000000000000009
14,4,Jaleel White,22.0,7.333333333333333,3,active,7,percentage,False,0.1,0.010000000000000009
14,4,Roshon Fegan,26.0,8.666666666666666,3,active,6,percentage,False,0.1,0.010000000000000009
14,4,Melissa Gilbert,22.0,7.333333333333333,3,active,5,percentage,False,0.1,0.010000000000000009
14,4,Donald Driver,27.0,9.0,3,active,1,percentage,True,0.1,0.010000000000000009
14,4,Gavin DeGraw,23.0,7.666666666666667,3,active,9,percentage,False,0.1,0.010000000000000009
14,4,Gladys Knight,20.0,6.666666666666667,3,active,8,percentage,False,0.10264592274678112,0.010000000000000009
14,4,Katherine Jenkins,24.0,8.0,3,active,2,percentage,True,0.1,0.010000000000000009
14,4,Maria Menounos,26.0,8.666666666666666,3,active,4,percentage,False,0.1,0.010000000000000009
14,5,William Levy,29.0,9.666666666666666,3,active,3,percentage,True,0.1111111111111111,0.08928571428571425
14,5,Jaleel White,24.0,8.0,3,active,7,percentage,False,0.1111111111111111,0.08928571428571425
14,5,Roshon Fegan,26.0,8.666666666666666,3,active,6,percentage,False,0.1111111111111111,0.08928571428571425
14,5,Melissa Gilbert,21.0,7.0,3,active,5,percentage,False,0.1111111111111111,0.08928571428571425
14,5,Donald Driver,27.0,9.0,3,active,1,percentage,True,0.1111111111111111,0.08928571428571425
14,5,Gavin DeGraw,19.0,6.333333333333333,3,eliminated_this_week,9,percentage,False,0.1111111111111111,0.08928571428571425
14,5,Gladys Knight,22.0,7.333333333333333,3,active,8,percentage,False,0.1111111111111111,0.08928571428571425
14,5,Katherine Jenkins,29.0,9.666666666666666,3,active,2,percentage,True,0.1111111111111111,0.08928571428571425
14,5,Maria Menounos,27.0,9.0,3,active,4,percentage,False,0.1111111111111111,0.08928571428571425
14,6,William Levy,36.0,12.0,3,active,3,percentage,True,0.125,0.15503142837984457
14,6,Jaleel White,36.9998,12.333266666666667,3,active,7,percentage,False,0.125,0.15503142837984457
14,6,Roshon Fegan,27.9998,9.333266666666667,3,active,6,percentage,False,0.125,0.15503142837984457
14,6,Melissa Gilbert,30.0,10.0,3,active,5,percentage,False,0.125,0.15503142837984457
14,6,Donald Driver,33.9999,11.3333,3,active,1,percentage,True,0.125,0.15503142837984457
14,6,Gladys Knight,24.0,8.0,3,eliminated_this_week,8,percentage,False,0.125,0.15503142837984457
14,6,Katherine Jenkins,38.9999,12.999966666666666,3,active,2,percentage,True,0.125,0.15503142837984457
14,6,Maria Menounos,29.999899999999997,9.999966666666666,3,active,4,percentage,False,0.125,0.15503142837984457
14,7,William Levy,26.5,8.833333333333334,3,active,3,percentage,True,0.1428571428570779,0.010000000000000009
14,7,Jaleel White,25.5,8.5,3,eliminated_this_week,7,percentage,False,0.13690755157665133,0.010000000000000009
14,7,Roshon Fegan,26.0,8.666666666666666,3,active,6,percentage,False,0.1428571428570779,0.010000000000000009
14,7,Melissa Gilbert,23.5,7.833333333333333,3,active,5,percentage,False,0.14880673413795922,0.010000000000000009
14,7,Donald Driver,26.5,8.833333333333334,3,active,1,percentage,True,0.1428571428570779,0.010000000000000009
14,7,Katherine Jenkins,27.0,9.0,3,active,2,percentage,True,0.1428571428570779,0.010000000000000009
14,7,Maria Menounos,28.5,9.5,3,active,4,percentage,False,0.1428571428570779,0.010000000000000009
14,8,William Levy,28.5,9.5,3,active,3,percentage,True,0.16666666666666669,0.03058103975535187
14,8,Roshon Fegan,28.0,9.333333333333334,3,eliminated_this_week,6,percentage,False,0.1622558613659531,0.03058103975535187
14,8,Melissa Gilbert,25.5,8.5,3,eliminated_this_week,5,percentage,False,0.17040112130479101,0.03058103975535187
14,8,Donald Driver,27.5,9.166666666666666,3,active,1,percentage,True,0.16666666666666669,0.03058103975535187
14,8,Katherine Jenkins,27.5,9.166666666666666,3,active,2,percentage,True,0.16666666666666669,0.03058103975535187
14,8,Maria Menounos,26.5,8.833333333333334,3,active,4,percentage,False,0.16734301732925588,0.03058103975535187
14,9,William Levy,29.0,9.666666666666666,3,active,3,percentage,True,0.25000000000045475,0.009999999999999454
14,9,Donald Driver,28.5,9.5,3,active,1,percentage,True,0.25178260869550056,0.009999999999999454
14,9,Katherine Jenkins,28.0,9.333333333333334,3,active,2,percentage,True,0.2561304347824571,0.009999999999999454
14,9,Maria Menounos,29.5,9.833333333333334,3,eliminated_this_week,4,percentage,False,0.24208695652158754,0.009999999999999454
14,10,William Levy,29.666600000000003,9.888866666666667,3,active,3,percentage,True,0.33208930162582334,0.3
14,10,Donald Driver,29.666600000000003,9.888866666666667,3,active,1,percentage,True,0.33208930162582334,0.3
14,10,Katherine Jenkins,30.0,10.0,3,active,2,percentage,True,0.3358213967483533,0.3
15,1,Gilles Marini,24.0,8.0,3,active,6,percentage,False,0.07692307692307691,0.07233273056057865
15,1,Sabrina Bryan,22.5,7.5,3,active,8,percentage,False,0.07692307692307691,0.07233273056057865
15,1,Kirstie Alley,19.0,6.333333333333333,3,active,7,percentage,False,0.07692307692307691,0.07233273056057865
15,1,Kelly Monaco,21.5,7.166666666666667,3,active,3,percentage,True,0.07692307692307691,0.07233273056057865
15,1,Apolo Anton Ohno,22.0,7.333333333333333,3,active,5,percentage,False,0.07692307692307691,0.07233273056057865
15,1,Emmitt Smith,24.5,8.166666666666666,3,active,4,percentage,False,0.07692307692307691,0.07233273056057865
15,1,Shawn Johnson,22.0,7.333333333333333,3,active,2,percentage,True,0.07692307692307691,0.07233273056057865
15,1,Pamela Anderson,17.0,5.666666666666667,3,eliminated_this_week,13,percentage,False,0.07692307692307691,0.07233273056057865
15,1,Helio Castroneves,21.5,7.166666666666667,3,active,10,percentage,False,0.07692307692307691,0.07233273056057865
15,1,Joey Fatone,20.5,6.833333333333333,3,active,12,percentage,False,0.07692307692307691,0.07233273056057865
15,1,Drew Lachey,21.5,7.166666666666667,3,active,11,percentage,False,0.07692307692307691,0.07233273056057865
15,1,Bristol Palin,19.5,6.5,3,active,9,percentage,False,0.07692307692307691,0.07233273056057865
15,1,Melissa Rycroft,21.0,7.0,3,active,1,percentage,True,0.07692307692307691,0.07233273056057865
15,2,Gilles Marini,25.5,8.5,3,active,6,percentage,False,0.08333333333333333,0.010000000000000009
15,2,Sabrina Bryan,26.0,8.666666666666666,3,active,8,percentage,False,0.08333333333333333,0.010000000000000009
15,2,Kirstie Alley,21.0,7.0,3,active,7,percentage,False,0.08333333333333333,0.010000000000000009
15,2,Kelly Monaco,22.0,7.333333333333333,3,active,3,percentage,True,0.08333333333333333,0.010000000000000009
15,2,Apolo Anton Ohno,24.5,8.166666666666666,3,active,5,percentage,False,0.08333333333333333,0.010000000000000009
15,2,Emmitt Smith,22.5,7.5,3,active,4,percentage,False,0.08333333333333333,0.010000000000000009
15,2,Shawn Johnson,25.0,8.333333333333334,3,active,2,percentage,True,0.08333333333333333,0.010000000000000009
15,2,Helio Castroneves,23.0,7.666666666666667,3,active,10,percentage,False,0.08333333333333333,0.010000000000000009
15,2,Joey Fatone,22.5,7.5,3,eliminated_this_week,12,percentage,False,0.07468115942028986,0.010000000000000009
15,2,Drew Lachey,22.5,7.5,3,active,11,percentage,False,0.08333333333333333,0.010000000000000009
15,2,Bristol Palin,18.0,6.0,3,active,9,percentage,False,0.09198550724637682,0.010000000000000009
15,2,Melissa Rycroft,23.5,7.833333333333333,3,active,1,percentage,True,0.08333333333333333,0.010000000000000009
15,3,Gilles Marini,25.5,8.5,3,active,6,percentage,False,0.09090909090912708,0.0050000000000000044
15,3,Sabrina Bryan,25.5,8.5,3,active,8,percentage,False,0.09090909090912708,0.0050000000000000044
15,3,Kirstie Alley,24.0,8.0,3,active,7,percentage,False,0.0910340909090134,0.0050000000000000044
15,3,Kelly Monaco,27.0,9.0,3,active,3,percentage,True,0.09090909090912708,0.0050000000000000044
15,3,Apolo Anton Ohno,25.5,8.5,3,active,5,percentage,False,0.09090909090912708,0.0050000000000000044
15,3,Emmitt Smith,25.0,8.333333333333334,3,active,4,percentage,False,0.09090909090912708,0.0050000000000000044
15,3,Shawn Johnson,26.5,8.833333333333334,3,active,2,percentage,True,0.09090909090912708,0.0050000000000000044
15,3,Helio Castroneves,25.5,8.5,3,eliminated_this_week,10,percentage,False,0.08783624918239469,0.0050000000000000044
15,3,Drew Lachey,24.0,8.0,3,eliminated_this_week,11,percentage,False,0.08943517004573247,0.0050000000000000044
15,3,Bristol Palin,22.5,7.5,3,active,9,percentage,False,0.09533085349896989,0.0050000000000000044
15,3,Melissa Rycroft,27.0,9.0,3,active,1,percentage,True,0.09090909090912708,0.0050000000000000044
15,4,Gilles Marini,39.5,9.875,4,active,6,percentage,False,0.1111111111111111,0.010000000000000009
15,4,Sabrina Bryan,35.5,8.875,4,active,8,percentage,False,0.1111111111111111,0.010000000000000009
15,4,Kirstie Alley,30.0,7.5,4,active,7,percentage,False,0.11472153101779851,0.010000000000000009
15,4,Kelly Monaco,37.5,9.375,4,active,3,percentage,True,0.1111111111111111,0.010000000000000009
15,4,Apolo Anton Ohno,34.5,8.625,4,active,5,percentage,False,0.1111111111111111,0.010000000000000009
15,4,Emmitt Smith,36.0,9.0,4,active,4,percentage,False,0.1111111111111111,0.010000000000000009
15,4,Shawn Johnson,39.5,9.875,4,active,2,percentage,True,0.1111111111111111,0.010000000000000009
15,4,Bristol Palin,32.0,8.0,4,eliminated_this_week,9,percentage,False,0.1075006912044237,0.010000000000000009
15,4,Melissa Rycroft,37.0,9.25,4,active,1,percentage,True,0.1111111111111111,0.010000000000000009
15,5,Gilles Marini,28.25,9.416666666666666,3,active,6,percentage,False,0.12710911136107986,0.3
15,5,Sabrina Bryan,29.25,9.75,3,active,8,percentage,False,0.13160854893138357,0.3
15,5,Kirstie Alley,26.25,8.75,3,active,7,percentage,False,0.11811023622047244,0.3
15,5,Kelly Monaco,25.75,8.583333333333334,3,active,3,percentage,True,0.11586051743532058,0.3
15,5,Apolo Anton Ohno,28.25,9.416666666666666,3,active,5,percentage,False,0.12710911136107986,0.3
15,5,Emmitt Smith,28.0,9.333333333333334,3,active,4,percentage,False,0.12598425196850394,0.3
15,5,Shawn Johnson,28.25,9.416666666666666,3,active,2,percentage,True,0.12710911136107986,0.3
15,5,Melissa Rycroft,28.25,9.416666666666666,3,active,1,percentage,True,0.12710911136107986,0.3
15,6,Gilles Marini,27.5,9.166666666666666,3,active,6,percentage,False,0.12608495575228063,0.010000000000000009
15,6,Sabrina Bryan,30.0,10.0,3,eliminated_this_week,8,percentage,False,0.11402300884962573,0.010000000000000009
15,6,Kirstie Alley,27.5,9.166666666666666,3,active,7,percentage,False,0.12608495575228063,0.010000000000000009
15,6,Kelly Monaco,27.0,9.0,3,active,3,percentage,True,0.12829734513281157,0.010000000000000009
15,6,Apolo Anton Ohno,30.0,10.0,3,active,5,percentage,False,0.12499999999988631,0.010000000000000009
15,6,Emmitt Smith,26.5,8.833333333333334,3,active,4,percentage,False,0.13050973451334255,0.010000000000000009
15,6,Shawn Johnson,28.0,9.333333333333334,3,active,2,percentage,True,0.12499999999988631,0.010000000000000009
15,6,Melissa Rycroft,29.5,9.833333333333334,3,active,1,percentage,True,0.12499999999988631,0.010000000000000009
15,7,Gilles Marini,33.4998,11.1666,3,active,6,percentage,False,0.1384293260352406,0.3
15,7,Kirstie Alley,27.999899999999997,9.3333,3,active,7,percentage,False,0.11570240079206841,0.3
15,7,Kelly Monaco,36.0,12.0,3,active,3,percentage,True,0.14876076087823395,0.3
15,7,Apolo Anton Ohno,33.0,11.0,3,active,5,percentage,False,0.1363640308050478,0.3
15,7,Emmitt Smith,34.4999,11.499966666666666,3,active,4,percentage,False,0.1425619826173051,0.3
15,7,Shawn Johnson,37.9998,12.6666,3,active,2,percentage,True,0.15702442114501985,0.3
15,7,Melissa Rycroft,38.9999,12.999966666666666,3,active,1,percentage,True,0.16115707772708435,0.3
15,8,Gilles Marini,29.2777,9.759233333333333,3,eliminated_this_week,6,percentage,False,0.1378678949544705,0.0671955600584917
15,8,Kirstie Alley,25.5,8.5,3,eliminated_this_week,7,percentage,False,0.14784639075981518,0.0671955600584917
15,8,Kelly Monaco,28.3333,9.444433333333334,3,active,3,percentage,True,0.14285714285714285,0.0671955600584917
15,8,Apolo Anton Ohno,29.2777,9.759233333333333,3,active,5,percentage,False,0.14285714285714285,0.0671955600584917
15,8,Emmitt Smith,29.0554,9.685133333333333,3,active,4,percentage,False,0.14285714285714285,0.0671955600584917
15,8,Shawn Johnson,27.8333,9.277766666666666,3,active,2,percentage,True,0.14285714285714285,0.0671955600584917
15,8,Melissa Rycroft,30.0,10.0,3,active,1,percentage,True,0.14285714285714285,0.0671955600584917
15,9,Kelly Monaco,27.110999999999997,9.036999999999999,3,active,3,percentage,True,0.20186170520227031,0.004999999999999449
15,9,Apolo Anton Ohno,28.611,9.537,3,eliminated_this_week,5,percentage,False,0.19598935387811856,0.004999999999999449
15,9,Emmitt Smith,27.0,9.0,3,eliminated_this_week,4,percentage,False,0.2021489409197931,0.004999999999999449
15,9,Shawn Johnson,29.5,9.833333333333334,3,active,2,percentage,True,0.19999999999990906,0.004999999999999449
15,9,Melissa Rycroft,28.7777,9.592566666666666,3,active,1,percentage,True,0.19999999999990906,0.004999999999999449
15,10,Kelly Monaco,29.1109,9.703633333333334,3,active,3,percentage,True,0.3331212530739241,0.3
15,10,Shawn Johnson,28.944300000000002,9.648100000000001,3,active,2,percentage,True,0.33121481937513375,0.3
15,10,Melissa Rycroft,29.333099999999998,9.7777,3,active,1,percentage,True,0.33566392755094215,0.3
16,1,Ingo Rademacher,20.0,6.666666666666667,3,active,5,percentage,False,0.08733624454148471,0.3
16,1,Zendaya,24.0,8.0,3,active,2,percentage,True,0.10480349344978165,0.3
16,1,Dorothy Hamill,21.0,7.0,3,active,12,percentage,False,0.09170305676855896,0.3
16,1,Victor Ortiz,18.0,6.0,3,active,8,percentage,False,0.07860262008733625,0.3
16,1,Alexandra Raisman,21.0,7.0,3,active,4,percentage,False,0.09170305676855896,0.3
16,1,Jacoby Jones,20.0,6.666666666666667,3,active,3,percentage,True,0.08733624454148471,0.3
16,1,D. L. Hughley,12.0,4.0,3,active,9,percentage,False,0.05240174672489083,0.3
16,1,Andy Dick,17.0,5.666666666666667,3,active,7,percentage,False,0.07423580786026202,0.3
16,1,Wynonna Judd,18.0,6.0,3,active,11,percentage,False,0.07860262008733625,0.3
16,1,Kellie Pickler,21.0,7.0,3,active,1,percentage,True,0.09170305676855896,0.3
16,1,Lisa Vanderpump,18.0,6.0,3,active,10,percentage,False,0.07860262008733625,0.3
16,1,Sean Lowe,19.0,6.333333333333333,3,active,6,percentage,False,0.08296943231441048,0.3
16,2,Ingo Rademacher,20.0,6.666666666666667,3,active,5,percentage,False,0.08196721311475409,0.3
16,2,Zendaya,26.0,8.666666666666666,3,active,2,percentage,True,0.10655737704918032,0.3
16,2,Dorothy Hamill,15.0,5.0,3,active,12,percentage,False,0.06147540983606557,0.3
16,2,Victor Ortiz,18.0,6.0,3,active,8,percentage,False,0.07377049180327869,0.3
16,2,Alexandra Raisman,24.0,8.0,3,active,4,percentage,False,0.09836065573770492,0.3
16,2,Jacoby Jones,23.0,7.666666666666667,3,active,3,percentage,True,0.0942622950819672,0.3
16,2,D. L. Hughley,16.0,5.333333333333333,3,active,9,percentage,False,0.06557377049180328,0.3
16,2,Andy Dick,20.0,6.666666666666667,3,active,7,percentage,False,0.08196721311475409,0.3
16,2,Wynonna Judd,18.0,6.0,3,active,11,percentage,False,0.07377049180327869,0.3
16,2,Kellie Pickler,26.0,8.666666666666666,3,active,1,percentage,True,0.10655737704918032,0.3
16,2,Lisa Vanderpump,18.0,6.0,3,active,10,percentage,False,0.07377049180327869,0.3
16,2,Sean Lowe,20.0,6.666666666666667,3,active,6,percentage,False,0.08196721311475409,0.3
16,3,Ingo Rademacher,21.0,7.0,3,active,5,percentage,False,0.09090909090909091,0.04255326392044928
16,3,Zendaya,25.9998,8.6666,3,active,2,percentage,True,0.09090909090909091,0.04255326392044928
16,3,Victor Ortiz,23.0,7.666666666666667,3,active,8,percentage,False,0.09090909090909091,0.04255326392044928
16,3,Alexandra Raisman,23.0,7.666666666666667,3,active,4,percentage,False,0.09090909090909091,0.04255326392044928
16,3,Jacoby Jones,25.9998,8.6666,3,active,3,percentage,True,0.09090909090909091,0.04255326392044928
16,3,D. L. Hughley,16.0,5.333333333333333,3,active,9,percentage,False,0.09090909090909091,0.04255326392044928
16,3,Andy Dick,18.0,6.0,3,active,7,percentage,False,0.09090909090909091,0.04255326392044928
16,3,Wynonna Judd,15.0,5.0,3,eliminated_this_week,11,percentage,False,0.09090909090909091,0.04255326392044928
16,3,Kellie Pickler,25.0,8.333333333333334,3,active,1,percentage,True,0.09090909090909091,0.04255326392044928
16,3,Lisa Vanderpump,21.0,7.0,3,active,10,percentage,False,0.09090909090909091,0.04255326392044928
16,3,Sean Lowe,21.0,7.0,3,active,6,percentage,False,0.09090909090909091,0.04255326392044928
16,4,Ingo Rademacher,23.0,7.666666666666667,3,active,5,percentage,False,0.09999999999999964,0.010000000000000009
16,4,Zendaya,26.0,8.666666666666666,3,active,2,percentage,True,0.09999999999999964,0.010000000000000009
16,4,Victor Ortiz,18.0,6.0,3,active,8,percentage,False,0.10050000000000142,0.010000000000000009
16,4,Alexandra Raisman,27.0,9.0,3,active,4,percentage,False,0.09999999999999964,0.010000000000000009
16,4,Jacoby Jones,24.0,8.0,3,active,3,percentage,True,0.09999999999999964,0.010000000000000009
16,4,D. L. Hughley,21.0,7.0,3,active,9,percentage,False,0.09999999999999964,0.010000000000000009
16,4,Andy Dick,21.0,7.0,3,active,7,percentage,False,0.09999999999999964,0.010000000000000009
16,4,Kellie Pickler,26.0,8.666666666666666,3,active,1,percentage,True,0.09999999999999964,0.010000000000000009
16,4,Lisa Vanderpump,18.0,6.0,3,eliminated_this_week,10,percentage,False,0.09950000000000142,0.010000000000000009
16,4,Sean Lowe,20.0,6.666666666666667,3,active,6,percentage,False,0.09999999999999964,0.010000000000000009
16,5,Ingo Rademacher,21.0,7.0,3,active,5,percentage,False,0.11111111111111072,0.010000000000000009
16,5,Zendaya,29.0,9.666666666666666,3,active,2,percentage,True,0.11111111111111072,0.010000000000000009
16,5,Victor Ortiz,21.0,7.0,3,active,8,percentage,False,0.11111111111111072,0.010000000000000009
16,5,Alexandra Raisman,25.0,8.333333333333334,3,active,4,percentage,False,0.11111111111111072,0.010000000000000009
16,5,Jacoby Jones,26.0,8.666666666666666,3,active,3,percentage,True,0.11111111111111072,0.010000000000000009
16,5,D. L. Hughley,18.0,6.0,3,eliminated_this_week,9,percentage,False,0.11061111111111249,0.010000000000000009
16,5,Andy Dick,18.0,6.0,3,active,7,percentage,False,0.1116111111111125,0.010000000000000009
16,5,Kellie Pickler,27.0,9.0,3,active,1,percentage,True,0.11111111111111072,0.010000000000000009
16,5,Sean Lowe,24.0,8.0,3,active,6,percentage,False,0.11111111111111072,0.010000000000000009
16,6,Ingo Rademacher,23.0,7.666666666666667,3,active,5,percentage,False,0.125,0.07957559681697618
16,6,Zendaya,25.5,8.5,3,active,2,percentage,True,0.125,0.07957559681697618
16,6,Victor Ortiz,20.0,6.666666666666667,3,eliminated_this_week,8,percentage,False,0.125,0.07957559681697618
16,6,Alexandra Raisman,26.0,8.666666666666666,3,active,4,percentage,False,0.125,0.07957559681697618
16,6,Jacoby Jones,22.5,7.5,3,active,3,percentage,True,0.125,0.07957559681697618
16,6,Andy Dick,21.5,7.166666666666667,3,active,7,percentage,False,0.125,0.07957559681697618
16,6,Kellie Pickler,27.0,9.0,3,active,1,percentage,True,0.125,0.07957559681697618
16,6,Sean Lowe,23.0,7.666666666666667,3,active,6,percentage,False,0.125,0.07957559681697618
16,7,Ingo Rademacher,25.0,8.333333333333334,3,active,5,percentage,False,0.14285714285714285,0.3804347826086954
16,7,Zendaya,30.0,10.0,3,active,2,percentage,True,0.14285714285714285,0.3804347826086954
16,7,Alexandra Raisman,32.0,10.666666666666666,3,active,4,percentage,False,0.14285714285714285,0.3804347826086954
16,7,Jacoby Jones,27.0,9.0,3,active,3,percentage,True,0.14285714285714285,0.3804347826086954
16,7,Andy Dick,17.0,5.666666666666667,3,eliminated_this_week,7,percentage,False,0.14285714285714285,0.3804347826086954
16,7,Kellie Pickler,29.0,9.666666666666666,3,active,1,percentage,True,0.14285714285714285,0.3804347826086954
16,7,Sean Lowe,24.0,8.0,3,active,6,percentage,False,0.14285714285714285,0.3804347826086954
16,8,Ingo Rademacher,24.0,8.0,3,active,5,percentage,False,0.16666666666666666,0.1929260450160769
16,8,Zendaya,29.0,9.666666666666666,3,active,2,percentage,True,0.16666666666666666,0.1929260450160769
16,8,Alexandra Raisman,28.0,9.333333333333334,3,active,4,percentage,False,0.16666666666666666,0.1929260450160769
16,8,Jacoby Jones,26.0,8.666666666666666,3,active,3,percentage,True,0.16666666666666666,0.1929260450160769
16,8,Kellie Pickler,27.5,9.166666666666666,3,active,1,percentage,True,0.16666666666666666,0.1929260450160769
16,8,Sean Lowe,21.0,7.0,3,eliminated_this_week,6,percentage,False,0.16666666666666666,0.1929260450160769
16,9,Ingo Rademacher,25.5,8.5,3,eliminated_this_week,5,percentage,False,0.2,0.14184397163120532
16,9,Zendaya,27.5,9.166666666666666,3,active,2,percentage,True,0.2,0.14184397163120532
16,9,Alexandra Raisman,29.5,9.833333333333334,3,active,4,percentage,False,0.2,0.14184397163120532
16,9,Jacoby Jones,29.5,9.833333333333334,3,active,3,percentage,True,0.2,0.14184397163120532
16,9,Kellie Pickler,29.0,9.666666666666666,3,active,1,percentage,True,0.2,0.14184397163120532
16,10,Zendaya,30.0,10.0,3,active,2,percentage,True,0.25,0.009999999999999454
16,10,Alexandra Raisman,29.0,9.666666666666666,3,eliminated_this_week,4,percentage,False,0.24522606472313224,0.009999999999999454
16,10,Jacoby Jones,27.999899999999997,9.3333,3,active,3,percentage,True,0.25477393527686776,0.009999999999999454
16,10,Kellie Pickler,30.0,10.0,3,active,1,percentage,True,0.25,0.009999999999999454
17,1,Valerie Harper,21.0,7.0,3,active,10,percentage,False,0.08203125,0.3
17,1,Brant Daugherty,22.0,7.333333333333333,3,active,7,percentage,False,0.0859375,0.3
17,1,Elizabeth Berkley Lauren,24.0,8.0,3,active,6,percentage,False,0.09375,0.3
17,1,Leah Remini,21.0,7.0,3,active,5,percentage,False,0.08203125,0.3
17,1,Corbin Bleu,24.0,8.0,3,active,2,percentage,True,0.09375,0.3
17,1,Amber Riley,27.0,9.0,3,active,1,percentage,True,0.10546875,0.3
17,1,Keyshawn Johnson,17.0,5.666666666666667,3,active,12,percentage,False,0.06640625,0.3
17,1,Bill Engvall,18.0,6.0,3,active,4,percentage,False,0.0703125,0.3
17,1,Christina Milian,22.0,7.333333333333333,3,active,9,percentage,False,0.0859375,0.3
17,1,"Nicole ""Snooki"" Polizzi",23.0,7.666666666666667,3,active,8,percentage,False,0.08984375,0.3
17,1,Jack Osbourne,23.0,7.666666666666667,3,active,3,percentage,True,0.08984375,0.3
17,1,Bill Nye,14.0,4.666666666666667,3,active,11,percentage,False,0.0546875,0.3
17,2,Valerie Harper,19.0,6.333333333333333,3,active,10,percentage,False,0.08333333333333333,0.009999999999999731
17,2,Brant Daugherty,23.0,7.666666666666667,3,active,7,percentage,False,0.08333333333333333,0.009999999999999731
17,2,Elizabeth Berkley Lauren,25.0,8.333333333333334,3,active,6,percentage,False,0.08333333333333333,0.009999999999999731
17,2,Leah Remini,24.0,8.0,3,active,5,percentage,False,0.08333333333333333,0.009999999999999731
17,2,Corbin Bleu,26.0,8.666666666666666,3,active,2,percentage,True,0.08333333333333333,0.009999999999999731
17,2,Amber Riley,24.0,8.0,3,active,1,percentage,True,0.08333333333333333,0.009999999999999731
17,2,Keyshawn Johnson,18.0,6.0,3,eliminated_this_week,12,percentage,False,0.08095363408521303,0.009999999999999731
17,2,Bill Engvall,21.0,7.0,3,active,4,percentage,False,0.08333333333333333,0.009999999999999731
17,2,Christina Milian,25.0,8.333333333333334,3,active,9,percentage,False,0.08333333333333333,0.009999999999999731
17,2,"Nicole ""Snooki"" Polizzi",20.0,6.666666666666667,3,active,8,percentage,False,0.08333333333333333,0.009999999999999731
17,2,Jack Osbourne,24.0,8.0,3,active,3,percentage,True,0.08333333333333333,0.009999999999999731
17,2,Bill Nye,17.0,5.666666666666667,3,active,11,percentage,False,0.08571303258145362,0.009999999999999731
17,3,Valerie Harper,16.0,5.333333333333333,3,active,10,percentage,False,0.09140909090909237,0.010000000000000009
17,3,Brant Daugherty,27.0,9.0,3,active,7,percentage,False,0.09090909090909059,0.010000000000000009
17,3,Elizabeth Berkley Lauren,25.0,8.333333333333334,3,active,6,percentage,False,0.09090909090909059,0.010000000000000009
17,3,Leah Remini,24.0,8.0,3,active,5,percentage,False,0.09090909090909059,0.010000000000000009
17,3,Corbin Bleu,26.0,8.666666666666666,3,active,2,percentage,True,0.09090909090909059,0.010000000000000009
17,3,Amber Riley,24.0,8.0,3,active,1,percentage,True,0.09090909090909059,0.010000000000000009
17,3,Bill Engvall,24.0,8.0,3,active,4,percentage,False,0.09090909090909059,0.010000000000000009
17,3,Christina Milian,26.0,8.666666666666666,3,active,9,percentage,False,0.09090909090909059,0.010000000000000009
17,3,"Nicole ""Snooki"" Polizzi",25.0,8.333333333333334,3,active,8,percentage,False,0.09090909090909059,0.010000000000000009
17,3,Jack Osbourne,22.0,7.333333333333333,3,active,3,percentage,True,0.09090909090909059,0.010000000000000009
17,3,Bill Nye,16.0,5.333333333333333,3,eliminated_this_week,11,percentage,False,0.09040909090909237,0.010000000000000009
17,4,Valerie Harper,18.0,6.0,3,eliminated_this_week,10,percentage,False,0.1,0.12658227848101278
17,4,Brant Daugherty,21.0,7.0,3,active,7,percentage,False,0.1,0.12658227848101278
17,4,Elizabeth Berkley Lauren,27.0,9.0,3,active,6,percentage,False,0.1,0.12658227848101278
17,4,Leah Remini,24.0,8.0,3,active,5,percentage,False,0.1,0.12658227848101278
17,4,Corbin Bleu,27.0,9.0,3,active,2,percentage,True,0.1,0.12658227848101278
17,4,Amber Riley,27.0,9.0,3,active,1,percentage,True,0.1,0.12658227848101278
17,4,Bill Engvall,21.0,7.0,3,active,4,percentage,False,0.1,0.12658227848101278
17,4,Christina Milian,24.0,8.0,3,active,9,percentage,False,0.1,0.12658227848101278
17,4,"Nicole ""Snooki"" Polizzi",24.0,8.0,3,active,8,percentage,False,0.1,0.12658227848101278
17,4,Jack Osbourne,24.0,8.0,3,active,3,percentage,True,0.1,0.12658227848101278
17,5,Brant Daugherty,27.0,9.0,3,active,7,percentage,False,0.11111111111171744,0.010000000000000009
17,5,Elizabeth Berkley Lauren,26.0,8.666666666666666,3,active,6,percentage,False,0.11111111111171745,0.010000000000000009
17,5,Leah Remini,22.0,7.333333333333333,3,active,5,percentage,False,0.12279196217372824,0.010000000000000009
17,5,Corbin Bleu,28.0,9.333333333333334,3,active,2,percentage,True,0.11111111111171745,0.010000000000000009
17,5,Amber Riley,26.0,8.666666666666666,3,active,1,percentage,True,0.11111111111171745,0.010000000000000009
17,5,Bill Engvall,24.0,8.0,3,active,4,percentage,False,0.1142813238758559,0.010000000000000009
17,5,Christina Milian,28.0,9.333333333333334,3,eliminated_this_week,9,percentage,False,0.09626004728011123,0.010000000000000009
17,5,"Nicole ""Snooki"" Polizzi",27.0,9.0,3,active,8,percentage,False,0.11111111111171745,0.010000000000000009
17,5,Jack Osbourne,27.0,9.0,3,active,3,percentage,True,0.11111111111171745,0.010000000000000009
17,6,Brant Daugherty,31.0,10.333333333333334,3,active,7,percentage,False,0.13419959895965008,0.3
17,6,Elizabeth Berkley Lauren,31.9998,10.6666,3,active,6,percentage,False,0.13852775247706486,0.3
17,6,Leah Remini,27.999899999999997,9.3333,3,active,5,percentage,False,0.12121210809388085,0.3
17,6,Corbin Bleu,26.999899999999997,8.999966666666666,3,active,2,percentage,True,0.11688308877260181,0.3
17,6,Amber Riley,31.999899999999997,10.666633333333332,3,active,1,percentage,True,0.138528185378997,0.3
17,6,Bill Engvall,23.9999,7.9999666666666664,3,active,4,percentage,False,0.10389603080876472,0.3
17,6,"Nicole ""Snooki"" Polizzi",30.0,10.0,3,active,8,percentage,False,0.12987057963837106,0.3
17,6,Jack Osbourne,26.9998,8.999933333333333,3,active,3,percentage,True,0.11688265587066969,0.3
17,7,Brant Daugherty,28.5,9.5,3,active,7,percentage,False,0.125,0.010000000000000286
17,7,Elizabeth Berkley Lauren,27.0,9.0,3,active,6,percentage,False,0.125,0.010000000000000286
17,7,Leah Remini,26.5,8.833333333333334,3,active,5,percentage,False,0.125,0.010000000000000286
17,7,Corbin Bleu,29.5,9.833333333333334,3,active,2,percentage,True,0.125,0.010000000000000286
17,7,Amber Riley,29.5,9.833333333333334,3,active,1,percentage,True,0.125,0.010000000000000286
17,7,Bill Engvall,25.0,8.333333333333334,3,active,4,percentage,False,0.13001467268623026,0.010000000000000286
17,7,"Nicole ""Snooki"" Polizzi",27.0,9.0,3,eliminated_this_week,8,percentage,False,0.11998532731376975,0.010000000000000286
17,7,Jack Osbourne,28.5,9.5,3,active,3,percentage,True,0.125,0.010000000000000286
17,8,Brant Daugherty,27.0,9.0,3,eliminated_this_week,7,percentage,False,0.1335099206347474,0.010000000000000009
17,8,Elizabeth Berkley Lauren,25.0,8.333333333333334,3,active,6,percentage,False,0.14492658730141406,0.010000000000000009
17,8,Leah Remini,28.0,9.333333333333334,3,active,5,percentage,False,0.1428571428572728,0.010000000000000009
17,8,Corbin Bleu,30.0,10.0,3,active,2,percentage,True,0.1428571428572728,0.010000000000000009
17,8,Amber Riley,28.0,9.333333333333334,3,active,1,percentage,True,0.1428571428572728,0.010000000000000009
17,8,Bill Engvall,24.0,8.0,3,active,4,percentage,False,0.1501349206347474,0.010000000000000009
17,8,Jack Osbourne,30.0,10.0,3,active,3,percentage,True,0.1428571428572728,0.010000000000000009
17,9,Elizabeth Berkley Lauren,28.0,9.333333333333334,3,eliminated_this_week,6,percentage,False,0.14394444444444446,0.010000000000000009
17,9,Leah Remini,27.0,9.0,3,active,5,percentage,False,0.16666666666666669,0.010000000000000009
17,9,Corbin Bleu,29.0,9.666666666666666,3,active,2,percentage,True,0.16666666666666669,0.010000000000000009
17,9,Amber Riley,25.5,8.5,3,active,1,percentage,True,0.16666666666666669,0.010000000000000009
17,9,Bill Engvall,21.0,7.0,3,active,4,percentage,False,0.1893888888888889,0.010000000000000009
17,9,Jack Osbourne,27.0,9.0,3,active,3,percentage,True,0.16666666666666669,0.010000000000000009
17,10,Leah Remini,32.5,8.125,4,eliminated_this_week,5,percentage,False,0.19235714285714287,0.010000000000000009
17,10,Corbin Bleu,37.5,9.375,4,active,2,percentage,True,0.2,0.010000000000000009
17,10,Amber Riley,39.5,9.875,4,active,1,percentage,True,0.2,0.010000000000000009
17,10,Bill Engvall,30.0,7.5,4,active,4,percentage,False,0.20764285714285716,0.010000000000000009
17,10,Jack Osbourne,35.5,8.875,4,active,3,percentage,True,0.2,0.010000000000000009
17,11,Corbin Bleu,29.6664,9.8888,3,active,2,percentage,True,0.25,0.218341755502649
17,11,Amber Riley,31.333199999999998,10.4444,3,active,1,percentage,True,0.25,0.218341755502649
17,11,Bill Engvall,25.499899999999997,8.499966666666666,3,eliminated_this_week,4,percentage,False,0.25,0.218341755502649
17,11,Jack Osbourne,27.999899999999997,9.3333,3,active,3,percentage,True,0.25,0.218341755502649
18,1,Billy Dee Williams,15.0,5.0,3,active,10,percentage,False,0.05725190839694656,0.3
18,1,Danica McKellar,24.0,8.0,3,active,6,percentage,False,0.0916030534351145,0.3
18,1,James Maslow,21.0,7.0,3,active,4,percentage,False,0.08015267175572519,0.3
18,1,Candace Cameron Bure,25.0,8.333333333333334,3,active,3,percentage,True,0.09541984732824428,0.3
18,1,Sean Avery,20.0,6.666666666666667,3,active,11,percentage,False,0.07633587786259542,0.3
18,1,Diana Nyad,18.0,6.0,3,active,12,percentage,False,0.06870229007633588,0.3
18,1,Charlie White,27.0,9.0,3,active,5,percentage,False,0.10305343511450382,0.3
18,1,Amy Purdy,24.0,8.0,3,active,2,percentage,True,0.0916030534351145,0.3
18,1,Meryl Davis,24.0,8.0,3,active,1,percentage,True,0.0916030534351145,0.3
18,1,Drew Carey,21.0,7.0,3,active,8,percentage,False,0.08015267175572519,0.3
18,1,Cody Simpson,22.0,7.333333333333333,3,active,9,percentage,False,0.08396946564885496,0.3
18,1,NeNe Leakes,21.0,7.0,3,active,7,percentage,False,0.08015267175572519,0.3
18,2,Billy Dee Williams,15.0,5.0,3,active,10,percentage,False,0.10370417287555991,0.010000000000000009
18,2,Danica McKellar,24.0,8.0,3,active,6,percentage,False,0.09090909090925627,0.010000000000000009
18,2,James Maslow,25.0,8.333333333333334,3,active,4,percentage,False,0.09090909090925627,0.010000000000000009
18,2,Candace Cameron Bure,21.0,7.0,3,active,3,percentage,True,0.09090909090925627,0.010000000000000009
18,2,Sean Avery,21.0,7.0,3,eliminated_this_week,11,percentage,False,0.07811400894113367,0.010000000000000009
18,2,Charlie White,25.0,8.333333333333334,3,active,5,percentage,False,0.09090909090925627,0.010000000000000009
18,2,Amy Purdy,24.0,8.0,3,active,2,percentage,True,0.09090909090925628,0.010000000000000009
18,2,Meryl Davis,25.0,8.333333333333334,3,active,1,percentage,True,0.09090909090925627,0.010000000000000009
18,2,Drew Carey,21.0,7.0,3,active,8,percentage,False,0.09090909090925628,0.010000000000000009
18,2,Cody Simpson,22.0,7.333333333333333,3,active,9,percentage,False,0.09090909090925627,0.010000000000000009
18,2,NeNe Leakes,21.0,7.0,3,active,7,percentage,False,0.09090909090925628,0.010000000000000009
18,3,Danica McKellar,36.0,9.0,4,active,6,percentage,False,0.1157556270096463,0.3
18,3,James Maslow,36.0,9.0,4,active,4,percentage,False,0.1157556270096463,0.3
18,3,Candace Cameron Bure,32.0,8.0,4,active,3,percentage,True,0.10289389067524116,0.3
18,3,Charlie White,36.0,9.0,4,active,5,percentage,False,0.1157556270096463,0.3
18,3,Amy Purdy,36.0,9.0,4,active,2,percentage,True,0.1157556270096463,0.3
18,3,Meryl Davis,39.0,9.75,4,active,1,percentage,True,0.12540192926045016,0.3
18,3,Drew Carey,30.0,7.5,4,active,8,percentage,False,0.09646302250803858,0.3
18,3,Cody Simpson,35.0,8.75,4,active,9,percentage,False,0.11254019292604502,0.3
18,3,NeNe Leakes,31.0,7.75,4,active,7,percentage,False,0.09967845659163987,0.3
18,4,Danica McKellar,32.0,8.0,4,active,6,percentage,False,0.10774410774410774,0.3
18,4,James Maslow,35.0,8.75,4,active,4,percentage,False,0.11784511784511785,0.3
18,4,Candace Cameron Bure,28.0,7.0,4,active,3,percentage,True,0.09427609427609428,0.3
18,4,Charlie White,33.0,8.25,4,active,5,percentage,False,0.1111111111111111,0.3
18,4,Amy Purdy,34.0,8.5,4,active,2,percentage,True,0.11447811447811448,0.3
18,4,Meryl Davis,39.0,9.75,4,active,1,percentage,True,0.13131313131313133,0.3
18,4,Drew Carey,33.0,8.25,4,active,8,percentage,False,0.1111111111111111,0.3
18,4,Cody Simpson,31.0,7.75,4,active,9,percentage,False,0.10437710437710437,0.3
18,4,NeNe Leakes,32.0,8.0,4,active,7,percentage,False,0.10774410774410774,0.3
18,5,Danica McKellar,39.0,9.75,4,active,6,percentage,False,0.1111111111111111,0.010000000000000009
18,5,James Maslow,40.0,10.0,4,active,4,percentage,False,0.1111111111111111,0.010000000000000009
18,5,Candace Cameron Bure,35.0,8.75,4,active,3,percentage,True,0.1111111111111111,0.010000000000000009
18,5,Charlie White,37.0,9.25,4,active,5,percentage,False,0.1111111111111111,0.010000000000000009
18,5,Amy Purdy,37.0,9.25,4,active,2,percentage,True,0.1111111111111111,0.010000000000000009
18,5,Meryl Davis,36.0,9.0,4,active,1,percentage,True,0.1111111111111111,0.010000000000000009
18,5,Drew Carey,28.0,7.0,4,active,8,percentage,False,0.12092788129744653,0.010000000000000009
18,5,Cody Simpson,34.0,8.5,4,eliminated_this_week,9,percentage,False,0.10129434092477571,0.010000000000000009
18,5,NeNe Leakes,36.0,9.0,4,active,7,percentage,False,0.1111111111111111,0.010000000000000009
18,6,Danica McKellar,36.0,9.0,4,active,6,percentage,False,0.12499999999999956,0.010000000000000009
18,6,James Maslow,35.0,8.75,4,active,4,percentage,False,0.12499999999999956,0.010000000000000009
18,6,Candace Cameron Bure,32.0,8.0,4,active,3,percentage,True,0.12550000000000133,0.010000000000000009
18,6,Charlie White,36.0,9.0,4,active,5,percentage,False,0.12499999999999956,0.010000000000000009
18,6,Amy Purdy,38.0,9.5,4,active,2,percentage,True,0.12499999999999956,0.010000000000000009
18,6,Meryl Davis,40.0,10.0,4,active,1,percentage,True,0.12499999999999956,0.010000000000000009
18,6,Drew Carey,32.0,8.0,4,eliminated_this_week,8,percentage,False,0.12450000000000133,0.010000000000000009
18,6,NeNe Leakes,33.0,8.25,4,active,7,percentage,False,0.12499999999999956,0.010000000000000009
18,7,Danica McKellar,36.0,9.0,4,active,6,percentage,False,0.14285714285714285,0.07905138339921014
18,7,James Maslow,35.0,8.75,4,active,4,percentage,False,0.14285714285714285,0.07905138339921014
18,7,Candace Cameron Bure,37.0,9.25,4,active,3,percentage,True,0.14285714285714285,0.07905138339921014
18,7,Charlie White,35.5,8.875,4,active,5,percentage,False,0.14285714285714285,0.07905138339921014
18,7,Amy Purdy,37.5,9.375,4,active,2,percentage,True,0.14285714285714285,0.07905138339921014
18,7,Meryl Davis,39.0,9.75,4,active,1,percentage,True,0.14285714285714285,0.07905138339921014
18,7,NeNe Leakes,33.0,8.25,4,eliminated_this_week,7,percentage,False,0.14285714285714285,0.07905138339921014
18,8,Danica McKellar,38.0,9.5,4,eliminated_this_week,6,percentage,False,0.15927949852507375,0.010000000000000009
18,8,James Maslow,36.0,9.0,4,active,4,percentage,False,0.16912905604719763,0.010000000000000009
18,8,Candace Cameron Bure,36.0,9.0,4,active,3,percentage,True,0.16912905604719766,0.010000000000000009
18,8,Charlie White,40.0,10.0,4,active,5,percentage,False,0.16666666666666666,0.010000000000000009
18,8,Amy Purdy,40.0,10.0,4,active,2,percentage,True,0.16666666666666666,0.010000000000000009
18,8,Meryl Davis,36.0,9.0,4,active,1,percentage,True,0.16912905604719766,0.010000000000000009
18,9,James Maslow,38.0,9.5,4,active,4,percentage,False,0.2,0.010000000000000564
18,9,Candace Cameron Bure,36.0,9.0,4,active,3,percentage,True,0.20573560209424085,0.010000000000000564
18,9,Charlie White,38.0,9.5,4,eliminated_this_week,5,percentage,False,0.19426439790575917,0.010000000000000564
18,9,Amy Purdy,39.0,9.75,4,active,2,percentage,True,0.2,0.010000000000000564
18,9,Meryl Davis,40.0,10.0,4,active,1,percentage,True,0.2,0.010000000000000564
18,10,James Maslow,29.0,9.666666666666666,3,eliminated_this_week,4,percentage,False,0.236417702134191,0.010000000000000009
18,10,Candace Cameron Bure,25.9998,8.6666,3,active,3,percentage,True,0.263582297865809,0.010000000000000009
18,10,Amy Purdy,29.666600000000003,9.888866666666667,3,active,2,percentage,True,0.25,0.010000000000000009
18,10,Meryl Davis,30.0,10.0,3,active,1,percentage,True,0.25,0.010000000000000009
19,1,Antonio Sabato Jr.,25.0,6.25,4,active,8,percentage,False,0.07692307692307693,0.009999999999999731
19,1,Jonathan Bennett,30.0,7.5,4,active,9,percentage,False,0.07692307692307693,0.009999999999999731
19,1,Lea Thompson,32.0,8.0,4,active,6,percentage,False,0.07692307692307693,0.009999999999999731
19,1,Janel Parrish,29.0,7.25,4,active,3,percentage,True,0.07692307692307693,0.009999999999999731
19,1,Alfonso Ribeiro,36.0,9.0,4,active,1,percentage,True,0.07692307692307693,0.009999999999999731
19,1,Lolo Jones,22.0,5.5,4,eliminated_this_week,13,percentage,False,0.07373490488006616,0.009999999999999731
19,1,Randy Couture,31.0,7.75,4,active,11,percentage,False,0.07692307692307693,0.009999999999999731
19,1,Tommy Chong,27.0,6.75,4,active,5,percentage,False,0.07692307692307693,0.009999999999999731
19,1,Betsey Johnson,20.0,5.0,4,active,10,percentage,False,0.08011124896608766,0.009999999999999731
19,1,Michael Waltrip,25.0,6.25,4,active,7,percentage,False,0.07692307692307693,0.009999999999999731
19,1,Tavis Smiley,29.0,7.25,4,active,12,percentage,False,0.07692307692307693,0.009999999999999731
19,1,Bethany Mota,32.0,8.0,4,active,4,percentage,False,0.07692307692307693,0.009999999999999731
19,1,Sadie Robertson,34.0,8.5,4,active,2,percentage,True,0.07692307692307693,0.009999999999999731
19,2,Antonio Sabato Jr.,31.0,7.75,4,active,8,percentage,False,0.08333333333337123,0.010000000000000009
19,2,Jonathan Bennett,30.0,7.5,4,active,9,percentage,False,0.08333333333337123,0.010000000000000009
19,2,Lea Thompson,35.0,8.75,4,active,6,percentage,False,0.08333333333337123,0.010000000000000009
19,2,Janel Parrish,34.0,8.5,4,active,3,percentage,True,0.08333333333337123,0.010000000000000009
19,2,Alfonso Ribeiro,32.0,8.0,4,active,1,percentage,True,0.08333333333337123,0.010000000000000009
19,2,Randy Couture,28.0,7.0,4,active,11,percentage,False,0.08333333333337123,0.010000000000000009
19,2,Tommy Chong,28.0,7.0,4,active,5,percentage,False,0.08333333333337123,0.010000000000000009
19,2,Betsey Johnson,28.0,7.0,4,active,10,percentage,False,0.08333333333337123,0.010000000000000009
19,2,Michael Waltrip,24.0,6.0,4,active,7,percentage,False,0.0893581952115969,0.010000000000000009
19,2,Tavis Smiley,28.0,7.0,4,eliminated_this_week,12,percentage,False,0.0773084714546908,0.010000000000000009
19,2,Bethany Mota,33.0,8.25,4,active,4,percentage,False,0.08333333333337123,0.010000000000000009
19,2,Sadie Robertson,31.0,7.75,4,active,2,percentage,True,0.08333333333337123,0.010000000000000009
19,3,Antonio Sabato Jr.,29.0,7.25,4,active,8,percentage,False,0.09090909090909091,0.056657223796033884
19,3,Jonathan Bennett,32.0,8.0,4,active,9,percentage,False,0.09090909090909091,0.056657223796033884
19,3,Lea Thompson,31.0,7.75,4,active,6,percentage,False,0.09090909090909091,0.056657223796033884
19,3,Janel Parrish,40.0,10.0,4,active,3,percentage,True,0.09090909090909091,0.056657223796033884
19,3,Alfonso Ribeiro,32.0,8.0,4,active,1,percentage,True,0.09090909090909091,0.056657223796033884
19,3,Randy Couture,26.0,6.5,4,eliminated_this_week,11,percentage,False,0.09090909090909091,0.056657223796033884
19,3,Tommy Chong,34.0,8.5,4,active,5,percentage,False,0.09090909090909091,0.056657223796033884
19,3,Betsey Johnson,29.0,7.25,4,active,10,percentage,False,0.09090909090909091,0.056657223796033884
19,3,Michael Waltrip,28.0,7.0,4,active,7,percentage,False,0.09090909090909091,0.056657223796033884
19,3,Bethany Mota,40.0,10.0,4,active,4,percentage,False,0.09090909090909091,0.056657223796033884
19,3,Sadie Robertson,32.0,8.0,4,active,2,percentage,True,0.09090909090909091,0.056657223796033884
19,4,Antonio Sabato Jr.,29.0,7.25,4,active,8,percentage,False,0.10000000000009096,0.009999999999999731
19,4,Jonathan Bennett,24.0,6.0,4,active,9,percentage,False,0.10658333333312112,0.009999999999999731
19,4,Lea Thompson,39.0,9.75,4,active,6,percentage,False,0.10000000000009096,0.009999999999999731
19,4,Janel Parrish,36.0,9.0,4,active,3,percentage,True,0.10000000000009096,0.009999999999999731
19,4,Alfonso Ribeiro,40.0,10.0,4,active,1,percentage,True,0.10000000000009096,0.009999999999999731
19,4,Tommy Chong,28.0,7.0,4,active,5,percentage,False,0.10000000000009096,0.009999999999999731
19,4,Betsey Johnson,29.0,7.25,4,eliminated_this_week,10,percentage,False,0.08995833333312113,0.009999999999999731
19,4,Michael Waltrip,25.0,6.25,4,active,7,percentage,False,0.10345833333312113,0.009999999999999731
19,4,Bethany Mota,33.0,8.25,4,active,4,percentage,False,0.10000000000009096,0.009999999999999731
19,4,Sadie Robertson,37.0,9.25,4,active,2,percentage,True,0.10000000000009096,0.009999999999999731
19,5,Antonio Sabato Jr.,28.0,7.0,4,active,8,percentage,False,0.10606060606060606,0.3
19,5,Jonathan Bennett,24.0,6.0,4,active,9,percentage,False,0.09090909090909091,0.3
19,5,Lea Thompson,34.0,8.5,4,active,6,percentage,False,0.12878787878787878,0.3
19,5,Janel Parrish,33.0,8.25,4,active,3,percentage,True,0.125,0.3
19,5,Alfonso Ribeiro,34.0,8.5,4,active,1,percentage,True,0.12878787878787878,0.3
19,5,Tommy Chong,23.0,5.75,4,active,5,percentage,False,0.08712121212121213,0.3
19,5,Michael Waltrip,20.0,5.0,4,active,7,percentage,False,0.07575757575757576,0.3
19,5,Bethany Mota,32.0,8.0,4,active,4,percentage,False,0.12121212121212122,0.3
19,5,Sadie Robertson,36.0,9.0,4,active,2,percentage,True,0.13636363636363635,0.3
19,6,Antonio Sabato Jr.,28.0,7.0,4,active,8,percentage,False,0.1159950701554797,0.010000000000000009
19,6,Jonathan Bennett,32.0,8.0,4,eliminated_this_week,9,percentage,False,0.1013431930223739,0.010000000000000009
19,6,Lea Thompson,32.0,8.0,4,active,6,percentage,False,0.1111111111111111,0.010000000000000009
19,6,Janel Parrish,33.0,8.25,4,active,3,percentage,True,0.1111111111111111,0.010000000000000009
19,6,Alfonso Ribeiro,39.0,9.75,4,active,1,percentage,True,0.1111111111111111,0.010000000000000009
19,6,Tommy Chong,28.0,7.0,4,active,5,percentage,False,0.1159950701554797,0.010000000000000009
19,6,Michael Waltrip,30.0,7.5,4,active,7,percentage,False,0.1111111111111111,0.010000000000000009
19,6,Bethany Mota,36.0,9.0,4,active,4,percentage,False,0.1111111111111111,0.010000000000000009
19,6,Sadie Robertson,35.0,8.75,4,active,2,percentage,True,0.1111111111111111,0.010000000000000009
19,7,Antonio Sabato Jr.,29.5,7.375,4,eliminated_this_week,8,percentage,False,0.12159864603481625,0.010000000000000286
19,7,Lea Thompson,35.0,8.75,4,active,6,percentage,False,0.125,0.010000000000000286
19,7,Janel Parrish,33.5,8.375,4,active,3,percentage,True,0.125,0.010000000000000286
19,7,Alfonso Ribeiro,34.0,8.5,4,active,1,percentage,True,0.125,0.010000000000000286
19,7,Tommy Chong,30.0,7.5,4,active,5,percentage,False,0.125,0.010000000000000286
19,7,Michael Waltrip,28.0,7.0,4,active,7,percentage,False,0.12840135396518376,0.010000000000000286
19,7,Bethany Mota,37.5,9.375,4,active,4,percentage,False,0.125,0.010000000000000286
19,7,Sadie Robertson,31.0,7.75,4,active,2,percentage,True,0.125,0.010000000000000286
19,8,Lea Thompson,32.0,8.0,4,active,6,percentage,False,0.14285714285714285,0.1612903225806453
19,8,Janel Parrish,43.0,10.75,4,active,3,percentage,True,0.14285714285714285,0.1612903225806453
19,8,Alfonso Ribeiro,41.0,10.25,4,active,1,percentage,True,0.14285714285714285,0.1612903225806453
19,8,Tommy Chong,29.0,7.25,4,active,5,percentage,False,0.14285714285714285,0.1612903225806453
19,8,Michael Waltrip,25.0,6.25,4,eliminated_this_week,7,percentage,False,0.14285714285714285,0.1612903225806453
19,8,Bethany Mota,40.0,10.0,4,active,4,percentage,False,0.14285714285714285,0.1612903225806453
19,8,Sadie Robertson,38.0,9.5,4,active,2,percentage,True,0.14285714285714285,0.1612903225806453
19,9,Lea Thompson,35.0,8.75,4,eliminated_this_week,6,percentage,False,0.15097975077881623,0.010000000000000009
19,9,Janel Parrish,38.5,9.625,4,active,3,percentage,True,0.16666666666666669,0.010000000000000009
19,9,Alfonso Ribeiro,38.5,9.625,4,active,1,percentage,True,0.16666666666666669,0.010000000000000009
19,9,Tommy Chong,28.5,7.125,4,active,5,percentage,False,0.18235358255451717,0.010000000000000009
19,9,Bethany Mota,37.0,9.25,4,active,4,percentage,False,0.16666666666666669,0.010000000000000009
19,9,Sadie Robertson,36.5,9.125,4,active,2,percentage,True,0.16666666666666669,0.010000000000000009
19,10,Janel Parrish,39.0,9.75,4,active,3,percentage,True,0.2,0.328767123287671
19,10,Alfonso Ribeiro,37.5,9.375,4,active,1,percentage,True,0.2,0.328767123287671
19,10,Tommy Chong,31.0,7.75,4,eliminated_this_week,5,percentage,False,0.2,0.328767123287671
19,10,Bethany Mota,38.0,9.5,4,active,4,percentage,False,0.2,0.328767123287671
19,10,Sadie Robertson,37.0,9.25,4,active,2,percentage,True,0.2,0.328767123287671
19,11,Janel Parrish,38.99980000000001,9.749950000000002,4,active,3,percentage,True,0.25,0.0639532280452626
19,11,Alfonso Ribeiro,40.0,10.0,4,active,1,percentage,True,0.25,0.0639532280452626
19,11,Bethany Mota,38.0,9.5,4,eliminated_this_week,4,percentage,False,0.25,0.0639532280452626
19,11,Sadie Robertson,39.333200000000005,9.833300000000001,4,active,2,percentage,True,0.25,0.0639532280452626
20,1,Suzanne Somers,25.0,6.25,4,active,9,percentage,False,0.07861635220125786,0.3
20,1,Willow Shields,25.0,6.25,4,active,7,percentage,False,0.07861635220125786,0.3
20,1,Riker Lynch,31.0,7.75,4,active,2,percentage,True,0.09748427672955975,0.3
20,1,Rumer Willis,32.0,8.0,4,active,1,percentage,True,0.10062893081761007,0.3
20,1,Nastia Liukin,30.0,7.5,4,active,4,percentage,False,0.09433962264150944,0.3
20,1,Michael Sam,26.0,6.5,4,active,10,percentage,False,0.08176100628930817,0.3
20,1,Robert Herjavec,28.0,7.0,4,active,6,percentage,False,0.0880503144654088,0.3
20,1,Charlotte McKinney,22.0,5.5,4,active,11,percentage,False,0.06918238993710692,0.3
20,1,Noah Galloway,26.0,6.5,4,active,3,percentage,True,0.08176100628930817,0.3
20,1,Redfoo,22.0,5.5,4,active,12,percentage,False,0.06918238993710692,0.3
20,1,Patti LaBelle,25.0,6.25,4,active,8,percentage,False,0.07861635220125786,0.3
20,1,Chris Soules,26.0,6.5,4,active,5,percentage,False,0.08176100628930817,0.3
20,2,Suzanne Somers,28.0,7.0,4,active,9,percentage,False,0.08333333333333333,0.010000000000000009
20,2,Willow Shields,32.0,8.0,4,active,7,percentage,False,0.08333333333333333,0.010000000000000009
20,2,Riker Lynch,32.0,8.0,4,active,2,percentage,True,0.08333333333333333,0.010000000000000009
20,2,Rumer Willis,32.0,8.0,4,active,1,percentage,True,0.08333333333333333,0.010000000000000009
20,2,Nastia Liukin,34.0,8.5,4,active,4,percentage,False,0.08333333333333333,0.010000000000000009
20,2,Michael Sam,28.0,7.0,4,active,10,percentage,False,0.08333333333333333,0.010000000000000009
20,2,Robert Herjavec,28.0,7.0,4,active,6,percentage,False,0.08333333333333333,0.010000000000000009
20,2,Charlotte McKinney,26.0,6.5,4,active,11,percentage,False,0.08366666666666665,0.010000000000000009
20,2,Noah Galloway,27.0,6.75,4,active,3,percentage,True,0.08333333333333333,0.010000000000000009
20,2,Redfoo,31.0,7.75,4,eliminated_this_week,12,percentage,False,0.06825744476464936,0.010000000000000009
20,2,Patti LaBelle,28.0,7.0,4,active,8,percentage,False,0.08333333333333333,0.010000000000000009
20,2,Chris Soules,21.0,5.25,4,active,5,percentage,False,0.09807588856868395,0.010000000000000009
20,3,Suzanne Somers,25.0,6.25,4,active,9,percentage,False,0.09090909090909059,0.010000000000000009
20,3,Willow Shields,32.0,8.0,4,active,7,percentage,False,0.09090909090909059,0.010000000000000009
20,3,Riker Lynch,34.0,8.5,4,active,2,percentage,True,0.09090909090909059,0.010000000000000009
20,3,Rumer Willis,33.0,8.25,4,active,1,percentage,True,0.09090909090909059,0.010000000000000009
20,3,Nastia Liukin,34.0,8.5,4,active,4,percentage,False,0.09090909090909059,0.010000000000000009
20,3,Michael Sam,24.0,6.0,4,active,10,percentage,False,0.09090909090909059,0.010000000000000009
20,3,Robert Herjavec,29.0,7.25,4,active,6,percentage,False,0.09090909090909059,0.010000000000000009
20,3,Charlotte McKinney,22.0,5.5,4,eliminated_this_week,11,percentage,False,0.09040909090909237,0.010000000000000009
20,3,Noah Galloway,30.0,7.5,4,active,3,percentage,True,0.09090909090909059,0.010000000000000009
20,3,Patti LaBelle,22.0,5.5,4,active,8,percentage,False,0.09140909090909237,0.010000000000000009
20,3,Chris Soules,28.0,7.0,4,active,5,percentage,False,0.09090909090909059,0.010000000000000009
20,4,Suzanne Somers,28.0,7.0,4,active,9,percentage,False,0.10135897435902742,0.010000000000000009
20,4,Willow Shields,39.0,9.75,4,active,7,percentage,False,0.09999999999997727,0.010000000000000009
20,4,Riker Lynch,34.0,8.5,4,active,2,percentage,True,0.09999999999997727,0.010000000000000009
20,4,Rumer Willis,35.0,8.75,4,active,1,percentage,True,0.09999999999997727,0.010000000000000009
20,4,Nastia Liukin,36.0,9.0,4,active,4,percentage,False,0.09999999999997727,0.010000000000000009
20,4,Michael Sam,30.0,7.5,4,eliminated_this_week,10,percentage,False,0.09420512820518126,0.010000000000000009
20,4,Robert Herjavec,34.0,8.5,4,active,6,percentage,False,0.09999999999997727,0.010000000000000009
20,4,Noah Galloway,32.0,8.0,4,active,3,percentage,True,0.09999999999997727,0.010000000000000009
20,4,Patti LaBelle,30.0,7.5,4,active,8,percentage,False,0.09999999999997727,0.010000000000000009
20,4,Chris Soules,27.0,6.75,4,active,5,percentage,False,0.1044358974359505,0.010000000000000009
20,5,Suzanne Somers,28.0,7.0,4,eliminated_this_week,9,percentage,False,0.10354397330192383,0.010000000000000009
20,5,Willow Shields,34.0,8.5,4,active,7,percentage,False,0.1111111111111111,0.010000000000000009
20,5,Riker Lynch,38.0,9.5,4,active,2,percentage,True,0.1111111111111111,0.010000000000000009
20,5,Rumer Willis,39.0,9.75,4,active,1,percentage,True,0.1111111111111111,0.010000000000000009
20,5,Nastia Liukin,38.0,9.5,4,active,4,percentage,False,0.1111111111111111,0.010000000000000009
20,5,Robert Herjavec,24.0,6.0,4,active,6,percentage,False,0.11867824892029837,0.010000000000000009
20,5,Noah Galloway,28.0,7.0,4,active,3,percentage,True,0.1111111111111111,0.010000000000000009
20,5,Patti LaBelle,27.0,6.75,4,active,8,percentage,False,0.1111111111111111,0.010000000000000009
20,5,Chris Soules,27.0,6.75,4,active,5,percentage,False,0.1111111111111111,0.010000000000000009
20,6,Willow Shields,36.5,9.125,4,active,7,percentage,False,0.12500000000000355,0.010000000000000009
20,6,Riker Lynch,38.0,9.5,4,active,2,percentage,True,0.12500000000000355,0.010000000000000009
20,6,Rumer Willis,35.5,8.875,4,active,1,percentage,True,0.12500000000000355,0.010000000000000009
20,6,Nastia Liukin,36.5,9.125,4,active,4,percentage,False,0.12500000000000355,0.010000000000000009
20,6,Robert Herjavec,33.5,8.375,4,active,6,percentage,False,0.12638339222613776,0.010000000000000009
20,6,Noah Galloway,34.0,8.5,4,active,3,percentage,True,0.12500000000000355,0.010000000000000009
20,6,Patti LaBelle,34.0,8.5,4,eliminated_this_week,8,percentage,False,0.12361660777384094,0.010000000000000009
20,6,Chris Soules,35.0,8.75,4,active,5,percentage,False,0.12500000000000355,0.010000000000000009
20,7,Willow Shields,39.0,9.75,4,eliminated_this_week,7,percentage,False,0.12119310086308516,0.010000000000000009
20,7,Riker Lynch,37.0,9.25,4,active,2,percentage,True,0.14285714285662313,0.010000000000000009
20,7,Rumer Willis,37.0,9.25,4,active,1,percentage,True,0.14285714285662315,0.010000000000000009
20,7,Nastia Liukin,41.0,10.25,4,active,4,percentage,False,0.14285714285662315,0.010000000000000009
20,7,Robert Herjavec,31.0,7.75,4,active,6,percentage,False,0.15368916385521114,0.010000000000000009
20,7,Noah Galloway,38.0,9.5,4,active,3,percentage,True,0.14285714285662318,0.010000000000000009
20,7,Chris Soules,31.0,7.75,4,active,5,percentage,False,0.15368916385521114,0.010000000000000009
20,8,Riker Lynch,39.0,9.75,4,active,2,percentage,True,0.16666666666664773,0.011820330969266601
20,8,Rumer Willis,40.0,10.0,4,active,1,percentage,True,0.16666666666664773,0.011820330969266601
20,8,Nastia Liukin,38.0,9.5,4,active,4,percentage,False,0.16666666666664773,0.011820330969266601
20,8,Robert Herjavec,31.0,7.75,4,eliminated_this_week,6,percentage,False,0.168015366430279,0.011820330969266601
20,8,Noah Galloway,31.5,7.875,4,active,3,percentage,True,0.1668333333333523,0.011820330969266601
20,8,Chris Soules,32.0,8.0,4,eliminated_this_week,5,percentage,False,0.16515130023642557,0.011820330969266601
20,9,Riker Lynch,40.0,10.0,4,active,2,percentage,True,0.2499999999998863,0.010000000000000009
20,9,Rumer Willis,39.0,9.75,4,active,1,percentage,True,0.2503333333333712,0.010000000000000009
20,9,Nastia Liukin,40.0,10.0,4,eliminated_this_week,4,percentage,False,0.24296390658177885,0.010000000000000009
20,9,Noah Galloway,38.0,9.5,4,active,3,percentage,True,0.25670276008496357,0.010000000000000009
20,10,Riker Lynch,40.0,10.0,4,active,2,percentage,True,0.3448275862068966,0.3
20,10,Rumer Willis,40.0,10.0,4,active,1,percentage,True,0.3448275862068966,0.3
20,10,Noah Galloway,36.0,9.0,4,active,3,percentage,True,0.3103448275862069,0.3
21,1,Gary Busey,15.0,5.0,3,active,10,percentage,False,0.06,0.3
21,1,Alexa PenaVega,22.0,7.333333333333333,3,active,6,percentage,False,0.088,0.3
21,1,Carlos PenaVega,23.0,7.666666666666667,3,active,4,percentage,False,0.092,0.3
21,1,Victor Espinoza,15.0,5.0,3,active,12,percentage,False,0.06,0.3
21,1,Alek Skarlatos,22.0,7.333333333333333,3,active,3,percentage,True,0.088,0.3
21,1,Chaka Khan,13.0,4.333333333333333,3,active,13,percentage,False,0.052,0.3
21,1,Andy Grammer,21.0,7.0,3,active,7,percentage,False,0.084,0.3
21,1,Tamar Braxton,23.0,7.666666666666667,3,active,5,percentage,False,0.092,0.3
21,1,Nick Carter,24.0,8.0,3,active,2,percentage,True,0.096,0.3
21,1,Hayes Grier,21.0,7.0,3,active,8,percentage,False,0.084,0.3
21,1,Bindi Irwin,24.0,8.0,3,active,1,percentage,True,0.096,0.3
21,1,Kim Zolciak-Biermann,12.0,4.0,3,active,11,percentage,False,0.048,0.3
21,1,Paula Deen,15.0,5.0,3,active,9,percentage,False,0.06,0.3
21,2,Gary Busey,16.5,5.5,3,active,10,percentage,False,0.07739781506232524,0.0277264325323473
21,2,Alexa PenaVega,23.0,7.666666666666667,3,active,6,percentage,False,0.07692307692307694,0.0277264325323473
21,2,Carlos PenaVega,22.5,7.5,3,active,4,percentage,False,0.07692307692307694,0.0277264325323473
21,2,Victor Espinoza,18.5,6.166666666666667,3,eliminated_this_week,12,percentage,False,0.07320095739134558,0.0277264325323473
21,2,Alek Skarlatos,22.5,7.5,3,active,3,percentage,True,0.07692307692307694,0.0277264325323473
21,2,Chaka Khan,15.0,5.0,3,eliminated_this_week,13,percentage,False,0.08017045831556,0.0277264325323473
21,2,Andy Grammer,22.0,7.333333333333333,3,active,7,percentage,False,0.07692307692307694,0.0277264325323473
21,2,Tamar Braxton,24.5,8.166666666666666,3,active,5,percentage,False,0.07692307692307694,0.0277264325323473
21,2,Nick Carter,22.5,7.5,3,active,2,percentage,True,0.07692307692307693,0.0277264325323473
21,2,Hayes Grier,22.5,7.5,3,active,8,percentage,False,0.07692307692307693,0.0277264325323473
21,2,Bindi Irwin,24.0,8.0,3,active,1,percentage,True,0.07692307692307693,0.0277264325323473
21,2,Kim Zolciak-Biermann,18.5,6.166666666666667,3,active,11,percentage,False,0.07692307692307693,0.0277264325323473
21,2,Paula Deen,18.5,6.166666666666667,3,active,9,percentage,False,0.07692307692307694,0.0277264325323473
21,3,Gary Busey,25.0,6.25,4,active,10,percentage,False,0.08196721311475409,0.3
21,3,Alexa PenaVega,36.0,9.0,4,active,6,percentage,False,0.1180327868852459,0.3
21,3,Carlos PenaVega,31.0,7.75,4,active,4,percentage,False,0.10163934426229508,0.3
21,3,Alek Skarlatos,33.0,8.25,4,active,3,percentage,True,0.10819672131147541,0.3
21,3,Andy Grammer,29.0,7.25,4,active,7,percentage,False,0.09508196721311475,0.3
21,3,Tamar Braxton,33.0,8.25,4,active,5,percentage,False,0.10819672131147541,0.3
21,3,Nick Carter,36.0,9.0,4,active,2,percentage,True,0.1180327868852459,0.3
21,3,Hayes Grier,30.0,7.5,4,active,8,percentage,False,0.09836065573770492,0.3
21,3,Bindi Irwin,32.0,8.0,4,active,1,percentage,True,0.10491803278688525,0.3
21,3,Paula Deen,20.0,5.0,4,active,9,percentage,False,0.06557377049180328,0.3
21,4,Gary Busey,16.0,5.333333333333333,3,eliminated_this_week,10,percentage,False,0.1,0.08474576271186418
21,4,Alexa PenaVega,21.0,7.0,3,active,6,percentage,False,0.1,0.08474576271186418
21,4,Carlos PenaVega,25.0,8.333333333333334,3,active,4,percentage,False,0.1,0.08474576271186418
21,4,Alek Skarlatos,24.0,8.0,3,active,3,percentage,True,0.1,0.08474576271186418
21,4,Andy Grammer,23.0,7.666666666666667,3,active,7,percentage,False,0.1,0.08474576271186418
21,4,Tamar Braxton,27.0,9.0,3,active,5,percentage,False,0.1,0.08474576271186418
21,4,Nick Carter,27.0,9.0,3,active,2,percentage,True,0.1,0.08474576271186418
21,4,Hayes Grier,27.0,9.0,3,active,8,percentage,False,0.1,0.08474576271186418
21,4,Bindi Irwin,28.0,9.333333333333334,3,active,1,percentage,True,0.1,0.08474576271186418
21,4,Paula Deen,18.0,6.0,3,active,9,percentage,False,0.1,0.08474576271186418
21,5,Alexa PenaVega,40.0,10.0,4,active,6,percentage,False,0.132890365448505,0.3
21,5,Carlos PenaVega,39.0,9.75,4,active,4,percentage,False,0.12956810631229235,0.3
21,5,Alek Skarlatos,29.0,7.25,4,active,3,percentage,True,0.09634551495016612,0.3
21,5,Andy Grammer,36.0,9.0,4,active,7,percentage,False,0.11960132890365449,0.3
21,5,Tamar Braxton,29.0,7.25,4,active,5,percentage,False,0.09634551495016612,0.3
21,5,Nick Carter,35.0,8.75,4,active,2,percentage,True,0.11627906976744186,0.3
21,5,Hayes Grier,30.0,7.5,4,active,8,percentage,False,0.09966777408637874,0.3
21,5,Bindi Irwin,37.0,9.25,4,active,1,percentage,True,0.12292358803986711,0.3
21,5,Paula Deen,26.0,6.5,4,active,9,percentage,False,0.08637873754152824,0.3
21,6,Alexa PenaVega,30.0,7.5,4,active,6,percentage,False,0.1111111111111111,0.19169329073482427
21,6,Carlos PenaVega,38.0,9.5,4,active,4,percentage,False,0.1111111111111111,0.19169329073482427
21,6,Alek Skarlatos,30.0,7.5,4,active,3,percentage,True,0.1111111111111111,0.19169329073482427
21,6,Andy Grammer,40.0,10.0,4,active,7,percentage,False,0.1111111111111111,0.19169329073482427
21,6,Tamar Braxton,40.0,10.0,4,active,5,percentage,False,0.1111111111111111,0.19169329073482427
21,6,Nick Carter,39.0,9.75,4,active,2,percentage,True,0.1111111111111111,0.19169329073482427
21,6,Hayes Grier,32.0,8.0,4,active,8,percentage,False,0.1111111111111111,0.19169329073482427
21,6,Bindi Irwin,40.0,10.0,4,active,1,percentage,True,0.1111111111111111,0.19169329073482427
21,6,Paula Deen,24.0,6.0,4,eliminated_this_week,9,percentage,False,0.1111111111111111,0.19169329073482427
21,7,Alexa PenaVega,27.5,9.166666666666666,3,active,6,percentage,False,0.125,0.009999999999999731
21,7,Carlos PenaVega,28.0,9.333333333333334,3,active,4,percentage,False,0.125,0.009999999999999731
21,7,Alek Skarlatos,26.5,8.833333333333334,3,active,3,percentage,True,0.12807805429864255,0.009999999999999731
21,7,Andy Grammer,28.0,9.333333333333334,3,active,7,percentage,False,0.125,0.009999999999999731
21,7,Tamar Braxton,27.0,9.0,3,active,5,percentage,False,0.12581561085972853,0.009999999999999731
21,7,Nick Carter,27.0,9.0,3,active,2,percentage,True,0.1258156108597285,0.009999999999999731
21,7,Hayes Grier,28.0,9.333333333333334,3,eliminated_this_week,8,percentage,False,0.12029072398190047,0.009999999999999731
21,7,Bindi Irwin,29.0,9.666666666666666,3,active,1,percentage,True,0.125,0.009999999999999731
21,8,Alexa PenaVega,26.9998,8.999933333333333,3,active,6,percentage,False,0.14285714285714285,0.05155686048513575
21,8,Carlos PenaVega,28.9998,9.6666,3,active,4,percentage,False,0.14285714285714285,0.05155686048513575
21,8,Alek Skarlatos,25.0,8.333333333333334,3,active,3,percentage,True,0.14285714285714285,0.05155686048513575
21,8,Andy Grammer,23.9998,7.999933333333334,3,eliminated_this_week,7,percentage,False,0.14285714285714285,0.05155686048513575
21,8,Tamar Braxton,28.0,9.333333333333334,3,active,5,percentage,False,0.14285714285714285,0.05155686048513575
21,8,Nick Carter,33.0,11.0,3,active,2,percentage,True,0.14285714285714285,0.05155686048513575
21,8,Bindi Irwin,28.0,9.333333333333334,3,active,1,percentage,True,0.14285714285714285,0.05155686048513575
21,9,Alexa PenaVega,30.0,10.0,3,eliminated_this_week,6,percentage,False,0.14573657548186267,0.010000000000000009
21,9,Carlos PenaVega,27.0,9.0,3,active,4,percentage,False,0.16666666666606036,0.010000000000000009
21,9,Alek Skarlatos,25.5,8.5,3,active,3,percentage,True,0.17409219858216662,0.010000000000000009
21,9,Tamar Braxton,24.5,8.166666666666666,3,active,5,percentage,False,0.18017122593778975,0.010000000000000009
21,9,Nick Carter,27.5,9.166666666666666,3,active,2,percentage,True,0.16666666666606034,0.010000000000000009
21,9,Bindi Irwin,30.0,10.0,3,active,1,percentage,True,0.16666666666606034,0.010000000000000009
21,10,Carlos PenaVega,31.5,10.5,3,active,4,percentage,False,0.26582278481012656,0.3
21,10,Alek Skarlatos,28.5,9.5,3,active,3,percentage,True,0.24050632911392406,0.3
21,10,Nick Carter,27.0,9.0,3,active,2,percentage,True,0.22784810126582278,0.3
21,10,Bindi Irwin,31.5,10.5,3,active,1,percentage,True,0.26582278481012656,0.3
21,11,Carlos PenaVega,30.0,10.0,3,eliminated_this_week,4,percentage,False,0.24102499281801787,0.010000000000000564
21,11,Alek Skarlatos,27.999899999999997,9.3333,3,active,3,percentage,True,0.2589750071824369,0.010000000000000564
21,11,Nick Carter,30.0,10.0,3,active,2,percentage,True,0.24999999999977263,0.010000000000000564
21,11,Bindi Irwin,30.0,10.0,3,active,1,percentage,True,0.24999999999977263,0.010000000000000564
22,1,Mischa Barton,16.0,5.333333333333333,3,active,11,percentage,False,0.06751054852320675,0.3
22,1,Kim Fields,20.0,6.666666666666667,3,active,8,percentage,False,0.08438818565400844,0.3
22,1,Jodie Sweetin,20.0,6.666666666666667,3,active,6,percentage,False,0.08438818565400844,0.3
22,1,Doug Flutie,15.0,5.0,3,active,9,percentage,False,0.06329113924050633,0.3
22,1,Von Miller,21.0,7.0,3,active,7,percentage,False,0.08860759493670886,0.3
22,1,Antonio Brown,21.0,7.0,3,active,5,percentage,False,0.08860759493670886,0.3
22,1,Paige VanZant,21.0,7.0,3,active,2,percentage,True,0.08860759493670886,0.3
22,1,Geraldo Rivera,13.0,4.333333333333333,3,active,12,percentage,False,0.05485232067510549,0.3
22,1,Nyle DiMarco,23.0,7.666666666666667,3,active,1,percentage,True,0.0970464135021097,0.3
22,1,Ginger Zee,23.0,7.666666666666667,3,active,3,percentage,True,0.0970464135021097,0.3
22,1,Wanya Morris,23.0,7.666666666666667,3,active,4,percentage,False,0.0970464135021097,0.3
22,1,Marla Maples,21.0,7.0,3,active,10,percentage,False,0.08860759493670886,0.3
22,2,Mischa Barton,15.0,5.0,3,active,11,percentage,False,0.08333333333333333,0.08474576271186418
22,2,Kim Fields,19.0,6.333333333333333,3,active,8,percentage,False,0.08333333333333333,0.08474576271186418
22,2,Jodie Sweetin,21.0,7.0,3,active,6,percentage,False,0.08333333333333333,0.08474576271186418
22,2,Doug Flutie,20.0,6.666666666666667,3,active,9,percentage,False,0.08333333333333333,0.08474576271186418
22,2,Von Miller,20.0,6.666666666666667,3,active,7,percentage,False,0.08333333333333333,0.08474576271186418
22,2,Antonio Brown,19.0,6.333333333333333,3,active,5,percentage,False,0.08333333333333333,0.08474576271186418
22,2,Paige VanZant,24.0,8.0,3,active,2,percentage,True,0.08333333333333333,0.08474576271186418
22,2,Geraldo Rivera,13.0,4.333333333333333,3,eliminated_this_week,12,percentage,False,0.08333333333333333,0.08474576271186418
22,2,Nyle DiMarco,20.0,6.666666666666667,3,active,1,percentage,True,0.08333333333333333,0.08474576271186418
22,2,Ginger Zee,21.0,7.0,3,active,3,percentage,True,0.08333333333333333,0.08474576271186418
22,2,Wanya Morris,24.0,8.0,3,active,4,percentage,False,0.08333333333333333,0.08474576271186418
22,2,Marla Maples,20.0,6.666666666666667,3,active,10,percentage,False,0.08333333333333333,0.08474576271186418
22,3,Mischa Barton,18.0,6.0,3,eliminated_this_week,11,percentage,False,0.09090909090909091,0.08438818565400852
22,3,Kim Fields,22.0,7.333333333333333,3,active,8,percentage,False,0.09090909090909091,0.08438818565400852
22,3,Jodie Sweetin,23.0,7.666666666666667,3,active,6,percentage,False,0.09090909090909091,0.08438818565400852
22,3,Doug Flutie,20.0,6.666666666666667,3,active,9,percentage,False,0.09090909090909091,0.08438818565400852
22,3,Von Miller,20.0,6.666666666666667,3,active,7,percentage,False,0.09090909090909091,0.08438818565400852
22,3,Antonio Brown,20.0,6.666666666666667,3,active,5,percentage,False,0.09090909090909091,0.08438818565400852
22,3,Paige VanZant,23.0,7.666666666666667,3,active,2,percentage,True,0.09090909090909091,0.08438818565400852
22,3,Nyle DiMarco,25.0,8.333333333333334,3,active,1,percentage,True,0.09090909090909091,0.08438818565400852
22,3,Ginger Zee,21.0,7.0,3,active,3,percentage,True,0.09090909090909091,0.08438818565400852
22,3,Wanya Morris,24.0,8.0,3,active,4,percentage,False,0.09090909090909091,0.08438818565400852
22,3,Marla Maples,21.0,7.0,3,active,10,percentage,False,0.09090909090909091,0.08438818565400852
22,4,Kim Fields,32.0,8.0,4,active,8,percentage,False,0.1,0.010000000000000009
22,4,Jodie Sweetin,27.0,6.75,4,active,6,percentage,False,0.1,0.010000000000000009
22,4,Doug Flutie,24.0,6.0,4,active,9,percentage,False,0.10676959247648904,0.010000000000000009
22,4,Von Miller,32.0,8.0,4,active,7,percentage,False,0.1,0.010000000000000009
22,4,Antonio Brown,35.0,8.75,4,active,5,percentage,False,0.1,0.010000000000000009
22,4,Paige VanZant,36.0,9.0,4,active,2,percentage,True,0.1,0.010000000000000009
22,4,Nyle DiMarco,34.0,8.5,4,active,1,percentage,True,0.1,0.010000000000000009
22,4,Ginger Zee,36.0,9.0,4,active,3,percentage,True,0.1,0.010000000000000009
22,4,Wanya Morris,35.0,8.75,4,active,4,percentage,False,0.1,0.010000000000000009
22,4,Marla Maples,28.0,7.0,4,eliminated_this_week,10,percentage,False,0.09323040752351099,0.010000000000000009
22,5,Kim Fields,28.0,7.0,4,active,8,percentage,False,0.10144927536231885,0.3
22,5,Jodie Sweetin,35.0,8.75,4,active,6,percentage,False,0.12681159420289856,0.3
22,5,Doug Flutie,28.0,7.0,4,active,9,percentage,False,0.10144927536231885,0.3
22,5,Von Miller,29.0,7.25,4,active,7,percentage,False,0.10507246376811594,0.3
22,5,Antonio Brown,26.0,6.5,4,active,5,percentage,False,0.09420289855072464,0.3
22,5,Paige VanZant,31.0,7.75,4,active,2,percentage,True,0.11231884057971014,0.3
22,5,Nyle DiMarco,37.0,9.25,4,active,1,percentage,True,0.13405797101449277,0.3
22,5,Ginger Zee,32.0,8.0,4,active,3,percentage,True,0.11594202898550725,0.3
22,5,Wanya Morris,30.0,7.5,4,active,4,percentage,False,0.10869565217391304,0.3
22,6,Kim Fields,24.0,8.0,3,active,8,percentage,False,0.1111111111111111,0.13215859030836996
22,6,Jodie Sweetin,25.0,8.333333333333334,3,active,6,percentage,False,0.1111111111111111,0.13215859030836996
22,6,Doug Flutie,21.0,7.0,3,eliminated_this_week,9,percentage,False,0.1111111111111111,0.13215859030836996
22,6,Von Miller,24.0,8.0,3,active,7,percentage,False,0.1111111111111111,0.13215859030836996
22,6,Antonio Brown,27.0,9.0,3,active,5,percentage,False,0.1111111111111111,0.13215859030836996
22,6,Paige VanZant,28.0,9.333333333333334,3,active,2,percentage,True,0.1111111111111111,0.13215859030836996
22,6,Nyle DiMarco,25.0,8.333333333333334,3,active,1,percentage,True,0.1111111111111111,0.13215859030836996
22,6,Ginger Zee,24.0,8.0,3,active,3,percentage,True,0.1111111111111111,0.13215859030836996
22,6,Wanya Morris,29.0,9.666666666666666,3,active,4,percentage,False,0.1111111111111111,0.13215859030836996
22,7,Kim Fields,26.0,8.666666666666666,3,eliminated_this_week,8,percentage,False,0.12416588785046728,0.0
22,7,Jodie Sweetin,25.5,8.5,3,active,6,percentage,False,0.12666822429906544,0.0
22,7,Von Miller,26.0,8.666666666666666,3,eliminated_this_week,7,percentage,False,0.12416588785046728,0.0
22,7,Antonio Brown,26.0,8.666666666666666,3,active,5,percentage,False,0.125,0.0
22,7,Paige VanZant,27.5,9.166666666666666,3,active,2,percentage,True,0.125,0.0
22,7,Nyle DiMarco,28.0,9.333333333333334,3,active,1,percentage,True,0.125,0.0
22,7,Ginger Zee,27.5,9.166666666666666,3,active,3,percentage,True,0.125,0.0
22,7,Wanya Morris,27.5,9.166666666666666,3,active,4,percentage,False,0.125,0.0
22,8,Jodie Sweetin,30.0,10.0,3,eliminated_this_week,6,percentage,False,0.1502209072978304,0.010000000000000009
22,8,Antonio Brown,27.0,9.0,3,active,5,percentage,False,0.16897238658777122,0.010000000000000009
22,8,Paige VanZant,28.0,9.333333333333334,3,active,2,percentage,True,0.16666666666666666,0.010000000000000009
22,8,Nyle DiMarco,29.0,9.666666666666666,3,active,1,percentage,True,0.16666666666666669,0.010000000000000009
22,8,Ginger Zee,30.0,10.0,3,active,3,percentage,True,0.16666666666666669,0.010000000000000009
22,8,Wanya Morris,25.0,8.333333333333334,3,active,4,percentage,False,0.18080670611439845,0.010000000000000009
22,9,Antonio Brown,27.5,9.166666666666666,3,eliminated_this_week,5,percentage,False,0.20360932055753678,0.017421602787456858
22,9,Paige VanZant,29.5,9.833333333333334,3,active,2,percentage,True,0.1999999999998181,0.017421602787456858
22,9,Nyle DiMarco,28.5,9.5,3,active,1,percentage,True,0.2001250000000455,0.017421602787456858
22,9,Ginger Zee,28.0,9.333333333333334,3,active,3,percentage,True,0.20186716027879115,0.017421602787456858
22,9,Wanya Morris,30.0,10.0,3,eliminated_this_week,4,percentage,False,0.19439851916380857,0.017421602787456858
22,10,Paige VanZant,29.666600000000003,9.888866666666667,3,active,2,percentage,True,0.340996970101012,0.3
22,10,Nyle DiMarco,28.9998,9.6666,3,active,1,percentage,True,0.3333325670462853,0.3
22,10,Ginger Zee,28.333199999999998,9.4444,3,active,3,percentage,True,0.32567046285270274,0.3
23,1,Jake T. Austin,22.0,5.5,4,active,13,percentage,False,0.06666666666666667,0.3
23,1,Maureen McCormick,22.0,5.5,4,active,8,percentage,False,0.06666666666666667,0.3
23,1,Marilu Henner,27.0,6.75,4,active,6,percentage,False,0.08181818181818182,0.3
23,1,Ryan Lochte,24.0,6.0,4,active,7,percentage,False,0.07272727272727272,0.3
23,1,Calvin Johnson Jr.,26.0,6.5,4,active,3,percentage,True,0.07878787878787878,0.3
23,1,Laurie Hernandez,31.0,7.75,4,active,1,percentage,True,0.09393939393939393,0.3
23,1,Amber Rose,24.0,6.0,4,active,9,percentage,False,0.07272727272727272,0.3
23,1,Rick Perry,20.0,5.0,4,active,12,percentage,False,0.06060606060606061,0.3
23,1,James Hinchcliffe,31.0,7.75,4,active,2,percentage,True,0.09393939393939393,0.3
23,1,Babyface,26.0,6.5,4,active,11,percentage,False,0.07878787878787878,0.3
23,1,Vanilla Ice,25.0,6.25,4,active,10,percentage,False,0.07575757575757576,0.3
23,1,Jana Kramer,27.0,6.75,4,active,4,percentage,False,0.08181818181818182,0.3
23,1,Terra Jole,25.0,6.25,4,active,5,percentage,False,0.07575757575757576,0.3
23,2,Jake T. Austin,24.0,6.0,4,eliminated_this_week,13,percentage,False,0.07358216783216784,0.010000000000000009
23,2,Maureen McCormick,26.0,6.5,4,active,8,percentage,False,0.07692307692307694,0.010000000000000009
23,2,Marilu Henner,27.0,6.75,4,active,6,percentage,False,0.07692307692307694,0.010000000000000009
23,2,Ryan Lochte,24.0,6.0,4,active,7,percentage,False,0.07692307692307694,0.010000000000000009
23,2,Calvin Johnson Jr.,28.0,7.0,4,active,3,percentage,True,0.07692307692307694,0.010000000000000009
23,2,Laurie Hernandez,32.0,8.0,4,active,1,percentage,True,0.07692307692307694,0.010000000000000009
23,2,Amber Rose,24.0,6.0,4,active,9,percentage,False,0.07692307692307694,0.010000000000000009
23,2,Rick Perry,22.0,5.5,4,active,12,percentage,False,0.08026398601398602,0.010000000000000009
23,2,James Hinchcliffe,29.0,7.25,4,active,2,percentage,True,0.07692307692307693,0.010000000000000009
23,2,Babyface,30.0,7.5,4,active,11,percentage,False,0.07692307692307693,0.010000000000000009
23,2,Vanilla Ice,26.0,6.5,4,active,10,percentage,False,0.07692307692307693,0.010000000000000009
23,2,Jana Kramer,29.0,7.25,4,active,4,percentage,False,0.07692307692307693,0.010000000000000009
23,2,Terra Jole,31.0,7.75,4,active,5,percentage,False,0.07692307692307694,0.010000000000000009
23,3,Maureen McCormick,28.0,7.0,4,active,8,percentage,False,0.08333333333333304,0.010000000000000009
23,3,Marilu Henner,28.0,7.0,4,active,6,percentage,False,0.08333333333333304,0.010000000000000009
23,3,Ryan Lochte,25.0,6.25,4,active,7,percentage,False,0.08333333333333304,0.010000000000000009
23,3,Calvin Johnson Jr.,32.0,8.0,4,active,3,percentage,True,0.08333333333333304,0.010000000000000009
23,3,Laurie Hernandez,31.0,7.75,4,active,1,percentage,True,0.08333333333333304,0.010000000000000009
23,3,Amber Rose,25.0,6.25,4,active,9,percentage,False,0.08333333333333304,0.010000000000000009
23,3,Rick Perry,23.0,5.75,4,eliminated_this_week,12,percentage,False,0.08283333333333481,0.010000000000000009
23,3,James Hinchcliffe,29.0,7.25,4,active,2,percentage,True,0.08333333333333304,0.010000000000000009
23,3,Babyface,25.0,6.25,4,active,11,percentage,False,0.08333333333333304,0.010000000000000009
23,3,Vanilla Ice,23.0,5.75,4,active,10,percentage,False,0.08383333333333481,0.010000000000000009
23,3,Jana Kramer,26.0,6.5,4,active,4,percentage,False,0.08333333333333304,0.010000000000000009
23,3,Terra Jole,30.0,7.5,4,active,5,percentage,False,0.08333333333333304,0.010000000000000009
23,4,Maureen McCormick,24.0,8.0,3,active,8,percentage,False,0.09090909090909091,0.0645498084291185
23,4,Marilu Henner,21.0,7.0,3,active,6,percentage,False,0.09090909090909091,0.0645498084291185
23,4,Ryan Lochte,22.0,7.333333333333333,3,active,7,percentage,False,0.09090909090909091,0.0645498084291185
23,4,Calvin Johnson Jr.,23.0,7.666666666666667,3,active,3,percentage,True,0.09090909090909091,0.0645498084291185
23,4,Laurie Hernandez,30.0,10.0,3,active,1,percentage,True,0.09090909090909091,0.0645498084291185
23,4,Amber Rose,24.0,8.0,3,active,9,percentage,False,0.09090909090909091,0.0645498084291185
23,4,James Hinchcliffe,28.0,9.333333333333334,3,active,2,percentage,True,0.09090909090909091,0.0645498084291185
23,4,Babyface,18.0,6.0,3,eliminated_this_week,11,percentage,False,0.09594836293974225,0.0645498084291185
23,4,Vanilla Ice,23.0,7.666666666666667,3,eliminated_this_week,10,percentage,False,0.08586981887843957,0.0645498084291185
23,4,Jana Kramer,23.0,7.666666666666667,3,active,4,percentage,False,0.09090909090909091,0.0645498084291185
23,4,Terra Jole,25.0,8.333333333333334,3,active,5,percentage,False,0.09090909090909091,0.0645498084291185
23,5,Maureen McCormick,24.0,8.0,3,active,8,percentage,False,0.10434782608695652,0.3
23,5,Marilu Henner,27.0,9.0,3,active,6,percentage,False,0.11739130434782609,0.3
23,5,Ryan Lochte,24.0,8.0,3,active,7,percentage,False,0.10434782608695652,0.3
23,5,Calvin Johnson Jr.,24.0,8.0,3,active,3,percentage,True,0.10434782608695652,0.3
23,5,Laurie Hernandez,25.0,8.333333333333334,3,active,1,percentage,True,0.10869565217391304,0.3
23,5,Amber Rose,24.0,8.0,3,active,9,percentage,False,0.10434782608695652,0.3
23,5,James Hinchcliffe,29.0,9.666666666666666,3,active,2,percentage,True,0.12608695652173912,0.3
23,5,Jana Kramer,26.0,8.666666666666666,3,active,4,percentage,False,0.11304347826086956,0.3
23,5,Terra Jole,27.0,9.0,3,active,5,percentage,False,0.11739130434782609,0.3
23,6,Maureen McCormick,31.0,7.75,4,active,8,percentage,False,0.1111111111111111,0.0655737704918033
23,6,Marilu Henner,34.0,8.5,4,active,6,percentage,False,0.1111111111111111,0.0655737704918033
23,6,Ryan Lochte,30.0,7.5,4,active,7,percentage,False,0.1111111111111111,0.0655737704918033
23,6,Calvin Johnson Jr.,37.0,9.25,4,active,3,percentage,True,0.1111111111111111,0.0655737704918033
23,6,Laurie Hernandez,37.0,9.25,4,active,1,percentage,True,0.1111111111111111,0.0655737704918033
23,6,Amber Rose,28.0,7.0,4,eliminated_this_week,9,percentage,False,0.1111111111111111,0.0655737704918033
23,6,James Hinchcliffe,38.0,9.5,4,active,2,percentage,True,0.1111111111111111,0.0655737704918033
23,6,Jana Kramer,40.0,10.0,4,active,4,percentage,False,0.1111111111111111,0.0655737704918033
23,6,Terra Jole,30.0,7.5,4,active,5,percentage,False,0.1111111111111111,0.0655737704918033
23,7,Maureen McCormick,33.0,8.25,4,eliminated_this_week,8,percentage,False,0.12268511796733211,0.010000000000000009
23,7,Marilu Henner,32.0,8.0,4,active,6,percentage,False,0.1273148820326679,0.010000000000000009
23,7,Ryan Lochte,33.0,8.25,4,active,7,percentage,False,0.125,0.010000000000000009
23,7,Calvin Johnson Jr.,37.0,9.25,4,active,3,percentage,True,0.125,0.010000000000000009
23,7,Laurie Hernandez,34.5,8.625,4,active,1,percentage,True,0.125,0.010000000000000009
23,7,James Hinchcliffe,37.0,9.25,4,active,2,percentage,True,0.125,0.010000000000000009
23,7,Jana Kramer,34.5,8.625,4,active,4,percentage,False,0.125,0.010000000000000009
23,7,Terra Jole,34.5,8.625,4,active,5,percentage,False,0.125,0.010000000000000009
23,8,Marilu Henner,23.0,7.666666666666667,3,active,6,percentage,False,0.14982398196196528,0.010000000000000009
23,8,Ryan Lochte,26.0,8.666666666666666,3,eliminated_this_week,7,percentage,False,0.1338985939765046,0.010000000000000009
23,8,Calvin Johnson Jr.,30.0,10.0,3,active,3,percentage,True,0.14285714285701295,0.010000000000000009
23,8,Laurie Hernandez,33.0,11.0,3,active,1,percentage,True,0.14285714285701295,0.010000000000000009
23,8,James Hinchcliffe,34.9998,11.6666,3,active,2,percentage,True,0.14285714285701295,0.010000000000000009
23,8,Jana Kramer,30.0,10.0,3,active,4,percentage,False,0.14285714285701295,0.010000000000000009
23,8,Terra Jole,24.0,8.0,3,active,5,percentage,False,0.1448488526334784,0.010000000000000009
23,9,Marilu Henner,36.0,9.0,4,eliminated_this_week,6,percentage,False,0.16616666666666785,0.010000000000000009
23,9,Calvin Johnson Jr.,37.0,9.25,4,active,3,percentage,True,0.16666666666666607,0.010000000000000009
23,9,Laurie Hernandez,40.0,10.0,4,active,1,percentage,True,0.16666666666666607,0.010000000000000009
23,9,James Hinchcliffe,36.0,9.0,4,active,2,percentage,True,0.16716666666666785,0.010000000000000009
23,9,Jana Kramer,40.0,10.0,4,active,4,percentage,False,0.16666666666666607,0.010000000000000009
23,9,Terra Jole,38.0,9.5,4,active,5,percentage,False,0.16666666666666607,0.010000000000000009
23,10,Calvin Johnson Jr.,28.0,9.333333333333334,3,active,3,percentage,True,0.2071592719000075,0.010000000000000009
23,10,Laurie Hernandez,30.0,10.0,3,active,1,percentage,True,0.1999999999998181,0.010000000000000009
23,10,James Hinchcliffe,29.5,9.833333333333334,3,active,2,percentage,True,0.1999999999998181,0.010000000000000009
23,10,Jana Kramer,29.0,9.666666666666666,3,active,4,percentage,False,0.2003333333334546,0.010000000000000009
23,10,Terra Jole,30.0,10.0,3,eliminated_this_week,5,percentage,False,0.1925073947669017,0.010000000000000009
23,11,Calvin Johnson Jr.,38.3331,9.583275,4,active,3,percentage,True,0.25,0.1861847021117058
23,11,Laurie Hernandez,39.333200000000005,9.833300000000001,4,active,1,percentage,True,0.25,0.1861847021117058
23,11,James Hinchcliffe,38.9998,9.74995,4,active,2,percentage,True,0.25,0.1861847021117058
23,11,Jana Kramer,35.5,8.875,4,eliminated_this_week,4,percentage,False,0.25,0.1861847021117058
24,1,Charo,21.0,5.25,4,active,11,percentage,False,0.0695364238410596,0.3
24,1,Mr. T,20.0,5.0,4,active,10,percentage,False,0.06622516556291391,0.3
24,1,Heather Morris,28.0,7.0,4,active,8,percentage,False,0.09271523178807947,0.3
24,1,Nancy Kerrigan,28.0,7.0,4,active,7,percentage,False,0.09271523178807947,0.3
24,1,Bonner Bolton,22.0,5.5,4,active,5,percentage,False,0.0728476821192053,0.3
24,1,Simone Biles,32.0,8.0,4,active,4,percentage,False,0.10596026490066225,0.3
24,1,David Ross,28.0,7.0,4,active,2,percentage,True,0.09271523178807947,0.3
24,1,Rashad Jennings,31.0,7.75,4,active,1,percentage,True,0.10264900662251655,0.3
24,1,Chris Kattan,17.0,4.25,4,active,12,percentage,False,0.056291390728476824,0.3
24,1,Erika Jayne,24.0,6.0,4,active,9,percentage,False,0.07947019867549669,0.3
24,1,Normani,27.0,6.75,4,active,3,percentage,True,0.08940397350993377,0.3
24,1,Nick Viall,24.0,6.0,4,active,6,percentage,False,0.07947019867549669,0.3
24,2,Charo,25.0,6.25,4,active,11,percentage,False,0.08333333333333304,0.010000000000000009
24,2,Mr. T,22.0,5.5,4,active,10,percentage,False,0.08383333333333481,0.010000000000000009
24,2,Heather Morris,30.0,7.5,4,active,8,percentage,False,0.08333333333333304,0.010000000000000009
24,2,Nancy Kerrigan,28.0,7.0,4,active,7,percentage,False,0.08333333333333304,0.010000000000000009
24,2,Bonner Bolton,28.0,7.0,4,active,5,percentage,False,0.08333333333333304,0.010000000000000009
24,2,Simone Biles,29.0,7.25,4,active,4,percentage,False,0.08333333333333304,0.010000000000000009
24,2,David Ross,27.0,6.75,4,active,2,percentage,True,0.08333333333333304,0.010000000000000009
24,2,Rashad Jennings,32.0,8.0,4,active,1,percentage,True,0.08333333333333304,0.010000000000000009
24,2,Chris Kattan,22.0,5.5,4,eliminated_this_week,12,percentage,False,0.08283333333333481,0.010000000000000009
24,2,Erika Jayne,28.0,7.0,4,active,9,percentage,False,0.08333333333333304,0.010000000000000009
24,2,Normani,32.0,8.0,4,active,3,percentage,True,0.08333333333333304,0.010000000000000009
24,2,Nick Viall,25.0,6.25,4,active,6,percentage,False,0.08333333333333304,0.010000000000000009
24,3,Charo,24.0,6.0,4,eliminated_this_week,11,percentage,False,0.09024242424242424,0.010000000000000009
24,3,Mr. T,24.0,6.0,4,active,10,percentage,False,0.09124242424242424,0.010000000000000009
24,3,Heather Morris,33.0,8.25,4,active,8,percentage,False,0.09090909090909091,0.010000000000000009
24,3,Nancy Kerrigan,33.0,8.25,4,active,7,percentage,False,0.09090909090909091,0.010000000000000009
24,3,Bonner Bolton,24.0,6.0,4,active,5,percentage,False,0.09124242424242424,0.010000000000000009
24,3,Simone Biles,32.0,8.0,4,active,4,percentage,False,0.09090909090909091,0.010000000000000009
24,3,David Ross,31.0,7.75,4,active,2,percentage,True,0.09090909090909091,0.010000000000000009
24,3,Rashad Jennings,28.0,7.0,4,active,1,percentage,True,0.09090909090909091,0.010000000000000009
24,3,Erika Jayne,26.0,6.5,4,active,9,percentage,False,0.09090909090909091,0.010000000000000009
24,3,Normani,34.0,8.5,4,active,3,percentage,True,0.09090909090909091,0.010000000000000009
24,3,Nick Viall,26.0,6.5,4,active,6,percentage,False,0.09090909090909091,0.010000000000000009
24,4,Mr. T,28.0,7.0,4,eliminated_this_week,10,percentage,False,0.1,0.061349693251533666
24,4,Heather Morris,35.0,8.75,4,active,8,percentage,False,0.1,0.061349693251533666
24,4,Nancy Kerrigan,33.0,8.25,4,active,7,percentage,False,0.1,0.061349693251533666
24,4,Bonner Bolton,32.0,8.0,4,active,5,percentage,False,0.1,0.061349693251533666
24,4,Simone Biles,36.0,9.0,4,active,4,percentage,False,0.1,0.061349693251533666
24,4,David Ross,31.0,7.75,4,active,2,percentage,True,0.1,0.061349693251533666
24,4,Rashad Jennings,39.0,9.75,4,active,1,percentage,True,0.1,0.061349693251533666
24,4,Erika Jayne,30.0,7.5,4,active,9,percentage,False,0.1,0.061349693251533666
24,4,Normani,32.0,8.0,4,active,3,percentage,True,0.1,0.061349693251533666
24,4,Nick Viall,30.0,7.5,4,active,6,percentage,False,0.1,0.061349693251533666
24,5,Heather Morris,34.0,8.5,4,active,8,percentage,False,0.1111111111111111,0.010000000000000009
24,5,Nancy Kerrigan,36.0,9.0,4,active,7,percentage,False,0.1111111111111111,0.010000000000000009
24,5,Bonner Bolton,30.0,7.5,4,active,5,percentage,False,0.11254093567251461,0.010000000000000009
24,5,Simone Biles,38.0,9.5,4,active,4,percentage,False,0.1111111111111111,0.010000000000000009
24,5,David Ross,29.0,7.25,4,active,2,percentage,True,0.11583040935672513,0.010000000000000009
24,5,Rashad Jennings,32.0,8.0,4,active,1,percentage,True,0.1111111111111111,0.010000000000000009
24,5,Erika Jayne,32.0,8.0,4,eliminated_this_week,9,percentage,False,0.10496198830409356,0.010000000000000009
24,5,Normani,39.0,9.75,4,active,3,percentage,True,0.1111111111111111,0.010000000000000009
24,5,Nick Viall,34.0,8.5,4,active,6,percentage,False,0.1111111111111111,0.010000000000000009
24,6,Heather Morris,37.0,9.25,4,eliminated_this_week,8,percentage,False,0.10752137546445666,0.009999999999999731
24,6,Nancy Kerrigan,33.5,8.375,4,active,7,percentage,False,0.1250000000002274,0.009999999999999731
24,6,Bonner Bolton,31.5,7.875,4,active,5,percentage,False,0.12896747211873175,0.009999999999999731
24,6,Simone Biles,34.5,8.625,4,active,4,percentage,False,0.1250000000002274,0.009999999999999731
24,6,David Ross,31.0,7.75,4,active,2,percentage,True,0.1308262081782113,0.009999999999999731
24,6,Rashad Jennings,35.0,8.75,4,active,1,percentage,True,0.1250000000002274,0.009999999999999731
24,6,Normani,36.0,9.0,4,active,3,percentage,True,0.1250000000002274,0.009999999999999731
24,6,Nick Viall,30.5,7.625,4,active,6,percentage,False,0.13268494423769084,0.009999999999999731
24,7,Nancy Kerrigan,36.0,9.0,4,eliminated_this_week,7,percentage,False,0.13659495576869557,0.0
24,7,Bonner Bolton,31.0,7.75,4,active,5,percentage,False,0.1497780914735704,0.0
24,7,Simone Biles,39.0,9.75,4,active,4,percentage,False,0.1428571428572728,0.0
24,7,David Ross,32.0,8.0,4,active,2,percentage,True,0.14582552230360996,0.0
24,7,Rashad Jennings,39.0,9.75,4,active,1,percentage,True,0.1428571428572728,0.0
24,7,Normani,42.0,10.5,4,active,3,percentage,True,0.1428571428572728,0.0
24,7,Nick Viall,34.0,8.5,4,eliminated_this_week,6,percentage,False,0.13923000188230572,0.0
24,8,Bonner Bolton,29.0,7.25,4,eliminated_this_week,5,percentage,False,0.2,0.20057306590257895
24,8,Simone Biles,36.0,9.0,4,active,4,percentage,False,0.2,0.20057306590257895
24,8,David Ross,32.5,8.125,4,active,2,percentage,True,0.2,0.20057306590257895
24,8,Rashad Jennings,37.5,9.375,4,active,1,percentage,True,0.2,0.20057306590257895
24,8,Normani,39.5,9.875,4,active,3,percentage,True,0.2,0.20057306590257895
24,9,Simone Biles,40.0,10.0,4,eliminated_this_week,4,percentage,False,0.23299834983498352,0.010000000000000564
24,9,David Ross,35.0,8.75,4,active,2,percentage,True,0.26700165016501654,0.010000000000000564
24,9,Rashad Jennings,38.5,9.625,4,active,1,percentage,True,0.25,0.010000000000000564
24,9,Normani,38.0,9.5,4,active,3,percentage,True,0.25,0.010000000000000564
24,10,David Ross,36.3333,9.083325,4,active,2,percentage,True,0.3150292500591764,0.3
24,10,Rashad Jennings,39.6666,9.91665,4,active,1,percentage,True,0.3439307536171316,0.3
24,10,Normani,39.333200000000005,9.833300000000001,4,active,3,percentage,True,0.34103999632369203,0.3
25,1,Sasha Pieterse,18.0,6.0,3,active,10,percentage,False,0.07531380753138076,0.3
25,1,Frankie Muniz,19.0,6.333333333333333,3,active,3,percentage,True,0.0794979079497908,0.3
25,1,Jordan Fisher,22.0,7.333333333333333,3,active,1,percentage,True,0.09205020920502092,0.3
25,1,Derek Fisher,18.0,6.0,3,active,11,percentage,False,0.07531380753138076,0.3
25,1,Nikki Bella,20.0,6.666666666666667,3,active,8,percentage,False,0.08368200836820083,0.3
25,1,Terrell Owens,15.0,5.0,3,active,6,percentage,False,0.06276150627615062,0.3
25,1,Victoria Arlen,19.0,6.333333333333333,3,active,5,percentage,False,0.0794979079497908,0.3
25,1,Barbara Corcoran,14.0,4.666666666666667,3,active,13,percentage,False,0.058577405857740586,0.3
25,1,Lindsey Stirling,22.0,7.333333333333333,3,active,2,percentage,True,0.09205020920502092,0.3
25,1,Debbie Gibson,17.0,5.666666666666667,3,active,12,percentage,False,0.07112970711297072,0.3
25,1,Nick Lachey,18.0,6.0,3,active,9,percentage,False,0.07531380753138076,0.3
25,1,Drew Scott,16.0,5.333333333333333,3,active,4,percentage,False,0.06694560669456066,0.3
25,1,Vanessa Lachey,21.0,7.0,3,active,7,percentage,False,0.08786610878661087,0.3
25,2,Sasha Pieterse,22.5,7.5,3,active,10,percentage,False,0.07692307692311189,0.03863345521251116
25,2,Frankie Muniz,24.0,8.0,3,active,3,percentage,True,0.07692307692311189,0.03863345521251116
25,2,Jordan Fisher,24.0,8.0,3,active,1,percentage,True,0.07692307692311189,0.03863345521251116
25,2,Derek Fisher,19.0,6.333333333333333,3,active,11,percentage,False,0.07692307692311189,0.03863345521251116
25,2,Nikki Bella,19.5,6.5,3,active,8,percentage,False,0.07692307692311189,0.03863345521251116
25,2,Terrell Owens,19.5,6.5,3,active,6,percentage,False,0.07692307692311189,0.03863345521251116
25,2,Victoria Arlen,22.0,7.333333333333333,3,active,5,percentage,False,0.07692307692311189,0.03863345521251116
25,2,Barbara Corcoran,17.0,5.666666666666667,3,eliminated_this_week,13,percentage,False,0.08037234566145855,0.03863345521251116
25,2,Lindsey Stirling,22.5,7.5,3,active,2,percentage,True,0.07692307692311189,0.03863345521251116
25,2,Debbie Gibson,20.5,6.833333333333333,3,eliminated_this_week,12,percentage,False,0.07347380818431049,0.03863345521251116
25,2,Nick Lachey,19.0,6.333333333333333,3,active,9,percentage,False,0.07692307692311189,0.03863345521251116
25,2,Drew Scott,20.5,6.833333333333333,3,active,4,percentage,False,0.07692307692311189,0.03863345521251116
25,2,Vanessa Lachey,23.5,7.833333333333333,3,active,7,percentage,False,0.07692307692311189,0.03863345521251116
25,3,Sasha Pieterse,19.0,6.333333333333333,3,active,10,percentage,False,0.0778688524590164,0.3
25,3,Frankie Muniz,21.0,7.0,3,active,3,percentage,True,0.0860655737704918,0.3
25,3,Jordan Fisher,25.0,8.333333333333334,3,active,1,percentage,True,0.10245901639344263,0.3
25,3,Derek Fisher,21.0,7.0,3,active,11,percentage,False,0.0860655737704918,0.3
25,3,Nikki Bella,21.0,7.0,3,active,8,percentage,False,0.0860655737704918,0.3
25,3,Terrell Owens,21.0,7.0,3,active,6,percentage,False,0.0860655737704918,0.3
25,3,Victoria Arlen,22.0,7.333333333333333,3,active,5,percentage,False,0.09016393442622951,0.3
25,3,Lindsey Stirling,27.0,9.0,3,active,2,percentage,True,0.11065573770491803,0.3
25,3,Nick Lachey,21.0,7.0,3,active,9,percentage,False,0.0860655737704918,0.3
25,3,Drew Scott,23.0,7.666666666666667,3,active,4,percentage,False,0.0942622950819672,0.3
25,3,Vanessa Lachey,23.0,7.666666666666667,3,active,7,percentage,False,0.0942622950819672,0.3
25,4,Sasha Pieterse,24.0,8.0,3,active,10,percentage,False,0.09090909090909091,0.010000000000000009
25,4,Frankie Muniz,24.0,8.0,3,active,3,percentage,True,0.09090909090909091,0.010000000000000009
25,4,Jordan Fisher,29.0,9.666666666666666,3,active,1,percentage,True,0.09090909090909091,0.010000000000000009
25,4,Derek Fisher,23.0,7.666666666666667,3,eliminated_this_week,11,percentage,False,0.0885640724589064,0.010000000000000009
25,4,Nikki Bella,24.0,8.0,3,active,8,percentage,False,0.09090909090909091,0.010000000000000009
25,4,Terrell Owens,24.0,8.0,3,active,6,percentage,False,0.09090909090909091,0.010000000000000009
25,4,Victoria Arlen,27.0,9.0,3,active,5,percentage,False,0.09090909090909091,0.010000000000000009
25,4,Lindsey Stirling,26.0,8.666666666666666,3,active,2,percentage,True,0.09090909090909091,0.010000000000000009
25,4,Nick Lachey,22.0,7.333333333333333,3,active,9,percentage,False,0.09325410935927542,0.010000000000000009
25,4,Drew Scott,24.0,8.0,3,active,4,percentage,False,0.09090909090909091,0.010000000000000009
25,4,Vanessa Lachey,24.0,8.0,3,active,7,percentage,False,0.09090909090909091,0.010000000000000009
25,5,Sasha Pieterse,24.0,8.0,3,eliminated_this_week,10,percentage,False,0.09566858237547894,0.010000000000000009
25,5,Frankie Muniz,29.0,9.666666666666666,3,active,3,percentage,True,0.1,0.010000000000000009
25,5,Jordan Fisher,30.0,10.0,3,active,1,percentage,True,0.1,0.010000000000000009
25,5,Nikki Bella,27.0,9.0,3,active,8,percentage,False,0.1,0.010000000000000009
25,5,Terrell Owens,25.0,8.333333333333334,3,active,6,percentage,False,0.1,0.010000000000000009
25,5,Victoria Arlen,27.0,9.0,3,active,5,percentage,False,0.1,0.010000000000000009
25,5,Lindsey Stirling,28.0,9.333333333333334,3,active,2,percentage,True,0.1,0.010000000000000009
25,5,Nick Lachey,22.0,7.333333333333333,3,active,9,percentage,False,0.10433141762452108,0.010000000000000009
25,5,Drew Scott,25.0,8.333333333333334,3,active,4,percentage,False,0.1,0.010000000000000009
25,5,Vanessa Lachey,24.0,8.0,3,active,7,percentage,False,0.1,0.010000000000000009
25,6,Frankie Muniz,31.0,7.75,4,active,3,percentage,True,0.1111111111111111,0.13071895424836583
25,6,Jordan Fisher,39.0,9.75,4,active,1,percentage,True,0.1111111111111111,0.13071895424836583
25,6,Nikki Bella,36.0,9.0,4,active,8,percentage,False,0.1111111111111111,0.13071895424836583
25,6,Terrell Owens,37.0,9.25,4,active,6,percentage,False,0.1111111111111111,0.13071895424836583
25,6,Victoria Arlen,31.0,7.75,4,active,5,percentage,False,0.1111111111111111,0.13071895424836583
25,6,Lindsey Stirling,40.0,10.0,4,active,2,percentage,True,0.1111111111111111,0.13071895424836583
25,6,Nick Lachey,26.0,6.5,4,eliminated_this_week,9,percentage,False,0.1111111111111111,0.13071895424836583
25,6,Drew Scott,30.0,7.5,4,active,4,percentage,False,0.1111111111111111,0.13071895424836583
25,6,Vanessa Lachey,36.0,9.0,4,active,7,percentage,False,0.1111111111111111,0.13071895424836583
25,7,Frankie Muniz,30.0,10.0,3,active,3,percentage,True,0.12499999999994316,0.011627906976744151
25,7,Jordan Fisher,27.0,9.0,3,active,1,percentage,True,0.12499999999994316,0.011627906976744151
25,7,Nikki Bella,24.0,8.0,3,eliminated_this_week,8,percentage,False,0.12787984496133506,0.011627906976744151
25,7,Terrell Owens,24.5,8.166666666666666,3,active,6,percentage,False,0.12671705426366064,0.011627906976744151
25,7,Victoria Arlen,28.5,9.5,3,active,5,percentage,False,0.12499999999994316,0.011627906976744151
25,7,Lindsey Stirling,25.5,8.5,3,active,2,percentage,True,0.12499999999994316,0.011627906976744151
25,7,Drew Scott,28.5,9.5,3,active,4,percentage,False,0.12499999999994316,0.011627906976744151
25,7,Vanessa Lachey,27.0,9.0,3,eliminated_this_week,7,percentage,False,0.12040310077528854,0.011627906976744151
25,8,Frankie Muniz,26.5,8.833333333333334,3,active,3,percentage,True,0.16666666666681826,0.010000000000000009
25,8,Jordan Fisher,30.0,10.0,3,active,1,percentage,True,0.16666666666681826,0.010000000000000009
25,8,Terrell Owens,25.5,8.5,3,eliminated_this_week,6,percentage,False,0.15854526091571636,0.010000000000000009
25,8,Victoria Arlen,24.0,8.0,3,active,5,percentage,False,0.16912992545245759,0.010000000000000009
25,8,Lindsey Stirling,27.0,9.0,3,active,2,percentage,True,0.16666666666681826,0.010000000000000009
25,8,Drew Scott,23.5,7.833333333333333,3,active,4,percentage,False,0.1723248136313713,0.010000000000000009
25,9,Frankie Muniz,25.5,8.5,3,active,3,percentage,True,0.20280246913653008,0.010000000000000009
25,9,Jordan Fisher,29.0,9.666666666666666,3,active,1,percentage,True,0.19999999999890863,0.010000000000000009
25,9,Victoria Arlen,28.0,9.333333333333334,3,eliminated_this_week,5,percentage,False,0.18328395061801156,0.010000000000000009
25,9,Lindsey Stirling,28.5,9.5,3,active,2,percentage,True,0.19999999999890863,0.010000000000000009
25,9,Drew Scott,24.0,8.0,3,active,4,percentage,False,0.21391358024764118,0.010000000000000009
25,10,Frankie Muniz,38.8887,9.722175,4,active,3,percentage,True,0.25,0.088797975812831
25,10,Jordan Fisher,40.0,10.0,4,active,1,percentage,True,0.25,0.088797975812831
25,10,Lindsey Stirling,40.0,10.0,4,active,2,percentage,True,0.25,0.088797975812831
25,10,Drew Scott,37.5,9.375,4,eliminated_this_week,4,percentage,False,0.25,0.088797975812831
26,1,Jamie Anderson,19.0,6.333333333333333,3,eliminated_this_week,10,percentage,False,0.09728571428574082,0.005000000000000282
26,1,Johnny Damon,18.0,6.0,3,eliminated_this_week,9,percentage,False,0.098726190476217,0.005000000000000282
26,1,Kareem Abdul-Jabbar,17.0,5.666666666666667,3,active,8,percentage,False,0.10398809523812177,0.005000000000000282
26,1,Arike Ogunbowale,20.0,6.666666666666667,3,active,7,percentage,False,0.09999999999998864,0.005000000000000282
26,1,Jennie Finch Daigle,21.0,7.0,3,active,6,percentage,False,0.09999999999998864,0.005000000000000282
26,1,Chris Mazdzer,21.0,7.0,3,active,5,percentage,False,0.09999999999998864,0.005000000000000282
26,1,Mirai Nagasu,23.0,7.666666666666667,3,active,4,percentage,False,0.09999999999998864,0.005000000000000282
26,1,Tonya Harding,23.0,7.666666666666667,3,active,3,percentage,True,0.09999999999998864,0.005000000000000282
26,1,Josh Norman,24.0,8.0,3,active,2,percentage,True,0.09999999999998864,0.005000000000000282
26,1,Adam Rippon,24.0,8.0,3,active,1,percentage,True,0.09999999999998864,0.005000000000000282
26,2,Kareem Abdul-Jabbar,29.5,7.375,4,eliminated_this_week,8,percentage,False,0.12956425233656227,0.03738317757009363
26,2,Arike Ogunbowale,35.0,8.75,4,eliminated_this_week,7,percentage,False,0.11878387850478658,0.03738317757009363
26,2,Jennie Finch Daigle,31.5,7.875,4,active,6,percentage,False,0.12582593457955293,0.03738317757009363
26,2,Chris Mazdzer,33.0,8.25,4,active,5,percentage,False,0.12499999999988631,0.03738317757009363
26,2,Mirai Nagasu,37.0,9.25,4,active,4,percentage,False,0.12499999999988631,0.03738317757009363
26,2,Tonya Harding,33.0,8.25,4,active,3,percentage,True,0.12499999999988631,0.03738317757009363
26,2,Josh Norman,31.5,7.875,4,active,2,percentage,True,0.12582593457955293,0.03738317757009363
26,2,Adam Rippon,37.0,9.25,4,active,1,percentage,True,0.12499999999988631,0.03738317757009363
26,3,Jennie Finch Daigle,29.0,7.25,4,eliminated_this_week,6,percentage,False,0.17489889415491938,0.07398894154818314
26,3,Chris Mazdzer,33.0,8.25,4,eliminated_this_week,5,percentage,False,0.16334044233817374,0.07398894154818314
26,3,Mirai Nagasu,35.0,8.75,4,eliminated_this_week,4,percentage,False,0.1617606635070585,0.07398894154818314
26,3,Tonya Harding,35.0,8.75,4,active,3,percentage,True,0.16666666666661617,0.07398894154818314
26,3,Josh Norman,38.0,9.5,4,active,2,percentage,True,0.16666666666661617,0.07398894154818314
26,3,Adam Rippon,41.0,10.25,4,active,1,percentage,True,0.16666666666661617,0.07398894154818314
26,4,Tonya Harding,28.0,9.333333333333334,3,active,3,percentage,True,0.32748538011695905,0.3
26,4,Josh Norman,28.5,9.5,3,active,2,percentage,True,0.3333333333333333,0.3
26,4,Adam Rippon,29.0,9.666666666666666,3,active,1,percentage,True,0.3391812865497076,0.3
27,1,Juan Pablo Di Pace,22.0,7.333333333333333,3,active,5,percentage,False,0.07692307692307693,0.010000000000000009
27,1,Evanna Lynch,18.0,6.0,3,active,3,percentage,True,0.07692307692307694,0.010000000000000009
27,1,Nancy McKeon,19.5,6.5,3,active,11,percentage,False,0.07692307692307694,0.010000000000000009
27,1,John Schneider,18.0,6.0,3,active,8,percentage,False,0.07692307692307694,0.010000000000000009
27,1,Milo Manheim,20.0,6.666666666666667,3,active,2,percentage,True,0.07692307692307694,0.010000000000000009
27,1,Danelle Umstead,18.0,6.0,3,active,12,percentage,False,0.07692307692307694,0.010000000000000009
27,1,Mary Lou Retton,20.0,6.666666666666667,3,active,9,percentage,False,0.07692307692307694,0.010000000000000009
27,1,DeMarcus Ware,23.0,7.666666666666667,3,active,7,percentage,False,0.07692307692307694,0.010000000000000009
27,1,Nikki Glaser,17.5,5.833333333333333,3,eliminated_this_week,13,percentage,False,0.06956033182503772,0.010000000000000009
27,1,Bobby Bones,20.0,6.666666666666667,3,active,1,percentage,True,0.07692307692307693,0.010000000000000009
27,1,Tinashe,23.0,7.666666666666667,3,active,10,percentage,False,0.07692307692307693,0.010000000000000009
27,1,Alexis Ren,22.0,7.333333333333333,3,active,4,percentage,False,0.07692307692307694,0.010000000000000009
27,1,Joe Amabile,14.0,4.666666666666667,3,active,6,percentage,False,0.08428582202111616,0.010000000000000009
27,2,Juan Pablo Di Pace,26.0,8.666666666666666,3,active,5,percentage,False,0.08333333333333333,0.010000000000000009
27,2,Evanna Lynch,24.0,8.0,3,active,3,percentage,True,0.08333333333333333,0.010000000000000009
27,2,Nancy McKeon,20.5,6.833333333333333,3,active,11,percentage,False,0.08333333333333333,0.010000000000000009
27,2,John Schneider,21.5,7.166666666666667,3,active,8,percentage,False,0.08333333333333333,0.010000000000000009
27,2,Milo Manheim,26.0,8.666666666666666,3,active,2,percentage,True,0.08333333333333333,0.010000000000000009
27,2,Danelle Umstead,18.5,6.166666666666667,3,eliminated_this_week,12,percentage,False,0.08098490449784349,0.010000000000000009
27,2,Mary Lou Retton,23.0,7.666666666666667,3,active,9,percentage,False,0.08333333333333333,0.010000000000000009
27,2,DeMarcus Ware,23.5,7.833333333333333,3,active,7,percentage,False,0.08333333333333333,0.010000000000000009
27,2,Bobby Bones,19.5,6.5,3,active,1,percentage,True,0.08333333333333333,0.010000000000000009
27,2,Tinashe,26.0,8.666666666666666,3,active,10,percentage,False,0.08333333333333333,0.010000000000000009
27,2,Alexis Ren,24.5,8.166666666666666,3,active,4,percentage,False,0.08333333333333333,0.010000000000000009
27,2,Joe Amabile,17.5,5.833333333333333,3,active,6,percentage,False,0.08568176216882316,0.010000000000000009
27,3,Juan Pablo Di Pace,30.0,10.0,3,active,5,percentage,False,0.09090909090900823,0.010000000000000009
27,3,Evanna Lynch,27.0,9.0,3,active,3,percentage,True,0.09090909090900823,0.010000000000000009
27,3,Nancy McKeon,22.0,7.333333333333333,3,eliminated_this_week,11,percentage,False,0.08302901710872497,0.010000000000000009
27,3,John Schneider,21.0,7.0,3,active,8,percentage,False,0.09090909090900823,0.010000000000000009
27,3,Milo Manheim,27.0,9.0,3,active,2,percentage,True,0.09090909090900823,0.010000000000000009
27,3,Mary Lou Retton,24.0,8.0,3,active,9,percentage,False,0.09090909090900823,0.010000000000000009
27,3,DeMarcus Ware,26.0,8.666666666666666,3,active,7,percentage,False,0.09090909090900823,0.010000000000000009
27,3,Bobby Bones,23.0,7.666666666666667,3,active,1,percentage,True,0.09090909090900823,0.010000000000000009
27,3,Tinashe,27.0,9.0,3,active,10,percentage,False,0.09090909090900823,0.010000000000000009
27,3,Alexis Ren,26.0,8.666666666666666,3,active,4,percentage,False,0.09090909090900823,0.010000000000000009
27,3,Joe Amabile,18.0,6.0,3,active,6,percentage,False,0.09878916471020097,0.010000000000000009
27,4,Juan Pablo Di Pace,24.0,8.0,3,active,5,percentage,False,0.09999999999927241,0.009999999999999731
27,4,Evanna Lynch,24.0,8.0,3,active,3,percentage,True,0.09999999999927241,0.009999999999999731
27,4,John Schneider,21.0,7.0,3,active,8,percentage,False,0.09999999999927241,0.009999999999999731
27,4,Milo Manheim,29.0,9.666666666666666,3,active,2,percentage,True,0.09999999999927241,0.009999999999999731
27,4,Mary Lou Retton,26.0,8.666666666666666,3,active,9,percentage,False,0.09999999999927241,0.009999999999999731
27,4,DeMarcus Ware,22.0,7.333333333333333,3,active,7,percentage,False,0.09999999999927241,0.009999999999999731
27,4,Bobby Bones,20.0,6.666666666666667,3,active,1,percentage,True,0.10177011494422647,0.009999999999999731
27,4,Tinashe,26.0,8.666666666666666,3,eliminated_this_week,10,percentage,False,0.07490804597870923,0.009999999999999731
27,4,Alexis Ren,25.0,8.333333333333334,3,active,4,percentage,False,0.09999999999927241,0.009999999999999731
27,4,Joe Amabile,15.0,5.0,3,active,6,percentage,False,0.12332183908215749,0.009999999999999731
27,5,Juan Pablo Di Pace,29.0,9.666666666666666,3,active,5,percentage,False,0.13063063063063063,0.3
27,5,Evanna Lynch,24.0,8.0,3,active,3,percentage,True,0.10810810810810811,0.3
27,5,John Schneider,24.0,8.0,3,active,8,percentage,False,0.10810810810810811,0.3
27,5,Milo Manheim,27.0,9.0,3,active,2,percentage,True,0.12162162162162163,0.3
27,5,Mary Lou Retton,25.0,8.333333333333334,3,active,9,percentage,False,0.11261261261261261,0.3
27,5,DeMarcus Ware,26.0,8.666666666666666,3,active,7,percentage,False,0.11711711711711711,0.3
27,5,Bobby Bones,21.0,7.0,3,active,1,percentage,True,0.0945945945945946,0.3
27,5,Alexis Ren,29.0,9.666666666666666,3,active,4,percentage,False,0.13063063063063063,0.3
27,5,Joe Amabile,17.0,5.666666666666667,3,active,6,percentage,False,0.07657657657657657,0.3
27,6,Juan Pablo Di Pace,30.0,10.0,3,active,5,percentage,False,0.1111111111111111,0.010000000000000009
27,6,Evanna Lynch,29.0,9.666666666666666,3,active,3,percentage,True,0.1111111111111111,0.010000000000000009
27,6,John Schneider,19.0,6.333333333333333,3,active,8,percentage,False,0.12252814167879669,0.010000000000000009
27,6,Milo Manheim,30.0,10.0,3,active,2,percentage,True,0.1111111111111111,0.010000000000000009
27,6,Mary Lou Retton,24.0,8.0,3,eliminated_this_week,9,percentage,False,0.09969408054342552,0.010000000000000009
27,6,DeMarcus Ware,26.0,8.666666666666666,3,active,7,percentage,False,0.1111111111111111,0.010000000000000009
27,6,Bobby Bones,22.0,7.333333333333333,3,active,1,percentage,True,0.1111111111111111,0.010000000000000009
27,6,Alexis Ren,27.0,9.0,3,active,4,percentage,False,0.1111111111111111,0.010000000000000009
27,6,Joe Amabile,22.0,7.333333333333333,3,active,6,percentage,False,0.1111111111111111,0.010000000000000009
27,7,Juan Pablo Di Pace,28.0,9.333333333333334,3,active,5,percentage,False,0.125,0.021235632183908004
27,7,Evanna Lynch,29.5,9.833333333333334,3,active,3,percentage,True,0.125,0.021235632183908004
27,7,John Schneider,27.0,9.0,3,eliminated_this_week,8,percentage,False,0.12072701149425288,0.021235632183908004
27,7,Milo Manheim,29.0,9.666666666666666,3,active,2,percentage,True,0.125,0.021235632183908004
27,7,DeMarcus Ware,26.5,8.833333333333334,3,eliminated_this_week,7,percentage,False,0.12130172413793103,0.021235632183908004
27,7,Bobby Bones,26.5,8.833333333333334,3,active,1,percentage,True,0.125,0.021235632183908004
27,7,Alexis Ren,27.5,9.166666666666666,3,active,4,percentage,False,0.125,0.021235632183908004
27,7,Joe Amabile,23.5,7.833333333333333,3,active,6,percentage,False,0.1329712643678161,0.021235632183908004
27,8,Juan Pablo Di Pace,30.0,10.0,3,eliminated_this_week,5,percentage,False,0.15132298136586275,0.0050000000000000044
27,8,Evanna Lynch,29.0,9.666666666666666,3,active,3,percentage,True,0.16666666666728247,0.0050000000000000044
27,8,Milo Manheim,27.5,9.166666666666666,3,active,2,percentage,True,0.16666666666728247,0.0050000000000000044
27,8,Bobby Bones,22.5,7.5,3,active,1,percentage,True,0.17614130434720082,0.0050000000000000044
27,8,Alexis Ren,29.0,9.666666666666666,3,active,4,percentage,False,0.16666666666728247,0.0050000000000000044
27,8,Joe Amabile,23.0,7.666666666666667,3,eliminated_this_week,6,percentage,False,0.17253571428508901,0.0050000000000000044
27,9,Evanna Lynch,30.0,10.0,3,active,3,percentage,True,0.2597402597402597,0.3
27,9,Milo Manheim,30.0,10.0,3,active,2,percentage,True,0.2597402597402597,0.3
27,9,Bobby Bones,27.0,9.0,3,active,1,percentage,True,0.23376623376623376,0.3
27,9,Alexis Ren,28.5,9.5,3,active,4,percentage,False,0.24675324675324675,0.3
28,1,Kate Flannery,15.0,5.0,3,active,7,rank,False,0.07614213197969544,0.3
28,1,James Van Der Beek,21.0,7.0,3,active,5,rank,False,0.1065989847715736,0.3
28,1,Kel Mitchell,16.0,5.333333333333333,3,active,2,rank,True,0.08121827411167512,0.3
28,1,Ray Lewis,15.0,5.0,3,active,11,rank,False,0.07614213197969544,0.3
28,1,Lamar Odom,11.0,3.6666666666666665,3,active,10,rank,False,0.05583756345177665,0.3
28,1,Sailor Brinkley-Cook,18.0,6.0,3,active,9,rank,False,0.09137055837563451,0.3
28,1,Sean Spicer,12.0,4.0,3,active,6,rank,False,0.06091370558375635,0.3
28,1,Mary Wilson,17.0,5.666666666666667,3,active,12,rank,False,0.08629441624365482,0.3
28,1,Lauren Alaina,19.0,6.333333333333333,3,active,4,rank,False,0.09644670050761421,0.3
28,1,Ally Brooke,16.0,5.333333333333333,3,active,3,rank,True,0.08121827411167512,0.3
28,1,Karamo Brown,17.0,5.666666666666667,3,active,8,rank,False,0.08629441624365482,0.3
28,1,Hannah Brown,20.0,6.666666666666667,3,active,1,rank,True,0.10152284263959391,0.3
28,2,Kate Flannery,21.0,7.0,3,active,7,rank,False,0.14102564102564102,0.7
28,2,James Van Der Beek,20.0,6.666666666666667,3,active,5,rank,False,0.1282051282051282,0.7
28,2,Kel Mitchell,20.0,6.666666666666667,3,active,2,rank,True,0.10256410256410256,0.7
28,2,Ray Lewis,15.0,5.0,3,active,11,rank,False,0.02564102564102564,0.7
28,2,Lamar Odom,12.0,4.0,3,active,10,rank,False,0.01282051282051282,0.7
28,2,Sailor Brinkley-Cook,18.0,6.0,3,active,9,rank,False,0.05128205128205128,0.7
28,2,Sean Spicer,16.0,5.333333333333333,3,active,6,rank,False,0.038461538461538464,0.7
28,2,Mary Wilson,15.0,5.0,3,eliminated_this_week,12,rank,False,0.11538461538461539,0.7
28,2,Lauren Alaina,19.0,6.333333333333333,3,active,4,rank,False,0.07692307692307693,0.7
28,2,Ally Brooke,20.0,6.666666666666667,3,active,3,rank,True,0.08974358974358974,0.7
28,2,Karamo Brown,19.0,6.333333333333333,3,active,8,rank,False,0.0641025641025641,0.7
28,2,Hannah Brown,24.0,8.0,3,active,1,rank,True,0.15384615384615385,0.7
28,3,Kate Flannery,24.0,8.0,3,active,7,rank,False,0.12121212121212122,0.3
28,3,James Van Der Beek,23.0,7.666666666666667,3,active,5,rank,False,0.11616161616161616,0.3
28,3,Kel Mitchell,20.0,6.666666666666667,3,active,2,rank,True,0.10101010101010101,0.3
28,3,Lamar Odom,12.0,4.0,3,active,10,rank,False,0.06060606060606061,0.3
28,3,Sailor Brinkley-Cook,23.0,7.666666666666667,3,active,9,rank,False,0.11616161616161616,0.3
28,3,Sean Spicer,15.0,5.0,3,active,6,rank,False,0.07575757575757576,0.3
28,3,Lauren Alaina,20.0,6.666666666666667,3,active,4,rank,False,0.10101010101010101,0.3
28,3,Ally Brooke,24.0,8.0,3,active,3,rank,True,0.12121212121212122,0.3
28,3,Karamo Brown,16.0,5.333333333333333,3,active,8,rank,False,0.08080808080808081,0.3
28,3,Hannah Brown,21.0,7.0,3,active,1,rank,True,0.10606060606060606,0.3
28,4,Kate Flannery,26.0,6.5,4,active,7,rank,False,0.03636363636363636,0.7
28,4,James Van Der Beek,28.0,7.0,4,active,5,rank,False,0.07272727272727272,0.7
28,4,Kel Mitchell,32.0,8.0,4,active,2,rank,True,0.16363636363636364,0.7
28,4,Lamar Odom,20.0,5.0,4,eliminated_this_week,10,rank,False,0.18181818181818182,0.7
28,4,Sailor Brinkley-Cook,31.0,7.75,4,active,9,rank,False,0.09090909090909091,0.7
28,4,Sean Spicer,21.0,5.25,4,active,6,rank,False,0.01818181818181818,0.7
28,4,Lauren Alaina,32.0,8.0,4,active,4,rank,False,0.14545454545454545,0.7
28,4,Ally Brooke,32.0,8.0,4,active,3,rank,True,0.12727272727272726,0.7
28,4,Karamo Brown,28.0,7.0,4,active,8,rank,False,0.05454545454545454,0.7
28,4,Hannah Brown,32.0,8.0,4,active,1,rank,True,0.10909090909090909,0.7
28,5,Kate Flannery,24.0,8.0,3,active,7,rank,False,0.11162790697674418,0.3
28,5,James Van Der Beek,26.0,8.666666666666666,3,active,5,rank,False,0.12093023255813953,0.3
28,5,Kel Mitchell,26.0,8.666666666666666,3,active,2,rank,True,0.12093023255813953,0.3
28,5,Sailor Brinkley-Cook,24.0,8.0,3,active,9,rank,False,0.11162790697674418,0.3
28,5,Sean Spicer,19.0,6.333333333333333,3,active,6,rank,False,0.08837209302325581,0.3
28,5,Lauren Alaina,23.0,7.666666666666667,3,active,4,rank,False,0.10697674418604651,0.3
28,5,Ally Brooke,27.0,9.0,3,active,3,rank,True,0.12558139534883722,0.3
28,5,Karamo Brown,21.0,7.0,3,active,8,rank,False,0.09767441860465116,0.3
28,5,Hannah Brown,25.0,8.333333333333334,3,active,1,rank,True,0.11627906976744186,0.3
28,6,Kate Flannery,27.0,9.0,3,active,7,rank,False,0.2,0.7
28,6,James Van Der Beek,27.0,9.0,3,active,5,rank,False,0.17777777777777778,0.7
28,6,Kel Mitchell,26.0,8.666666666666666,3,active,2,rank,True,0.15555555555555556,0.7
28,6,Sailor Brinkley-Cook,27.0,9.0,3,eliminated_this_week,9,rank,False,0.022222222222222223,0.7
28,6,Sean Spicer,21.0,7.0,3,active,6,rank,False,0.044444444444444446,0.7
28,6,Lauren Alaina,26.0,8.666666666666666,3,active,4,rank,False,0.13333333333333333,0.7
28,6,Ally Brooke,25.0,8.333333333333334,3,active,3,rank,True,0.1111111111111111,0.7
28,6,Karamo Brown,25.0,8.333333333333334,3,active,8,rank,False,0.08888888888888889,0.7
28,6,Hannah Brown,24.0,8.0,3,active,1,rank,True,0.06666666666666667,0.7
28,7,Kate Flannery,24.0,8.0,3,active,7,rank,False,0.05555555555555555,0.7
28,7,James Van Der Beek,27.0,9.0,3,active,5,rank,False,0.2222222222222222,0.7
28,7,Kel Mitchell,25.5,8.5,3,active,2,rank,True,0.08333333333333333,0.7
28,7,Sean Spicer,21.0,7.0,3,active,6,rank,False,0.027777777777777776,0.7
28,7,Lauren Alaina,27.0,9.0,3,active,4,rank,False,0.19444444444444445,0.7
28,7,Ally Brooke,27.0,9.0,3,active,3,rank,True,0.16666666666666666,0.7
28,7,Karamo Brown,24.5,8.166666666666666,3,eliminated_this_week,8,rank,False,0.1388888888888889,0.7
28,7,Hannah Brown,26.0,8.666666666666666,3,active,1,rank,True,0.1111111111111111,0.7
28,8,Kate Flannery,25.9998,8.6666,3,eliminated_this_week,7,rank,False,0.14285714285714285,0.7
28,8,James Van Der Beek,31.9998,10.6666,3,active,5,rank,False,0.25,0.7
28,8,Kel Mitchell,29.9998,9.999933333333333,3,active,2,rank,True,0.10714285714285714,0.7
28,8,Sean Spicer,20.0,6.666666666666667,3,active,6,rank,False,0.03571428571428571,0.7
28,8,Lauren Alaina,24.0,8.0,3,active,4,rank,False,0.07142857142857142,0.7
28,8,Ally Brooke,30.0,10.0,3,active,3,rank,True,0.17857142857142858,0.7
28,8,Hannah Brown,30.9998,10.333266666666667,3,active,1,rank,True,0.21428571428571427,0.7
28,9,James Van Der Beek,36.0,9.0,4,active,5,rank,False,0.14285714285714285,0.7
28,9,Kel Mitchell,37.0,9.25,4,active,2,rank,True,0.19047619047619047,0.7
28,9,Sean Spicer,25.0,6.25,4,eliminated_this_week,6,rank,False,0.2857142857142857,0.7
28,9,Lauren Alaina,35.0,8.75,4,active,4,rank,False,0.047619047619047616,0.7
28,9,Ally Brooke,40.0,10.0,4,active,3,rank,True,0.23809523809523808,0.7
28,9,Hannah Brown,35.5,8.875,4,active,1,rank,True,0.09523809523809523,0.7
28,10,James Van Der Beek,25.5,8.5,3,eliminated_this_week,5,rank,False,0.3333333333333333,0.7
28,10,Kel Mitchell,28.5,9.5,3,active,2,rank,True,0.2,0.7
28,10,Lauren Alaina,27.0,9.0,3,active,4,rank,False,0.13333333333333333,0.7
28,10,Ally Brooke,29.5,9.833333333333334,3,active,3,rank,True,0.26666666666666666,0.7
28,10,Hannah Brown,27.0,9.0,3,active,1,rank,True,0.06666666666666667,0.7
28,11,Kel Mitchell,29.5,9.833333333333334,3,active,2,rank,True,0.25213675213675213,0.3
28,11,Lauren Alaina,28.5,9.5,3,active,4,rank,False,0.24358974358974358,0.3
28,11,Ally Brooke,30.0,10.0,3,active,3,rank,True,0.2564102564102564,0.3
28,11,Hannah Brown,29.0,9.666666666666666,3,active,1,rank,True,0.24786324786324787,0.3
29,1,Anne Heche,18.0,6.0,3,active,13,rank,False,0.06923076923076923,0.3
29,1,Jesse Metcalfe,18.0,6.0,3,active,12,rank,False,0.06923076923076923,0.3
29,1,Chrishell Stause,13.0,4.333333333333333,3,active,8,rank,False,0.05,0.3
29,1,Skai Jackson,21.0,7.0,3,active,5,rank,False,0.08076923076923077,0.3
29,1,Justina Machado,21.0,7.0,3,active,4,rank,False,0.08076923076923077,0.3
29,1,Charles Oakley,12.0,4.0,3,active,15,rank,False,0.046153846153846156,0.3
29,1,Veron Davis,17.0,5.666666666666667,3,active,11,rank,False,0.06538461538461539,0.3
29,1,Johnny Weir,18.0,6.0,3,active,6,rank,False,0.06923076923076923,0.3
29,1,Nev Schulman,20.0,6.666666666666667,3,active,2,rank,True,0.07692307692307693,0.3
29,1,AJ McLean,18.0,6.0,3,active,7,rank,False,0.06923076923076923,0.3
29,1,Nelly,16.0,5.333333333333333,3,active,3,rank,True,0.06153846153846154,0.3
29,1,Kaitlyn Bristowe,20.0,6.666666666666667,3,active,1,rank,True,0.07692307692307693,0.3
29,1,Carole Baskin,11.0,3.6666666666666665,3,active,14,rank,False,0.04230769230769231,0.3
29,1,Monica Aldama,19.0,6.333333333333333,3,active,10,rank,False,0.07307692307692308,0.3
29,1,Jeannie Mai,18.0,6.0,3,active,9,rank,False,0.06923076923076923,0.3
29,2,Anne Heche,18.0,6.0,3,active,13,rank,False,0.075,0.7
29,2,Jesse Metcalfe,20.0,6.666666666666667,3,active,12,rank,False,0.09166666666666666,0.7
29,2,Chrishell Stause,18.0,6.0,3,active,8,rank,False,0.06666666666666667,0.7
29,2,Skai Jackson,15.0,5.0,3,active,5,rank,False,0.008333333333333333,0.7
29,2,Justina Machado,21.0,7.0,3,active,4,rank,False,0.10833333333333334,0.7
29,2,Charles Oakley,15.0,5.0,3,eliminated_this_week,15,rank,False,0.11666666666666667,0.7
29,2,Veron Davis,18.0,6.0,3,active,11,rank,False,0.058333333333333334,0.7
29,2,Johnny Weir,18.0,6.0,3,active,6,rank,False,0.05,0.7
29,2,Nev Schulman,21.0,7.0,3,active,2,rank,True,0.1,0.7
29,2,AJ McLean,19.0,6.333333333333333,3,active,7,rank,False,0.08333333333333333,0.7
29,2,Nelly,18.0,6.0,3,active,3,rank,True,0.041666666666666664,0.7
29,2,Kaitlyn Bristowe,22.0,7.333333333333333,3,active,1,rank,True,0.125,0.7
29,2,Carole Baskin,16.0,5.333333333333333,3,active,14,rank,False,0.025,0.7
29,2,Monica Aldama,16.0,5.333333333333333,3,active,10,rank,False,0.016666666666666666,0.7
29,2,Jeannie Mai,18.0,6.0,3,active,9,rank,False,0.03333333333333333,0.7
29,3,Anne Heche,15.0,5.0,3,active,13,rank,False,0.009523809523809525,0.7
29,3,Jesse Metcalfe,20.0,6.666666666666667,3,active,12,rank,False,0.047619047619047616,0.7
29,3,Chrishell Stause,22.0,7.333333333333333,3,active,8,rank,False,0.09523809523809523,0.7
29,3,Skai Jackson,18.0,6.0,3,active,5,rank,False,0.02857142857142857,0.7
29,3,Justina Machado,19.0,6.333333333333333,3,active,4,rank,False,0.0380952380952381,0.7
29,3,Veron Davis,22.0,7.333333333333333,3,active,11,rank,False,0.08571428571428572,0.7
29,3,Johnny Weir,24.0,8.0,3,active,6,rank,False,0.12380952380952381,0.7
29,3,Nev Schulman,24.0,8.0,3,active,2,rank,True,0.11428571428571428,0.7
29,3,AJ McLean,21.0,7.0,3,active,7,rank,False,0.06666666666666667,0.7
29,3,Nelly,18.0,6.0,3,active,3,rank,True,0.01904761904761905,0.7
29,3,Kaitlyn Bristowe,23.0,7.666666666666667,3,active,1,rank,True,0.10476190476190476,0.7
29,3,Carole Baskin,12.0,4.0,3,eliminated_this_week,14,rank,False,0.13333333333333333,0.7
29,3,Monica Aldama,21.0,7.0,3,active,10,rank,False,0.05714285714285714,0.7
29,3,Jeannie Mai,22.0,7.333333333333333,3,active,9,rank,False,0.0761904761904762,0.7
29,4,Anne Heche,21.0,7.0,3,eliminated_this_week,13,rank,False,0.1318681318681319,0.7
29,4,Jesse Metcalfe,21.0,7.0,3,active,12,rank,False,0.032967032967032975,0.7
29,4,Chrishell Stause,22.0,7.333333333333333,3,active,8,rank,False,0.05494505494505495,0.7
29,4,Skai Jackson,28.0,9.333333333333334,3,active,5,rank,False,0.14285714285714288,0.7
29,4,Justina Machado,24.0,8.0,3,active,4,rank,False,0.1098901098901099,0.7
29,4,Veron Davis,22.0,7.333333333333333,3,active,11,rank,False,0.043956043956043966,0.7
29,4,Johnny Weir,24.0,8.0,3,active,6,rank,False,0.09890109890109891,0.7
29,4,Nev Schulman,24.0,8.0,3,active,2,rank,True,0.08791208791208793,0.7
29,4,AJ McLean,24.0,8.0,3,active,7,rank,False,0.07692307692307694,0.7
29,4,Nelly,21.0,7.0,3,active,3,rank,True,0.021978021978021983,0.7
29,4,Kaitlyn Bristowe,25.0,8.333333333333334,3,active,1,rank,True,0.1208791208791209,0.7
29,4,Monica Aldama,24.0,8.0,3,active,10,rank,False,0.06593406593406595,0.7
29,4,Jeannie Mai,21.0,7.0,3,active,9,rank,False,0.010989010989010992,0.7
29,5,Jesse Metcalfe,19.0,6.333333333333333,3,eliminated_this_week,12,rank,False,0.14102564102564102,0.7
29,5,Chrishell Stause,19.0,6.333333333333333,3,active,8,rank,False,0.01282051282051282,0.7
29,5,Skai Jackson,24.0,8.0,3,active,5,rank,False,0.08974358974358974,0.7
29,5,Justina Machado,24.0,8.0,3,active,4,rank,False,0.07692307692307693,0.7
29,5,Veron Davis,21.0,7.0,3,active,11,rank,False,0.02564102564102564,0.7
29,5,Johnny Weir,29.0,9.666666666666666,3,active,6,rank,False,0.15384615384615385,0.7
29,5,Nev Schulman,26.0,8.666666666666666,3,active,2,rank,True,0.11538461538461539,0.7
29,5,AJ McLean,24.0,8.0,3,active,7,rank,False,0.0641025641025641,0.7
29,5,Nelly,24.0,8.0,3,active,3,rank,True,0.05128205128205128,0.7
29,5,Kaitlyn Bristowe,27.0,9.0,3,active,1,rank,True,0.1282051282051282,0.7
29,5,Monica Aldama,26.0,8.666666666666666,3,active,10,rank,False,0.10256410256410256,0.7
29,5,Jeannie Mai,24.0,8.0,3,active,9,rank,False,0.038461538461538464,0.7
29,6,Chrishell Stause,24.0,8.0,3,active,8,rank,False,0.06060606060606061,0.7
29,6,Skai Jackson,18.0,6.0,3,active,5,rank,False,0.015151515151515152,0.7
29,6,Justina Machado,27.0,9.0,3,active,4,rank,False,0.16666666666666666,0.7
29,6,Veron Davis,21.0,7.0,3,eliminated_this_week,11,rank,False,0.13636363636363635,0.7
29,6,Johnny Weir,22.0,7.333333333333333,3,active,6,rank,False,0.030303030303030304,0.7
29,6,Nev Schulman,26.0,8.666666666666666,3,active,2,rank,True,0.09090909090909091,0.7
29,6,AJ McLean,27.0,9.0,3,active,7,rank,False,0.15151515151515152,0.7
29,6,Nelly,24.0,8.0,3,active,3,rank,True,0.045454545454545456,0.7
29,6,Kaitlyn Bristowe,27.0,9.0,3,active,1,rank,True,0.12121212121212122,0.7
29,6,Monica Aldama,27.0,9.0,3,active,10,rank,False,0.10606060606060606,0.7
29,6,Jeannie Mai,25.0,8.333333333333334,3,active,9,rank,False,0.07575757575757576,0.7
29,7,Chrishell Stause,26.0,8.666666666666666,3,active,8,rank,False,0.09090909090909091,0.7
29,7,Skai Jackson,27.0,9.0,3,active,5,rank,False,0.14545454545454545,0.7
29,7,Justina Machado,26.0,8.666666666666666,3,active,4,rank,False,0.07272727272727272,0.7
29,7,Johnny Weir,27.0,9.0,3,active,6,rank,False,0.12727272727272726,0.7
29,7,Nev Schulman,30.0,10.0,3,active,2,rank,True,0.16363636363636364,0.7
29,7,AJ McLean,26.0,8.666666666666666,3,active,7,rank,False,0.05454545454545454,0.7
29,7,Nelly,27.0,9.0,3,active,3,rank,True,0.10909090909090909,0.7
29,7,Kaitlyn Bristowe,24.0,8.0,3,active,1,rank,True,0.01818181818181818,0.7
29,7,Monica Aldama,22.0,7.333333333333333,3,eliminated_this_week,10,rank,False,0.18181818181818182,0.7
29,7,Jeannie Mai,25.0,8.333333333333334,3,active,9,rank,False,0.03636363636363636,0.7
29,8,Chrishell Stause,27.0,9.0,3,eliminated_this_week,8,rank,False,0.1111111111111111,0.7
29,8,Skai Jackson,26.9998,8.999933333333333,3,active,5,rank,False,0.05555555555555555,0.7
29,8,Justina Machado,28.9998,9.6666,3,active,4,rank,False,0.16666666666666666,0.7
29,8,Johnny Weir,30.0,10.0,3,active,6,rank,False,0.2222222222222222,0.7
29,8,Nev Schulman,30.0,10.0,3,active,2,rank,True,0.19444444444444445,0.7
29,8,AJ McLean,27.0,9.0,3,active,7,rank,False,0.08333333333333333,0.7
29,8,Nelly,24.0,8.0,3,active,3,rank,True,0.027777777777777776,0.7
29,8,Kaitlyn Bristowe,28.0,9.333333333333334,3,active,1,rank,True,0.1388888888888889,0.7
29,9,Skai Jackson,28.9998,9.6666,3,active,5,rank,False,0.14285714285714285,0.7
29,9,Justina Machado,25.9998,8.6666,3,active,4,rank,False,0.07142857142857142,0.7
29,9,Johnny Weir,30.0,10.0,3,active,6,rank,False,0.25,0.7
29,9,Nev Schulman,28.9998,9.6666,3,active,2,rank,True,0.10714285714285714,0.7
29,9,AJ McLean,24.9998,8.333266666666667,3,eliminated_this_week,7,rank,False,0.17857142857142858,0.7
29,9,Nelly,24.0,8.0,3,active,3,rank,True,0.03571428571428571,0.7
29,9,Kaitlyn Bristowe,30.0,10.0,3,active,1,rank,True,0.21428571428571427,0.7
29,10,Skai Jackson,28.5,9.5,3,eliminated_this_week,5,rank,False,0.11904761904761904,0.7
29,10,Justina Machado,29.0,9.666666666666666,3,active,4,rank,False,0.19047619047619047,0.7
29,10,Johnny Weir,28.5,9.5,3,eliminated_this_week,6,rank,False,0.11904761904761904,0.7
29,10,Nev Schulman,30.0,10.0,3,active,2,rank,True,0.2857142857142857,0.7
29,10,Nelly,28.0,9.333333333333334,3,active,3,rank,True,0.047619047619047616,0.7
29,10,Kaitlyn Bristowe,30.0,10.0,3,active,1,rank,True,0.23809523809523808,0.7
29,11,Justina Machado,30.0,10.0,3,active,4,rank,False,0.25316455696202533,0.3
29,11,Nev Schulman,30.0,10.0,3,active,2,rank,True,0.25316455696202533,0.3
29,11,Nelly,28.5,9.5,3,active,3,rank,True,0.24050632911392406,0.3
29,11,Kaitlyn Bristowe,30.0,10.0,3,active,1,rank,True,0.25316455696202533,0.3
30,1,Martin Kove,13.0,3.25,4,active,15,rank,False,0.03551912568306011,0.3
30,1,Brian Austin Green,24.0,6.0,4,active,13,rank,False,0.06557377049180328,0.3
30,1,Melora Hardin,26.0,6.5,4,active,6,rank,False,0.07103825136612021,0.3
30,1,Matt James,24.0,6.0,4,active,12,rank,False,0.06557377049180328,0.3
30,1,"Mike ""The Miz"" Mizanin",24.0,6.0,4,active,9,rank,False,0.06557377049180328,0.3
30,1,Suni Lee,28.0,7.0,4,active,5,rank,False,0.07650273224043716,0.3
30,1,Iman Shumpert,21.0,5.25,4,active,1,rank,True,0.05737704918032787,0.3
30,1,Cody Rigsby,24.0,6.0,4,active,3,rank,True,0.06557377049180328,0.3
30,1,Melanie C,27.0,6.75,4,active,11,rank,False,0.07377049180327869,0.3
30,1,Jimmie Allen,22.0,5.5,4,active,7,rank,False,0.060109289617486336,0.3
30,1,Olivia Jade,25.0,6.25,4,active,8,rank,False,0.06830601092896176,0.3
30,1,JoJo Siwa,29.0,7.25,4,active,2,rank,True,0.07923497267759563,0.3
30,1,Christine Chiu,25.0,6.25,4,active,14,rank,False,0.06830601092896176,0.3
30,1,Kenya Moore,26.0,6.5,4,active,10,rank,False,0.07103825136612021,0.3
30,1,Amanda Kloots,28.0,7.0,4,active,4,rank,False,0.07650273224043716,0.3
30,2,Martin Kove,15.0,3.75,4,eliminated_this_week,15,rank,False,0.125,0.7
30,2,Brian Austin Green,23.0,5.75,4,active,13,rank,False,0.016666666666666666,0.7
30,2,Melora Hardin,27.0,6.75,4,active,6,rank,False,0.08333333333333333,0.7
30,2,Matt James,22.0,5.5,4,active,12,rank,False,0.008333333333333333,0.7
30,2,"Mike ""The Miz"" Mizanin",26.0,6.5,4,active,9,rank,False,0.058333333333333334,0.7
30,2,Suni Lee,28.0,7.0,4,active,5,rank,False,0.09166666666666666,0.7
30,2,Iman Shumpert,25.0,6.25,4,active,1,rank,True,0.05,0.7
30,2,Cody Rigsby,24.0,6.0,4,active,3,rank,True,0.041666666666666664,0.7
30,2,Melanie C,30.0,7.5,4,active,11,rank,False,0.1,0.7
30,2,Jimmie Allen,27.0,6.75,4,active,7,rank,False,0.075,0.7
30,2,Olivia Jade,27.0,6.75,4,active,8,rank,False,0.06666666666666667,0.7
30,2,JoJo Siwa,31.0,7.75,4,active,2,rank,True,0.10833333333333334,0.7
30,2,Christine Chiu,24.0,6.0,4,active,14,rank,False,0.03333333333333333,0.7
30,2,Kenya Moore,24.0,6.0,4,active,10,rank,False,0.025,0.7
30,2,Amanda Kloots,32.0,8.0,4,active,4,rank,False,0.11666666666666667,0.7
30,3,Brian Austin Green,19.0,6.333333333333333,3,active,13,rank,False,0.02857142857142857,0.7
30,3,Melora Hardin,23.0,7.666666666666667,3,active,6,rank,False,0.10476190476190476,0.7
30,3,Matt James,20.0,6.666666666666667,3,active,12,rank,False,0.047619047619047616,0.7
30,3,"Mike ""The Miz"" Mizanin",22.0,7.333333333333333,3,active,9,rank,False,0.09523809523809523,0.7
30,3,Suni Lee,21.0,7.0,3,active,5,rank,False,0.0761904761904762,0.7
30,3,Iman Shumpert,19.0,6.333333333333333,3,active,1,rank,True,0.01904761904761905,0.7
30,3,Cody Rigsby,18.0,6.0,3,active,3,rank,True,0.009523809523809525,0.7
30,3,Melanie C,22.0,7.333333333333333,3,active,11,rank,False,0.08571428571428572,0.7
30,3,Jimmie Allen,20.0,6.666666666666667,3,active,7,rank,False,0.0380952380952381,0.7
30,3,Olivia Jade,24.0,8.0,3,active,8,rank,False,0.13333333333333333,0.7
30,3,JoJo Siwa,24.0,8.0,3,active,2,rank,True,0.12380952380952381,0.7
30,3,Christine Chiu,21.0,7.0,3,eliminated_this_week,14,rank,False,0.05714285714285714,0.7
30,3,Kenya Moore,21.0,7.0,3,active,10,rank,False,0.06666666666666667,0.7
30,3,Amanda Kloots,24.0,8.0,3,active,4,rank,False,0.11428571428571428,0.7
30,4,Brian Austin Green,26.0,6.5,4,eliminated_this_week,13,rank,False,0.07692307692307691,0.7
30,4,Melora Hardin,36.5,9.125,4,active,6,rank,False,0.13736263736263737,0.7
30,4,Matt James,28.5,7.125,4,eliminated_this_week,12,rank,False,0.06593406593406594,0.7
30,4,"Mike ""The Miz"" Mizanin",32.5,8.125,4,active,9,rank,False,0.06593406593406594,0.7
30,4,Suni Lee,34.0,8.5,4,active,5,rank,False,0.0989010989010989,0.7
30,4,Iman Shumpert,31.5,7.875,4,active,1,rank,True,0.04395604395604396,0.7
30,4,Cody Rigsby,29.0,7.25,4,active,3,rank,True,0.02197802197802198,0.7
30,4,Melanie C,33.0,8.25,4,active,11,rank,False,0.07692307692307693,0.7
30,4,Jimmie Allen,32.5,8.125,4,active,7,rank,False,0.054945054945054944,0.7
30,4,Olivia Jade,35.0,8.75,4,active,8,rank,False,0.12637362637362637,0.7
30,4,JoJo Siwa,35.0,8.75,4,active,2,rank,True,0.10989010989010989,0.7
30,4,Kenya Moore,29.5,7.375,4,active,10,rank,False,0.03296703296703297,0.7
30,4,Amanda Kloots,34.0,8.5,4,active,4,rank,False,0.08791208791208792,0.7
30,5,Melora Hardin,36.0,9.0,4,active,6,rank,False,0.13636363636363638,0.7
30,5,"Mike ""The Miz"" Mizanin",32.0,8.0,4,active,9,rank,False,0.060606060606060615,0.7
30,5,Suni Lee,36.0,9.0,4,active,5,rank,False,0.12121212121212123,0.7
30,5,Iman Shumpert,28.0,7.0,4,active,1,rank,True,0.015151515151515154,0.7
30,5,Cody Rigsby,32.0,8.0,4,active,3,rank,True,0.04545454545454546,0.7
30,5,Melanie C,36.0,9.0,4,eliminated_this_week,11,rank,False,0.030303030303030307,0.7
30,5,Jimmie Allen,34.0,8.5,4,active,7,rank,False,0.07575757575757577,0.7
30,5,Olivia Jade,36.0,9.0,4,active,8,rank,False,0.10606060606060608,0.7
30,5,JoJo Siwa,40.0,10.0,4,active,2,rank,True,0.16666666666666669,0.7
30,5,Kenya Moore,36.0,9.0,4,active,10,rank,False,0.09090909090909093,0.7
30,5,Amanda Kloots,39.0,9.75,4,active,4,rank,False,0.15151515151515155,0.7
30,6,Melora Hardin,34.0,8.5,4,active,6,rank,False,0.03636363636363636,0.7
30,6,"Mike ""The Miz"" Mizanin",34.0,8.5,4,active,9,rank,False,0.01818181818181818,0.7
30,6,Suni Lee,36.0,9.0,4,active,5,rank,False,0.09090909090909091,0.7
30,6,Iman Shumpert,40.0,10.0,4,active,1,rank,True,0.16363636363636364,0.7
30,6,Cody Rigsby,36.0,9.0,4,active,3,rank,True,0.07272727272727272,0.7
30,6,Jimmie Allen,38.0,9.5,4,active,7,rank,False,0.12727272727272726,0.7
30,6,Olivia Jade,36.0,9.0,4,active,8,rank,False,0.05454545454545454,0.7
30,6,JoJo Siwa,40.0,10.0,4,active,2,rank,True,0.14545454545454545,0.7
30,6,Kenya Moore,32.0,8.0,4,eliminated_this_week,10,rank,False,0.18181818181818182,0.7
30,6,Amanda Kloots,38.0,9.5,4,active,4,rank,False,0.10909090909090909,0.7
30,7,Melora Hardin,38.0,9.5,4,active,6,rank,False,0.13333333333333333,0.7
30,7,"Mike ""The Miz"" Mizanin",32.0,8.0,4,eliminated_this_week,9,rank,False,0.2,0.7
30,7,Suni Lee,34.0,8.5,4,active,5,rank,False,0.06666666666666667,0.7
30,7,Iman Shumpert,34.0,8.5,4,active,1,rank,True,0.044444444444444446,0.7
30,7,Cody Rigsby,36.0,9.0,4,active,3,rank,True,0.08888888888888889,0.7
30,7,Jimmie Allen,38.0,9.5,4,active,7,rank,False,0.1111111111111111,0.7
30,7,Olivia Jade,42.0,10.5,4,active,8,rank,False,0.17777777777777778,0.7
30,7,JoJo Siwa,39.0,9.75,4,active,2,rank,True,0.15555555555555556,0.7
30,7,Amanda Kloots,34.0,8.5,4,active,4,rank,False,0.022222222222222223,0.7
30,8,Melora Hardin,42.0,10.5,4,active,6,rank,False,0.20833333333333331,0.7
30,8,Suni Lee,42.0,10.5,4,active,5,rank,False,0.18055555555555555,0.7
30,8,Iman Shumpert,35.0,8.75,4,active,1,rank,True,0.041666666666666664,0.7
30,8,Cody Rigsby,38.0,9.5,4,active,3,rank,True,0.08333333333333333,0.7
30,8,Jimmie Allen,32.0,8.0,4,eliminated_this_week,7,rank,False,0.125,0.7
30,8,Olivia Jade,36.0,9.0,4,eliminated_this_week,8,rank,False,0.09722222222222222,0.7
30,8,JoJo Siwa,41.0,10.25,4,active,2,rank,True,0.1111111111111111,0.7
30,8,Amanda Kloots,42.0,10.5,4,active,4,rank,False,0.1527777777777778,0.7
30,9,Melora Hardin,36.0,9.0,4,eliminated_this_week,6,rank,False,0.16666666666666666,0.7
30,9,Suni Lee,37.5,9.375,4,eliminated_this_week,5,rank,False,0.11904761904761904,0.7
30,9,Iman Shumpert,37.5,9.375,4,active,1,rank,True,0.14285714285714285,0.7
30,9,Cody Rigsby,35.5,8.875,4,active,3,rank,True,0.047619047619047616,0.7
30,9,JoJo Siwa,40.0,10.0,4,active,2,rank,True,0.2857142857142857,0.7
30,9,Amanda Kloots,39.5,9.875,4,active,4,rank,False,0.23809523809523808,0.7
30,10,Iman Shumpert,40.0,10.0,4,active,1,rank,True,0.25477707006369427,0.3
30,10,Cody Rigsby,38.0,9.5,4,active,3,rank,True,0.24203821656050956,0.3
30,10,JoJo Siwa,40.0,10.0,4,active,2,rank,True,0.25477707006369427,0.3
30,10,Amanda Kloots,39.0,9.75,4,active,4,rank,False,0.2484076433121019,0.3
31,1,Jason Lewis,18.0,4.5,4,eliminated_this_week,16,rank,False,0.10294117647058823,0.7
31,1,Cheryl Ladd,21.0,5.25,4,active,14,rank,False,0.04411764705882353,0.7
31,1,Selma Blair,28.0,7.0,4,active,12,rank,False,0.09558823529411764,0.7
31,1,Joseph Baena,23.0,5.75,4,active,11,rank,False,0.051470588235294115,0.7
31,1,Trevor Donovan,21.0,5.25,4,active,6,rank,False,0.03676470588235294,0.7
31,1,Daniel Durant,27.0,6.75,4,active,5,rank,False,0.07352941176470588,0.7
31,1,Wayne Brady,29.0,7.25,4,active,3,rank,True,0.11029411764705882,0.7
31,1,Sam Champion,20.0,5.0,4,active,13,rank,False,0.029411764705882353,0.7
31,1,Jessie James Decker,20.0,5.0,4,active,10,rank,False,0.022058823529411766,0.7
31,1,Jordin Sparks,26.0,6.5,4,active,9,rank,False,0.0661764705882353,0.7
31,1,Heidi D'Amelio,24.0,6.0,4,active,8,rank,False,0.058823529411764705,0.7
31,1,Charli D'Amelio,32.0,8.0,4,active,1,rank,True,0.11764705882352941,0.7
31,1,Teresa Giudice,20.0,5.0,4,active,15,rank,False,0.014705882352941176,0.7
31,1,Vinny Guadagnino,17.0,4.25,4,active,7,rank,False,0.007352941176470588,0.7
31,1,Shangela,28.0,7.0,4,active,4,rank,False,0.08823529411764706,0.7
31,1,Gabby Windey,28.0,7.0,4,active,2,rank,True,0.08088235294117647,0.7
31,2,Cheryl Ladd,21.0,5.25,4,active,14,rank,False,0.008333333333333333,0.7
31,2,Selma Blair,28.0,7.0,4,active,12,rank,False,0.075,0.7
31,2,Joseph Baena,24.0,6.0,4,active,11,rank,False,0.016666666666666666,0.7
31,2,Trevor Donovan,30.0,7.5,4,active,6,rank,False,0.09166666666666666,0.7
31,2,Daniel Durant,29.0,7.25,4,active,5,rank,False,0.08333333333333333,0.7
31,2,Wayne Brady,32.0,8.0,4,active,3,rank,True,0.125,0.7
31,2,Sam Champion,26.0,6.5,4,active,13,rank,False,0.03333333333333333,0.7
31,2,Jessie James Decker,25.0,6.25,4,active,10,rank,False,0.025,0.7
31,2,Jordin Sparks,27.0,6.75,4,active,9,rank,False,0.05,0.7
31,2,Heidi D'Amelio,28.0,7.0,4,active,8,rank,False,0.06666666666666667,0.7
31,2,Charli D'Amelio,32.0,8.0,4,active,1,rank,True,0.11666666666666667,0.7
31,2,Teresa Giudice,23.0,5.75,4,eliminated_this_week,15,rank,False,0.10833333333333334,0.7
31,2,Vinny Guadagnino,27.0,6.75,4,active,7,rank,False,0.041666666666666664,0.7
31,2,Shangela,28.0,7.0,4,active,4,rank,False,0.058333333333333334,0.7
31,2,Gabby Windey,32.0,8.0,4,active,2,rank,True,0.1,0.7
31,3,Cheryl Ladd,24.0,6.0,4,eliminated_this_week,14,rank,False,0.1142857142857143,0.7
31,3,Selma Blair,28.0,7.0,4,active,12,rank,False,0.04761904761904762,0.7
31,3,Joseph Baena,29.0,7.25,4,active,11,rank,False,0.06666666666666668,0.7
31,3,Trevor Donovan,27.0,6.75,4,active,6,rank,False,0.038095238095238106,0.7
31,3,Daniel Durant,31.0,7.75,4,active,5,rank,False,0.08571428571428573,0.7
31,3,Wayne Brady,33.0,8.25,4,active,3,rank,True,0.13333333333333336,0.7
31,3,Sam Champion,25.0,6.25,4,active,13,rank,False,0.019047619047619053,0.7
31,3,Jessie James Decker,26.0,6.5,4,active,10,rank,False,0.028571428571428574,0.7
31,3,Jordin Sparks,29.0,7.25,4,active,9,rank,False,0.05714285714285715,0.7
31,3,Heidi D'Amelio,32.0,8.0,4,active,8,rank,False,0.09523809523809525,0.7
31,3,Charli D'Amelio,33.0,8.25,4,active,1,rank,True,0.12380952380952383,0.7
31,3,Vinny Guadagnino,23.0,5.75,4,active,7,rank,False,0.009523809523809526,0.7
31,3,Shangela,30.0,7.5,4,active,4,rank,False,0.07619047619047621,0.7
31,3,Gabby Windey,33.0,8.25,4,active,2,rank,True,0.10476190476190478,0.7
31,4,Selma Blair,32.0,8.0,4,active,12,rank,False,0.07692307692307693,0.7
31,4,Joseph Baena,28.0,7.0,4,active,11,rank,False,0.02197802197802198,0.7
31,4,Trevor Donovan,28.0,7.0,4,active,6,rank,False,0.01098901098901099,0.7
31,4,Daniel Durant,29.0,7.25,4,active,5,rank,False,0.04395604395604396,0.7
31,4,Wayne Brady,36.0,9.0,4,active,3,rank,True,0.13186813186813187,0.7
31,4,Sam Champion,25.0,6.25,4,eliminated_this_week,13,rank,False,0.14285714285714285,0.7
31,4,Jessie James Decker,31.0,7.75,4,active,10,rank,False,0.054945054945054944,0.7
31,4,Jordin Sparks,34.0,8.5,4,active,9,rank,False,0.0989010989010989,0.7
31,4,Heidi D'Amelio,34.0,8.5,4,active,8,rank,False,0.08791208791208792,0.7
31,4,Charli D'Amelio,36.0,9.0,4,active,1,rank,True,0.12087912087912088,0.7
31,4,Vinny Guadagnino,29.0,7.25,4,active,7,rank,False,0.03296703296703297,0.7
31,4,Shangela,32.0,8.0,4,active,4,rank,False,0.06593406593406594,0.7
31,4,Gabby Windey,36.0,9.0,4,active,2,rank,True,0.10989010989010989,0.7
31,5,Selma Blair,40.0,10.0,4,active,12,rank,False,0.10256410256410256,0.7
31,5,Joseph Baena,35.0,8.75,4,eliminated_this_week,11,rank,False,0.11538461538461539,0.7
31,5,Trevor Donovan,36.0,9.0,4,active,6,rank,False,0.0641025641025641,0.7
31,5,Daniel Durant,33.5,8.375,4,active,5,rank,False,0.02564102564102564,0.7
31,5,Wayne Brady,41.0,10.25,4,active,3,rank,True,0.14102564102564102,0.7
31,5,Jessie James Decker,36.0,9.0,4,active,10,rank,False,0.05128205128205128,0.7
31,5,Jordin Sparks,35.5,8.875,4,active,9,rank,False,0.038461538461538464,0.7
31,5,Heidi D'Amelio,39.0,9.75,4,active,8,rank,False,0.08974358974358974,0.7
31,5,Charli D'Amelio,42.0,10.5,4,active,1,rank,True,0.15384615384615385,0.7
31,5,Vinny Guadagnino,31.0,7.75,4,active,7,rank,False,0.01282051282051282,0.7
31,5,Shangela,38.5,9.625,4,active,4,rank,False,0.07692307692307693,0.7
31,5,Gabby Windey,41.0,10.25,4,active,2,rank,True,0.1282051282051282,0.7
31,6,Trevor Donovan,34.0,8.5,4,active,6,rank,False,0.09090909090909091,0.7
31,6,Daniel Durant,34.0,8.5,4,active,5,rank,False,0.07272727272727272,0.7
31,6,Wayne Brady,34.0,8.5,4,active,3,rank,True,0.05454545454545454,0.7
31,6,Jessie James Decker,32.0,8.0,4,eliminated_this_week,10,rank,False,0.14545454545454545,0.7
31,6,Jordin Sparks,34.0,8.5,4,active,9,rank,False,0.03636363636363636,0.7
31,6,Heidi D'Amelio,36.0,9.0,4,active,8,rank,False,0.12727272727272726,0.7
31,6,Charli D'Amelio,40.0,10.0,4,active,1,rank,True,0.18181818181818182,0.7
31,6,Vinny Guadagnino,28.0,7.0,4,active,7,rank,False,0.01818181818181818,0.7
31,6,Shangela,36.0,9.0,4,active,4,rank,False,0.10909090909090909,0.7
31,6,Gabby Windey,37.0,9.25,4,active,2,rank,True,0.16363636363636364,0.7
31,7,Trevor Donovan,39.0,9.75,4,active,6,rank,False,0.2,0.7
31,7,Daniel Durant,36.5,9.125,4,active,5,rank,False,0.1111111111111111,0.7
31,7,Wayne Brady,38.0,9.5,4,active,3,rank,True,0.13333333333333333,0.7
31,7,Jordin Sparks,34.5,8.625,4,eliminated_this_week,9,rank,False,0.15555555555555556,0.7
31,7,Heidi D'Amelio,35.0,8.75,4,active,8,rank,False,0.044444444444444446,0.7
31,7,Charli D'Amelio,39.0,9.75,4,active,1,rank,True,0.17777777777777778,0.7
31,7,Vinny Guadagnino,31.5,7.875,4,active,7,rank,False,0.022222222222222223,0.7
31,7,Shangela,36.5,9.125,4,active,4,rank,False,0.08888888888888889,0.7
31,7,Gabby Windey,35.5,8.875,4,active,2,rank,True,0.06666666666666667,0.7
31,8,Trevor Donovan,39.0,9.75,4,active,6,rank,False,0.08333333333333333,0.7
31,8,Daniel Durant,39.0,9.75,4,active,5,rank,False,0.05555555555555555,0.7
31,8,Wayne Brady,45.0,11.25,4,active,3,rank,True,0.20833333333333331,0.7
31,8,Heidi D'Amelio,35.0,8.75,4,eliminated_this_week,8,rank,False,0.09722222222222221,0.7
31,8,Charli D'Amelio,45.0,11.25,4,active,1,rank,True,0.18055555555555555,0.7
31,8,Vinny Guadagnino,29.0,7.25,4,eliminated_this_week,7,rank,False,0.125,0.7
31,8,Shangela,42.0,10.5,4,active,4,rank,False,0.1388888888888889,0.7
31,8,Gabby Windey,40.0,10.0,4,active,2,rank,True,0.1111111111111111,0.7
31,9,Trevor Donovan,32.5,8.125,4,eliminated_this_week,6,rank,False,0.16666666666666666,0.7
31,9,Daniel Durant,34.5,8.625,4,eliminated_this_week,5,rank,False,0.11904761904761904,0.7
31,9,Wayne Brady,36.5,9.125,4,active,3,rank,True,0.14285714285714285,0.7
31,9,Charli D'Amelio,40.0,10.0,4,active,1,rank,True,0.26190476190476186,0.7
31,9,Shangela,36.5,9.125,4,active,4,rank,False,0.09523809523809523,0.7
31,9,Gabby Windey,40.0,10.0,4,active,2,rank,True,0.21428571428571427,0.7
31,10,Wayne Brady,38.0,9.5,4,active,3,rank,True,0.24358974358974358,0.3
31,10,Charli D'Amelio,40.0,10.0,4,active,1,rank,True,0.2564102564102564,0.3
31,10,Shangela,38.0,9.5,4,active,4,rank,False,0.24358974358974358,0.3
31,10,Gabby Windey,40.0,10.0,4,active,2,rank,True,0.2564102564102564,0.3
32,1,Jamie Lynn Spears,15.0,5.0,3,active,13,rank,False,0.04761904761904762,0.7
32,1,Mira Sorvino,17.0,5.666666666666667,3,active,10,rank,False,0.06666666666666668,0.7
32,1,Barry Williams,16.0,5.333333333333333,3,active,7,rank,False,0.05714285714285715,0.7
32,1,Alyson Hannigan,13.0,4.333333333333333,3,active,5,rank,False,0.028571428571428574,0.7
32,1,Xochitl Gomez,18.0,6.0,3,active,1,rank,True,0.08571428571428573,0.7
32,1,Adrian Peterson,18.0,6.0,3,active,11,rank,False,0.07619047619047621,0.7
32,1,Matt Walsh,12.0,4.0,3,eliminated_this_week,14,rank,False,0.12380952380952383,0.7
32,1,Tyson Beckford,12.0,4.0,3,active,12,rank,False,0.019047619047619053,0.7
32,1,Jason Mraz,21.0,7.0,3,active,2,rank,True,0.1142857142857143,0.7
32,1,Lele Pons,19.0,6.333333333333333,3,active,8,rank,False,0.09523809523809525,0.7
32,1,Harry Jowsey,12.0,4.0,3,active,6,rank,False,0.009523809523809526,0.7
32,1,Mauricio Umansky,15.0,5.0,3,active,9,rank,False,0.038095238095238106,0.7
32,1,Charity Lawson,22.0,7.333333333333333,3,active,4,rank,False,0.13333333333333336,0.7
32,1,Ariana Madix,21.0,7.0,3,active,3,rank,True,0.10476190476190478,0.7
32,2,Jamie Lynn Spears,16.0,5.333333333333333,3,eliminated_this_week,13,rank,False,0.08791208791208793,0.7
32,2,Mira Sorvino,18.0,6.0,3,active,10,rank,False,0.06593406593406595,0.7
32,2,Barry Williams,15.0,5.0,3,active,7,rank,False,0.043956043956043966,0.7
32,2,Alyson Hannigan,19.0,6.333333333333333,3,active,5,rank,False,0.07692307692307694,0.7
32,2,Xochitl Gomez,24.0,8.0,3,active,1,rank,True,0.14285714285714288,0.7
32,2,Adrian Peterson,15.0,5.0,3,active,11,rank,False,0.032967032967032975,0.7
32,2,Tyson Beckford,18.0,6.0,3,active,12,rank,False,0.05494505494505495,0.7
32,2,Jason Mraz,24.0,8.0,3,active,2,rank,True,0.1318681318681319,0.7
32,2,Lele Pons,21.0,7.0,3,active,8,rank,False,0.1208791208791209,0.7
32,2,Harry Jowsey,15.0,5.0,3,active,6,rank,False,0.021978021978021983,0.7
32,2,Mauricio Umansky,12.0,4.0,3,active,9,rank,False,0.010989010989010992,0.7
32,2,Charity Lawson,21.0,7.0,3,active,4,rank,False,0.1098901098901099,0.7
32,2,Ariana Madix,20.0,6.666666666666667,3,active,3,rank,True,0.09890109890109891,0.7
32,3,Mira Sorvino,26.0,6.5,4,active,10,rank,False,0.07692307692307693,0.7
32,3,Barry Williams,25.0,6.25,4,active,7,rank,False,0.0641025641025641,0.7
32,3,Alyson Hannigan,24.0,6.0,4,active,5,rank,False,0.05128205128205128,0.7
32,3,Xochitl Gomez,32.0,8.0,4,active,1,rank,True,0.11538461538461539,0.7
32,3,Adrian Peterson,22.0,5.5,4,active,11,rank,False,0.01282051282051282,0.7
32,3,Tyson Beckford,20.0,5.0,4,eliminated_this_week,12,rank,False,0.15384615384615385,0.7
32,3,Jason Mraz,34.0,8.5,4,active,2,rank,True,0.14102564102564102,0.7
32,3,Lele Pons,27.0,6.75,4,active,8,rank,False,0.08974358974358974,0.7
32,3,Harry Jowsey,24.0,6.0,4,active,6,rank,False,0.038461538461538464,0.7
32,3,Mauricio Umansky,23.0,5.75,4,active,9,rank,False,0.02564102564102564,0.7
32,3,Charity Lawson,32.0,8.0,4,active,4,rank,False,0.10256410256410256,0.7
32,3,Ariana Madix,34.0,8.5,4,active,3,rank,True,0.1282051282051282,0.7
32,4,Mira Sorvino,21.0,7.0,3,active,10,rank,False,0.07575757575757576,0.7
32,4,Barry Williams,18.0,6.0,3,active,7,rank,False,0.030303030303030304,0.7
32,4,Alyson Hannigan,18.0,6.0,3,active,5,rank,False,0.015151515151515152,0.7
32,4,Xochitl Gomez,27.0,9.0,3,active,1,rank,True,0.16666666666666666,0.7
32,4,Adrian Peterson,21.0,7.0,3,eliminated_this_week,11,rank,False,0.09090909090909091,0.7
32,4,Jason Mraz,24.0,8.0,3,active,2,rank,True,0.13636363636363635,0.7
32,4,Lele Pons,22.0,7.333333333333333,3,active,8,rank,False,0.10606060606060606,0.7
32,4,Harry Jowsey,21.0,7.0,3,active,6,rank,False,0.06060606060606061,0.7
32,4,Mauricio Umansky,19.0,6.333333333333333,3,active,9,rank,False,0.045454545454545456,0.7
32,4,Charity Lawson,24.0,8.0,3,active,4,rank,False,0.12121212121212122,0.7
32,4,Ariana Madix,25.0,8.333333333333334,3,active,3,rank,True,0.15151515151515152,0.7
32,5,Mira Sorvino,22.0,7.333333333333333,3,eliminated_this_week,10,rank,False,0.1272727272727273,0.7
32,5,Barry Williams,24.0,8.0,3,active,7,rank,False,0.1090909090909091,0.7
32,5,Alyson Hannigan,21.0,7.0,3,active,5,rank,False,0.03636363636363637,0.7
32,5,Xochitl Gomez,28.0,9.333333333333334,3,active,1,rank,True,0.18181818181818185,0.7
32,5,Jason Mraz,27.0,9.0,3,active,2,rank,True,0.14545454545454548,0.7
32,5,Lele Pons,24.0,8.0,3,active,8,rank,False,0.09090909090909093,0.7
32,5,Harry Jowsey,18.0,6.0,3,active,6,rank,False,0.018181818181818184,0.7
32,5,Mauricio Umansky,24.0,8.0,3,active,9,rank,False,0.07272727272727274,0.7
32,5,Charity Lawson,28.0,9.333333333333334,3,active,4,rank,False,0.16363636363636366,0.7
32,5,Ariana Madix,24.0,8.0,3,active,3,rank,True,0.05454545454545455,0.7
32,6,Barry Williams,32.0,8.0,4,active,7,rank,False,0.06666666666666667,0.7
32,6,Alyson Hannigan,31.0,7.75,4,active,5,rank,False,0.044444444444444446,0.7
32,6,Xochitl Gomez,42.0,10.5,4,active,1,rank,True,0.2,0.7
32,6,Jason Mraz,39.0,9.75,4,active,2,rank,True,0.15555555555555556,0.7
32,6,Lele Pons,37.0,9.25,4,active,8,rank,False,0.08888888888888889,0.7
32,6,Harry Jowsey,29.0,7.25,4,active,6,rank,False,0.022222222222222223,0.7
32,6,Mauricio Umansky,33.0,8.25,4,eliminated_this_week,9,rank,False,0.1111111111111111,0.7
32,6,Charity Lawson,38.0,9.5,4,active,4,rank,False,0.13333333333333333,0.7
32,6,Ariana Madix,41.0,10.25,4,active,3,rank,True,0.17777777777777778,0.7
32,7,Barry Williams,32.5,8.125,4,active,7,rank,False,0.08333333333333333,0.7
32,7,Alyson Hannigan,35.0,8.75,4,active,5,rank,False,0.1111111111111111,0.7
32,7,Xochitl Gomez,37.0,9.25,4,active,1,rank,True,0.2222222222222222,0.7
32,7,Jason Mraz,36.0,9.0,4,active,2,rank,True,0.16666666666666666,0.7
32,7,Lele Pons,36.5,9.125,4,eliminated_this_week,8,rank,False,0.05555555555555555,0.7
32,7,Harry Jowsey,32.0,8.0,4,active,6,rank,False,0.027777777777777776,0.7
32,7,Charity Lawson,36.0,9.0,4,active,4,rank,False,0.1388888888888889,0.7
32,7,Ariana Madix,37.0,9.25,4,active,3,rank,True,0.19444444444444445,0.7
32,8,Barry Williams,35.0,8.75,4,eliminated_this_week,7,rank,False,0.14285714285714285,0.7
32,8,Alyson Hannigan,36.0,9.0,4,active,5,rank,False,0.10714285714285714,0.7
32,8,Xochitl Gomez,40.0,10.0,4,active,1,rank,True,0.21428571428571427,0.7
32,8,Jason Mraz,33.0,8.25,4,active,2,rank,True,0.07142857142857142,0.7
32,8,Harry Jowsey,28.0,7.0,4,active,6,rank,False,0.03571428571428571,0.7
32,8,Charity Lawson,39.0,9.75,4,active,4,rank,False,0.17857142857142858,0.7
32,8,Ariana Madix,42.0,10.5,4,active,3,rank,True,0.25,0.7
32,9,Alyson Hannigan,32.0,8.0,4,active,5,rank,False,0.04761904761904762,0.7
32,9,Xochitl Gomez,41.0,10.25,4,active,1,rank,True,0.1904761904761905,0.7
32,9,Jason Mraz,43.0,10.75,4,active,2,rank,True,0.2380952380952381,0.7
32,9,Harry Jowsey,30.0,7.5,4,eliminated_this_week,6,rank,False,0.28571428571428575,0.7
32,9,Charity Lawson,38.0,9.5,4,active,4,rank,False,0.14285714285714288,0.7
32,9,Ariana Madix,37.0,9.25,4,active,3,rank,True,0.09523809523809525,0.7
32,10,Alyson Hannigan,25.5,8.5,3,active,5,rank,False,0.17894736842105263,0.3
32,10,Xochitl Gomez,30.0,10.0,3,active,1,rank,True,0.21052631578947367,0.3
32,10,Jason Mraz,28.5,9.5,3,active,2,rank,True,0.2,0.3
32,10,Charity Lawson,29.5,9.833333333333334,3,active,4,rank,False,0.20701754385964913,0.3
32,10,Ariana Madix,29.0,9.666666666666666,3,active,3,rank,True,0.20350877192982456,0.3
32,11,Alyson Hannigan,26.5,8.833333333333334,3,active,5,rank,False,0.18213058419243985,0.3
32,11,Xochitl Gomez,30.0,10.0,3,active,1,rank,True,0.20618556701030927,0.3
32,11,Jason Mraz,30.0,10.0,3,active,2,rank,True,0.20618556701030927,0.3
32,11,Charity Lawson,29.5,9.833333333333334,3,active,4,rank,False,0.2027491408934708,0.3
32,11,Ariana Madix,29.5,9.833333333333334,3,active,3,rank,True,0.2027491408934708,0.3
33,1,Tori Spelling,17.0,5.666666666666667,3,active,12,rank,False,0.06882591093117409,0.3
33,1,Eric Roberts,15.0,5.0,3,active,10,rank,False,0.06072874493927125,0.3
33,1,Reginald VelJohnson,16.0,5.333333333333333,3,active,10,rank,False,0.06477732793522267,0.3
33,1,Chandler Kinney,23.0,7.666666666666667,3,active,3,rank,True,0.0931174089068826,0.3
33,1,Dwight Howard ,22.0,7.333333333333333,3,active,6,rank,False,0.08906882591093117,0.3
33,1,Danny Amendola,20.0,6.666666666666667,3,active,5,rank,False,0.08097165991902834,0.3
33,1,Stephen Nedoroscik,21.0,7.0,3,active,4,rank,False,0.08502024291497975,0.3
33,1,Ilona Maher,18.0,6.0,3,active,2,rank,True,0.0728744939271255,0.3
33,1,Anna Delvey,18.0,6.0,3,active,12,rank,False,0.0728744939271255,0.3
33,1,Brooks Nader,18.0,6.0,3,active,9,rank,False,0.0728744939271255,0.3
33,1,Phaedra Parks,19.0,6.333333333333333,3,active,8,rank,False,0.07692307692307693,0.3
33,1,Jenn Tran,19.0,6.333333333333333,3,active,7,rank,False,0.07692307692307693,0.3
33,1,Joey Graziadei,21.0,7.0,3,active,1,rank,True,0.08502024291497975,0.3
33,2,Tori Spelling,19.0,6.333333333333333,3,eliminated_this_week,12,rank,False,0.07142857142857142,0.7
33,2,Eric Roberts,15.0,5.0,3,active,10,rank,False,0.02197802197802198,0.7
33,2,Reginald VelJohnson,15.0,5.0,3,active,10,rank,False,0.01098901098901099,0.7
33,2,Chandler Kinney,24.0,8.0,3,active,3,rank,True,0.14285714285714285,0.7
33,2,Dwight Howard ,22.0,7.333333333333333,3,active,6,rank,False,0.13186813186813187,0.7
33,2,Danny Amendola,21.0,7.0,3,active,5,rank,False,0.08791208791208792,0.7
33,2,Stephen Nedoroscik,22.0,7.333333333333333,3,active,4,rank,False,0.11538461538461539,0.7
33,2,Ilona Maher,21.0,7.0,3,active,2,rank,True,0.07692307692307693,0.7
33,2,Anna Delvey,17.0,5.666666666666667,3,eliminated_this_week,12,rank,False,0.07692307692307693,0.7
33,2,Brooks Nader,20.0,6.666666666666667,3,active,9,rank,False,0.054945054945054944,0.7
33,2,Phaedra Parks,21.0,7.0,3,active,8,rank,False,0.06593406593406594,0.7
33,2,Jenn Tran,19.0,6.333333333333333,3,active,7,rank,False,0.038461538461538464,0.7
33,2,Joey Graziadei,22.0,7.333333333333333,3,active,1,rank,True,0.10439560439560439,0.7
33,3,Eric Roberts,23.0,5.75,4,eliminated_this_week,10,rank,False,0.07575757575757575,0.7
33,3,Reginald VelJohnson,21.0,5.25,4,eliminated_this_week,10,rank,False,0.09090909090909091,0.7
33,3,Chandler Kinney,34.5,8.625,4,active,3,rank,True,0.14393939393939392,0.7
33,3,Dwight Howard ,26.0,6.5,4,active,6,rank,False,0.030303030303030304,0.7
33,3,Danny Amendola,30.0,7.5,4,active,5,rank,False,0.07575757575757576,0.7
33,3,Stephen Nedoroscik,31.0,7.75,4,active,4,rank,False,0.12121212121212122,0.7
33,3,Ilona Maher,28.0,7.0,4,active,2,rank,True,0.06060606060606061,0.7
33,3,Brooks Nader,30.5,7.625,4,active,9,rank,False,0.09090909090909091,0.7
33,3,Phaedra Parks,28.0,7.0,4,active,8,rank,False,0.045454545454545456,0.7
33,3,Jenn Tran,31.0,7.75,4,active,7,rank,False,0.10606060606060606,0.7
33,3,Joey Graziadei,35.0,8.75,4,active,1,rank,True,0.1590909090909091,0.7
33,4,Chandler Kinney,32.0,8.0,4,active,3,rank,True,0.13333333333333333,0.7
33,4,Dwight Howard ,29.0,7.25,4,active,6,rank,False,0.022222222222222223,0.7
33,4,Danny Amendola,36.0,9.0,4,active,5,rank,False,0.2,0.7
33,4,Stephen Nedoroscik,33.0,8.25,4,active,4,rank,False,0.15555555555555556,0.7
33,4,Ilona Maher,32.0,8.0,4,active,2,rank,True,0.1111111111111111,0.7
33,4,Brooks Nader,32.0,8.0,4,eliminated_this_week,9,rank,False,0.06666666666666667,0.7
33,4,Phaedra Parks,32.0,8.0,4,active,8,rank,False,0.08888888888888889,0.7
33,4,Jenn Tran,32.0,8.0,4,active,7,rank,False,0.044444444444444446,0.7
33,4,Joey Graziadei,36.0,9.0,4,active,1,rank,True,0.17777777777777778,0.7
33,5,Chandler Kinney,27.0,9.0,3,active,3,rank,True,0.2222222222222222,0.7
33,5,Dwight Howard ,24.0,8.0,3,active,6,rank,False,0.05555555555555555,0.7
33,5,Danny Amendola,25.5,8.5,3,active,5,rank,False,0.1111111111111111,0.7
33,5,Stephen Nedoroscik,24.0,8.0,3,active,4,rank,False,0.027777777777777776,0.7
33,5,Ilona Maher,26.0,8.666666666666666,3,active,2,rank,True,0.16666666666666666,0.7
33,5,Phaedra Parks,24.0,8.0,3,eliminated_this_week,8,rank,False,0.19444444444444445,0.7
33,5,Jenn Tran,25.5,8.5,3,active,7,rank,False,0.08333333333333333,0.7
33,5,Joey Graziadei,26.0,8.666666666666666,3,active,1,rank,True,0.1388888888888889,0.7
33,6,Chandler Kinney,32.0,10.666666666666666,3,active,3,rank,True,0.25000000000000006,0.7
33,6,Dwight Howard ,31.0,10.333333333333334,3,active,6,rank,False,0.1785714285714286,0.7
33,6,Danny Amendola,28.0,9.333333333333334,3,active,5,rank,False,0.14285714285714288,0.7
33,6,Stephen Nedoroscik,28.0,9.333333333333334,3,active,4,rank,False,0.10714285714285715,0.7
33,6,Ilona Maher,24.0,8.0,3,active,2,rank,True,0.03571428571428572,0.7
33,6,Jenn Tran,31.0,10.333333333333334,3,eliminated_this_week,7,rank,False,0.07142857142857144,0.7
33,6,Joey Graziadei,32.0,10.666666666666666,3,active,1,rank,True,0.2142857142857143,0.7
33,7,Chandler Kinney,30.0,10.0,3,active,3,rank,True,0.2380952380952381,0.7
33,7,Dwight Howard ,24.0,8.0,3,eliminated_this_week,6,rank,False,0.28571428571428575,0.7
33,7,Danny Amendola,25.5,8.5,3,active,5,rank,False,0.04761904761904762,0.7
33,7,Stephen Nedoroscik,27.0,9.0,3,active,4,rank,False,0.14285714285714288,0.7
33,7,Ilona Maher,26.0,8.666666666666666,3,active,2,rank,True,0.09523809523809525,0.7
33,7,Joey Graziadei,27.5,9.166666666666666,3,active,1,rank,True,0.1904761904761905,0.7
33,8,Chandler Kinney,29.0,9.666666666666666,3,active,3,rank,True,0.20714285714285716,0.3
33,8,Danny Amendola,27.0,9.0,3,active,5,rank,False,0.19285714285714287,0.3
33,8,Stephen Nedoroscik,26.5,8.833333333333334,3,active,4,rank,False,0.18928571428571428,0.3
33,8,Ilona Maher,28.5,9.5,3,active,2,rank,True,0.20357142857142857,0.3
33,8,Joey Graziadei,29.0,9.666666666666666,3,active,1,rank,True,0.20714285714285716,0.3
33,9,Chandler Kinney,30.0,10.0,3,active,3,rank,True,0.20618556701030927,0.3
33,9,Danny Amendola,28.0,9.333333333333334,3,active,5,rank,False,0.19243986254295534,0.3
33,9,Stephen Nedoroscik,29.5,9.833333333333334,3,active,4,rank,False,0.2027491408934708,0.3
33,9,Ilona Maher,28.5,9.5,3,active,2,rank,True,0.1958762886597938,0.3
33,9,Joey Graziadei,29.5,9.833333333333334,3,active,1,rank,True,0.2027491408934708,0.3
34,1,Corey Feldman,9.0,4.5,2,active,13,rank,False,0.054878048780487805,0.3
34,1,Danielle Fishel,12.0,6.0,2,active,8,rank,False,0.07317073170731707,0.3
34,1,Elaine Hendrix,12.0,6.0,2,active,5,rank,False,0.07317073170731707,0.3
34,1,Baron Davis,10.0,5.0,2,active,13,rank,False,0.06097560975609756,0.3
34,1,Jordan Chiles,10.0,5.0,2,active,3,rank,True,0.06097560975609756,0.3
34,1,Andy Richter,9.0,4.5,2,active,7,rank,False,0.054878048780487805,0.3
34,1,Robert Irwin,15.0,7.5,2,active,1,rank,True,0.09146341463414634,0.3
34,1,Hilaria Baldwin,14.0,7.0,2,active,11,rank,False,0.08536585365853659,0.3
34,1,Lauren Jauregui,13.0,6.5,2,active,12,rank,False,0.07926829268292683,0.3
34,1,Scott Hoying,10.0,5.0,2,active,10,rank,False,0.06097560975609756,0.3
34,1,Alix Earle,13.0,6.5,2,active,2,rank,True,0.07926829268292683,0.3
34,1,Jen Affleck,12.0,6.0,2,active,9,rank,False,0.07317073170731707,0.3
34,1,Whitney Leavitt,15.0,7.5,2,active,6,rank,False,0.09146341463414634,0.3
34,1,Dylan Efron,10.0,5.0,2,active,4,rank,False,0.06097560975609756,0.3
34,2,Corey Feldman,15.0,5.0,3,eliminated_this_week,13,rank,False,0.07142857142857142,0.7
34,2,Danielle Fishel,19.0,6.333333333333333,3,active,8,rank,False,0.0380952380952381,0.7
34,2,Elaine Hendrix,21.0,7.0,3,active,5,rank,False,0.08571428571428572,0.7
34,2,Baron Davis,18.0,6.0,3,eliminated_this_week,13,rank,False,0.0619047619047619,0.7
34,2,Jordan Chiles,22.0,7.333333333333333,3,active,3,rank,True,0.12857142857142856,0.7
34,2,Andy Richter,16.0,5.333333333333333,3,active,7,rank,False,0.014285714285714287,0.7
34,2,Robert Irwin,22.0,7.333333333333333,3,active,1,rank,True,0.11904761904761904,0.7
34,2,Hilaria Baldwin,21.0,7.0,3,active,11,rank,False,0.0761904761904762,0.7
34,2,Lauren Jauregui,21.0,7.0,3,active,12,rank,False,0.06666666666666667,0.7
34,2,Scott Hoying,18.0,6.0,3,active,10,rank,False,0.023809523809523808,0.7
34,2,Alix Earle,21.0,7.0,3,active,2,rank,True,0.05714285714285714,0.7
34,2,Jen Affleck,22.0,7.333333333333333,3,active,9,rank,False,0.10952380952380952,0.7
34,2,Whitney Leavitt,22.0,7.333333333333333,3,active,6,rank,False,0.1,0.7
34,2,Dylan Efron,20.0,6.666666666666667,3,active,4,rank,False,0.047619047619047616,0.7
34,3,Danielle Fishel,21.0,7.0,3,active,8,rank,False,0.05128205128205128,0.7
34,3,Elaine Hendrix,21.0,7.0,3,active,5,rank,False,0.038461538461538464,0.7
34,3,Jordan Chiles,24.0,8.0,3,active,3,rank,True,0.15384615384615385,0.7
34,3,Andy Richter,18.0,6.0,3,active,7,rank,False,0.01282051282051282,0.7
34,3,Robert Irwin,22.0,7.333333333333333,3,active,1,rank,True,0.08974358974358974,0.7
34,3,Hilaria Baldwin,22.0,7.333333333333333,3,active,11,rank,False,0.07692307692307693,0.7
34,3,Lauren Jauregui,18.0,6.0,3,eliminated_this_week,12,rank,False,0.14102564102564102,0.7
34,3,Scott Hoying,22.0,7.333333333333333,3,active,10,rank,False,0.0641025641025641,0.7
34,3,Alix Earle,23.0,7.666666666666667,3,active,2,rank,True,0.11538461538461539,0.7
34,3,Jen Affleck,19.0,6.333333333333333,3,active,9,rank,False,0.02564102564102564,0.7
34,3,Whitney Leavitt,24.0,8.0,3,active,6,rank,False,0.1282051282051282,0.7
34,3,Dylan Efron,23.0,7.666666666666667,3,active,4,rank,False,0.10256410256410256,0.7
34,4,Danielle Fishel,21.0,7.0,3,active,8,rank,False,0.04545454545454546,0.7
34,4,Elaine Hendrix,24.0,8.0,3,active,5,rank,False,0.15151515151515155,0.7
34,4,Jordan Chiles,24.0,8.0,3,active,3,rank,True,0.13636363636363638,0.7
34,4,Andy Richter,18.0,6.0,3,active,7,rank,False,0.015151515151515154,0.7
34,4,Robert Irwin,22.0,7.333333333333333,3,active,1,rank,True,0.07575757575757577,0.7
34,4,Hilaria Baldwin,23.0,7.666666666666667,3,eliminated_this_week,11,rank,False,0.060606060606060615,0.7
34,4,Scott Hoying,21.0,7.0,3,active,10,rank,False,0.030303030303030307,0.7
34,4,Alix Earle,24.0,8.0,3,active,2,rank,True,0.12121212121212123,0.7
34,4,Jen Affleck,23.0,7.666666666666667,3,active,9,rank,False,0.10606060606060608,0.7
34,4,Whitney Leavitt,25.0,8.333333333333334,3,active,6,rank,False,0.16666666666666669,0.7
34,4,Dylan Efron,23.0,7.666666666666667,3,active,4,rank,False,0.09090909090909093,0.7
34,5,Danielle Fishel,29.0,7.25,4,active,8,rank,False,0.0926517571884984,0.3
34,5,Elaine Hendrix,30.0,7.5,4,active,5,rank,False,0.09584664536741214,0.3
34,5,Jordan Chiles,32.0,8.0,4,active,3,rank,True,0.10223642172523961,0.3
34,5,Andy Richter,24.0,6.0,4,active,7,rank,False,0.07667731629392971,0.3
34,5,Robert Irwin,35.0,8.75,4,active,1,rank,True,0.11182108626198083,0.3
34,5,Scott Hoying,30.0,7.5,4,active,10,rank,False,0.09584664536741214,0.3
34,5,Alix Earle,35.0,8.75,4,active,2,rank,True,0.11182108626198083,0.3
34,5,Jen Affleck,29.0,7.25,4,active,9,rank,False,0.0926517571884984,0.3
34,5,Whitney Leavitt,33.0,8.25,4,active,6,rank,False,0.10543130990415335,0.3
34,5,Dylan Efron,36.0,9.0,4,active,4,rank,False,0.11501597444089456,0.3
34,6,Danielle Fishel,36.0,9.0,4,active,8,rank,False,0.12727272727272726,0.7
34,6,Elaine Hendrix,36.0,9.0,4,active,5,rank,False,0.10909090909090909,0.7
34,6,Jordan Chiles,39.0,9.75,4,active,3,rank,True,0.18181818181818182,0.7
34,6,Andy Richter,27.0,6.75,4,active,7,rank,False,0.01818181818181818,0.7
34,6,Robert Irwin,36.0,9.0,4,active,1,rank,True,0.09090909090909091,0.7
34,6,Scott Hoying,28.0,7.0,4,eliminated_this_week,10,rank,False,0.14545454545454545,0.7
34,6,Alix Earle,35.0,8.75,4,active,2,rank,True,0.07272727272727272,0.7
34,6,Jen Affleck,32.0,8.0,4,active,9,rank,False,0.05454545454545454,0.7
34,6,Whitney Leavitt,39.0,9.75,4,active,6,rank,False,0.16363636363636364,0.7
34,6,Dylan Efron,32.0,8.0,4,active,4,rank,False,0.03636363636363636,0.7
34,7,Danielle Fishel,35.0,8.75,4,active,8,rank,False,0.06666666666666667,0.7
34,7,Elaine Hendrix,32.0,8.0,4,active,5,rank,False,0.044444444444444446,0.7
34,7,Jordan Chiles,38.0,9.5,4,active,3,rank,True,0.1111111111111111,0.7
34,7,Andy Richter,29.0,7.25,4,active,7,rank,False,0.022222222222222223,0.7
34,7,Robert Irwin,41.0,10.25,4,active,1,rank,True,0.15555555555555556,0.7
34,7,Alix Earle,43.0,10.75,4,active,2,rank,True,0.2,0.7
34,7,Jen Affleck,34.0,8.5,4,eliminated_this_week,9,rank,False,0.13333333333333333,0.7
34,7,Whitney Leavitt,42.0,10.5,4,active,6,rank,False,0.17777777777777778,0.7
34,7,Dylan Efron,38.0,9.5,4,active,4,rank,False,0.08888888888888889,0.7
34,8,Danielle Fishel,37.0,9.25,4,eliminated_this_week,8,rank,False,0.16666666666666666,0.7
34,8,Elaine Hendrix,37.5,9.375,4,active,5,rank,False,0.05555555555555555,0.7
34,8,Jordan Chiles,39.0,9.75,4,active,3,rank,True,0.19444444444444445,0.7
34,8,Andy Richter,34.0,8.5,4,active,7,rank,False,0.027777777777777776,0.7
34,8,Robert Irwin,38.0,9.5,4,active,1,rank,True,0.1111111111111111,0.7
34,8,Alix Earle,38.5,9.625,4,active,2,rank,True,0.1388888888888889,0.7
34,8,Whitney Leavitt,39.5,9.875,4,active,6,rank,False,0.2222222222222222,0.7
34,8,Dylan Efron,38.0,9.5,4,active,4,rank,False,0.08333333333333333,0.7
34,9,Elaine Hendrix,36.0,9.0,4,active,5,rank,False,0.03571428571428571,0.7
34,9,Jordan Chiles,39.0,9.75,4,active,3,rank,True,0.07142857142857142,0.7
34,9,Andy Richter,29.0,7.25,4,eliminated_this_week,7,rank,False,0.25,0.7
34,9,Robert Irwin,42.0,10.5,4,active,1,rank,True,0.21428571428571427,0.7
34,9,Alix Earle,40.0,10.0,4,active,2,rank,True,0.10714285714285714,0.7
34,9,Whitney Leavitt,42.0,10.5,4,active,6,rank,False,0.17857142857142858,0.7
34,9,Dylan Efron,42.0,10.5,4,active,4,rank,False,0.14285714285714285,0.7
34,10,Elaine Hendrix,28.5,9.5,3,active,5,rank,False,0.19047619047619047,0.7
34,10,Jordan Chiles,28.5,9.5,3,active,3,rank,True,0.14285714285714285,0.7
34,10,Robert Irwin,29.5,9.833333333333334,3,active,1,rank,True,0.2857142857142857,0.7
34,10,Alix Earle,29.0,9.666666666666666,3,active,2,rank,True,0.23809523809523808,0.7
34,10,Whitney Leavitt,29.0,9.666666666666666,3,eliminated_this_week,6,rank,False,0.047619047619047616,0.7
34,10,Dylan Efron,27.5,9.166666666666666,3,active,4,rank,False,0.09523809523809523,0.7
34,11,Elaine Hendrix,28.9998,9.6666,3,active,5,rank,False,0.19638752808699622,0.3
34,11,Jordan Chiles,29.666600000000003,9.888866666666667,3,active,3,rank,True,0.20090311797825097,0.3
34,11,Robert Irwin,29.666600000000003,9.888866666666667,3,active,1,rank,True,0.20090311797825097,0.3
34,11,Alix Earle,30.0,10.0,3,active,2,rank,True,0.2031609129238783,0.3
34,11,Dylan Efron,29.3332,9.777733333333334,3,active,4,rank,False,0.19864532303262358,0.3
