celebrity_name,ballroom_partner,celebrity_industry,celebrity_homestate,celebrity_homecountry/region,celebrity_age_during_season,season,results,placement,week,judge_scores,total_score,avg_score,min_score,max_score,num_judges,score_std,judge_rank,contestants_this_week,judge_score_pct,is_last_week,is_eliminated,judge_rank_pct,score_vs_week_avg,score_vs_week_max,cumulative_avg_score,actual_voting_method,is_controversial
Evander Holyfield,Edyta Sliwinska,Athlete,Alabama,United States,42,1,Eliminated Week 3,5,1,"[5.0, 7.0, 6.0]",18.0,6.0,5.0,7.0,3,0.816496580927726,4.0,6,16.51376146788991,False,False,0.6666666666666666,-0.16666666666666785,2.0,,rank,False
Evander Holyfield,Edyta Sliwinska,Athlete,Alabama,United States,42,1,Eliminated Week 3,5,2,"[5.0, 4.0, 5.0]",14.0,4.666666666666667,4.0,5.0,3,0.4714045207910317,6.0,6,11.570247933884298,False,False,1.0,-6.166666666666668,12.0,18.0,rank,False
Evander Holyfield,Edyta Sliwinska,Athlete,Alabama,United States,42,1,Eliminated Week 3,5,3,"[5.0, 4.0, 4.0]",13.0,4.333333333333333,4.0,5.0,3,0.4714045207910317,5.0,5,12.264150943396226,True,True,1.0,-8.2,13.0,16.0,rank,False
Joey McIntyre,Ashly DelGrosso,Singer/Rapper,Massachusetts,United States,32,1,3rd Place,3,1,"[7.0, 7.0, 6.0]",20.0,6.666666666666667,6.0,7.0,3,0.4714045207910317,1.0,6,18.34862385321101,False,False,0.16666666666666666,1.8333333333333321,0.0,,rank,False
Joey McIntyre,Ashly DelGrosso,Singer/Rapper,Massachusetts,United States,32,1,3rd Place,3,2,"[8.0, 7.0, 6.0]",21.0,7.0,6.0,8.0,3,0.816496580927726,3.0,6,17.355371900826448,False,False,0.5,0.8333333333333321,5.0,20.0,rank,False
Joey McIntyre,Ashly DelGrosso,Singer/Rapper,Massachusetts,United States,32,1,3rd Place,3,3,"[7.0, 7.0, 8.0]",22.0,7.333333333333333,7.0,8.0,3,0.4714045207910317,3.0,5,20.754716981132077,False,False,0.6,0.8000000000000007,4.0,20.5,rank,False
Joey McIntyre,Ashly DelGrosso,Singer/Rapper,Massachusetts,United States,32,1,3rd Place,3,4,"[7.0, 6.0, 7.0]",20.0,6.666666666666667,6.0,7.0,3,0.4714045207910317,4.0,4,21.73913043478261,False,False,1.0,-3.0,6.0,21.0,rank,False
Joey McIntyre,Ashly DelGrosso,Singer/Rapper,Massachusetts,United States,32,1,3rd Place,3,5,"[8.5, 7.0, 7.0]",22.5,7.5,7.0,8.5,3,0.7071067811865476,3.0,3,30.82191780821918,True,False,1.0,-1.8333333333333321,4.5,20.75,rank,False
John O'Hurley,Charlotte Jorgensen,Actor/Actress,Maine,United States,50,1,2nd Place,2,1,"[7.0, 7.0, 6.0]",20.0,6.666666666666667,6.0,7.0,3,0.4714045207910317,1.0,6,18.34862385321101,False,False,0.16666666666666666,1.8333333333333321,0.0,,rank,False
John O'Hurley,Charlotte Jorgensen,Actor/Actress,Maine,United States,50,1,2nd Place,2,2,"[8.0, 9.0, 9.0]",26.0,8.666666666666666,8.0,9.0,3,0.4714045207910317,1.0,6,21.487603305785125,False,False,0.16666666666666666,5.833333333333332,0.0,20.0,rank,False
John O'Hurley,Charlotte Jorgensen,Actor/Actress,Maine,United States,50,1,2nd Place,2,3,"[9.0, 8.0, 7.0]",24.0,8.0,7.0,9.0,3,0.816496580927726,2.0,5,22.641509433962266,False,False,0.4,2.8000000000000007,2.0,23.0,rank,False
John O'Hurley,Charlotte Jorgensen,Actor/Actress,Maine,United States,50,1,2nd Place,2,4,"[7.0, 8.0, 6.0]",21.0,7.0,6.0,8.0,3,0.816496580927726,3.0,4,22.82608695652174,False,False,0.75,-2.0,5.0,23.333333333333332,rank,False
John O'Hurley,Charlotte Jorgensen,Actor/Actress,Maine,United States,50,1,2nd Place,2,5,"[9.0, 9.0, 9.0]",27.0,9.0,9.0,9.0,3,0.0,1.0,3,36.986301369863014,False,False,0.3333333333333333,2.666666666666668,0.0,22.75,rank,False
John O'Hurley,Charlotte Jorgensen,Actor/Actress,Maine,United States,50,1,2nd Place,2,6,"[9.0, 9.0, 9.0]",27.0,9.0,9.0,9.0,3,0.0,2.0,2,49.54128440366973,True,False,1.0,-0.25,0.5,23.6,rank,False
Kelly Monaco,Alec Mazo,Actor/Actress,Pennsylvania,United States,29,1,1st Place,1,1,"[5.0, 4.0, 4.0]",13.0,4.333333333333333,4.0,5.0,3,0.4714045207910317,6.0,6,11.926605504587156,False,False,1.0,-5.166666666666668,7.0,,rank,False
Kelly Monaco,Alec Mazo,Actor/Actress,Pennsylvania,United States,29,1,1st Place,1,2,"[5.0, 6.0, 6.0]",17.0,5.666666666666667,5.0,6.0,3,0.4714045207910317,5.0,6,14.049586776859504,False,False,0.8333333333333334,-3.166666666666668,9.0,13.0,rank,False
Kelly Monaco,Alec Mazo,Actor/Actress,Pennsylvania,United States,29,1,1st Place,1,3,"[6.0, 7.0, 8.0]",21.0,7.0,6.0,8.0,3,0.816496580927726,4.0,5,19.81132075471698,False,False,0.8,-0.1999999999999993,5.0,15.0,rank,False
Kelly Monaco,Alec Mazo,Actor/Actress,Pennsylvania,United States,29,1,1st Place,1,4,"[9.0, 9.0, 8.0]",26.0,8.666666666666666,8.0,9.0,3,0.4714045207910317,1.0,4,28.26086956521739,False,False,0.25,3.0,0.0,17.0,rank,False
Kelly Monaco,Alec Mazo,Actor/Actress,Pennsylvania,United States,29,1,1st Place,1,5,"[8.5, 7.5, 7.5]",23.5,7.833333333333333,7.5,8.5,3,0.4714045207910317,2.0,3,32.19178082191781,False,False,0.6666666666666666,-0.8333333333333321,3.5,19.25,rank,False
Kelly Monaco,Alec Mazo,Actor/Actress,Pennsylvania,United States,29,1,1st Place,1,6,"[8.5, 9.5, 9.5]",27.5,9.166666666666666,8.5,9.5,3,0.4714045207910317,1.0,2,50.45871559633027,True,False,0.5,0.25,0.0,20.1,rank,False
Rachel Hunter,Jonathan Roberts,Model,Non-US,New Zealand,35,1,Eliminated Week 4,4,1,"[7.0, 6.0, 7.0]",20.0,6.666666666666667,6.0,7.0,3,0.4714045207910317,1.0,6,18.34862385321101,False,False,0.16666666666666666,1.8333333333333321,0.0,,rank,False
Rachel Hunter,Jonathan Roberts,Model,Non-US,New Zealand,35,1,Eliminated Week 4,4,2,"[8.0, 8.0, 8.0]",24.0,8.0,8.0,8.0,3,0.0,2.0,6,19.834710743801654,False,False,0.3333333333333333,3.833333333333332,2.0,20.0,rank,False
Rachel Hunter,Jonathan Roberts,Model,Non-US,New Zealand,35,1,Eliminated Week 4,4,3,"[8.0, 9.0, 9.0]",26.0,8.666666666666666,8.0,9.0,3,0.4714045207910317,1.0,5,24.528301886792452,False,False,0.2,4.800000000000001,0.0,22.0,rank,False
Rachel Hunter,Jonathan Roberts,Model,Non-US,New Zealand,35,1,Eliminated Week 4,4,4,"[7.0, 9.0, 9.0]",25.0,8.333333333333334,7.0,9.0,3,0.9428090415820634,2.0,4,27.173913043478258,True,True,0.5,2.0,1.0,23.333333333333332,rank,False
Trista Sutter,Louis van Amstel,TV Personality,Indiana,United States,32,1,Eliminated Week 2,6,1,"[6.0, 6.0, 6.0]",18.0,6.0,6.0,6.0,3,0.0,4.0,6,16.51376146788991,False,False,0.6666666666666666,-0.16666666666666785,2.0,,rank,False
Trista Sutter,Louis van Amstel,TV Personality,Indiana,United States,32,1,Eliminated Week 2,6,2,"[6.0, 7.0, 6.0]",19.0,6.333333333333333,6.0,7.0,3,0.4714045207910317,4.0,6,15.702479338842975,True,True,0.6666666666666666,-1.1666666666666679,7.0,18.0,rank,False
Drew Lachey,Cheryl Burke,Singer/Rapper,Ohio,United States,29,2,1st Place,1,1,"[8.0, 8.0, 8.0]",24.0,8.0,8.0,8.0,3,0.0,1.0,10,12.307692307692308,False,False,0.1,4.5,0.0,,rank,False
Drew Lachey,Cheryl Burke,Singer/Rapper,Ohio,United States,29,2,1st Place,1,2,"[9.0, 9.0, 9.0]",27.0,9.0,9.0,9.0,3,0.0,2.0,9,13.5,False,False,0.2222222222222222,4.777777777777779,2.0,24.0,rank,False
Drew Lachey,Cheryl Burke,Singer/Rapper,Ohio,United States,29,2,1st Place,1,3,"[9.0, 9.0, 9.0]",27.0,9.0,9.0,9.0,3,0.0,1.0,8,14.835164835164836,False,False,0.125,4.25,0.0,25.5,rank,False
Drew Lachey,Cheryl Burke,Singer/Rapper,Ohio,United States,29,2,1st Place,1,4,"[9.0, 9.0, 10.0]",28.0,9.333333333333334,9.0,10.0,3,0.4714045207910317,1.0,7,17.72151898734177,False,False,0.14285714285714285,5.428571428571427,0.0,26.0,rank,False
Drew Lachey,Cheryl Burke,Singer/Rapper,Ohio,United States,29,2,1st Place,1,5,"[9.0, 9.0, 9.0]",27.0,9.0,9.0,9.0,3,0.0,2.0,6,17.880794701986755,False,False,0.3333333333333333,1.8333333333333321,3.0,26.5,rank,False
Drew Lachey,Cheryl Burke,Singer/Rapper,Ohio,United States,29,2,1st Place,1,6,"[10.0, 10.0, 10.0]",30.0,10.0,10.0,10.0,3,0.0,1.0,5,22.55639097744361,False,False,0.2,3.3999999999999986,0.0,26.6,rank,False
Drew Lachey,Cheryl Burke,Singer/Rapper,Ohio,United States,29,2,1st Place,1,7,"[9.5, 9.0, 9.0]",27.5,9.166666666666666,9.0,9.5,3,0.23570226039551584,1.0,4,26.96078431372549,False,False,0.25,2.0,0.0,27.166666666666668,rank,False
Drew Lachey,Cheryl Burke,Singer/Rapper,Ohio,United States,29,2,1st Place,1,8,"[9.6666, 9.6666, 9.6666]",28.9998,9.6666,9.6666,9.6666,3,0.0,1.0,3,34.38729131809769,True,False,0.3333333333333333,0.8888333333333343,0.0,27.214285714285715,rank,False
George Hamilton,Edyta Sliwinska,Actor/Actress,Tennessee,United States,66,2,Eliminated Week 6,5,1,"[7.0, 5.0, 6.0]",18.0,6.0,5.0,7.0,3,0.816496580927726,8.0,10,9.230769230769232,False,False,0.8,-1.5,6.0,,rank,False
George Hamilton,Edyta Sliwinska,Actor/Actress,Tennessee,United States,66,2,Eliminated Week 6,5,2,"[8.0, 7.0, 7.0]",22.0,7.333333333333333,7.0,8.0,3,0.4714045207910317,5.0,9,11.0,False,False,0.5555555555555556,-0.22222222222222143,7.0,18.0,rank,False
George Hamilton,Edyta Sliwinska,Actor/Actress,Tennessee,United States,66,2,Eliminated Week 6,5,3,"[7.0, 7.0, 8.0]",22.0,7.333333333333333,7.0,8.0,3,0.4714045207910317,5.0,8,12.087912087912088,False,False,0.625,-0.75,5.0,20.0,rank,False
George Hamilton,Edyta Sliwinska,Actor/Actress,Tennessee,United States,66,2,Eliminated Week 6,5,4,"[7.0, 7.0, 7.0]",21.0,7.0,7.0,7.0,3,0.0,6.0,7,13.291139240506327,False,False,0.8571428571428571,-1.571428571428573,7.0,20.666666666666668,rank,False
George Hamilton,Edyta Sliwinska,Actor/Actress,Tennessee,United States,66,2,Eliminated Week 6,5,5,"[8.0, 8.0, 8.0]",24.0,8.0,8.0,8.0,3,0.0,4.0,6,15.894039735099339,False,False,0.6666666666666666,-1.1666666666666679,6.0,20.75,rank,False
George Hamilton,Edyta Sliwinska,Actor/Actress,Tennessee,United States,66,2,Eliminated Week 6,5,6,"[8.0, 7.0, 8.0]",23.0,7.666666666666667,7.0,8.0,3,0.4714045207910317,4.0,5,17.293233082706767,True,True,0.8,-3.6000000000000014,7.0,21.4,rank,False
Giselle Fernandez,Jonathan Roberts,News Anchor,Non-US,Mexico,44,2,Eliminated Week 3,8,1,"[7.0, 8.0, 8.0]",23.0,7.666666666666667,7.0,8.0,3,0.4714045207910317,2.0,10,11.794871794871794,False,False,0.2,3.5,1.0,,rank,False
Giselle Fernandez,Jonathan Roberts,News Anchor,Non-US,Mexico,44,2,Eliminated Week 3,8,2,"[8.0, 8.0, 8.0]",24.0,8.0,8.0,8.0,3,0.0,3.0,9,12.0,False,False,0.3333333333333333,1.7777777777777786,5.0,23.0,rank,False
Giselle Fernandez,Jonathan Roberts,News Anchor,Non-US,Mexico,44,2,Eliminated Week 3,8,3,"[7.0, 8.0, 7.0]",22.0,7.333333333333333,7.0,8.0,3,0.4714045207910317,5.0,8,12.087912087912088,True,True,0.625,-0.75,5.0,23.5,rank,False
Jerry Rice,Anna Trebunskaya,Athlete,Mississippi,United States,43,2,2nd Place,2,1,"[7.0, 7.0, 7.0]",21.0,7.0,7.0,7.0,3,0.0,5.0,10,10.76923076923077,False,False,0.5,1.5,3.0,,rank,True
Jerry Rice,Anna Trebunskaya,Athlete,Mississippi,United States,43,2,2nd Place,2,2,"[7.0, 8.0, 8.0]",23.0,7.666666666666667,7.0,8.0,3,0.4714045207910317,4.0,9,11.5,False,False,0.4444444444444444,0.7777777777777786,6.0,21.0,rank,True
Jerry Rice,Anna Trebunskaya,Athlete,Mississippi,United States,43,2,2nd Place,2,3,"[7.0, 6.0, 6.0]",19.0,6.333333333333333,6.0,7.0,3,0.4714045207910317,7.0,8,10.43956043956044,False,False,0.875,-3.75,8.0,22.0,rank,True
Jerry Rice,Anna Trebunskaya,Athlete,Mississippi,United States,43,2,2nd Place,2,4,"[8.0, 8.0, 8.0]",24.0,8.0,8.0,8.0,3,0.0,5.0,7,15.18987341772152,False,False,0.7142857142857143,1.428571428571427,4.0,21.0,rank,True
Jerry Rice,Anna Trebunskaya,Athlete,Mississippi,United States,43,2,2nd Place,2,5,"[7.0, 8.0, 8.0]",23.0,7.666666666666667,7.0,8.0,3,0.4714045207910317,5.0,6,15.2317880794702,False,False,0.8333333333333334,-2.166666666666668,7.0,21.75,rank,True
Jerry Rice,Anna Trebunskaya,Athlete,Mississippi,United States,43,2,2nd Place,2,6,"[8.0, 7.0, 8.0]",23.0,7.666666666666667,7.0,8.0,3,0.4714045207910317,4.0,5,17.293233082706767,False,False,0.8,-3.6000000000000014,7.0,22.0,rank,True
Jerry Rice,Anna Trebunskaya,Athlete,Mississippi,United States,43,2,2nd Place,2,7,"[7.0, 7.0, 6.5]",20.5,6.833333333333333,6.5,7.0,3,0.23570226039551584,4.0,4,20.098039215686274,False,False,1.0,-5.0,7.0,22.166666666666668,rank,True
Jerry Rice,Anna Trebunskaya,Athlete,Mississippi,United States,43,2,2nd Place,2,8,"[9.0, 9.0, 8.6666]",26.666600000000003,8.888866666666667,8.6666,9.0,3,0.1571662672317296,3.0,3,31.620636785880723,True,False,1.0,-1.4443666666666637,2.333199999999998,21.928571428571427,rank,True
Kenny Mayne,Andrea Hale,Sports Broadcaster,Washington,United States,46,2,Eliminated Week 1,10,1,"[4.0, 5.0, 4.0]",13.0,4.333333333333333,4.0,5.0,3,0.4714045207910317,9.0,10,6.666666666666667,True,True,0.9,-6.5,11.0,,rank,False
Lisa Rinna,Louis van Amstel,Actor/Actress,California,United States,42,2,Eliminated Week 7,4,1,"[5.0, 7.0, 7.0]",19.0,6.333333333333333,5.0,7.0,3,0.9428090415820634,7.0,10,9.743589743589745,False,False,0.7,-0.5,5.0,,rank,False
Lisa Rinna,Louis van Amstel,Actor/Actress,California,United States,42,2,Eliminated Week 7,4,2,"[6.0, 7.0, 7.0]",20.0,6.666666666666667,6.0,7.0,3,0.4714045207910317,7.0,9,10.0,False,False,0.7777777777777778,-2.2222222222222214,9.0,19.0,rank,False
Lisa Rinna,Louis van Amstel,Actor/Actress,California,United States,42,2,Eliminated Week 7,4,3,"[8.0, 8.0, 9.0]",25.0,8.333333333333334,8.0,9.0,3,0.4714045207910317,4.0,8,13.736263736263737,False,False,0.5,2.25,2.0,19.5,rank,False
Lisa Rinna,Louis van Amstel,Actor/Actress,California,United States,42,2,Eliminated Week 7,4,4,"[9.0, 9.0, 8.0]",26.0,8.666666666666666,8.0,9.0,3,0.4714045207910317,2.0,7,16.455696202531644,False,False,0.2857142857142857,3.428571428571427,2.0,21.333333333333332,rank,False
Lisa Rinna,Louis van Amstel,Actor/Actress,California,United States,42,2,Eliminated Week 7,4,5,"[7.0, 9.0, 9.0]",25.0,8.333333333333334,7.0,9.0,3,0.9428090415820634,3.0,6,16.55629139072848,False,False,0.5,-0.16666666666666785,5.0,22.5,rank,False
Lisa Rinna,Louis van Amstel,Actor/Actress,California,United States,42,2,Eliminated Week 7,4,6,"[9.0, 9.0, 9.0]",27.0,9.0,9.0,9.0,3,0.0,3.0,5,20.30075187969925,False,False,0.6,0.3999999999999986,3.0,23.0,rank,False
Lisa Rinna,Louis van Amstel,Actor/Actress,California,United States,42,2,Eliminated Week 7,4,7,"[8.5, 9.0, 9.0]",26.5,8.833333333333334,8.5,9.0,3,0.23570226039551584,3.0,4,25.98039215686275,True,True,0.75,1.0,1.0,23.666666666666668,rank,False
Master P,Ashly DelGrosso,Singer/Rapper,Louisiana,United States,35,2,Eliminated Week 4,7,1,"[4.0, 4.0, 4.0]",12.0,4.0,4.0,4.0,3,0.0,10.0,10,6.153846153846154,False,False,1.0,-7.5,12.0,,rank,False
Master P,Ashly DelGrosso,Singer/Rapper,Louisiana,United States,35,2,Eliminated Week 4,7,2,"[6.0, 5.0, 5.0]",16.0,5.333333333333333,5.0,6.0,3,0.4714045207910317,9.0,9,8.0,False,False,1.0,-6.222222222222221,13.0,12.0,rank,False
Master P,Ashly DelGrosso,Singer/Rapper,Louisiana,United States,35,2,Eliminated Week 4,7,3,"[6.0, 4.0, 4.0]",14.0,4.666666666666667,4.0,6.0,3,0.9428090415820634,8.0,8,7.6923076923076925,False,False,1.0,-8.75,13.0,14.0,rank,False
Master P,Ashly DelGrosso,Singer/Rapper,Louisiana,United States,35,2,Eliminated Week 4,7,4,"[4.0, 2.0, 2.0]",8.0,2.6666666666666665,2.0,4.0,3,0.9428090415820634,7.0,7,5.063291139240507,True,True,1.0,-14.571428571428573,20.0,14.0,rank,False
Stacy Keibler,Tony Dovolani,Athlete,Maryland,United States,26,2,3rd Place,3,1,"[8.0, 6.0, 8.0]",22.0,7.333333333333333,6.0,8.0,3,0.9428090415820634,4.0,10,11.282051282051283,False,False,0.4,2.5,2.0,,rank,False
Stacy Keibler,Tony Dovolani,Athlete,Maryland,United States,26,2,3rd Place,3,2,"[9.0, 10.0, 10.0]",29.0,9.666666666666666,9.0,10.0,3,0.4714045207910317,1.0,9,14.499999999999998,False,False,0.1111111111111111,6.777777777777779,0.0,22.0,rank,False
Stacy Keibler,Tony Dovolani,Athlete,Maryland,United States,26,2,3rd Place,3,3,"[9.0, 9.0, 9.0]",27.0,9.0,9.0,9.0,3,0.0,1.0,8,14.835164835164836,False,False,0.125,4.25,0.0,25.5,rank,False
Stacy Keibler,Tony Dovolani,Athlete,Maryland,United States,26,2,3rd Place,3,4,"[8.0, 9.0, 9.0]",26.0,8.666666666666666,8.0,9.0,3,0.4714045207910317,2.0,7,16.455696202531644,False,False,0.2857142857142857,3.428571428571427,2.0,26.0,rank,False
Stacy Keibler,Tony Dovolani,Athlete,Maryland,United States,26,2,3rd Place,3,5,"[10.0, 10.0, 10.0]",30.0,10.0,10.0,10.0,3,0.0,1.0,6,19.867549668874172,False,False,0.16666666666666666,4.833333333333332,0.0,26.0,rank,False
Stacy Keibler,Tony Dovolani,Athlete,Maryland,United States,26,2,3rd Place,3,6,"[10.0, 10.0, 10.0]",30.0,10.0,10.0,10.0,3,0.0,1.0,5,22.55639097744361,False,False,0.2,3.3999999999999986,0.0,26.8,rank,False
Stacy Keibler,Tony Dovolani,Athlete,Maryland,United States,26,2,3rd Place,3,7,"[9.0, 9.0, 9.5]",27.5,9.166666666666666,9.0,9.5,3,0.23570226039551584,1.0,4,26.96078431372549,False,False,0.25,2.0,0.0,27.333333333333332,rank,False
Stacy Keibler,Tony Dovolani,Athlete,Maryland,United States,26,2,3rd Place,3,8,"[9.3333, 9.6666, 9.6666]",28.6665,9.5555,9.3333,9.6666,3,0.15711912677965145,2.0,3,33.9920718960216,True,False,0.6666666666666666,0.555533333333333,0.33330000000000126,27.357142857142858,rank,False
Tatum O'Neal,Nick Kosovich,Actor/Actress,California,United States,42,2,Eliminated Week 2,9,1,"[7.0, 8.0, 8.0]",23.0,7.666666666666667,7.0,8.0,3,0.4714045207910317,2.0,10,11.794871794871794,False,False,0.2,3.5,1.0,,rank,False
Tatum O'Neal,Nick Kosovich,Actor/Actress,California,United States,42,2,Eliminated Week 2,9,2,"[5.0, 6.0, 6.0]",17.0,5.666666666666667,5.0,6.0,3,0.4714045207910317,8.0,9,8.5,True,True,0.8888888888888888,-5.222222222222221,12.0,23.0,rank,False
Tia Carrere,Maksim Chmerkoskiy,Actor/Actress,Hawaii,United States,39,2,Eliminated Week 5,6,1,"[6.0, 7.0, 7.0]",20.0,6.666666666666667,6.0,7.0,3,0.4714045207910317,6.0,10,10.256410256410255,False,False,0.6,0.5,4.0,,rank,False
Tia Carrere,Maksim Chmerkoskiy,Actor/Actress,Hawaii,United States,39,2,Eliminated Week 5,6,2,"[7.0, 8.0, 7.0]",22.0,7.333333333333333,7.0,8.0,3,0.4714045207910317,5.0,9,11.0,False,False,0.5555555555555556,-0.22222222222222143,7.0,20.0,rank,False
Tia Carrere,Maksim Chmerkoskiy,Actor/Actress,Hawaii,United States,39,2,Eliminated Week 5,6,3,"[9.0, 8.0, 9.0]",26.0,8.666666666666666,8.0,9.0,3,0.4714045207910317,3.0,8,14.285714285714285,False,False,0.375,3.25,1.0,21.0,rank,False
Tia Carrere,Maksim Chmerkoskiy,Actor/Actress,Hawaii,United States,39,2,Eliminated Week 5,6,4,"[9.0, 8.0, 8.0]",25.0,8.333333333333334,8.0,9.0,3,0.4714045207910317,4.0,7,15.822784810126583,False,False,0.5714285714285714,2.428571428571427,3.0,22.666666666666668,rank,False
Tia Carrere,Maksim Chmerkoskiy,Actor/Actress,Hawaii,United States,39,2,Eliminated Week 5,6,5,"[7.0, 7.0, 8.0]",22.0,7.333333333333333,7.0,8.0,3,0.4714045207910317,6.0,6,14.56953642384106,True,True,1.0,-3.166666666666668,8.0,23.25,rank,False
Emmitt Smith,Cheryl Burke,Athlete,Florida,United States,37,3,1st Place,1,1,"[8.0, 8.0, 8.0]",24.0,8.0,8.0,8.0,3,0.0,2.0,11,11.320754716981133,False,False,0.18181818181818182,4.727272727272727,2.0,,percentage,False
Emmitt Smith,Cheryl Burke,Athlete,Florida,United States,37,3,1st Place,1,2,"[8.0, 8.0, 8.0]",24.0,8.0,8.0,8.0,3,0.0,3.0,10,10.434782608695652,False,False,0.3,1.0,5.0,24.0,percentage,False
Emmitt Smith,Cheryl Burke,Athlete,Florida,United States,37,3,1st Place,1,3,"[7.0, 6.0, 6.0]",19.0,6.333333333333333,6.0,7.0,3,0.4714045207910317,9.0,9,9.178743961352657,False,False,1.0,-4.0,8.0,24.0,percentage,False
Emmitt Smith,Cheryl Burke,Athlete,Florida,United States,37,3,1st Place,1,4,"[8.0, 8.0, 8.0]",24.0,8.0,8.0,8.0,3,0.0,4.0,8,12.121212121212121,False,False,0.5,-0.75,5.0,22.333333333333332,percentage,False
Emmitt Smith,Cheryl Burke,Athlete,Florida,United States,37,3,1st Place,1,5,"[9.0, 9.0, 9.0]",27.0,9.0,9.0,9.0,3,0.0,1.0,7,14.917127071823206,False,False,0.14285714285714285,1.1428571428571423,0.0,22.75,percentage,False
Emmitt Smith,Cheryl Burke,Athlete,Florida,United States,37,3,1st Place,1,6,"[8.0, 8.0, 9.0]",25.0,8.333333333333334,8.0,9.0,3,0.4714045207910317,2.0,5,21.1864406779661,False,False,0.4,1.3999999999999986,3.0,23.6,percentage,False
Emmitt Smith,Cheryl Burke,Athlete,Florida,United States,37,3,1st Place,1,7,"[10.0, 9.5, 9.0]",28.5,9.5,9.0,10.0,3,0.408248290463863,1.0,5,21.11111111111111,False,False,0.2,1.5,0.0,23.833333333333332,percentage,False
Emmitt Smith,Cheryl Burke,Athlete,Florida,United States,37,3,1st Place,1,8,"[8.5, 9.0, 9.5]",27.0,9.0,8.5,9.5,3,0.408248290463863,2.0,4,24.770642201834864,False,False,0.5,-0.25,1.5,24.5,percentage,False
Emmitt Smith,Cheryl Burke,Athlete,Florida,United States,37,3,1st Place,1,9,"[9.5, 10.0, 10.0]",29.5,9.833333333333334,9.5,10.0,3,0.23570226039551584,1.0,3,33.33333333333333,False,False,0.3333333333333333,0.0,0.0,24.8125,percentage,False
Emmitt Smith,Cheryl Burke,Athlete,Florida,United States,37,3,1st Place,1,10,"[10.0, 9.6666, 10.0]",29.666600000000003,9.888866666666667,9.6666,10.0,3,0.1571662672317296,1.0,2,50.0,True,False,0.5,0.0,0.0,25.333333333333332,percentage,False
Harry Hamlin,Ashly DelGrosso,Actor/Actress,California,United States,54,3,Eliminated Week 3,9,1,"[5.0, 6.0, 6.0]",17.0,5.666666666666667,5.0,6.0,3,0.4714045207910317,8.0,11,8.018867924528301,False,False,0.7272727272727273,-2.2727272727272734,9.0,,percentage,False
Harry Hamlin,Ashly DelGrosso,Actor/Actress,California,United States,54,3,Eliminated Week 3,9,2,"[7.0, 7.0, 7.0]",21.0,7.0,7.0,7.0,3,0.0,7.0,10,9.130434782608695,False,False,0.7,-2.0,8.0,17.0,percentage,False
Harry Hamlin,Ashly DelGrosso,Actor/Actress,California,United States,54,3,Eliminated Week 3,9,3,"[7.0, 8.0, 7.0]",22.0,7.333333333333333,7.0,8.0,3,0.4714045207910317,4.0,9,10.628019323671497,True,True,0.4444444444444444,-1.0,5.0,19.0,percentage,False
Jerry Springer,Kym Johnson,TV Personality,Non-US,England,62,3,Eliminated Week 7,5,1,"[5.0, 5.0, 6.0]",16.0,5.333333333333333,5.0,6.0,3,0.4714045207910317,9.0,11,7.547169811320755,False,False,0.8181818181818182,-3.2727272727272734,10.0,,percentage,False
Jerry Springer,Kym Johnson,TV Personality,Non-US,England,62,3,Eliminated Week 7,5,2,"[7.0, 6.0, 6.0]",19.0,6.333333333333333,6.0,7.0,3,0.4714045207910317,10.0,10,8.26086956521739,False,False,1.0,-4.0,10.0,16.0,percentage,False
Jerry Springer,Kym Johnson,TV Personality,Non-US,England,62,3,Eliminated Week 7,5,3,"[7.0, 7.0, 7.0]",21.0,7.0,7.0,7.0,3,0.0,8.0,9,10.144927536231885,False,False,0.8888888888888888,-2.0,6.0,17.5,percentage,False
Jerry Springer,Kym Johnson,TV Personality,Non-US,England,62,3,Eliminated Week 7,5,4,"[7.0, 7.0, 8.0]",22.0,7.333333333333333,7.0,8.0,3,0.4714045207910317,7.0,8,11.11111111111111,False,False,0.875,-2.75,7.0,18.666666666666668,percentage,False
Jerry Springer,Kym Johnson,TV Personality,Non-US,England,62,3,Eliminated Week 7,5,5,"[8.0, 8.0, 8.0]",24.0,8.0,8.0,8.0,3,0.0,6.0,7,13.259668508287293,False,False,0.8571428571428571,-1.8571428571428577,3.0,19.5,percentage,False
Jerry Springer,Kym Johnson,TV Personality,Non-US,England,62,3,Eliminated Week 7,5,6,"[7.0, 6.0, 5.0]",18.0,6.0,5.0,7.0,3,0.816496580927726,5.0,5,15.254237288135593,False,False,1.0,-5.600000000000001,10.0,20.4,percentage,False
Jerry Springer,Kym Johnson,TV Personality,Non-US,England,62,3,Eliminated Week 7,5,7,"[7.5, 8.0, 7.5]",23.0,7.666666666666667,7.5,8.0,3,0.23570226039551584,5.0,5,17.037037037037038,True,True,1.0,-4.0,5.5,20.0,percentage,False
Joey Lawrence,Edyta Sliwinska,Actor/Actress,Pennsylvania,United States,30,3,3rd Place,3,1,"[7.0, 7.0, 7.0]",21.0,7.0,7.0,7.0,3,0.0,5.0,11,9.90566037735849,False,False,0.45454545454545453,1.7272727272727266,5.0,,percentage,False
Joey Lawrence,Edyta Sliwinska,Actor/Actress,Pennsylvania,United States,30,3,3rd Place,3,2,"[10.0, 9.0, 10.0]",29.0,9.666666666666666,9.0,10.0,3,0.4714045207910317,1.0,10,12.608695652173912,False,False,0.1,6.0,0.0,21.0,percentage,False
Joey Lawrence,Edyta Sliwinska,Actor/Actress,Pennsylvania,United States,30,3,3rd Place,3,3,"[8.0, 6.0, 8.0]",22.0,7.333333333333333,6.0,8.0,3,0.9428090415820634,4.0,9,10.628019323671497,False,False,0.4444444444444444,-1.0,5.0,25.0,percentage,False
Joey Lawrence,Edyta Sliwinska,Actor/Actress,Pennsylvania,United States,30,3,3rd Place,3,4,"[9.0, 9.0, 9.0]",27.0,9.0,9.0,9.0,3,0.0,3.0,8,13.636363636363635,False,False,0.375,2.25,2.0,24.0,percentage,False
Joey Lawrence,Edyta Sliwinska,Actor/Actress,Pennsylvania,United States,30,3,3rd Place,3,5,"[8.0, 8.0, 9.0]",25.0,8.333333333333334,8.0,9.0,3,0.4714045207910317,5.0,7,13.812154696132598,False,False,0.7142857142857143,-0.8571428571428577,2.0,24.75,percentage,False
Joey Lawrence,Edyta Sliwinska,Actor/Actress,Pennsylvania,United States,30,3,3rd Place,3,6,"[8.0, 8.0, 8.0]",24.0,8.0,8.0,8.0,3,0.0,3.0,5,20.33898305084746,False,False,0.6,0.3999999999999986,4.0,24.8,percentage,False
Joey Lawrence,Edyta Sliwinska,Actor/Actress,Pennsylvania,United States,30,3,3rd Place,3,7,"[9.5, 9.0, 10.0]",28.5,9.5,9.0,10.0,3,0.408248290463863,1.0,5,21.11111111111111,False,False,0.2,1.5,0.0,24.666666666666668,percentage,False
Joey Lawrence,Edyta Sliwinska,Actor/Actress,Pennsylvania,United States,30,3,3rd Place,3,8,"[9.5, 8.5, 9.0]",27.0,9.0,8.5,9.5,3,0.408248290463863,2.0,4,24.770642201834864,False,False,0.5,-0.25,1.5,25.214285714285715,percentage,False
Joey Lawrence,Edyta Sliwinska,Actor/Actress,Pennsylvania,United States,30,3,3rd Place,3,9,"[9.5, 10.0, 10.0]",29.5,9.833333333333334,9.5,10.0,3,0.23570226039551584,1.0,3,33.33333333333333,True,False,0.3333333333333333,0.0,0.0,25.4375,percentage,False
Mario Lopez,Karina Smirnoff,Actor/Actress,California,United States,32,3,2nd Place,2,1,"[9.0, 8.0, 9.0]",26.0,8.666666666666666,8.0,9.0,3,0.4714045207910317,1.0,11,12.264150943396226,False,False,0.09090909090909091,6.727272727272727,0.0,,percentage,False
Mario Lopez,Karina Smirnoff,Actor/Actress,California,United States,32,3,2nd Place,2,2,"[7.0, 6.0, 8.0]",21.0,7.0,6.0,8.0,3,0.816496580927726,7.0,10,9.130434782608695,False,False,0.7,-2.0,8.0,26.0,percentage,False
Mario Lopez,Karina Smirnoff,Actor/Actress,California,United States,32,3,2nd Place,2,3,"[8.0, 6.0, 8.0]",22.0,7.333333333333333,6.0,8.0,3,0.9428090415820634,4.0,9,10.628019323671497,False,False,0.4444444444444444,-1.0,5.0,23.5,percentage,False
Mario Lopez,Karina Smirnoff,Actor/Actress,California,United States,32,3,2nd Place,2,4,"[10.0, 9.0, 10.0]",29.0,9.666666666666666,9.0,10.0,3,0.4714045207910317,1.0,8,14.646464646464647,False,False,0.125,4.25,0.0,23.0,percentage,False
Mario Lopez,Karina Smirnoff,Actor/Actress,California,United States,32,3,2nd Place,2,5,"[9.0, 9.0, 9.0]",27.0,9.0,9.0,9.0,3,0.0,1.0,7,14.917127071823206,False,False,0.14285714285714285,1.1428571428571423,0.0,24.5,percentage,False
Mario Lopez,Karina Smirnoff,Actor/Actress,California,United States,32,3,2nd Place,2,6,"[9.0, 9.0, 10.0]",28.0,9.333333333333334,9.0,10.0,3,0.4714045207910317,1.0,5,23.728813559322035,False,False,0.2,4.399999999999999,0.0,25.0,percentage,False
Mario Lopez,Karina Smirnoff,Actor/Actress,California,United States,32,3,2nd Place,2,7,"[9.5, 9.0, 9.5]",28.0,9.333333333333334,9.0,9.5,3,0.23570226039551584,3.0,5,20.74074074074074,False,False,0.6,1.0,0.5,25.5,percentage,False
Mario Lopez,Karina Smirnoff,Actor/Actress,California,United States,32,3,2nd Place,2,8,"[9.5, 9.0, 10.0]",28.5,9.5,9.0,10.0,3,0.408248290463863,1.0,4,26.146788990825687,False,False,0.25,1.25,0.0,25.857142857142858,percentage,False
Mario Lopez,Karina Smirnoff,Actor/Actress,California,United States,32,3,2nd Place,2,9,"[10.0, 9.5, 10.0]",29.5,9.833333333333334,9.5,10.0,3,0.23570226039551584,1.0,3,33.33333333333333,False,False,0.3333333333333333,0.0,0.0,26.1875,percentage,False
Mario Lopez,Karina Smirnoff,Actor/Actress,California,United States,32,3,2nd Place,2,10,"[10.0, 10.0, 9.6666]",29.666600000000003,9.888866666666667,9.6666,10.0,3,0.1571662672317296,1.0,2,50.0,True,False,0.5,0.0,0.0,26.555555555555557,percentage,False
Monique Coleman,Louis van Amstel,Actor/Actress,South Carolina,United States,25,3,Eliminated Week 8,4,1,"[6.0, 6.0, 7.0]",19.0,6.333333333333333,6.0,7.0,3,0.4714045207910317,6.0,11,8.962264150943396,False,False,0.5454545454545454,-0.2727272727272734,7.0,,percentage,False
Monique Coleman,Louis van Amstel,Actor/Actress,South Carolina,United States,25,3,Eliminated Week 8,4,2,"[9.0, 8.0, 9.0]",26.0,8.666666666666666,8.0,9.0,3,0.4714045207910317,2.0,10,11.304347826086957,False,False,0.2,3.0,3.0,19.0,percentage,False
Monique Coleman,Louis van Amstel,Actor/Actress,South Carolina,United States,25,3,Eliminated Week 8,4,3,"[9.0, 9.0, 9.0]",27.0,9.0,9.0,9.0,3,0.0,1.0,9,13.043478260869565,False,False,0.1111111111111111,4.0,0.0,22.5,percentage,False
Monique Coleman,Louis van Amstel,Actor/Actress,South Carolina,United States,25,3,Eliminated Week 8,4,4,"[8.0, 8.0, 8.0]",24.0,8.0,8.0,8.0,3,0.0,4.0,8,12.121212121212121,False,False,0.5,-0.75,5.0,24.0,percentage,False
Monique Coleman,Louis van Amstel,Actor/Actress,South Carolina,United States,25,3,Eliminated Week 8,4,5,"[9.0, 9.0, 9.0]",27.0,9.0,9.0,9.0,3,0.0,1.0,7,14.917127071823206,False,False,0.14285714285714285,1.1428571428571423,0.0,24.0,percentage,False
Monique Coleman,Louis van Amstel,Actor/Actress,South Carolina,United States,25,3,Eliminated Week 8,4,6,"[9.0, 7.0, 7.0]",23.0,7.666666666666667,7.0,9.0,3,0.9428090415820634,4.0,5,19.491525423728813,False,False,0.8,-0.6000000000000014,5.0,24.6,percentage,False
Monique Coleman,Louis van Amstel,Actor/Actress,South Carolina,United States,25,3,Eliminated Week 8,4,7,"[9.0, 9.0, 9.0]",27.0,9.0,9.0,9.0,3,0.0,4.0,5,20.0,False,False,0.8,0.0,1.5,24.333333333333332,percentage,False
Monique Coleman,Louis van Amstel,Actor/Actress,South Carolina,United States,25,3,Eliminated Week 8,4,8,"[8.5, 9.0, 9.0]",26.5,8.833333333333334,8.5,9.0,3,0.23570226039551584,4.0,4,24.31192660550459,True,True,1.0,-0.75,2.0,24.714285714285715,percentage,False
Sara Evans,Tony Dovolani,Singer/Rapper,Missouri,United States,35,3,Withdrew,6,1,"[5.0, 5.0, 5.0]",15.0,5.0,5.0,5.0,3,0.0,10.0,11,7.0754716981132075,False,False,0.9090909090909091,-4.272727272727273,11.0,,percentage,False
Sara Evans,Tony Dovolani,Singer/Rapper,Missouri,United States,35,3,Withdrew,6,2,"[7.0, 7.0, 7.0]",21.0,7.0,7.0,7.0,3,0.0,7.0,10,9.130434782608695,False,False,0.7,-2.0,8.0,15.0,percentage,False
Sara Evans,Tony Dovolani,Singer/Rapper,Missouri,United States,35,3,Withdrew,6,3,"[8.0, 9.0, 8.0]",25.0,8.333333333333334,8.0,9.0,3,0.4714045207910317,3.0,9,12.077294685990339,False,False,0.3333333333333333,2.0,2.0,18.0,percentage,False
Sara Evans,Tony Dovolani,Singer/Rapper,Missouri,United States,35,3,Withdrew,6,4,"[6.0, 7.0, 7.0]",20.0,6.666666666666667,6.0,7.0,3,0.4714045207910317,8.0,8,10.1010101010101,False,False,1.0,-4.75,9.0,20.333333333333332,percentage,False
Sara Evans,Tony Dovolani,Singer/Rapper,Missouri,United States,35,3,Withdrew,6,5,"[8.0, 8.0, 8.0]",24.0,8.0,8.0,8.0,3,0.0,6.0,7,13.259668508287293,True,True,0.8571428571428571,-1.8571428571428577,3.0,20.25,percentage,False
Shanna Moakler,Jesse DeSoto,Model,Rhode Island,United States,31,3,Eliminated Week 2,10,1,"[7.0, 5.0, 6.0]",18.0,6.0,5.0,7.0,3,0.816496580927726,7.0,11,8.49056603773585,False,False,0.6363636363636364,-1.2727272727272734,8.0,,percentage,False
Shanna Moakler,Jesse DeSoto,Model,Rhode Island,United States,31,3,Eliminated Week 2,10,2,"[8.0, 7.0, 7.0]",22.0,7.333333333333333,7.0,8.0,3,0.4714045207910317,6.0,10,9.565217391304348,True,True,0.6,-1.0,7.0,18.0,percentage,False
Tucker Carlson,Elena Grinenko,TV Personality,California,United States,37,3,Eliminated Week 1,11,1,"[5.0, 4.0, 3.0]",12.0,4.0,3.0,5.0,3,0.816496580927726,11.0,11,5.660377358490567,True,True,1.0,-7.272727272727273,14.0,,percentage,False
Vivica A. Fox,Nick Kosovich,Actor/Actress,Indiana,United States,42,3,Eliminated Week 4,8,1,"[6.0, 8.0, 8.0]",22.0,7.333333333333333,6.0,8.0,3,0.9428090415820634,3.0,11,10.377358490566039,False,False,0.2727272727272727,2.7272727272727266,4.0,,percentage,False
Vivica A. Fox,Nick Kosovich,Actor/Actress,Indiana,United States,42,3,Eliminated Week 4,8,2,"[8.0, 8.0, 8.0]",24.0,8.0,8.0,8.0,3,0.0,3.0,10,10.434782608695652,False,False,0.3,1.0,5.0,22.0,percentage,False
Vivica A. Fox,Nick Kosovich,Actor/Actress,Indiana,United States,42,3,Eliminated Week 4,8,3,"[9.0, 9.0, 9.0]",27.0,9.0,9.0,9.0,3,0.0,1.0,9,13.043478260869565,False,False,0.1111111111111111,4.0,0.0,23.0,percentage,False
Vivica A. Fox,Nick Kosovich,Actor/Actress,Indiana,United States,42,3,Eliminated Week 4,8,4,"[8.0, 8.0, 8.0]",24.0,8.0,8.0,8.0,3,0.0,4.0,8,12.121212121212121,True,True,0.5,-0.75,5.0,24.333333333333332,percentage,False
Willa Ford,Maksim Chmerkoskiy,Singer/Rapper,Florida,United States,25,3,Eliminated Week 5,7,1,"[7.0, 7.0, 8.0]",22.0,7.333333333333333,7.0,8.0,3,0.4714045207910317,3.0,11,10.377358490566039,False,False,0.2727272727272727,2.7272727272727266,4.0,,percentage,False
Willa Ford,Maksim Chmerkoskiy,Singer/Rapper,Florida,United States,25,3,Eliminated Week 5,7,2,"[7.0, 8.0, 8.0]",23.0,7.666666666666667,7.0,8.0,3,0.4714045207910317,5.0,10,10.0,False,False,0.5,0.0,6.0,22.0,percentage,False
Willa Ford,Maksim Chmerkoskiy,Singer/Rapper,Florida,United States,25,3,Eliminated Week 5,7,3,"[7.0, 7.0, 8.0]",22.0,7.333333333333333,7.0,8.0,3,0.4714045207910317,4.0,9,10.628019323671497,False,False,0.4444444444444444,-1.0,5.0,22.5,percentage,False
Willa Ford,Maksim Chmerkoskiy,Singer/Rapper,Florida,United States,25,3,Eliminated Week 5,7,4,"[9.0, 9.0, 10.0]",28.0,9.333333333333334,9.0,10.0,3,0.4714045207910317,2.0,8,14.14141414141414,False,False,0.25,3.25,1.0,22.333333333333332,percentage,False
Willa Ford,Maksim Chmerkoskiy,Singer/Rapper,Florida,United States,25,3,Eliminated Week 5,7,5,"[9.0, 9.0, 9.0]",27.0,9.0,9.0,9.0,3,0.0,1.0,7,14.917127071823206,True,True,0.14285714285714285,1.1428571428571423,0.0,23.75,percentage,False
Apolo Anton Ohno,Julianne Hough,Athlete,Washington,United States,24,4,1st Place,1,1,"[7.0, 7.0, 7.0]",21.0,7.0,7.0,7.0,3,0.0,3.0,11,10.194174757281553,False,False,0.2727272727272727,2.2727272727272734,3.0,,percentage,False
Apolo Anton Ohno,Julianne Hough,Athlete,Washington,United States,24,4,1st Place,1,2,"[8.0, 9.0, 9.0]",26.0,8.666666666666666,8.0,9.0,3,0.4714045207910317,2.0,11,10.612244897959183,False,False,0.18181818181818182,3.7272727272727266,1.0,21.0,percentage,False
Apolo Anton Ohno,Julianne Hough,Athlete,Washington,United States,24,4,1st Place,1,3,"[7.0, 8.0, 8.0]",23.0,7.666666666666667,7.0,8.0,3,0.4714045207910317,5.0,10,10.550458715596331,False,False,0.5,1.1999999999999993,1.0,23.5,percentage,False
Apolo Anton Ohno,Julianne Hough,Athlete,Washington,United States,24,4,1st Place,1,4,"[9.0, 8.0, 9.0]",26.0,8.666666666666666,8.0,9.0,3,0.4714045207910317,2.0,9,13.684210526315791,False,False,0.2222222222222222,4.888888888888889,2.0,23.333333333333332,percentage,False
Apolo Anton Ohno,Julianne Hough,Athlete,Washington,United States,24,4,1st Place,1,5,"[10.0, 10.0, 10.0]",30.0,10.0,10.0,10.0,3,0.0,1.0,8,17.045454545454543,False,False,0.125,8.0,0.0,24.0,percentage,False
Apolo Anton Ohno,Julianne Hough,Athlete,Washington,United States,24,4,1st Place,1,6,"[9.0, 9.0, 10.0]",28.0,9.333333333333334,9.0,10.0,3,0.4714045207910317,1.0,7,16.470588235294116,False,False,0.14285714285714285,3.7142857142857153,0.0,25.2,percentage,False
Apolo Anton Ohno,Julianne Hough,Athlete,Washington,United States,24,4,1st Place,1,7,"[9.0, 8.5, 9.5]",27.0,9.0,8.5,9.5,3,0.408248290463863,3.0,6,17.475728155339805,False,False,0.5,1.25,2.5,25.666666666666668,percentage,False
Apolo Anton Ohno,Julianne Hough,Athlete,Washington,United States,24,4,1st Place,1,8,"[10.0, 9.0, 10.0]",29.0,9.666666666666666,9.0,10.0,3,0.4714045207910317,1.0,5,23.107569721115535,False,False,0.2,3.8999999999999986,0.0,25.857142857142858,percentage,False
Apolo Anton Ohno,Julianne Hough,Athlete,Washington,United States,24,4,1st Place,1,9,"[10.0, 9.5, 10.0]",29.5,9.833333333333334,9.5,10.0,3,0.23570226039551584,3.0,4,24.894514767932492,False,False,0.75,-0.125,0.5,26.25,percentage,False
Apolo Anton Ohno,Julianne Hough,Athlete,Washington,United States,24,4,1st Place,1,10,"[9.6666, 9.6666, 10.0]",29.3332,9.777733333333334,9.6666,10.0,3,0.1571662672317296,1.0,3,33.976850076853665,True,False,0.3333333333333333,0.5555666666666639,0.0,26.61111111111111,percentage,False
Billy Ray Cyrus,Karina Smirnoff,Singer/Rapper,Kentucky,United States,45,4,Eliminated Week 8,5,1,"[5.0, 4.0, 4.0]",13.0,4.333333333333333,4.0,5.0,3,0.4714045207910317,11.0,11,6.310679611650485,False,False,1.0,-5.727272727272727,11.0,,percentage,True
Billy Ray Cyrus,Karina Smirnoff,Singer/Rapper,Kentucky,United States,45,4,Eliminated Week 8,5,2,"[7.0, 7.0, 7.0]",21.0,7.0,7.0,7.0,3,0.0,6.0,11,8.571428571428571,False,False,0.5454545454545454,-1.2727272727272734,6.0,13.0,percentage,True
Billy Ray Cyrus,Karina Smirnoff,Singer/Rapper,Kentucky,United States,45,4,Eliminated Week 8,5,3,"[7.0, 7.0, 7.0]",21.0,7.0,7.0,7.0,3,0.0,6.0,10,9.63302752293578,False,False,0.6,-0.8000000000000007,3.0,17.0,percentage,True
Billy Ray Cyrus,Karina Smirnoff,Singer/Rapper,Kentucky,United States,45,4,Eliminated Week 8,5,4,"[7.0, 7.0, 7.0]",21.0,7.0,7.0,7.0,3,0.0,5.0,9,11.052631578947368,False,False,0.5555555555555556,-0.11111111111111072,7.0,18.333333333333332,percentage,True
Billy Ray Cyrus,Karina Smirnoff,Singer/Rapper,Kentucky,United States,45,4,Eliminated Week 8,5,5,"[6.0, 6.0, 5.0]",17.0,5.666666666666667,5.0,6.0,3,0.4714045207910317,7.0,8,9.659090909090908,False,False,0.875,-5.0,13.0,19.0,percentage,True
Billy Ray Cyrus,Karina Smirnoff,Singer/Rapper,Kentucky,United States,45,4,Eliminated Week 8,5,6,"[7.0, 7.0, 7.0]",21.0,7.0,7.0,7.0,3,0.0,6.0,7,12.352941176470589,False,False,0.8571428571428571,-3.2857142857142847,7.0,18.6,percentage,True
Billy Ray Cyrus,Karina Smirnoff,Singer/Rapper,Kentucky,United States,45,4,Eliminated Week 8,5,7,"[6.0, 6.5, 6.5]",19.0,6.333333333333333,6.0,6.5,3,0.23570226039551584,6.0,6,12.297734627831716,False,False,1.0,-6.75,10.5,19.0,percentage,True
Billy Ray Cyrus,Karina Smirnoff,Singer/Rapper,Kentucky,United States,45,4,Eliminated Week 8,5,8,"[6.5, 6.5, 6.0]",19.0,6.333333333333333,6.0,6.5,3,0.23570226039551584,5.0,5,15.139442231075698,True,True,1.0,-6.100000000000001,10.0,19.0,percentage,True
Clyde Drexler,Elena Grinenko,Athlete,Louisiana,United States,44,4,Eliminated Week 5,8,1,"[6.0, 5.0, 5.0]",16.0,5.333333333333333,5.0,6.0,3,0.4714045207910317,9.0,11,7.766990291262135,False,False,0.8181818181818182,-2.7272727272727266,8.0,,percentage,False
Clyde Drexler,Elena Grinenko,Athlete,Louisiana,United States,44,4,Eliminated Week 5,8,2,"[6.0, 6.0, 6.0]",18.0,6.0,6.0,6.0,3,0.0,11.0,11,7.346938775510205,False,False,1.0,-4.272727272727273,9.0,16.0,percentage,False
Clyde Drexler,Elena Grinenko,Athlete,Louisiana,United States,44,4,Eliminated Week 5,8,3,"[6.0, 5.0, 5.0]",16.0,5.333333333333333,5.0,6.0,3,0.4714045207910317,10.0,10,7.339449541284404,False,False,1.0,-5.800000000000001,8.0,17.0,percentage,False
Clyde Drexler,Elena Grinenko,Athlete,Louisiana,United States,44,4,Eliminated Week 5,8,4,"[6.0, 4.0, 5.0]",15.0,5.0,4.0,6.0,3,0.816496580927726,9.0,9,7.894736842105263,False,False,1.0,-6.111111111111111,13.0,16.666666666666668,percentage,False
Clyde Drexler,Elena Grinenko,Athlete,Louisiana,United States,44,4,Eliminated Week 5,8,5,"[4.0, 5.0, 4.0]",13.0,4.333333333333333,4.0,5.0,3,0.4714045207910317,8.0,8,7.386363636363637,True,True,1.0,-9.0,17.0,16.25,percentage,False
Heather Mills,Jonathan Roberts,Model,Non-US,England,39,4,Eliminated Week 6,7,1,"[6.0, 6.0, 6.0]",18.0,6.0,6.0,6.0,3,0.0,7.0,11,8.737864077669903,False,False,0.6363636363636364,-0.7272727272727266,6.0,,percentage,False
Heather Mills,Jonathan Roberts,Model,Non-US,England,39,4,Eliminated Week 6,7,2,"[8.0, 8.0, 8.0]",24.0,8.0,8.0,8.0,3,0.0,3.0,11,9.795918367346939,False,False,0.2727272727272727,1.7272727272727266,3.0,18.0,percentage,False
Heather Mills,Jonathan Roberts,Model,Non-US,England,39,4,Eliminated Week 6,7,3,"[8.0, 8.0, 8.0]",24.0,8.0,8.0,8.0,3,0.0,1.0,10,11.009174311926607,False,False,0.1,2.1999999999999993,0.0,21.0,percentage,False
Heather Mills,Jonathan Roberts,Model,Non-US,England,39,4,Eliminated Week 6,7,4,"[7.0, 8.0, 8.0]",23.0,7.666666666666667,7.0,8.0,3,0.4714045207910317,4.0,9,12.105263157894736,False,False,0.4444444444444444,1.8888888888888893,5.0,22.0,percentage,False
Heather Mills,Jonathan Roberts,Model,Non-US,England,39,4,Eliminated Week 6,7,5,"[7.0, 7.0, 7.0]",21.0,7.0,7.0,7.0,3,0.0,5.0,8,11.931818181818182,False,False,0.625,-1.0,9.0,22.25,percentage,False
Heather Mills,Jonathan Roberts,Model,Non-US,England,39,4,Eliminated Week 6,7,6,"[7.0, 8.0, 8.0]",23.0,7.666666666666667,7.0,8.0,3,0.4714045207910317,5.0,7,13.529411764705882,True,True,0.7142857142857143,-1.2857142857142847,5.0,22.0,percentage,False
Ian Ziering,Cheryl Burke,Actor/Actress,New Jersey,United States,42,4,Eliminated Week 9,4,1,"[7.0, 7.0, 7.0]",21.0,7.0,7.0,7.0,3,0.0,3.0,11,10.194174757281553,False,False,0.2727272727272727,2.2727272727272734,3.0,,percentage,False
Ian Ziering,Cheryl Burke,Actor/Actress,New Jersey,United States,42,4,Eliminated Week 9,4,2,"[7.0, 8.0, 7.0]",22.0,7.333333333333333,7.0,8.0,3,0.4714045207910317,5.0,11,8.979591836734693,False,False,0.45454545454545453,-0.2727272727272734,5.0,21.0,percentage,False
Ian Ziering,Cheryl Burke,Actor/Actress,New Jersey,United States,42,4,Eliminated Week 9,4,3,"[8.0, 8.0, 8.0]",24.0,8.0,8.0,8.0,3,0.0,1.0,10,11.009174311926607,False,False,0.1,2.1999999999999993,0.0,21.5,percentage,False
Ian Ziering,Cheryl Burke,Actor/Actress,New Jersey,United States,42,4,Eliminated Week 9,4,4,"[7.0, 9.0, 8.0]",24.0,8.0,7.0,9.0,3,0.816496580927726,3.0,9,12.631578947368421,False,False,0.3333333333333333,2.8888888888888893,4.0,22.333333333333332,percentage,False
Ian Ziering,Cheryl Burke,Actor/Actress,New Jersey,United States,42,4,Eliminated Week 9,4,5,"[8.0, 8.0, 8.0]",24.0,8.0,8.0,8.0,3,0.0,4.0,8,13.636363636363635,False,False,0.5,2.0,6.0,22.75,percentage,False
Ian Ziering,Cheryl Burke,Actor/Actress,New Jersey,United States,42,4,Eliminated Week 9,4,6,"[8.0, 8.0, 8.0]",24.0,8.0,8.0,8.0,3,0.0,4.0,7,14.117647058823529,False,False,0.5714285714285714,-0.2857142857142847,4.0,23.0,percentage,False
Ian Ziering,Cheryl Burke,Actor/Actress,New Jersey,United States,42,4,Eliminated Week 9,4,7,"[9.0, 9.0, 9.0]",27.0,9.0,9.0,9.0,3,0.0,3.0,6,17.475728155339805,False,False,0.5,1.25,2.5,23.166666666666668,percentage,False
Ian Ziering,Cheryl Burke,Actor/Actress,New Jersey,United States,42,4,Eliminated Week 9,4,8,"[8.0, 7.5, 8.0]",23.5,7.833333333333333,7.5,8.0,3,0.23570226039551584,4.0,5,18.725099601593627,False,False,0.8,-1.6000000000000014,5.5,23.714285714285715,percentage,False
Ian Ziering,Cheryl Burke,Actor/Actress,New Jersey,United States,42,4,Eliminated Week 9,4,9,"[9.5, 10.0, 9.5]",29.0,9.666666666666666,9.5,10.0,3,0.23570226039551584,4.0,4,24.47257383966245,True,True,1.0,-0.625,1.0,23.6875,percentage,False
Joey Fatone,Kym Johnson,Singer/Rapper,New York,United States,30,4,2nd Place,2,1,"[8.0, 8.0, 8.0]",24.0,8.0,8.0,8.0,3,0.0,1.0,11,11.650485436893204,False,False,0.09090909090909091,5.272727272727273,0.0,,percentage,False
Joey Fatone,Kym Johnson,Singer/Rapper,New York,United States,30,4,2nd Place,2,2,"[8.0, 8.0, 8.0]",24.0,8.0,8.0,8.0,3,0.0,3.0,11,9.795918367346939,False,False,0.2727272727272727,1.7272727272727266,3.0,24.0,percentage,False
Joey Fatone,Kym Johnson,Singer/Rapper,New York,United States,30,4,2nd Place,2,3,"[8.0, 8.0, 8.0]",24.0,8.0,8.0,8.0,3,0.0,1.0,10,11.009174311926607,False,False,0.1,2.1999999999999993,0.0,24.0,percentage,False
Joey Fatone,Kym Johnson,Singer/Rapper,New York,United States,30,4,2nd Place,2,4,"[10.0, 9.0, 9.0]",28.0,9.333333333333334,9.0,10.0,3,0.4714045207910317,1.0,9,14.736842105263156,False,False,0.1111111111111111,6.888888888888889,0.0,24.0,percentage,False
Joey Fatone,Kym Johnson,Singer/Rapper,New York,United States,30,4,2nd Place,2,5,"[8.0, 8.0, 9.0]",25.0,8.333333333333334,8.0,9.0,3,0.4714045207910317,3.0,8,14.204545454545455,False,False,0.375,3.0,5.0,25.0,percentage,False
Joey Fatone,Kym Johnson,Singer/Rapper,New York,United States,30,4,2nd Place,2,6,"[9.0, 9.0, 9.0]",27.0,9.0,9.0,9.0,3,0.0,3.0,7,15.88235294117647,False,False,0.42857142857142855,2.7142857142857153,1.0,25.0,percentage,False
Joey Fatone,Kym Johnson,Singer/Rapper,New York,United States,30,4,2nd Place,2,7,"[10.0, 9.5, 10.0]",29.5,9.833333333333334,9.5,10.0,3,0.23570226039551584,1.0,6,19.093851132686083,False,False,0.16666666666666666,3.75,0.0,25.333333333333332,percentage,False
Joey Fatone,Kym Johnson,Singer/Rapper,New York,United States,30,4,2nd Place,2,8,"[9.5, 9.0, 9.0]",27.5,9.166666666666666,9.0,9.5,3,0.23570226039551584,2.0,5,21.91235059760956,False,False,0.4,2.3999999999999986,1.5,25.928571428571427,percentage,False
Joey Fatone,Kym Johnson,Singer/Rapper,New York,United States,30,4,2nd Place,2,9,"[10.0, 10.0, 10.0]",30.0,10.0,10.0,10.0,3,0.0,1.0,4,25.31645569620253,False,False,0.25,0.375,0.0,26.125,percentage,False
Joey Fatone,Kym Johnson,Singer/Rapper,New York,United States,30,4,2nd Place,2,10,"[9.6666, 9.3333, 9.6666]",28.6665,9.5555,9.3333,9.6666,3,0.15711912677965145,2.0,3,33.204606818489815,True,False,0.6666666666666666,-0.11113333333333841,0.6667000000000023,26.555555555555557,percentage,False
John Ratzenberger,Edyta Sliwinska,Actor/Actress,Connecticut,United States,59,4,Eliminated Week 7,6,1,"[6.0, 5.0, 6.0]",17.0,5.666666666666667,5.0,6.0,3,0.4714045207910317,8.0,11,8.25242718446602,False,False,0.7272727272727273,-1.7272727272727266,7.0,,percentage,False
John Ratzenberger,Edyta Sliwinska,Actor/Actress,Connecticut,United States,59,4,Eliminated Week 7,6,2,"[7.0, 7.0, 7.0]",21.0,7.0,7.0,7.0,3,0.0,6.0,11,8.571428571428571,False,False,0.5454545454545454,-1.2727272727272734,6.0,17.0,percentage,False
John Ratzenberger,Edyta Sliwinska,Actor/Actress,Connecticut,United States,59,4,Eliminated Week 7,6,3,"[7.0, 6.0, 7.0]",20.0,6.666666666666667,6.0,7.0,3,0.4714045207910317,9.0,10,9.174311926605505,False,False,0.9,-1.8000000000000007,4.0,19.0,percentage,False
John Ratzenberger,Edyta Sliwinska,Actor/Actress,Connecticut,United States,59,4,Eliminated Week 7,6,4,"[6.0, 5.0, 5.0]",16.0,5.333333333333333,5.0,6.0,3,0.4714045207910317,7.0,9,8.421052631578947,False,False,0.7777777777777778,-5.111111111111111,12.0,19.333333333333332,percentage,False
John Ratzenberger,Edyta Sliwinska,Actor/Actress,Connecticut,United States,59,4,Eliminated Week 7,6,5,"[6.0, 6.0, 6.0]",18.0,6.0,6.0,6.0,3,0.0,6.0,8,10.227272727272728,False,False,0.75,-4.0,12.0,18.5,percentage,False
John Ratzenberger,Edyta Sliwinska,Actor/Actress,Connecticut,United States,59,4,Eliminated Week 7,6,6,"[7.0, 6.0, 6.0]",19.0,6.333333333333333,6.0,7.0,3,0.4714045207910317,7.0,7,11.176470588235295,False,False,1.0,-5.285714285714285,9.0,18.4,percentage,False
John Ratzenberger,Edyta Sliwinska,Actor/Actress,Connecticut,United States,59,4,Eliminated Week 7,6,7,"[7.5, 7.5, 7.5]",22.5,7.5,7.5,7.5,3,0.0,5.0,6,14.563106796116504,True,True,0.8333333333333334,-3.25,7.0,18.5,percentage,False
Laila Ali,Maksim Chmerkoskiy,Athlete,Florida,United States,29,4,3rd Place,3,1,"[7.0, 8.0, 8.0]",23.0,7.666666666666667,7.0,8.0,3,0.4714045207910317,2.0,11,11.165048543689322,False,False,0.18181818181818182,4.272727272727273,1.0,,percentage,False
Laila Ali,Maksim Chmerkoskiy,Athlete,Florida,United States,29,4,3rd Place,3,2,"[9.0, 9.0, 9.0]",27.0,9.0,9.0,9.0,3,0.0,1.0,11,11.020408163265307,False,False,0.09090909090909091,4.727272727272727,0.0,23.0,percentage,False
Laila Ali,Maksim Chmerkoskiy,Athlete,Florida,United States,29,4,3rd Place,3,3,"[7.0, 7.0, 7.0]",21.0,7.0,7.0,7.0,3,0.0,6.0,10,9.63302752293578,False,False,0.6,-0.8000000000000007,3.0,25.0,percentage,False
Laila Ali,Maksim Chmerkoskiy,Athlete,Florida,United States,29,4,3rd Place,3,4,"[7.0, 7.0, 7.0]",21.0,7.0,7.0,7.0,3,0.0,5.0,9,11.052631578947368,False,False,0.5555555555555556,-0.11111111111111072,7.0,23.666666666666668,percentage,False
Laila Ali,Maksim Chmerkoskiy,Athlete,Florida,United States,29,4,3rd Place,3,5,"[9.0, 10.0, 9.0]",28.0,9.333333333333334,9.0,10.0,3,0.4714045207910317,2.0,8,15.909090909090908,False,False,0.25,6.0,2.0,23.0,percentage,False
Laila Ali,Maksim Chmerkoskiy,Athlete,Florida,United States,29,4,3rd Place,3,6,"[9.0, 9.0, 10.0]",28.0,9.333333333333334,9.0,10.0,3,0.4714045207910317,1.0,7,16.470588235294116,False,False,0.14285714285714285,3.7142857142857153,0.0,24.0,percentage,False
Laila Ali,Maksim Chmerkoskiy,Athlete,Florida,United States,29,4,3rd Place,3,7,"[10.0, 9.5, 10.0]",29.5,9.833333333333334,9.5,10.0,3,0.23570226039551584,1.0,6,19.093851132686083,False,False,0.16666666666666666,3.75,0.0,24.666666666666668,percentage,False
Laila Ali,Maksim Chmerkoskiy,Athlete,Florida,United States,29,4,3rd Place,3,8,"[9.0, 8.5, 9.0]",26.5,8.833333333333334,8.5,9.0,3,0.23570226039551584,3.0,5,21.115537848605577,False,False,0.6,1.3999999999999986,2.5,25.357142857142858,percentage,False
Laila Ali,Maksim Chmerkoskiy,Athlete,Florida,United States,29,4,3rd Place,3,9,"[10.0, 10.0, 10.0]",30.0,10.0,10.0,10.0,3,0.0,1.0,4,25.31645569620253,False,False,0.25,0.375,0.0,25.5,percentage,False
Laila Ali,Maksim Chmerkoskiy,Athlete,Florida,United States,29,4,3rd Place,3,10,"[9.6666, 9.0, 9.6666]",28.333200000000005,9.444400000000002,9.0,9.6666,3,0.31423825355930207,3.0,3,32.81854310465651,True,False,1.0,-0.44443333333333257,0.9999999999999964,26.0,percentage,False
Leeza Gibbons,Tony Dovolani,TV Personality,South Carolina,United States,50,4,Eliminated Week 4,9,1,"[5.0, 5.0, 5.0]",15.0,5.0,5.0,5.0,3,0.0,10.0,11,7.281553398058252,False,False,0.9090909090909091,-3.7272727272727266,9.0,,percentage,False
Leeza Gibbons,Tony Dovolani,TV Personality,South Carolina,United States,50,4,Eliminated Week 4,9,2,"[7.0, 7.0, 7.0]",21.0,7.0,7.0,7.0,3,0.0,6.0,11,8.571428571428571,False,False,0.5454545454545454,-1.2727272727272734,6.0,15.0,percentage,False
Leeza Gibbons,Tony Dovolani,TV Personality,South Carolina,United States,50,4,Eliminated Week 4,9,3,"[8.0, 8.0, 8.0]",24.0,8.0,8.0,8.0,3,0.0,1.0,10,11.009174311926607,False,False,0.1,2.1999999999999993,0.0,18.0,percentage,False
Leeza Gibbons,Tony Dovolani,TV Personality,South Carolina,United States,50,4,Eliminated Week 4,9,4,"[6.0, 5.0, 5.0]",16.0,5.333333333333333,5.0,6.0,3,0.4714045207910317,7.0,9,8.421052631578947,True,True,0.7777777777777778,-5.111111111111111,12.0,20.0,percentage,False
Paulina Porizkova,Alec Mazo,Model,Non-US,Czechoslovakia,41,4,Eliminated Week 2,11,1,"[6.0, 6.0, 7.0]",19.0,6.333333333333333,6.0,7.0,3,0.4714045207910317,5.0,11,9.223300970873787,False,False,0.45454545454545453,0.2727272727272734,5.0,,percentage,False
Paulina Porizkova,Alec Mazo,Model,Non-US,Czechoslovakia,41,4,Eliminated Week 2,11,2,"[7.0, 7.0, 7.0]",21.0,7.0,7.0,7.0,3,0.0,6.0,11,8.571428571428571,True,True,0.5454545454545454,-1.2727272727272734,6.0,19.0,percentage,False
Shandi Finnessey,Brian Fortuna,Beauty Pagent,Missouri,United States,28,4,Eliminated Week 3,10,1,"[6.0, 6.0, 7.0]",19.0,6.333333333333333,6.0,7.0,3,0.4714045207910317,5.0,11,9.223300970873787,False,False,0.45454545454545453,0.2727272727272734,5.0,,percentage,False
Shandi Finnessey,Brian Fortuna,Beauty Pagent,Missouri,United States,28,4,Eliminated Week 3,10,2,"[6.0, 7.0, 7.0]",20.0,6.666666666666667,6.0,7.0,3,0.4714045207910317,10.0,11,8.16326530612245,False,False,0.9090909090909091,-2.2727272727272734,7.0,19.0,percentage,False
Shandi Finnessey,Brian Fortuna,Beauty Pagent,Missouri,United States,28,4,Eliminated Week 3,10,3,"[7.0, 7.0, 7.0]",21.0,7.0,7.0,7.0,3,0.0,6.0,10,9.63302752293578,True,True,0.6,-0.8000000000000007,3.0,19.5,percentage,False
Albert Reed,Anna Trebunskaya,Model,Florida,United States,22,5,Eliminated Week 2,11,1,"[7.0, 7.0, 7.0]",21.0,7.0,7.0,7.0,3,0.0,5.0,12,8.171206225680933,False,False,0.4166666666666667,-0.41666666666666785,5.0,,percentage,False
Albert Reed,Anna Trebunskaya,Model,Florida,United States,22,5,Eliminated Week 2,11,2,"[7.0, 7.0, 7.0]",21.0,7.0,7.0,7.0,3,0.0,5.0,11,8.823529411764707,True,True,0.45454545454545453,-0.6363636363636367,6.0,21.0,percentage,False
Cameron Mathison,Edyta Sliwinska,Actor/Actress,Non-US,Canada,38,5,Eliminated Week 8,5,1,"[7.0, 7.0, 7.0]",21.0,7.0,7.0,7.0,3,0.0,5.0,12,8.171206225680933,False,False,0.4166666666666667,-0.41666666666666785,5.0,,percentage,False
Cameron Mathison,Edyta Sliwinska,Actor/Actress,Non-US,Canada,38,5,Eliminated Week 8,5,2,"[7.0, 7.0, 7.0]",21.0,7.0,7.0,7.0,3,0.0,5.0,11,8.823529411764707,False,False,0.45454545454545453,-0.6363636363636367,6.0,21.0,percentage,False
Cameron Mathison,Edyta Sliwinska,Actor/Actress,Non-US,Canada,38,5,Eliminated Week 8,5,3,"[8.0, 7.0, 8.0]",23.0,7.666666666666667,7.0,8.0,3,0.4714045207910317,7.0,10,9.623430962343097,False,False,0.7,-0.8999999999999986,4.0,21.0,percentage,False
Cameron Mathison,Edyta Sliwinska,Actor/Actress,Non-US,Canada,38,5,Eliminated Week 8,5,4,"[9.0, 9.0, 9.0]",27.0,9.0,9.0,9.0,3,0.0,2.0,9,11.538461538461538,False,False,0.2222222222222222,1.0,3.0,21.666666666666668,percentage,False
Cameron Mathison,Edyta Sliwinska,Actor/Actress,Non-US,Canada,38,5,Eliminated Week 8,5,5,"[8.0, 9.0, 9.0]",26.0,8.666666666666666,8.0,9.0,3,0.4714045207910317,3.0,8,13.06532663316583,False,False,0.375,1.125,3.0,23.0,percentage,False
Cameron Mathison,Edyta Sliwinska,Actor/Actress,Non-US,Canada,38,5,Eliminated Week 8,5,6,"[9.0, 8.0, 8.0]",25.0,8.333333333333334,8.0,9.0,3,0.4714045207910317,4.0,7,13.88888888888889,False,False,0.5714285714285714,-0.7142857142857153,5.0,23.6,percentage,False
Cameron Mathison,Edyta Sliwinska,Actor/Actress,Non-US,Canada,38,5,Eliminated Week 8,5,7,"[8.5, 8.5, 8.5]",25.5,8.5,8.5,8.5,3,0.0,5.0,6,16.346153846153847,False,False,0.8333333333333334,-0.5,1.5,23.833333333333332,percentage,False
Cameron Mathison,Edyta Sliwinska,Actor/Actress,Non-US,Canada,38,5,Eliminated Week 8,5,8,"[8.5, 8.5, 8.5]",25.5,8.5,8.5,8.5,3,0.0,3.0,5,19.39163498098859,True,True,0.6,-0.8000000000000007,3.0,24.071428571428573,percentage,False
Floyd Mayweather Jr. ,Karina Smirnoff,Athlete,Michigan,United States,30,5,Eliminated Week 4,9,1,"[6.0, 6.0, 6.0]",18.0,6.0,6.0,6.0,3,0.0,11.0,12,7.003891050583658,False,False,0.9166666666666666,-3.416666666666668,8.0,,percentage,False
Floyd Mayweather Jr. ,Karina Smirnoff,Athlete,Michigan,United States,30,5,Eliminated Week 4,9,2,"[7.0, 7.0, 7.0]",21.0,7.0,7.0,7.0,3,0.0,5.0,11,8.823529411764707,False,False,0.45454545454545453,-0.6363636363636367,6.0,18.0,percentage,False
Floyd Mayweather Jr. ,Karina Smirnoff,Athlete,Michigan,United States,30,5,Eliminated Week 4,9,3,"[7.0, 7.0, 7.0]",21.0,7.0,7.0,7.0,3,0.0,8.0,10,8.786610878661087,False,False,0.8,-2.8999999999999986,6.0,19.5,percentage,False
Floyd Mayweather Jr. ,Karina Smirnoff,Athlete,Michigan,United States,30,5,Eliminated Week 4,9,4,"[7.0, 8.0, 8.0]",23.0,7.666666666666667,7.0,8.0,3,0.4714045207910317,8.0,9,9.82905982905983,True,True,0.8888888888888888,-3.0,7.0,20.0,percentage,False
Helio Castroneves,Julianne Hough,Racing Driver,Non-US,Brazil,32,5,1st Place,1,1,"[8.0, 9.0, 8.0]",25.0,8.333333333333334,8.0,9.0,3,0.4714045207910317,2.0,12,9.72762645914397,False,False,0.16666666666666666,3.583333333333332,1.0,,percentage,False
Helio Castroneves,Julianne Hough,Racing Driver,Non-US,Brazil,32,5,1st Place,1,2,"[9.0, 9.0, 9.0]",27.0,9.0,9.0,9.0,3,0.0,1.0,11,11.344537815126051,False,False,0.09090909090909091,5.363636363636363,0.0,25.0,percentage,False
Helio Castroneves,Julianne Hough,Racing Driver,Non-US,Brazil,32,5,1st Place,1,3,"[8.0, 8.0, 8.0]",24.0,8.0,8.0,8.0,3,0.0,6.0,10,10.0418410041841,False,False,0.6,0.10000000000000142,3.0,26.0,percentage,False
Helio Castroneves,Julianne Hough,Racing Driver,Non-US,Brazil,32,5,1st Place,1,4,"[9.0, 9.0, 9.0]",27.0,9.0,9.0,9.0,3,0.0,2.0,9,11.538461538461538,False,False,0.2222222222222222,1.0,3.0,25.333333333333332,percentage,False
Helio Castroneves,Julianne Hough,Racing Driver,Non-US,Brazil,32,5,1st Place,1,5,"[8.0, 7.0, 8.0]",23.0,7.666666666666667,7.0,8.0,3,0.4714045207910317,6.0,8,11.557788944723619,False,False,0.75,-1.875,6.0,25.75,percentage,False
Helio Castroneves,Julianne Hough,Racing Driver,Non-US,Brazil,32,5,1st Place,1,6,"[9.0, 10.0, 9.0]",28.0,9.333333333333334,9.0,10.0,3,0.4714045207910317,2.0,7,15.555555555555555,False,False,0.2857142857142857,2.2857142857142847,2.0,25.2,percentage,False
Helio Castroneves,Julianne Hough,Racing Driver,Non-US,Brazil,32,5,1st Place,1,7,"[9.0, 8.5, 8.5]",26.0,8.666666666666666,8.5,9.0,3,0.23570226039551584,3.0,6,16.666666666666664,False,False,0.5,0.0,1.0,25.666666666666668,percentage,False
Helio Castroneves,Julianne Hough,Racing Driver,Non-US,Brazil,32,5,1st Place,1,8,"[9.5, 9.5, 9.5]",28.5,9.5,9.5,9.5,3,0.0,1.0,5,21.673003802281368,False,False,0.2,2.1999999999999993,0.0,25.714285714285715,percentage,False
Helio Castroneves,Julianne Hough,Racing Driver,Non-US,Brazil,32,5,1st Place,1,9,"[10.0, 10.0, 10.0]",30.0,10.0,10.0,10.0,3,0.0,1.0,4,25.64102564102564,False,False,0.25,0.75,0.0,26.0625,percentage,False
Helio Castroneves,Julianne Hough,Racing Driver,Non-US,Brazil,32,5,1st Place,1,10,"[9.0, 9.3333, 9.6666]",27.999900000000004,9.333300000000001,9.0,9.6666,3,0.2721383104232114,2.0,3,35.29409540280161,True,False,0.6666666666666666,1.5555333333333365,0.33329999999999416,26.5,percentage,False
Jane Seymour,Tony Dovolani,Actor/Actress,Non-US,England,56,5,Eliminated Week 7,6,1,"[8.0, 8.0, 8.0]",24.0,8.0,8.0,8.0,3,0.0,3.0,12,9.33852140077821,False,False,0.25,2.583333333333332,2.0,,percentage,False
Jane Seymour,Tony Dovolani,Actor/Actress,Non-US,England,56,5,Eliminated Week 7,6,2,"[7.0, 7.0, 7.0]",21.0,7.0,7.0,7.0,3,0.0,5.0,11,8.823529411764707,False,False,0.45454545454545453,-0.6363636363636367,6.0,24.0,percentage,False
Jane Seymour,Tony Dovolani,Actor/Actress,Non-US,England,56,5,Eliminated Week 7,6,3,"[9.0, 9.0, 9.0]",27.0,9.0,9.0,9.0,3,0.0,1.0,10,11.297071129707113,False,False,0.1,3.1000000000000014,0.0,22.5,percentage,False
Jane Seymour,Tony Dovolani,Actor/Actress,Non-US,England,56,5,Eliminated Week 7,6,4,"[8.0, 9.0, 9.0]",26.0,8.666666666666666,8.0,9.0,3,0.4714045207910317,5.0,9,11.11111111111111,False,False,0.5555555555555556,0.0,4.0,24.0,percentage,False
Jane Seymour,Tony Dovolani,Actor/Actress,Non-US,England,56,5,Eliminated Week 7,6,5,"[8.0, 9.0, 9.0]",26.0,8.666666666666666,8.0,9.0,3,0.4714045207910317,3.0,8,13.06532663316583,False,False,0.375,1.125,3.0,24.5,percentage,False
Jane Seymour,Tony Dovolani,Actor/Actress,Non-US,England,56,5,Eliminated Week 7,6,6,"[8.0, 7.0, 7.0]",22.0,7.333333333333333,7.0,8.0,3,0.4714045207910317,7.0,7,12.222222222222221,False,False,1.0,-3.7142857142857153,8.0,24.8,percentage,False
Jane Seymour,Tony Dovolani,Actor/Actress,Non-US,England,56,5,Eliminated Week 7,6,7,"[8.0, 8.5, 8.5]",25.0,8.333333333333334,8.0,8.5,3,0.23570226039551584,6.0,6,16.025641025641026,True,True,1.0,-1.0,2.0,24.333333333333332,percentage,False
Jennie Garth,Derek Hough,Actor/Actress,Illinois,United States,35,5,Eliminated Week 9,4,1,"[7.0, 7.0, 7.0]",21.0,7.0,7.0,7.0,3,0.0,5.0,12,8.171206225680933,False,False,0.4166666666666667,-0.41666666666666785,5.0,,percentage,False
Jennie Garth,Derek Hough,Actor/Actress,Illinois,United States,35,5,Eliminated Week 9,4,2,"[7.0, 7.0, 7.0]",21.0,7.0,7.0,7.0,3,0.0,5.0,11,8.823529411764707,False,False,0.45454545454545453,-0.6363636363636367,6.0,21.0,percentage,False
Jennie Garth,Derek Hough,Actor/Actress,Illinois,United States,35,5,Eliminated Week 9,4,3,"[9.0, 8.0, 9.0]",26.0,8.666666666666666,8.0,9.0,3,0.4714045207910317,4.0,10,10.87866108786611,False,False,0.4,2.1000000000000014,1.0,21.0,percentage,False
Jennie Garth,Derek Hough,Actor/Actress,Illinois,United States,35,5,Eliminated Week 9,4,4,"[8.0, 10.0, 9.0]",27.0,9.0,8.0,10.0,3,0.816496580927726,2.0,9,11.538461538461538,False,False,0.2222222222222222,1.0,3.0,22.666666666666668,percentage,False
Jennie Garth,Derek Hough,Actor/Actress,Illinois,United States,35,5,Eliminated Week 9,4,5,"[8.0, 9.0, 8.0]",25.0,8.333333333333334,8.0,9.0,3,0.4714045207910317,5.0,8,12.562814070351758,False,False,0.625,0.125,4.0,23.75,percentage,False
Jennie Garth,Derek Hough,Actor/Actress,Illinois,United States,35,5,Eliminated Week 9,4,6,"[9.0, 9.0, 9.0]",27.0,9.0,9.0,9.0,3,0.0,3.0,7,15.0,False,False,0.42857142857142855,1.2857142857142847,3.0,24.0,percentage,False
Jennie Garth,Derek Hough,Actor/Actress,Illinois,United States,35,5,Eliminated Week 9,4,7,"[8.5, 8.5, 9.5]",26.5,8.833333333333334,8.5,9.5,3,0.4714045207910317,2.0,6,16.98717948717949,False,False,0.3333333333333333,0.5,0.5,24.5,percentage,False
Jennie Garth,Derek Hough,Actor/Actress,Illinois,United States,35,5,Eliminated Week 9,4,8,"[8.5, 8.5, 8.0]",25.0,8.333333333333334,8.0,8.5,3,0.23570226039551584,4.0,5,19.011406844106464,False,False,0.8,-1.3000000000000007,3.5,24.785714285714285,percentage,False
Jennie Garth,Derek Hough,Actor/Actress,Illinois,United States,35,5,Eliminated Week 9,4,9,"[9.5, 10.0, 9.5]",29.0,9.666666666666666,9.5,10.0,3,0.23570226039551584,3.0,4,24.786324786324787,True,True,0.75,-0.25,1.0,24.8125,percentage,False
Josie Maran,Alec Mazo,Model,California,United States,29,5,Eliminated Week 1,12,1,"[6.0, 5.0, 5.0]",16.0,5.333333333333333,5.0,6.0,3,0.4714045207910317,12.0,12,6.22568093385214,True,True,1.0,-5.416666666666668,10.0,,percentage,False
Marie Osmond,Jonathan Roberts,Singer/Rapper,Utah,United States,47,5,3rd Place,3,1,"[7.0, 7.0, 7.0]",21.0,7.0,7.0,7.0,3,0.0,5.0,12,8.171206225680933,False,False,0.4166666666666667,-0.41666666666666785,5.0,,percentage,False
Marie Osmond,Jonathan Roberts,Singer/Rapper,Utah,United States,47,5,3rd Place,3,2,"[8.0, 8.0, 8.0]",24.0,8.0,8.0,8.0,3,0.0,3.0,11,10.084033613445378,False,False,0.2727272727272727,2.3636363636363633,3.0,21.0,percentage,False
Marie Osmond,Jonathan Roberts,Singer/Rapper,Utah,United States,47,5,3rd Place,3,3,"[9.0, 8.0, 9.0]",26.0,8.666666666666666,8.0,9.0,3,0.4714045207910317,4.0,10,10.87866108786611,False,False,0.4,2.1000000000000014,1.0,22.5,percentage,False
Marie Osmond,Jonathan Roberts,Singer/Rapper,Utah,United States,47,5,3rd Place,3,4,"[9.0, 9.0, 8.0]",26.0,8.666666666666666,8.0,9.0,3,0.4714045207910317,5.0,9,11.11111111111111,False,False,0.5555555555555556,0.0,4.0,23.666666666666668,percentage,False
Marie Osmond,Jonathan Roberts,Singer/Rapper,Utah,United States,47,5,3rd Place,3,5,"[7.0, 7.0, 7.0]",21.0,7.0,7.0,7.0,3,0.0,7.0,8,10.552763819095476,False,False,0.875,-3.875,8.0,24.25,percentage,False
Marie Osmond,Jonathan Roberts,Singer/Rapper,Utah,United States,47,5,3rd Place,3,6,"[8.0, 8.0, 7.0]",23.0,7.666666666666667,7.0,8.0,3,0.4714045207910317,6.0,7,12.777777777777777,False,False,0.8571428571428571,-2.7142857142857153,7.0,23.6,percentage,False
Marie Osmond,Jonathan Roberts,Singer/Rapper,Utah,United States,47,5,3rd Place,3,7,"[9.0, 8.5, 8.5]",26.0,8.666666666666666,8.5,9.0,3,0.23570226039551584,3.0,6,16.666666666666664,False,False,0.5,0.0,1.0,23.5,percentage,False
Marie Osmond,Jonathan Roberts,Singer/Rapper,Utah,United States,47,5,3rd Place,3,8,"[8.0, 8.5, 8.0]",24.5,8.166666666666666,8.0,8.5,3,0.23570226039551584,5.0,5,18.631178707224336,False,False,1.0,-1.8000000000000007,4.0,23.857142857142858,percentage,False
Marie Osmond,Jonathan Roberts,Singer/Rapper,Utah,United States,47,5,3rd Place,3,9,"[9.5, 9.5, 9.0]",28.0,9.333333333333334,9.0,9.5,3,0.23570226039551584,4.0,4,23.931623931623932,False,False,1.0,-1.25,2.0,23.9375,percentage,False
Marie Osmond,Jonathan Roberts,Singer/Rapper,Utah,United States,47,5,3rd Place,3,10,"[8.0, 7.5, 7.5]",23.0,7.666666666666667,7.5,8.0,3,0.23570226039551584,3.0,3,28.99168190830813,True,False,1.0,-3.4443666666666672,5.333199999999998,24.38888888888889,percentage,False
Mark Cuban,Kym Johnson,TV Personality,Pennsylvania,United States,49,5,Eliminated Week 5,8,1,"[7.0, 7.0, 7.0]",21.0,7.0,7.0,7.0,3,0.0,5.0,12,8.171206225680933,False,False,0.4166666666666667,-0.41666666666666785,5.0,,percentage,False
Mark Cuban,Kym Johnson,TV Personality,Pennsylvania,United States,49,5,Eliminated Week 5,8,2,"[6.0, 6.0, 6.0]",18.0,6.0,6.0,6.0,3,0.0,10.0,11,7.563025210084033,False,False,0.9090909090909091,-3.6363636363636367,9.0,21.0,percentage,False
Mark Cuban,Kym Johnson,TV Personality,Pennsylvania,United States,49,5,Eliminated Week 5,8,3,"[6.0, 7.0, 7.0]",20.0,6.666666666666667,6.0,7.0,3,0.4714045207910317,9.0,10,8.368200836820083,False,False,0.9,-3.8999999999999986,7.0,19.5,percentage,False
Mark Cuban,Kym Johnson,TV Personality,Pennsylvania,United States,49,5,Eliminated Week 5,8,4,"[7.0, 8.0, 7.0]",22.0,7.333333333333333,7.0,8.0,3,0.4714045207910317,9.0,9,9.401709401709402,False,False,1.0,-4.0,8.0,19.666666666666668,percentage,False
Mark Cuban,Kym Johnson,TV Personality,Pennsylvania,United States,49,5,Eliminated Week 5,8,5,"[7.0, 7.0, 7.0]",21.0,7.0,7.0,7.0,3,0.0,7.0,8,10.552763819095476,True,True,0.875,-3.875,8.0,20.25,percentage,False
Mel B,Maksim Chmerkoskiy,Singer/Rapper,Non-US,England,32,5,2nd Place,2,1,"[8.0, 8.0, 8.0]",24.0,8.0,8.0,8.0,3,0.0,3.0,12,9.33852140077821,False,False,0.25,2.583333333333332,2.0,,percentage,False
Mel B,Maksim Chmerkoskiy,Singer/Rapper,Non-US,England,32,5,2nd Place,2,2,"[7.0, 8.0, 8.0]",23.0,7.666666666666667,7.0,8.0,3,0.4714045207910317,4.0,11,9.663865546218489,False,False,0.36363636363636365,1.3636363636363633,4.0,24.0,percentage,False
Mel B,Maksim Chmerkoskiy,Singer/Rapper,Non-US,England,32,5,2nd Place,2,3,"[9.0, 9.0, 9.0]",27.0,9.0,9.0,9.0,3,0.0,1.0,10,11.297071129707113,False,False,0.1,3.1000000000000014,0.0,23.5,percentage,False
Mel B,Maksim Chmerkoskiy,Singer/Rapper,Non-US,England,32,5,2nd Place,2,4,"[8.0, 9.0, 9.0]",26.0,8.666666666666666,8.0,9.0,3,0.4714045207910317,5.0,9,11.11111111111111,False,False,0.5555555555555556,0.0,4.0,24.666666666666668,percentage,False
Mel B,Maksim Chmerkoskiy,Singer/Rapper,Non-US,England,32,5,2nd Place,2,5,"[10.0, 9.0, 10.0]",29.0,9.666666666666666,9.0,10.0,3,0.4714045207910317,1.0,8,14.572864321608039,False,False,0.125,4.125,0.0,25.0,percentage,False
Mel B,Maksim Chmerkoskiy,Singer/Rapper,Non-US,England,32,5,2nd Place,2,6,"[10.0, 10.0, 10.0]",30.0,10.0,10.0,10.0,3,0.0,1.0,7,16.666666666666664,False,False,0.14285714285714285,4.285714285714285,0.0,25.8,percentage,False
Mel B,Maksim Chmerkoskiy,Singer/Rapper,Non-US,England,32,5,2nd Place,2,7,"[9.0, 9.0, 9.0]",27.0,9.0,9.0,9.0,3,0.0,1.0,6,17.307692307692307,False,False,0.16666666666666666,1.0,0.0,26.5,percentage,False
Mel B,Maksim Chmerkoskiy,Singer/Rapper,Non-US,England,32,5,2nd Place,2,8,"[9.0, 9.5, 9.5]",28.0,9.333333333333334,9.0,9.5,3,0.23570226039551584,2.0,5,21.292775665399237,False,False,0.4,1.6999999999999993,0.5,26.571428571428573,percentage,False
Mel B,Maksim Chmerkoskiy,Singer/Rapper,Non-US,England,32,5,2nd Place,2,9,"[10.0, 10.0, 10.0]",30.0,10.0,10.0,10.0,3,0.0,1.0,4,25.64102564102564,False,False,0.25,0.75,0.0,26.75,percentage,False
Mel B,Maksim Chmerkoskiy,Singer/Rapper,Non-US,England,32,5,2nd Place,2,10,"[9.3333, 9.3333, 9.6666]",28.333199999999998,9.4444,9.3333,9.6666,3,0.15711912677965148,1.0,3,35.71422268889026,True,False,0.3333333333333333,1.8888333333333307,0.0,27.11111111111111,percentage,False
Sabrina Bryan,Mark Ballas,Actor/Actress,California,United States,23,5,Eliminated Week 6,7,1,"[9.0, 8.0, 9.0]",26.0,8.666666666666666,8.0,9.0,3,0.4714045207910317,1.0,12,10.116731517509727,False,False,0.08333333333333333,4.583333333333332,0.0,,percentage,False
Sabrina Bryan,Mark Ballas,Actor/Actress,California,United States,23,5,Eliminated Week 6,7,2,"[9.0, 8.0, 9.0]",26.0,8.666666666666666,8.0,9.0,3,0.4714045207910317,2.0,11,10.92436974789916,False,False,0.18181818181818182,4.363636363636363,1.0,26.0,percentage,False
Sabrina Bryan,Mark Ballas,Actor/Actress,California,United States,23,5,Eliminated Week 6,7,3,"[9.0, 9.0, 9.0]",27.0,9.0,9.0,9.0,3,0.0,1.0,10,11.297071129707113,False,False,0.1,3.1000000000000014,0.0,26.0,percentage,False
Sabrina Bryan,Mark Ballas,Actor/Actress,California,United States,23,5,Eliminated Week 6,7,4,"[10.0, 10.0, 10.0]",30.0,10.0,10.0,10.0,3,0.0,1.0,9,12.82051282051282,False,False,0.1111111111111111,4.0,0.0,26.333333333333332,percentage,False
Sabrina Bryan,Mark Ballas,Actor/Actress,California,United States,23,5,Eliminated Week 6,7,5,"[9.0, 9.0, 10.0]",28.0,9.333333333333334,9.0,10.0,3,0.4714045207910317,2.0,8,14.07035175879397,False,False,0.25,3.125,1.0,27.25,percentage,False
Sabrina Bryan,Mark Ballas,Actor/Actress,California,United States,23,5,Eliminated Week 6,7,6,"[9.0, 8.0, 8.0]",25.0,8.333333333333334,8.0,9.0,3,0.4714045207910317,4.0,7,13.88888888888889,True,True,0.5714285714285714,-0.7142857142857153,5.0,27.4,percentage,False
Wayne Newton,Cheryl Burke,Singer/Rapper,Virginia,United States,65,5,Eliminated Week 3,10,1,"[6.0, 7.0, 6.0]",19.0,6.333333333333333,6.0,7.0,3,0.4714045207910317,10.0,12,7.392996108949417,False,False,0.8333333333333334,-2.416666666666668,7.0,,percentage,False
Wayne Newton,Cheryl Burke,Singer/Rapper,Virginia,United States,65,5,Eliminated Week 3,10,2,"[5.0, 5.0, 5.0]",15.0,5.0,5.0,5.0,3,0.0,11.0,11,6.302521008403361,False,False,1.0,-6.636363636363637,12.0,19.0,percentage,False
Wayne Newton,Cheryl Burke,Singer/Rapper,Virginia,United States,65,5,Eliminated Week 3,10,3,"[6.0, 6.0, 6.0]",18.0,6.0,6.0,6.0,3,0.0,10.0,10,7.531380753138076,True,True,1.0,-5.899999999999999,9.0,17.0,percentage,False
Adam Carolla,Julianne Hough,Radio Personality,California,United States,43,6,Eliminated Week 4,9,1,"[5.0, 5.0, 5.0]",15.0,5.0,5.0,5.0,3,0.0,11.0,12,6.172839506172839,False,False,0.9166666666666666,-5.25,12.0,,percentage,False
Adam Carolla,Julianne Hough,Radio Personality,California,United States,43,6,Eliminated Week 4,9,2,"[6.0, 7.0, 6.0]",19.0,6.333333333333333,6.0,7.0,3,0.4714045207910317,9.0,12,7.392996108949417,False,False,0.75,-2.416666666666668,8.0,15.0,percentage,False
Adam Carolla,Julianne Hough,Radio Personality,California,United States,43,6,Eliminated Week 4,9,3,"[7.0, 7.0, 7.0]",21.0,7.0,7.0,7.0,3,0.0,6.0,10,9.210526315789473,False,False,0.6,-1.8000000000000007,6.0,17.0,percentage,False
Adam Carolla,Julianne Hough,Radio Personality,California,United States,43,6,Eliminated Week 4,9,4,"[6.0, 7.0, 6.0]",19.0,6.333333333333333,6.0,7.0,3,0.4714045207910317,9.0,9,8.444444444444445,True,True,1.0,-6.0,10.0,18.333333333333332,percentage,False
Cristian de la Fuente,Cheryl Burke,Actor/Actress,Non-US,Chile,34,6,3rd Place,3,1,"[7.0, 7.0, 7.0]",21.0,7.0,7.0,7.0,3,0.0,6.0,12,8.641975308641975,False,False,0.5,0.75,6.0,,percentage,False
Cristian de la Fuente,Cheryl Burke,Actor/Actress,Non-US,Chile,34,6,3rd Place,3,2,"[7.0, 6.0, 7.0]",20.0,6.666666666666667,6.0,7.0,3,0.4714045207910317,8.0,12,7.782101167315175,False,False,0.6666666666666666,-1.4166666666666679,7.0,21.0,percentage,False
Cristian de la Fuente,Cheryl Burke,Actor/Actress,Non-US,Chile,34,6,3rd Place,3,3,"[8.0, 8.0, 9.0]",25.0,8.333333333333334,8.0,9.0,3,0.4714045207910317,3.0,10,10.964912280701753,False,False,0.3,2.1999999999999993,2.0,20.5,percentage,False
Cristian de la Fuente,Cheryl Burke,Actor/Actress,Non-US,Chile,34,6,3rd Place,3,4,"[9.0, 8.0, 9.0]",26.0,8.666666666666666,8.0,9.0,3,0.4714045207910317,4.0,9,11.555555555555555,False,False,0.4444444444444444,1.0,3.0,22.0,percentage,False
Cristian de la Fuente,Cheryl Burke,Actor/Actress,Non-US,Chile,34,6,3rd Place,3,5,"[7.0, 8.0, 8.0]",23.0,7.666666666666667,7.0,8.0,3,0.4714045207910317,5.0,8,11.73469387755102,False,False,0.625,-1.5,6.0,23.0,percentage,False
Cristian de la Fuente,Cheryl Burke,Actor/Actress,Non-US,Chile,34,6,3rd Place,3,6,"[9.0, 9.0, 9.0]",27.0,9.0,9.0,9.0,3,0.0,3.0,7,15.0,False,False,0.42857142857142855,1.2857142857142847,3.0,23.0,percentage,False
Cristian de la Fuente,Cheryl Burke,Actor/Actress,Non-US,Chile,34,6,3rd Place,3,7,"[7.5, 7.5, 8.0]",23.0,7.666666666666667,7.5,8.0,3,0.23570226039551584,6.0,6,14.886731391585762,False,False,1.0,-2.75,4.5,23.666666666666668,percentage,False
Cristian de la Fuente,Cheryl Burke,Actor/Actress,Non-US,Chile,34,6,3rd Place,3,8,"[10.0, 9.0, 9.5]",28.5,9.5,9.0,10.0,3,0.408248290463863,1.0,5,21.34831460674157,False,False,0.2,1.8000000000000007,0.0,23.571428571428573,percentage,False
Cristian de la Fuente,Cheryl Burke,Actor/Actress,Non-US,Chile,34,6,3rd Place,3,9,"[9.5, 9.0, 9.5]",28.0,9.333333333333334,9.0,9.5,3,0.23570226039551584,2.0,4,25.454545454545453,False,False,0.5,0.5,0.5,24.1875,percentage,False
Cristian de la Fuente,Cheryl Burke,Actor/Actress,Non-US,Chile,34,6,3rd Place,3,10,"[9.0, 8.0, 9.0]",26.0,8.666666666666666,8.0,9.0,3,0.4714045207910317,3.0,3,30.76923076923077,True,False,1.0,-2.166666666666668,4.0,24.61111111111111,percentage,False
Jason Taylor,Edyta Sliwinska,Athlete,Pennsylvania,United States,33,6,2nd Place,2,1,"[7.0, 8.0, 7.0]",22.0,7.333333333333333,7.0,8.0,3,0.4714045207910317,4.0,12,9.053497942386832,False,False,0.3333333333333333,1.75,5.0,,percentage,False
Jason Taylor,Edyta Sliwinska,Athlete,Pennsylvania,United States,33,6,2nd Place,2,2,"[9.0, 9.0, 9.0]",27.0,9.0,9.0,9.0,3,0.0,1.0,12,10.505836575875486,False,False,0.08333333333333333,5.583333333333332,0.0,22.0,percentage,False
Jason Taylor,Edyta Sliwinska,Athlete,Pennsylvania,United States,33,6,2nd Place,2,3,"[8.0, 7.0, 8.0]",23.0,7.666666666666667,7.0,8.0,3,0.4714045207910317,5.0,10,10.087719298245613,False,False,0.5,0.1999999999999993,4.0,24.5,percentage,False
Jason Taylor,Edyta Sliwinska,Athlete,Pennsylvania,United States,33,6,2nd Place,2,4,"[10.0, 9.0, 10.0]",29.0,9.666666666666666,9.0,10.0,3,0.4714045207910317,1.0,9,12.88888888888889,False,False,0.1111111111111111,4.0,0.0,24.0,percentage,False
Jason Taylor,Edyta Sliwinska,Athlete,Pennsylvania,United States,33,6,2nd Place,2,5,"[9.0, 9.0, 9.0]",27.0,9.0,9.0,9.0,3,0.0,2.0,8,13.77551020408163,False,False,0.25,2.5,2.0,25.25,percentage,False
Jason Taylor,Edyta Sliwinska,Athlete,Pennsylvania,United States,33,6,2nd Place,2,6,"[8.0, 8.0, 8.0]",24.0,8.0,8.0,8.0,3,0.0,5.0,7,13.333333333333334,False,False,0.7142857142857143,-1.7142857142857153,6.0,25.6,percentage,False
Jason Taylor,Edyta Sliwinska,Athlete,Pennsylvania,United States,33,6,2nd Place,2,7,"[9.5, 8.5, 9.5]",27.5,9.166666666666666,8.5,9.5,3,0.4714045207910317,1.0,6,17.79935275080906,False,False,0.16666666666666666,1.75,0.0,25.333333333333332,percentage,False
Jason Taylor,Edyta Sliwinska,Athlete,Pennsylvania,United States,33,6,2nd Place,2,8,"[9.0, 8.0, 9.0]",26.0,8.666666666666666,8.0,9.0,3,0.4714045207910317,4.0,5,19.475655430711612,False,False,0.8,-0.6999999999999993,2.5,25.642857142857142,percentage,False
Jason Taylor,Edyta Sliwinska,Athlete,Pennsylvania,United States,33,6,2nd Place,2,9,"[9.0, 9.5, 9.0]",27.5,9.166666666666666,9.0,9.5,3,0.23570226039551584,3.0,4,25.0,False,False,0.75,0.0,1.0,25.6875,percentage,False
Jason Taylor,Edyta Sliwinska,Athlete,Pennsylvania,United States,33,6,2nd Place,2,10,"[9.5, 9.5, 9.5]",28.5,9.5,9.5,9.5,3,0.0,2.0,3,33.72781065088758,True,False,0.6666666666666666,0.33333333333333215,1.5,25.88888888888889,percentage,False
Kristi Yamaguchi,Mark Ballas,Athlete,California,United States,36,6,1st Place,1,1,"[9.0, 9.0, 9.0]",27.0,9.0,9.0,9.0,3,0.0,1.0,12,11.11111111111111,False,False,0.08333333333333333,6.75,0.0,,percentage,False
Kristi Yamaguchi,Mark Ballas,Athlete,California,United States,36,6,1st Place,1,2,"[9.0, 9.0, 9.0]",27.0,9.0,9.0,9.0,3,0.0,1.0,12,10.505836575875486,False,False,0.08333333333333333,5.583333333333332,0.0,27.0,percentage,False
Kristi Yamaguchi,Mark Ballas,Athlete,California,United States,36,6,1st Place,1,3,"[9.0, 9.0, 9.0]",27.0,9.0,9.0,9.0,3,0.0,1.0,10,11.842105263157894,False,False,0.1,4.199999999999999,0.0,27.0,percentage,False
Kristi Yamaguchi,Mark Ballas,Athlete,California,United States,36,6,1st Place,1,4,"[10.0, 9.0, 10.0]",29.0,9.666666666666666,9.0,10.0,3,0.4714045207910317,1.0,9,12.88888888888889,False,False,0.1111111111111111,4.0,0.0,27.0,percentage,False
Kristi Yamaguchi,Mark Ballas,Athlete,California,United States,36,6,1st Place,1,5,"[9.0, 10.0, 10.0]",29.0,9.666666666666666,9.0,10.0,3,0.4714045207910317,1.0,8,14.795918367346939,False,False,0.125,4.5,0.0,27.5,percentage,False
Kristi Yamaguchi,Mark Ballas,Athlete,California,United States,36,6,1st Place,1,6,"[10.0, 10.0, 10.0]",30.0,10.0,10.0,10.0,3,0.0,1.0,7,16.666666666666664,False,False,0.14285714285714285,4.285714285714285,0.0,27.8,percentage,False
Kristi Yamaguchi,Mark Ballas,Athlete,California,United States,36,6,1st Place,1,7,"[9.5, 8.0, 9.5]",27.0,9.0,8.0,9.5,3,0.7071067811865476,2.0,6,17.475728155339805,False,False,0.3333333333333333,1.25,0.5,28.166666666666668,percentage,False
Kristi Yamaguchi,Mark Ballas,Athlete,California,United States,36,6,1st Place,1,8,"[8.5, 9.5, 9.5]",27.5,9.166666666666666,8.5,9.5,3,0.4714045207910317,2.0,5,20.59925093632959,False,False,0.4,0.8000000000000007,1.0,28.0,percentage,False
Kristi Yamaguchi,Mark Ballas,Athlete,California,United States,36,6,1st Place,1,9,"[9.5, 9.0, 10.0]",28.5,9.5,9.0,10.0,3,0.408248290463863,1.0,4,25.90909090909091,False,False,0.25,1.0,0.0,27.9375,percentage,False
Kristi Yamaguchi,Mark Ballas,Athlete,California,United States,36,6,1st Place,1,10,"[10.0, 10.0, 10.0]",30.0,10.0,10.0,10.0,3,0.0,1.0,3,35.50295857988166,True,False,0.3333333333333333,1.8333333333333321,0.0,28.0,percentage,False
Mario,Karina Smirnoff,Singer/Rapper,Maryland,United States,21,6,Eliminated Week 8,5,1,"[8.0, 8.0, 8.0]",24.0,8.0,8.0,8.0,3,0.0,2.0,12,9.876543209876543,False,False,0.16666666666666666,3.75,3.0,,percentage,False
Mario,Karina Smirnoff,Singer/Rapper,Maryland,United States,21,6,Eliminated Week 8,5,2,"[9.0, 8.0, 9.0]",26.0,8.666666666666666,8.0,9.0,3,0.4714045207910317,3.0,12,10.116731517509727,False,False,0.25,4.583333333333332,1.0,24.0,percentage,False
Mario,Karina Smirnoff,Singer/Rapper,Maryland,United States,21,6,Eliminated Week 8,5,3,"[7.0, 6.0, 8.0]",21.0,7.0,6.0,8.0,3,0.816496580927726,6.0,10,9.210526315789473,False,False,0.6,-1.8000000000000007,6.0,25.0,percentage,False
Mario,Karina Smirnoff,Singer/Rapper,Maryland,United States,21,6,Eliminated Week 8,5,4,"[8.0, 7.0, 9.0]",24.0,8.0,7.0,9.0,3,0.816496580927726,5.0,9,10.666666666666668,False,False,0.5555555555555556,-1.0,5.0,23.666666666666668,percentage,False
Mario,Karina Smirnoff,Singer/Rapper,Maryland,United States,21,6,Eliminated Week 8,5,5,"[9.0, 9.0, 9.0]",27.0,9.0,9.0,9.0,3,0.0,2.0,8,13.77551020408163,False,False,0.25,2.5,2.0,23.75,percentage,False
Mario,Karina Smirnoff,Singer/Rapper,Maryland,United States,21,6,Eliminated Week 8,5,6,"[9.0, 9.0, 10.0]",28.0,9.333333333333334,9.0,10.0,3,0.4714045207910317,2.0,7,15.555555555555555,False,False,0.2857142857142857,2.2857142857142847,2.0,24.4,percentage,False
Mario,Karina Smirnoff,Singer/Rapper,Maryland,United States,21,6,Eliminated Week 8,5,7,"[8.5, 8.5, 8.5]",25.5,8.5,8.5,8.5,3,0.0,4.0,6,16.50485436893204,False,False,0.6666666666666666,-0.25,2.0,25.0,percentage,False
Mario,Karina Smirnoff,Singer/Rapper,Maryland,United States,21,6,Eliminated Week 8,5,8,"[9.0, 8.5, 9.0]",26.5,8.833333333333334,8.5,9.0,3,0.23570226039551584,3.0,5,19.850187265917604,True,True,0.6,-0.1999999999999993,2.0,25.071428571428573,percentage,False
Marissa Jaret Winokur,Tony Dovolani,Actor/Actress,New York,United States,35,6,Eliminated Week 9,4,1,"[6.0, 6.0, 6.0]",18.0,6.0,6.0,6.0,3,0.0,8.0,12,7.4074074074074066,False,False,0.6666666666666666,-2.25,9.0,,percentage,False
Marissa Jaret Winokur,Tony Dovolani,Actor/Actress,New York,United States,35,6,Eliminated Week 9,4,2,"[7.0, 7.0, 7.0]",21.0,7.0,7.0,7.0,3,0.0,6.0,12,8.171206225680933,False,False,0.5,-0.41666666666666785,6.0,18.0,percentage,False
Marissa Jaret Winokur,Tony Dovolani,Actor/Actress,New York,United States,35,6,Eliminated Week 9,4,3,"[6.0, 7.0, 6.0]",19.0,6.333333333333333,6.0,7.0,3,0.4714045207910317,10.0,10,8.333333333333332,False,False,1.0,-3.8000000000000007,8.0,19.5,percentage,False
Marissa Jaret Winokur,Tony Dovolani,Actor/Actress,New York,United States,35,6,Eliminated Week 9,4,4,"[8.0, 8.0, 8.0]",24.0,8.0,8.0,8.0,3,0.0,5.0,9,10.666666666666668,False,False,0.5555555555555556,-1.0,5.0,19.333333333333332,percentage,False
Marissa Jaret Winokur,Tony Dovolani,Actor/Actress,New York,United States,35,6,Eliminated Week 9,4,5,"[8.0, 8.0, 8.0]",24.0,8.0,8.0,8.0,3,0.0,4.0,8,12.244897959183673,False,False,0.5,-0.5,5.0,20.5,percentage,False
Marissa Jaret Winokur,Tony Dovolani,Actor/Actress,New York,United States,35,6,Eliminated Week 9,4,6,"[9.0, 8.0, 9.0]",26.0,8.666666666666666,8.0,9.0,3,0.4714045207910317,4.0,7,14.444444444444443,False,False,0.5714285714285714,0.2857142857142847,4.0,21.2,percentage,False
Marissa Jaret Winokur,Tony Dovolani,Actor/Actress,New York,United States,35,6,Eliminated Week 9,4,7,"[9.0, 8.5, 8.5]",26.0,8.666666666666666,8.5,9.0,3,0.23570226039551584,3.0,6,16.828478964401295,False,False,0.5,0.25,1.5,22.0,percentage,False
Marissa Jaret Winokur,Tony Dovolani,Actor/Actress,New York,United States,35,6,Eliminated Week 9,4,8,"[8.5, 8.0, 8.5]",25.0,8.333333333333334,8.0,8.5,3,0.23570226039551584,5.0,5,18.726591760299627,False,False,1.0,-1.6999999999999993,3.5,22.571428571428573,percentage,False
Marissa Jaret Winokur,Tony Dovolani,Actor/Actress,New York,United States,35,6,Eliminated Week 9,4,9,"[8.5, 9.0, 8.5]",26.0,8.666666666666666,8.5,9.0,3,0.23570226039551584,4.0,4,23.636363636363637,True,True,1.0,-1.5,2.5,22.875,percentage,False
Marlee Matlin,Fabian Sanchez,Actor/Actress,Illinois,United States,42,6,Eliminated Week 6,7,1,"[7.0, 7.0, 8.0]",22.0,7.333333333333333,7.0,8.0,3,0.4714045207910317,4.0,12,9.053497942386832,False,False,0.3333333333333333,1.75,5.0,,percentage,False
Marlee Matlin,Fabian Sanchez,Actor/Actress,Illinois,United States,42,6,Eliminated Week 6,7,2,"[8.0, 8.0, 8.0]",24.0,8.0,8.0,8.0,3,0.0,4.0,12,9.33852140077821,False,False,0.3333333333333333,2.583333333333332,3.0,22.0,percentage,False
Marlee Matlin,Fabian Sanchez,Actor/Actress,Illinois,United States,42,6,Eliminated Week 6,7,3,"[7.0, 7.0, 7.0]",21.0,7.0,7.0,7.0,3,0.0,6.0,10,9.210526315789473,False,False,0.6,-1.8000000000000007,6.0,23.0,percentage,False
Marlee Matlin,Fabian Sanchez,Actor/Actress,Illinois,United States,42,6,Eliminated Week 6,7,4,"[8.0, 8.0, 8.0]",24.0,8.0,8.0,8.0,3,0.0,5.0,9,10.666666666666668,False,False,0.5555555555555556,-1.0,5.0,22.333333333333332,percentage,False
Marlee Matlin,Fabian Sanchez,Actor/Actress,Illinois,United States,42,6,Eliminated Week 6,7,5,"[7.0, 7.0, 8.0]",22.0,7.333333333333333,7.0,8.0,3,0.4714045207910317,7.0,8,11.224489795918368,False,False,0.875,-2.5,7.0,22.75,percentage,False
Marlee Matlin,Fabian Sanchez,Actor/Actress,Illinois,United States,42,6,Eliminated Week 6,7,6,"[7.0, 7.0, 7.0]",21.0,7.0,7.0,7.0,3,0.0,7.0,7,11.666666666666666,True,True,1.0,-4.714285714285715,9.0,22.6,percentage,False
Monica Seles,Jonathan Roberts,Athlete,Non-US,Yugoslavia,34,6,Eliminated Week 2,11,1,"[5.0, 5.0, 5.0]",15.0,5.0,5.0,5.0,3,0.0,11.0,12,6.172839506172839,False,False,0.9166666666666666,-5.25,12.0,,percentage,False
Monica Seles,Jonathan Roberts,Athlete,Non-US,Yugoslavia,34,6,Eliminated Week 2,11,2,"[5.0, 5.0, 5.0]",15.0,5.0,5.0,5.0,3,0.0,12.0,12,5.836575875486381,True,True,1.0,-6.416666666666668,12.0,15.0,percentage,False
Penn Jillette,Kym Johnson,Magician,Massachusetts,United States,53,6,Eliminated Week 2,12,1,"[5.0, 6.0, 5.0]",16.0,5.333333333333333,5.0,6.0,3,0.4714045207910317,10.0,12,6.584362139917696,False,False,0.8333333333333334,-4.25,11.0,,percentage,False
Penn Jillette,Kym Johnson,Magician,Massachusetts,United States,53,6,Eliminated Week 2,12,2,"[6.0, 6.0, 5.0]",17.0,5.666666666666667,5.0,6.0,3,0.4714045207910317,10.0,12,6.614785992217899,True,True,0.8333333333333334,-4.416666666666668,10.0,16.0,percentage,False
Priscilla Presley,Louis van Amstel,Actor/Actress,New York,United States,62,6,Eliminated Week 5,8,1,"[8.0, 8.0, 8.0]",24.0,8.0,8.0,8.0,3,0.0,2.0,12,9.876543209876543,False,False,0.16666666666666666,3.75,3.0,,percentage,False
Priscilla Presley,Louis van Amstel,Actor/Actress,New York,United States,62,6,Eliminated Week 5,8,2,"[7.0, 7.0, 7.0]",21.0,7.0,7.0,7.0,3,0.0,6.0,12,8.171206225680933,False,False,0.5,-0.41666666666666785,6.0,24.0,percentage,False
Priscilla Presley,Louis van Amstel,Actor/Actress,New York,United States,62,6,Eliminated Week 5,8,3,"[8.0, 9.0, 9.0]",26.0,8.666666666666666,8.0,9.0,3,0.4714045207910317,2.0,10,11.403508771929824,False,False,0.2,3.1999999999999993,1.0,22.5,percentage,False
Priscilla Presley,Louis van Amstel,Actor/Actress,New York,United States,62,6,Eliminated Week 5,8,4,"[7.0, 7.0, 8.0]",22.0,7.333333333333333,7.0,8.0,3,0.4714045207910317,8.0,9,9.777777777777779,False,False,0.8888888888888888,-3.0,7.0,23.666666666666668,percentage,False
Priscilla Presley,Louis van Amstel,Actor/Actress,New York,United States,62,6,Eliminated Week 5,8,5,"[7.0, 7.0, 7.0]",21.0,7.0,7.0,7.0,3,0.0,8.0,8,10.714285714285714,True,True,1.0,-3.5,8.0,23.25,percentage,False
Shannon Elizabeth,Derek Hough,Actor/Actress,Texas,United States,34,6,Eliminated Week 7,6,1,"[7.0, 7.0, 7.0]",21.0,7.0,7.0,7.0,3,0.0,6.0,12,8.641975308641975,False,False,0.5,0.75,6.0,,percentage,False
Shannon Elizabeth,Derek Hough,Actor/Actress,Texas,United States,34,6,Eliminated Week 7,6,2,"[8.0, 8.0, 8.0]",24.0,8.0,8.0,8.0,3,0.0,4.0,12,9.33852140077821,False,False,0.3333333333333333,2.583333333333332,3.0,21.0,percentage,False
Shannon Elizabeth,Derek Hough,Actor/Actress,Texas,United States,34,6,Eliminated Week 7,6,3,"[8.0, 8.0, 8.0]",24.0,8.0,8.0,8.0,3,0.0,4.0,10,10.526315789473683,False,False,0.4,1.1999999999999993,3.0,22.5,percentage,False
Shannon Elizabeth,Derek Hough,Actor/Actress,Texas,United States,34,6,Eliminated Week 7,6,4,"[9.0, 10.0, 9.0]",28.0,9.333333333333334,9.0,10.0,3,0.4714045207910317,3.0,9,12.444444444444445,False,False,0.3333333333333333,3.0,1.0,23.0,percentage,False
Shannon Elizabeth,Derek Hough,Actor/Actress,Texas,United States,34,6,Eliminated Week 7,6,5,"[8.0, 8.0, 7.0]",23.0,7.666666666666667,7.0,8.0,3,0.4714045207910317,5.0,8,11.73469387755102,False,False,0.625,-1.5,6.0,24.25,percentage,False
Shannon Elizabeth,Derek Hough,Actor/Actress,Texas,United States,34,6,Eliminated Week 7,6,6,"[8.0, 8.0, 8.0]",24.0,8.0,8.0,8.0,3,0.0,5.0,7,13.333333333333334,False,False,0.7142857142857143,-1.7142857142857153,6.0,24.0,percentage,False
Shannon Elizabeth,Derek Hough,Actor/Actress,Texas,United States,34,6,Eliminated Week 7,6,7,"[8.5, 8.5, 8.5]",25.5,8.5,8.5,8.5,3,0.0,4.0,6,16.50485436893204,True,True,0.6666666666666666,-0.25,2.0,24.0,percentage,False
Steve Guttenberg,Anna Trebunskaya,Actor/Actress,New York,United States,49,6,Eliminated Week 3,10,1,"[6.0, 6.0, 6.0]",18.0,6.0,6.0,6.0,3,0.0,8.0,12,7.4074074074074066,False,False,0.6666666666666666,-2.25,9.0,,percentage,False
Steve Guttenberg,Anna Trebunskaya,Actor/Actress,New York,United States,49,6,Eliminated Week 3,10,2,"[6.0, 5.0, 5.0]",16.0,5.333333333333333,5.0,6.0,3,0.4714045207910317,11.0,12,6.22568093385214,False,False,0.9166666666666666,-5.416666666666668,11.0,18.0,percentage,False
Steve Guttenberg,Anna Trebunskaya,Actor/Actress,New York,United States,49,6,Eliminated Week 3,10,3,"[7.0, 7.0, 7.0]",21.0,7.0,7.0,7.0,3,0.0,6.0,10,9.210526315789473,True,True,0.6,-1.8000000000000007,6.0,17.0,percentage,False
Brooke Burke,Derek Hough,TV Personality,Connecticut,United States,37,7,1st Place,1,1,"[8.0, 8.0, 8.5]",24.5,8.166666666666666,8.0,8.5,3,0.23570226039551584,1.0,13,9.722222222222223,False,False,0.07692307692307693,5.115384615384617,0.0,,percentage,False
Brooke Burke,Derek Hough,TV Personality,Connecticut,United States,37,7,1st Place,1,2,"[8.0, 8.0, 8.0]",24.0,8.0,8.0,8.0,3,0.0,1.0,11,10.85972850678733,False,False,0.09090909090909091,3.90909090909091,0.0,24.5,percentage,False
Brooke Burke,Derek Hough,TV Personality,Connecticut,United States,37,7,1st Place,1,3,"[9.0, 10.0, 9.0]",28.0,9.333333333333334,9.0,10.0,3,0.4714045207910317,1.0,9,14.07035175879397,False,False,0.1111111111111111,5.888888888888889,0.0,24.25,percentage,False
Brooke Burke,Derek Hough,TV Personality,Connecticut,United States,37,7,1st Place,1,4,"[9.0, 8.0, 9.0]",26.0,8.666666666666666,8.0,9.0,3,0.4714045207910317,1.0,9,12.807881773399016,False,False,0.1111111111111111,3.444444444444443,0.0,25.5,percentage,False
Brooke Burke,Derek Hough,TV Personality,Connecticut,United States,37,7,1st Place,1,5,"[10.0, 9.0, 10.0]",29.0,9.666666666666666,9.0,10.0,3,0.4714045207910317,1.0,8,14.871794871794872,False,False,0.125,4.625,0.0,25.625,percentage,False
Brooke Burke,Derek Hough,TV Personality,Connecticut,United States,37,7,1st Place,1,6,"[8.0, 10.0, 8.0]",26.0,8.666666666666666,8.0,10.0,3,0.9428090415820634,2.0,7,16.25,False,False,0.2857142857142857,3.1428571428571423,1.0,26.3,percentage,False
Brooke Burke,Derek Hough,TV Personality,Connecticut,United States,37,7,1st Place,1,7,"[10.0, 10.0, 10.0]",30.0,10.0,10.0,10.0,3,0.0,1.0,6,20.408163265306122,False,False,0.16666666666666666,5.5,0.0,26.25,percentage,False
Brooke Burke,Derek Hough,TV Personality,Connecticut,United States,37,7,1st Place,1,8,"[9.5, 8.5, 9.5]",27.5,9.166666666666666,8.5,9.5,3,0.4714045207910317,1.0,5,21.568627450980394,False,False,0.2,2.0,0.0,26.785714285714285,percentage,False
Brooke Burke,Derek Hough,TV Personality,Connecticut,United States,37,7,1st Place,1,9,"[8.0, 8.5, 8.0]",24.5,8.166666666666666,8.0,8.5,3,0.23570226039551584,2.0,4,24.378109452736318,False,False,0.5,-0.625,4.0,26.875,percentage,False
Brooke Burke,Derek Hough,TV Personality,Connecticut,United States,37,7,1st Place,1,10,"[10.0, 10.0, 10.0]",30.0,10.0,10.0,10.0,3,0.0,1.0,3,35.294117647058826,True,False,0.3333333333333333,1.6666666666666679,0.0,26.61111111111111,percentage,False
Cloris Leachman,Corky Ballas,Actor/Actress,Iowa,United States,82,7,Eliminated Week 6,7,1,"[6.0, 5.0, 5.0]",16.0,5.333333333333333,5.0,6.0,3,0.4714045207910317,12.0,13,6.349206349206349,False,False,0.9230769230769231,-3.3846153846153832,8.5,,percentage,False
Cloris Leachman,Corky Ballas,Actor/Actress,Iowa,United States,82,7,Eliminated Week 6,7,2,"[5.0, 5.0, 5.0]",15.0,5.0,5.0,5.0,3,0.0,11.0,11,6.787330316742081,False,False,1.0,-5.09090909090909,9.0,16.0,percentage,False
Cloris Leachman,Corky Ballas,Actor/Actress,Iowa,United States,82,7,Eliminated Week 6,7,3,"[6.0, 5.0, 5.0]",16.0,5.333333333333333,5.0,6.0,3,0.4714045207910317,9.0,9,8.040201005025125,False,False,1.0,-6.111111111111111,12.0,15.5,percentage,False
Cloris Leachman,Corky Ballas,Actor/Actress,Iowa,United States,82,7,Eliminated Week 6,7,4,"[8.0, 7.0, 7.0]",22.0,7.333333333333333,7.0,8.0,3,0.4714045207910317,5.0,9,10.83743842364532,False,False,0.5555555555555556,-0.5555555555555571,4.0,15.666666666666666,percentage,False
Cloris Leachman,Corky Ballas,Actor/Actress,Iowa,United States,82,7,Eliminated Week 6,7,5,"[7.0, 7.0, 7.0]",21.0,7.0,7.0,7.0,3,0.0,7.0,8,10.76923076923077,False,False,0.875,-3.375,8.0,17.25,percentage,False
Cloris Leachman,Corky Ballas,Actor/Actress,Iowa,United States,82,7,Eliminated Week 6,7,6,"[5.0, 5.0, 5.0]",15.0,5.0,5.0,5.0,3,0.0,7.0,7,9.375,True,True,1.0,-7.857142857142858,12.0,18.0,percentage,False
Cody Linley,Julianne Hough,Actor/Actress,Texas,United States,18,7,Eliminated Week 9,4,1,"[7.0, 6.5, 7.0]",20.5,6.833333333333333,6.5,7.0,3,0.23570226039551584,6.0,13,8.134920634920634,False,False,0.46153846153846156,1.1153846153846168,4.0,,percentage,False
Cody Linley,Julianne Hough,Actor/Actress,Texas,United States,18,7,Eliminated Week 9,4,2,"[7.0, 7.0, 7.0]",21.0,7.0,7.0,7.0,3,0.0,4.0,11,9.502262443438914,False,False,0.36363636363636365,0.9090909090909101,3.0,20.5,percentage,False
Cody Linley,Julianne Hough,Actor/Actress,Texas,United States,18,7,Eliminated Week 9,4,3,"[7.0, 7.0, 7.0]",21.0,7.0,7.0,7.0,3,0.0,6.0,9,10.552763819095476,False,False,0.6666666666666666,-1.1111111111111107,7.0,20.75,percentage,False
Cody Linley,Julianne Hough,Actor/Actress,Texas,United States,18,7,Eliminated Week 9,4,4,"[7.0, 8.0, 8.0]",23.0,7.666666666666667,7.0,8.0,3,0.4714045207910317,4.0,9,11.330049261083744,False,False,0.4444444444444444,0.44444444444444287,3.0,20.833333333333332,percentage,False
Cody Linley,Julianne Hough,Actor/Actress,Texas,United States,18,7,Eliminated Week 9,4,5,"[10.0, 9.0, 9.0]",28.0,9.333333333333334,9.0,10.0,3,0.4714045207910317,2.0,8,14.358974358974358,False,False,0.25,3.625,1.0,21.375,percentage,False
Cody Linley,Julianne Hough,Actor/Actress,Texas,United States,18,7,Eliminated Week 9,4,6,"[8.0, 8.0, 7.0]",23.0,7.666666666666667,7.0,8.0,3,0.4714045207910317,4.0,7,14.374999999999998,False,False,0.5714285714285714,0.14285714285714235,4.0,22.7,percentage,False
Cody Linley,Julianne Hough,Actor/Actress,Texas,United States,18,7,Eliminated Week 9,4,7,"[8.0, 7.0, 7.0]",22.0,7.333333333333333,7.0,8.0,3,0.4714045207910317,5.0,6,14.965986394557824,False,False,0.8333333333333334,-2.5,8.0,22.75,percentage,False
Cody Linley,Julianne Hough,Actor/Actress,Texas,United States,18,7,Eliminated Week 9,4,8,"[8.0, 8.0, 8.0]",24.0,8.0,8.0,8.0,3,0.0,4.0,5,18.823529411764707,False,False,0.8,-1.5,3.5,22.642857142857142,percentage,False
Cody Linley,Julianne Hough,Actor/Actress,Texas,United States,18,7,Eliminated Week 9,4,9,"[8.0, 7.5, 7.5]",23.0,7.666666666666667,7.5,8.0,3,0.23570226039551584,4.0,4,22.885572139303484,True,True,1.0,-2.125,5.5,22.8125,percentage,False
Jeffrey Ross,Edyta Sliwinska,Comedian,New Jersey,United States,43,7,Eliminated Week 1,13,1,"[4.0, 4.0, 4.0]",12.0,4.0,4.0,4.0,3,0.0,13.0,13,4.761904761904762,True,True,1.0,-7.384615384615383,12.5,,percentage,False
Kim Kardashian,Mark Ballas,TV Personality,California,United States,27,7,Eliminated Week 2,11,1,"[6.0, 6.5, 6.0]",18.5,6.166666666666667,6.0,6.5,3,0.23570226039551584,8.0,13,7.341269841269842,False,False,0.6153846153846154,-0.8846153846153832,6.0,,percentage,False
Kim Kardashian,Mark Ballas,TV Personality,California,United States,27,7,Eliminated Week 2,11,2,"[6.0, 6.0, 5.0]",17.0,5.666666666666667,5.0,6.0,3,0.4714045207910317,9.0,11,7.6923076923076925,True,True,0.8181818181818182,-3.09090909090909,7.0,18.5,percentage,False
Lance Bass,Lacey Schwimmer,Singer/Rapper,Mississippi,United States,29,7,3rd Place,3,1,"[7.5, 6.0, 8.0]",21.5,7.166666666666667,6.0,8.0,3,0.8498365855987975,3.0,13,8.531746031746032,False,False,0.23076923076923078,2.1153846153846168,3.0,,percentage,False
Lance Bass,Lacey Schwimmer,Singer/Rapper,Mississippi,United States,29,7,3rd Place,3,2,"[7.0, 6.0, 7.0]",20.0,6.666666666666667,6.0,7.0,3,0.4714045207910317,7.0,11,9.049773755656108,False,False,0.6363636363636364,-0.09090909090908994,4.0,21.5,percentage,False
Lance Bass,Lacey Schwimmer,Singer/Rapper,Mississippi,United States,29,7,3rd Place,3,3,"[8.0, 7.0, 7.0]",22.0,7.333333333333333,7.0,8.0,3,0.4714045207910317,4.0,9,11.055276381909549,False,False,0.4444444444444444,-0.11111111111111072,6.0,20.75,percentage,False
Lance Bass,Lacey Schwimmer,Singer/Rapper,Mississippi,United States,29,7,3rd Place,3,4,"[9.0, 8.0, 9.0]",26.0,8.666666666666666,8.0,9.0,3,0.4714045207910317,1.0,9,12.807881773399016,False,False,0.1111111111111111,3.444444444444443,0.0,21.166666666666668,percentage,False
Lance Bass,Lacey Schwimmer,Singer/Rapper,Mississippi,United States,29,7,3rd Place,3,5,"[7.0, 7.0, 7.0]",21.0,7.0,7.0,7.0,3,0.0,7.0,8,10.76923076923077,False,False,0.875,-3.375,8.0,22.375,percentage,False
Lance Bass,Lacey Schwimmer,Singer/Rapper,Mississippi,United States,29,7,3rd Place,3,6,"[9.0, 9.0, 9.0]",27.0,9.0,9.0,9.0,3,0.0,1.0,7,16.875,False,False,0.14285714285714285,4.142857142857142,0.0,22.1,percentage,False
Lance Bass,Lacey Schwimmer,Singer/Rapper,Mississippi,United States,29,7,3rd Place,3,7,"[9.0, 7.0, 9.0]",25.0,8.333333333333334,7.0,9.0,3,0.9428090415820634,2.0,6,17.006802721088434,False,False,0.3333333333333333,0.5,5.0,22.916666666666668,percentage,False
Lance Bass,Lacey Schwimmer,Singer/Rapper,Mississippi,United States,29,7,3rd Place,3,8,"[8.5, 7.5, 9.0]",25.0,8.333333333333334,7.5,9.0,3,0.6236095644623235,3.0,5,19.607843137254903,False,False,0.6,-0.5,2.5,23.214285714285715,percentage,False
Lance Bass,Lacey Schwimmer,Singer/Rapper,Mississippi,United States,29,7,3rd Place,3,9,"[10.0, 9.0, 9.5]",28.5,9.5,9.0,10.0,3,0.408248290463863,1.0,4,28.35820895522388,False,False,0.25,3.375,0.0,23.4375,percentage,False
Lance Bass,Lacey Schwimmer,Singer/Rapper,Mississippi,United States,29,7,3rd Place,3,10,"[9.0, 9.0, 9.5]",27.5,9.166666666666666,9.0,9.5,3,0.23570226039551584,2.0,3,32.35294117647059,True,False,0.6666666666666666,-0.8333333333333321,2.5,24.0,percentage,False
Maurice Greene,Cheryl Burke,Athlete,Kansas,United States,34,7,Eliminated Week 8,5,1,"[6.5, 6.5, 6.5]",19.5,6.5,6.5,6.5,3,0.0,7.0,13,7.738095238095238,False,False,0.5384615384615384,0.11538461538461675,5.0,,percentage,False
Maurice Greene,Cheryl Burke,Athlete,Kansas,United States,34,7,Eliminated Week 8,5,2,"[7.0, 6.0, 6.0]",19.0,6.333333333333333,6.0,7.0,3,0.4714045207910317,8.0,11,8.597285067873303,False,False,0.7272727272727273,-1.09090909090909,5.0,19.5,percentage,False
Maurice Greene,Cheryl Burke,Athlete,Kansas,United States,34,7,Eliminated Week 8,5,3,"[8.0, 8.0, 8.0]",24.0,8.0,8.0,8.0,3,0.0,3.0,9,12.060301507537687,False,False,0.3333333333333333,1.8888888888888893,4.0,19.25,percentage,False
Maurice Greene,Cheryl Burke,Athlete,Kansas,United States,34,7,Eliminated Week 8,5,4,"[6.0, 7.0, 7.0]",20.0,6.666666666666667,6.0,7.0,3,0.4714045207910317,8.0,9,9.852216748768473,False,False,0.8888888888888888,-2.555555555555557,6.0,20.833333333333332,percentage,False
Maurice Greene,Cheryl Burke,Athlete,Kansas,United States,34,7,Eliminated Week 8,5,5,"[9.0, 9.0, 9.0]",27.0,9.0,9.0,9.0,3,0.0,3.0,8,13.846153846153847,False,False,0.375,2.625,2.0,20.625,percentage,False
Maurice Greene,Cheryl Burke,Athlete,Kansas,United States,34,7,Eliminated Week 8,5,6,"[7.0, 7.0, 7.0]",21.0,7.0,7.0,7.0,3,0.0,6.0,7,13.125,False,False,0.8571428571428571,-1.8571428571428577,6.0,21.9,percentage,False
Maurice Greene,Cheryl Burke,Athlete,Kansas,United States,34,7,Eliminated Week 8,5,7,"[8.0, 9.0, 8.0]",25.0,8.333333333333334,8.0,9.0,3,0.4714045207910317,2.0,6,17.006802721088434,False,False,0.3333333333333333,0.5,5.0,21.75,percentage,False
Maurice Greene,Cheryl Burke,Athlete,Kansas,United States,34,7,Eliminated Week 8,5,8,"[8.0, 8.0, 8.0]",24.0,8.0,8.0,8.0,3,0.0,4.0,5,18.823529411764707,True,True,0.8,-1.5,3.5,22.214285714285715,percentage,False
Misty May-Treanor,Maksim Chmerkoskiy,Athlete,California,United States,31,7,Withdrew,10,1,"[6.5, 7.5, 7.0]",21.0,7.0,6.5,7.5,3,0.408248290463863,5.0,13,8.333333333333332,False,False,0.38461538461538464,1.6153846153846168,3.5,,percentage,False
Misty May-Treanor,Maksim Chmerkoskiy,Athlete,California,United States,31,7,Withdrew,10,2,"[7.0, 7.0, 7.0]",21.0,7.0,7.0,7.0,3,0.0,4.0,11,9.502262443438914,True,True,0.36363636363636365,0.9090909090909101,3.0,21.0,percentage,False
Rocco DiSpirito,Karina Smirnoff,TV Personality,New York,United States,41,7,Eliminated Week 4,9,1,"[6.0, 5.5, 6.0]",17.5,5.833333333333333,5.5,6.0,3,0.23570226039551584,11.0,13,6.944444444444445,False,False,0.8461538461538461,-1.8846153846153832,7.0,,percentage,False
Rocco DiSpirito,Karina Smirnoff,TV Personality,New York,United States,41,7,Eliminated Week 4,9,2,"[5.0, 6.0, 5.0]",16.0,5.333333333333333,5.0,6.0,3,0.4714045207910317,10.0,11,7.239819004524888,False,False,0.9090909090909091,-4.09090909090909,8.0,17.5,percentage,False
Rocco DiSpirito,Karina Smirnoff,TV Personality,New York,United States,41,7,Eliminated Week 4,9,3,"[7.0, 7.0, 6.0]",20.0,6.666666666666667,6.0,7.0,3,0.4714045207910317,8.0,9,10.050251256281408,False,False,0.8888888888888888,-2.1111111111111107,8.0,16.75,percentage,False
Rocco DiSpirito,Karina Smirnoff,TV Personality,New York,United States,41,7,Eliminated Week 4,9,4,"[6.0, 6.0, 6.0]",18.0,6.0,6.0,6.0,3,0.0,9.0,9,8.866995073891626,True,True,1.0,-4.555555555555557,8.0,17.833333333333332,percentage,False
Susan Lucci,Tony Dovolani,Actor/Actress,New York,United States,61,7,Eliminated Week 7,6,1,"[6.0, 6.0, 6.5]",18.5,6.166666666666667,6.0,6.5,3,0.23570226039551584,8.0,13,7.341269841269842,False,False,0.6153846153846154,-0.8846153846153832,6.0,,percentage,False
Susan Lucci,Tony Dovolani,Actor/Actress,New York,United States,61,7,Eliminated Week 7,6,2,"[7.0, 7.0, 7.0]",21.0,7.0,7.0,7.0,3,0.0,4.0,11,9.502262443438914,False,False,0.36363636363636365,0.9090909090909101,3.0,18.5,percentage,False
Susan Lucci,Tony Dovolani,Actor/Actress,New York,United States,61,7,Eliminated Week 7,6,3,"[7.0, 7.0, 7.0]",21.0,7.0,7.0,7.0,3,0.0,6.0,9,10.552763819095476,False,False,0.6666666666666666,-1.1111111111111107,7.0,19.75,percentage,False
Susan Lucci,Tony Dovolani,Actor/Actress,New York,United States,61,7,Eliminated Week 7,6,4,"[8.0, 8.0, 8.0]",24.0,8.0,8.0,8.0,3,0.0,3.0,9,11.822660098522167,False,False,0.3333333333333333,1.4444444444444429,2.0,20.166666666666668,percentage,False
Susan Lucci,Tony Dovolani,Actor/Actress,New York,United States,61,7,Eliminated Week 7,6,5,"[7.0, 7.0, 8.0]",22.0,7.333333333333333,7.0,8.0,3,0.4714045207910317,5.0,8,11.282051282051283,False,False,0.625,-2.375,7.0,21.125,percentage,False
Susan Lucci,Tony Dovolani,Actor/Actress,New York,United States,61,7,Eliminated Week 7,6,6,"[8.0, 8.0, 7.0]",23.0,7.666666666666667,7.0,8.0,3,0.4714045207910317,4.0,7,14.374999999999998,False,False,0.5714285714285714,0.14285714285714235,4.0,21.3,percentage,False
Susan Lucci,Tony Dovolani,Actor/Actress,New York,United States,61,7,Eliminated Week 7,6,7,"[8.0, 8.0, 8.0]",24.0,8.0,8.0,8.0,3,0.0,4.0,6,16.3265306122449,True,True,0.6666666666666666,-0.5,6.0,21.583333333333332,percentage,False
Ted McGinley,Inna Brayer,Actor/Actress,California,United States,50,7,Eliminated Week 1,12,1,"[6.0, 6.0, 6.5]",18.5,6.166666666666667,6.0,6.5,3,0.23570226039551584,8.0,13,7.341269841269842,True,True,0.6153846153846154,-0.8846153846153832,6.0,,percentage,False
Toni Braxton,Alec Mazo,Singer/Rapper,Maryland,United States,40,7,Eliminated Week 5,8,1,"[7.5, 7.0, 8.0]",22.5,7.5,7.0,8.0,3,0.408248290463863,2.0,13,8.928571428571429,False,False,0.15384615384615385,3.1153846153846168,2.0,,percentage,False
Toni Braxton,Alec Mazo,Singer/Rapper,Maryland,United States,40,7,Eliminated Week 5,8,2,"[7.0, 8.0, 8.0]",23.0,7.666666666666667,7.0,8.0,3,0.4714045207910317,3.0,11,10.407239819004525,False,False,0.2727272727272727,2.90909090909091,1.0,22.5,percentage,False
Toni Braxton,Alec Mazo,Singer/Rapper,Maryland,United States,40,7,Eliminated Week 5,8,3,"[8.0, 7.0, 7.0]",22.0,7.333333333333333,7.0,8.0,3,0.4714045207910317,4.0,9,11.055276381909549,False,False,0.4444444444444444,-0.11111111111111072,6.0,22.75,percentage,False
Toni Braxton,Alec Mazo,Singer/Rapper,Maryland,United States,40,7,Eliminated Week 5,8,4,"[7.0, 7.0, 8.0]",22.0,7.333333333333333,7.0,8.0,3,0.4714045207910317,5.0,9,10.83743842364532,False,False,0.5555555555555556,-0.5555555555555571,4.0,22.5,percentage,False
Toni Braxton,Alec Mazo,Singer/Rapper,Maryland,United States,40,7,Eliminated Week 5,8,5,"[7.0, 7.0, 8.0]",22.0,7.333333333333333,7.0,8.0,3,0.4714045207910317,5.0,8,11.282051282051283,True,True,0.625,-2.375,7.0,22.375,percentage,False
Warren Sapp,Kym Johnson,Athlete,Florida,United States,35,7,2nd Place,2,1,"[7.0, 7.0, 7.5]",21.5,7.166666666666667,7.0,7.5,3,0.23570226039551584,3.0,13,8.531746031746032,False,False,0.23076923076923078,2.1153846153846168,3.0,,percentage,False
Warren Sapp,Kym Johnson,Athlete,Florida,United States,35,7,2nd Place,2,2,"[8.0, 8.0, 8.0]",24.0,8.0,8.0,8.0,3,0.0,1.0,11,10.85972850678733,False,False,0.09090909090909091,3.90909090909091,0.0,21.5,percentage,False
Warren Sapp,Kym Johnson,Athlete,Florida,United States,35,7,2nd Place,2,3,"[9.0, 8.0, 8.0]",25.0,8.333333333333334,8.0,9.0,3,0.4714045207910317,2.0,9,12.562814070351758,False,False,0.2222222222222222,2.8888888888888893,3.0,22.75,percentage,False
Warren Sapp,Kym Johnson,Athlete,Florida,United States,35,7,2nd Place,2,4,"[8.0, 7.0, 7.0]",22.0,7.333333333333333,7.0,8.0,3,0.4714045207910317,5.0,9,10.83743842364532,False,False,0.5555555555555556,-0.5555555555555571,4.0,23.5,percentage,False
Warren Sapp,Kym Johnson,Athlete,Florida,United States,35,7,2nd Place,2,5,"[8.0, 8.0, 9.0]",25.0,8.333333333333334,8.0,9.0,3,0.4714045207910317,4.0,8,12.82051282051282,False,False,0.5,0.625,4.0,23.125,percentage,False
Warren Sapp,Kym Johnson,Athlete,Florida,United States,35,7,2nd Place,2,6,"[8.0, 9.0, 8.0]",25.0,8.333333333333334,8.0,9.0,3,0.4714045207910317,3.0,7,15.625,False,False,0.42857142857142855,2.1428571428571423,2.0,23.5,percentage,False
Warren Sapp,Kym Johnson,Athlete,Florida,United States,35,7,2nd Place,2,7,"[7.0, 7.0, 7.0]",21.0,7.0,7.0,7.0,3,0.0,6.0,6,14.285714285714285,False,False,1.0,-3.5,9.0,23.75,percentage,False
Warren Sapp,Kym Johnson,Athlete,Florida,United States,35,7,2nd Place,2,8,"[9.5, 8.5, 9.0]",27.0,9.0,8.5,9.5,3,0.408248290463863,2.0,5,21.176470588235293,False,False,0.4,1.5,0.5,23.357142857142858,percentage,False
Warren Sapp,Kym Johnson,Athlete,Florida,United States,35,7,2nd Place,2,9,"[8.5, 8.0, 8.0]",24.5,8.166666666666666,8.0,8.5,3,0.23570226039551584,2.0,4,24.378109452736318,False,False,0.5,-0.625,4.0,23.8125,percentage,False
Warren Sapp,Kym Johnson,Athlete,Florida,United States,35,7,2nd Place,2,10,"[9.0, 9.5, 9.0]",27.5,9.166666666666666,9.0,9.5,3,0.23570226039551584,2.0,3,32.35294117647059,True,False,0.6666666666666666,-0.8333333333333321,2.5,23.88888888888889,percentage,False
Belinda Carlisle,Jonathan Roberts,Singer/Rapper,California,United States,50,8,Eliminated Week 2,13,1,"[6.0, 6.0, 5.0]",17.0,5.666666666666667,5.0,6.0,3,0.4714045207910317,9.0,13,6.995884773662551,False,False,0.6923076923076923,-1.6923076923076934,7.0,,percentage,False
Belinda Carlisle,Jonathan Roberts,Singer/Rapper,California,United States,50,8,Eliminated Week 2,13,2,"[6.0, 6.0, 6.0]",18.0,6.0,6.0,6.0,3,0.0,9.0,13,6.7924528301886795,True,True,0.6923076923076923,-2.3846153846153832,9.0,17.0,percentage,False
Chuck Wicks,Julianne Hough,Singer/Rapper,Delaware,United States,29,8,Eliminated Week 8,6,1,"[6.0, 7.0, 7.0]",20.0,6.666666666666667,6.0,7.0,3,0.4714045207910317,5.0,13,8.23045267489712,False,False,0.38461538461538464,1.3076923076923066,4.0,,percentage,False
Chuck Wicks,Julianne Hough,Singer/Rapper,Delaware,United States,29,8,Eliminated Week 8,6,2,"[6.0, 7.0, 7.0]",20.0,6.666666666666667,6.0,7.0,3,0.4714045207910317,6.0,13,7.547169811320755,False,False,0.46153846153846156,-0.38461538461538325,7.0,20.0,percentage,False
Chuck Wicks,Julianne Hough,Singer/Rapper,Delaware,United States,29,8,Eliminated Week 8,6,3,"[8.0, 7.0, 8.0]",23.0,7.666666666666667,7.0,8.0,3,0.4714045207910317,6.0,12,9.05511811023622,False,False,0.5,1.8333333333333321,4.0,20.0,percentage,False
Chuck Wicks,Julianne Hough,Singer/Rapper,Delaware,United States,29,8,Eliminated Week 8,6,4,"[8.0, 7.0, 7.0]",22.0,7.333333333333333,7.0,8.0,3,0.4714045207910317,6.0,11,9.090909090909092,False,False,0.5454545454545454,0.0,8.0,21.0,percentage,False
Chuck Wicks,Julianne Hough,Singer/Rapper,Delaware,United States,29,8,Eliminated Week 8,6,5,"[7.0, 8.0, 8.0]",23.0,7.666666666666667,7.0,8.0,3,0.4714045207910317,5.0,9,10.952380952380953,False,False,0.5555555555555556,-0.33333333333333215,6.0,21.25,percentage,False
Chuck Wicks,Julianne Hough,Singer/Rapper,Delaware,United States,29,8,Eliminated Week 8,6,6,"[8.0, 7.0, 8.0]",23.0,7.666666666666667,7.0,8.0,3,0.4714045207910317,5.0,8,12.365591397849462,False,False,0.625,-0.25,5.0,21.6,percentage,False
Chuck Wicks,Julianne Hough,Singer/Rapper,Delaware,United States,29,8,Eliminated Week 8,6,7,"[9.0, 9.0, 9.0]",27.0,9.0,9.0,9.0,3,0.0,3.0,7,14.835164835164836,False,False,0.42857142857142855,1.0,2.0,21.833333333333332,percentage,False
Chuck Wicks,Julianne Hough,Singer/Rapper,Delaware,United States,29,8,Eliminated Week 8,6,8,"[8.5, 8.5, 8.5]",25.5,8.5,8.5,8.5,3,0.0,5.0,6,16.346153846153847,True,True,0.8333333333333334,-0.5,2.5,22.571428571428573,percentage,False
David Alan Grier,Kym Johnson,Actor/Actress,Michigan,United States,52,8,Eliminated Week 5,9,1,"[6.0, 7.0, 6.0]",19.0,6.333333333333333,6.0,7.0,3,0.4714045207910317,6.0,13,7.818930041152264,False,False,0.46153846153846156,0.3076923076923066,5.0,,percentage,False
David Alan Grier,Kym Johnson,Actor/Actress,Michigan,United States,52,8,Eliminated Week 5,9,2,"[6.0, 5.0, 6.0]",17.0,5.666666666666667,5.0,6.0,3,0.4714045207910317,11.0,13,6.415094339622642,False,False,0.8461538461538461,-3.3846153846153832,10.0,19.0,percentage,False
David Alan Grier,Kym Johnson,Actor/Actress,Michigan,United States,52,8,Eliminated Week 5,9,3,"[8.0, 8.0, 8.0]",24.0,8.0,8.0,8.0,3,0.0,5.0,12,9.448818897637794,False,False,0.4166666666666667,2.833333333333332,3.0,18.0,percentage,False
David Alan Grier,Kym Johnson,Actor/Actress,Michigan,United States,52,8,Eliminated Week 5,9,4,"[8.0, 7.0, 7.0]",22.0,7.333333333333333,7.0,8.0,3,0.4714045207910317,6.0,11,9.090909090909092,False,False,0.5454545454545454,0.0,8.0,20.0,percentage,False
David Alan Grier,Kym Johnson,Actor/Actress,Michigan,United States,52,8,Eliminated Week 5,9,5,"[7.0, 8.0, 7.0]",22.0,7.333333333333333,7.0,8.0,3,0.4714045207910317,6.0,9,10.476190476190476,True,True,0.6666666666666666,-1.3333333333333321,7.0,20.5,percentage,False
Denise Richards,Maksim Chmerkoskiy,Actor/Actress,Illinois,United States,38,8,Eliminated Week 3,12,1,"[6.0, 6.0, 6.0]",18.0,6.0,6.0,6.0,3,0.0,7.0,13,7.4074074074074066,False,False,0.5384615384615384,-0.6923076923076934,6.0,,percentage,False
Denise Richards,Maksim Chmerkoskiy,Actor/Actress,Illinois,United States,38,8,Eliminated Week 3,12,2,"[7.0, 7.0, 7.0]",21.0,7.0,7.0,7.0,3,0.0,5.0,13,7.9245283018867925,False,False,0.38461538461538464,0.6153846153846168,6.0,18.0,percentage,False
Denise Richards,Maksim Chmerkoskiy,Actor/Actress,Illinois,United States,38,8,Eliminated Week 3,12,3,"[5.0, 6.0, 5.0]",16.0,5.333333333333333,5.0,6.0,3,0.4714045207910317,10.0,12,6.299212598425196,True,True,0.8333333333333334,-5.166666666666668,11.0,19.5,percentage,False
Gilles Marini,Cheryl Burke,Actor/Actress,Non-US,France,33,8,2nd Place,2,1,"[8.0, 8.0, 8.0]",24.0,8.0,8.0,8.0,3,0.0,1.0,13,9.876543209876543,False,False,0.07692307692307693,5.307692307692307,0.0,,percentage,False
Gilles Marini,Cheryl Burke,Actor/Actress,Non-US,France,33,8,2nd Place,2,2,"[9.0, 9.0, 9.0]",27.0,9.0,9.0,9.0,3,0.0,1.0,13,10.18867924528302,False,False,0.07692307692307693,6.615384615384617,0.0,24.0,percentage,False
Gilles Marini,Cheryl Burke,Actor/Actress,Non-US,France,33,8,2nd Place,2,3,"[9.0, 9.0, 9.0]",27.0,9.0,9.0,9.0,3,0.0,1.0,12,10.62992125984252,False,False,0.08333333333333333,5.833333333333332,0.0,25.5,percentage,False
Gilles Marini,Cheryl Burke,Actor/Actress,Non-US,France,33,8,2nd Place,2,4,"[10.0, 10.0, 10.0]",30.0,10.0,10.0,10.0,3,0.0,1.0,11,12.396694214876034,False,False,0.09090909090909091,8.0,0.0,26.0,percentage,False
Gilles Marini,Cheryl Burke,Actor/Actress,Non-US,France,33,8,2nd Place,2,5,"[10.0, 9.0, 10.0]",29.0,9.666666666666666,9.0,10.0,3,0.4714045207910317,1.0,9,13.80952380952381,False,False,0.1111111111111111,5.666666666666668,0.0,27.0,percentage,False
Gilles Marini,Cheryl Burke,Actor/Actress,Non-US,France,33,8,2nd Place,2,6,"[9.0, 8.0, 9.0]",26.0,8.666666666666666,8.0,9.0,3,0.4714045207910317,3.0,8,13.978494623655912,False,False,0.375,2.75,2.0,27.4,percentage,False
Gilles Marini,Cheryl Burke,Actor/Actress,Non-US,France,33,8,2nd Place,2,7,"[9.0, 9.0, 9.0]",27.0,9.0,9.0,9.0,3,0.0,3.0,7,14.835164835164836,False,False,0.42857142857142855,1.0,2.0,27.166666666666668,percentage,False
Gilles Marini,Cheryl Burke,Actor/Actress,Non-US,France,33,8,2nd Place,2,8,"[9.0, 9.0, 9.5]",27.5,9.166666666666666,9.0,9.5,3,0.23570226039551584,2.0,6,17.628205128205128,False,False,0.3333333333333333,1.5,0.5,27.142857142857142,percentage,False
Gilles Marini,Cheryl Burke,Actor/Actress,Non-US,France,33,8,2nd Place,2,9,"[9.5, 9.0, 9.5]",28.0,9.333333333333334,9.0,9.5,3,0.23570226039551584,2.0,5,20.973782771535582,False,False,0.4,1.3000000000000007,0.5,27.1875,percentage,False
Gilles Marini,Cheryl Burke,Actor/Actress,Non-US,France,33,8,2nd Place,2,10,"[10.0, 10.0, 10.0]",30.0,10.0,10.0,10.0,3,0.0,1.0,4,27.397260273972602,False,False,0.25,2.625,0.0,27.27777777777778,percentage,False
Gilles Marini,Cheryl Burke,Actor/Actress,Non-US,France,33,8,2nd Place,2,11,"[9.5, 10.0, 9.5]",29.0,9.666666666666666,9.5,10.0,3,0.23570226039551584,2.0,3,33.14285714285714,True,False,0.6666666666666666,-0.16666666666666785,1.0,27.55,percentage,False
Holly Madison,Dmitry Chaplin,TV Personality,Oregon,United States,30,8,Eliminated Week 4,11,1,"[6.0, 6.0, 6.0]",18.0,6.0,6.0,6.0,3,0.0,7.0,13,7.4074074074074066,False,False,0.5384615384615384,-0.6923076923076934,6.0,,percentage,False
Holly Madison,Dmitry Chaplin,TV Personality,Oregon,United States,30,8,Eliminated Week 4,11,2,"[6.0, 6.0, 6.0]",18.0,6.0,6.0,6.0,3,0.0,9.0,13,6.7924528301886795,False,False,0.6923076923076923,-2.3846153846153832,9.0,18.0,percentage,False
Holly Madison,Dmitry Chaplin,TV Personality,Oregon,United States,30,8,Eliminated Week 4,11,3,"[5.0, 6.0, 6.0]",17.0,5.666666666666667,5.0,6.0,3,0.4714045207910317,9.0,12,6.692913385826772,False,False,0.75,-4.166666666666668,10.0,18.0,percentage,False
Holly Madison,Dmitry Chaplin,TV Personality,Oregon,United States,30,8,Eliminated Week 4,11,4,"[5.0, 6.0, 5.0]",16.0,5.333333333333333,5.0,6.0,3,0.4714045207910317,9.0,11,6.6115702479338845,True,True,0.8181818181818182,-6.0,14.0,17.666666666666668,percentage,False
Lawrence Taylor,Edyta Sliwinska,Athlete,Virginia,United States,50,8,Eliminated Week 7,7,1,"[6.0, 5.0, 5.0]",16.0,5.333333333333333,5.0,6.0,3,0.4714045207910317,11.0,13,6.584362139917696,False,False,0.8461538461538461,-2.6923076923076934,8.0,,percentage,False
Lawrence Taylor,Edyta Sliwinska,Athlete,Virginia,United States,50,8,Eliminated Week 7,7,2,"[7.0, 6.0, 7.0]",20.0,6.666666666666667,6.0,7.0,3,0.4714045207910317,6.0,13,7.547169811320755,False,False,0.46153846153846156,-0.38461538461538325,7.0,16.0,percentage,False
Lawrence Taylor,Edyta Sliwinska,Athlete,Virginia,United States,50,8,Eliminated Week 7,7,3,"[7.0, 6.0, 7.0]",20.0,6.666666666666667,6.0,7.0,3,0.4714045207910317,8.0,12,7.874015748031496,False,False,0.6666666666666666,-1.1666666666666679,7.0,18.0,percentage,False
Lawrence Taylor,Edyta Sliwinska,Athlete,Virginia,United States,50,8,Eliminated Week 7,7,4,"[7.0, 5.0, 7.0]",19.0,6.333333333333333,5.0,7.0,3,0.9428090415820634,8.0,11,7.851239669421488,False,False,0.7272727272727273,-3.0,11.0,18.666666666666668,percentage,False
Lawrence Taylor,Edyta Sliwinska,Athlete,Virginia,United States,50,8,Eliminated Week 7,7,5,"[6.0, 7.0, 7.0]",20.0,6.666666666666667,6.0,7.0,3,0.4714045207910317,8.0,9,9.523809523809524,False,False,0.8888888888888888,-3.333333333333332,9.0,18.75,percentage,False
Lawrence Taylor,Edyta Sliwinska,Athlete,Virginia,United States,50,8,Eliminated Week 7,7,6,"[7.0, 7.0, 8.0]",22.0,7.333333333333333,7.0,8.0,3,0.4714045207910317,6.0,8,11.827956989247312,False,False,0.75,-1.25,6.0,19.0,percentage,False
Lawrence Taylor,Edyta Sliwinska,Athlete,Virginia,United States,50,8,Eliminated Week 7,7,7,"[7.0, 7.0, 7.0]",21.0,7.0,7.0,7.0,3,0.0,7.0,7,11.538461538461538,True,True,1.0,-5.0,8.0,19.5,percentage,False
Lil' Kim,Derek Hough,Singer/Rapper,New York,United States,34,8,Eliminated Week 9,5,1,"[7.0, 7.0, 7.0]",21.0,7.0,7.0,7.0,3,0.0,4.0,13,8.641975308641975,False,False,0.3076923076923077,2.3076923076923066,3.0,,percentage,False
Lil' Kim,Derek Hough,Singer/Rapper,New York,United States,34,8,Eliminated Week 9,5,2,"[8.0, 7.0, 8.0]",23.0,7.666666666666667,7.0,8.0,3,0.4714045207910317,4.0,13,8.679245283018867,False,False,0.3076923076923077,2.6153846153846168,4.0,21.0,percentage,False
Lil' Kim,Derek Hough,Singer/Rapper,New York,United States,34,8,Eliminated Week 9,5,3,"[8.0, 8.0, 9.0]",25.0,8.333333333333334,8.0,9.0,3,0.4714045207910317,4.0,12,9.84251968503937,False,False,0.3333333333333333,3.833333333333332,2.0,22.0,percentage,False
Lil' Kim,Derek Hough,Singer/Rapper,New York,United States,34,8,Eliminated Week 9,5,4,"[9.0, 8.0, 10.0]",27.0,9.0,8.0,10.0,3,0.816496580927726,3.0,11,11.15702479338843,False,False,0.2727272727272727,5.0,3.0,23.0,percentage,False
Lil' Kim,Derek Hough,Singer/Rapper,New York,United States,34,8,Eliminated Week 9,5,5,"[9.0, 8.0, 9.0]",26.0,8.666666666666666,8.0,9.0,3,0.4714045207910317,2.0,9,12.380952380952381,False,False,0.2222222222222222,2.666666666666668,3.0,24.0,percentage,False
Lil' Kim,Derek Hough,Singer/Rapper,New York,United States,34,8,Eliminated Week 9,5,6,"[10.0, 8.0, 10.0]",28.0,9.333333333333334,8.0,10.0,3,0.9428090415820634,1.0,8,15.053763440860216,False,False,0.125,4.75,0.0,24.4,percentage,False
Lil' Kim,Derek Hough,Singer/Rapper,New York,United States,34,8,Eliminated Week 9,5,7,"[9.0, 8.0, 9.0]",26.0,8.666666666666666,8.0,9.0,3,0.4714045207910317,5.0,7,14.285714285714285,False,False,0.7142857142857143,0.0,3.0,25.0,percentage,False
Lil' Kim,Derek Hough,Singer/Rapper,New York,United States,34,8,Eliminated Week 9,5,8,"[9.0, 9.0, 10.0]",28.0,9.333333333333334,9.0,10.0,3,0.4714045207910317,1.0,6,17.94871794871795,False,False,0.16666666666666666,2.0,0.0,25.142857142857142,percentage,False
Lil' Kim,Derek Hough,Singer/Rapper,New York,United States,34,8,Eliminated Week 9,5,9,"[8.5, 9.0, 8.5]",26.0,8.666666666666666,8.5,9.0,3,0.23570226039551584,4.0,5,19.475655430711612,True,True,0.8,-0.6999999999999993,2.5,25.5,percentage,False
Melissa Rycroft,Tony Dovolani,TV Personality,Texas,United States,26,8,3rd Place,3,1,"[8.0, 7.0, 8.0]",23.0,7.666666666666667,7.0,8.0,3,0.4714045207910317,2.0,13,9.465020576131687,False,False,0.15384615384615385,4.307692307692307,1.0,,percentage,False
Melissa Rycroft,Tony Dovolani,TV Personality,Texas,United States,26,8,3rd Place,3,2,"[9.0, 8.0, 9.0]",26.0,8.666666666666666,8.0,9.0,3,0.4714045207910317,2.0,13,9.811320754716983,False,False,0.15384615384615385,5.615384615384617,1.0,23.0,percentage,False
Melissa Rycroft,Tony Dovolani,TV Personality,Texas,United States,26,8,3rd Place,3,3,"[9.0, 9.0, 9.0]",27.0,9.0,9.0,9.0,3,0.0,1.0,12,10.62992125984252,False,False,0.08333333333333333,5.833333333333332,0.0,24.5,percentage,False
Melissa Rycroft,Tony Dovolani,TV Personality,Texas,United States,26,8,3rd Place,3,4,"[10.0, 9.0, 10.0]",29.0,9.666666666666666,9.0,10.0,3,0.4714045207910317,2.0,11,11.983471074380166,False,False,0.18181818181818182,7.0,1.0,25.333333333333332,percentage,False
Melissa Rycroft,Tony Dovolani,TV Personality,Texas,United States,26,8,3rd Place,3,5,"[8.0, 8.0, 9.0]",25.0,8.333333333333334,8.0,9.0,3,0.4714045207910317,4.0,9,11.904761904761903,False,False,0.4444444444444444,1.6666666666666679,4.0,26.25,percentage,False
Melissa Rycroft,Tony Dovolani,TV Personality,Texas,United States,26,8,3rd Place,3,6,"[9.0, 9.0, 9.0]",27.0,9.0,9.0,9.0,3,0.0,2.0,8,14.516129032258066,False,False,0.25,3.75,1.0,26.0,percentage,False
Melissa Rycroft,Tony Dovolani,TV Personality,Texas,United States,26,8,3rd Place,3,7,"[10.0, 9.0, 10.0]",29.0,9.666666666666666,9.0,10.0,3,0.4714045207910317,1.0,7,15.934065934065933,False,False,0.14285714285714285,3.0,0.0,26.166666666666668,percentage,False
Melissa Rycroft,Tony Dovolani,TV Personality,Texas,United States,26,8,3rd Place,3,8,"[7.5, 7.5, 8.0]",23.0,7.666666666666667,7.5,8.0,3,0.23570226039551584,6.0,6,14.743589743589745,False,False,1.0,-3.0,5.0,26.571428571428573,percentage,False
Melissa Rycroft,Tony Dovolani,TV Personality,Texas,United States,26,8,3rd Place,3,9,"[9.5, 9.5, 9.5]",28.5,9.5,9.5,9.5,3,0.0,1.0,5,21.34831460674157,False,False,0.2,1.8000000000000007,0.0,26.125,percentage,False
Melissa Rycroft,Tony Dovolani,TV Personality,Texas,United States,26,8,3rd Place,3,10,"[9.0, 9.5, 9.0]",27.5,9.166666666666666,9.0,9.5,3,0.23570226039551584,3.0,4,25.11415525114155,False,False,0.75,0.125,2.5,26.38888888888889,percentage,False
Melissa Rycroft,Tony Dovolani,TV Personality,Texas,United States,26,8,3rd Place,3,11,"[9.5, 9.5, 9.5]",28.5,9.5,9.5,9.5,3,0.0,3.0,3,32.57142857142858,True,False,1.0,-0.6666666666666679,1.5,26.5,percentage,False
Shawn Johnson,Mark Ballas,Athlete,Iowa,United States,17,8,1st Place,1,1,"[8.0, 8.0, 7.0]",23.0,7.666666666666667,7.0,8.0,3,0.4714045207910317,2.0,13,9.465020576131687,False,False,0.15384615384615385,4.307692307692307,1.0,,percentage,False
Shawn Johnson,Mark Ballas,Athlete,Iowa,United States,17,8,1st Place,1,2,"[8.0, 8.0, 8.0]",24.0,8.0,8.0,8.0,3,0.0,3.0,13,9.056603773584905,False,False,0.23076923076923078,3.6153846153846168,3.0,23.0,percentage,False
Shawn Johnson,Mark Ballas,Athlete,Iowa,United States,17,8,1st Place,1,3,"[9.0, 9.0, 9.0]",27.0,9.0,9.0,9.0,3,0.0,1.0,12,10.62992125984252,False,False,0.08333333333333333,5.833333333333332,0.0,23.5,percentage,False
Shawn Johnson,Mark Ballas,Athlete,Iowa,United States,17,8,1st Place,1,4,"[8.0, 8.0, 9.0]",25.0,8.333333333333334,8.0,9.0,3,0.4714045207910317,4.0,11,10.330578512396695,False,False,0.36363636363636365,3.0,5.0,24.666666666666668,percentage,False
Shawn Johnson,Mark Ballas,Athlete,Iowa,United States,17,8,1st Place,1,5,"[9.0, 8.0, 9.0]",26.0,8.666666666666666,8.0,9.0,3,0.4714045207910317,2.0,9,12.380952380952381,False,False,0.2222222222222222,2.666666666666668,3.0,24.75,percentage,False
Shawn Johnson,Mark Ballas,Athlete,Iowa,United States,17,8,1st Place,1,6,"[8.0, 9.0, 9.0]",26.0,8.666666666666666,8.0,9.0,3,0.4714045207910317,3.0,8,13.978494623655912,False,False,0.375,2.75,2.0,25.0,percentage,False
Shawn Johnson,Mark Ballas,Athlete,Iowa,United States,17,8,1st Place,1,7,"[9.0, 9.0, 10.0]",28.0,9.333333333333334,9.0,10.0,3,0.4714045207910317,2.0,7,15.384615384615385,False,False,0.2857142857142857,2.0,1.0,25.166666666666668,percentage,False
Shawn Johnson,Mark Ballas,Athlete,Iowa,United States,17,8,1st Place,1,8,"[9.0, 8.0, 9.0]",26.0,8.666666666666666,8.0,9.0,3,0.4714045207910317,3.0,6,16.666666666666664,False,False,0.5,0.0,2.0,25.571428571428573,percentage,False
Shawn Johnson,Mark Ballas,Athlete,Iowa,United States,17,8,1st Place,1,9,"[9.5, 9.0, 9.5]",28.0,9.333333333333334,9.0,9.5,3,0.23570226039551584,2.0,5,20.973782771535582,False,False,0.4,1.3000000000000007,0.5,25.625,percentage,False
Shawn Johnson,Mark Ballas,Athlete,Iowa,United States,17,8,1st Place,1,10,"[9.5, 9.0, 9.5]",28.0,9.333333333333334,9.0,9.5,3,0.23570226039551584,2.0,4,25.570776255707763,False,False,0.5,0.625,2.0,25.88888888888889,percentage,False
Shawn Johnson,Mark Ballas,Athlete,Iowa,United States,17,8,1st Place,1,11,"[10.0, 10.0, 10.0]",30.0,10.0,10.0,10.0,3,0.0,1.0,3,34.285714285714285,True,False,0.3333333333333333,0.8333333333333321,0.0,26.1,percentage,False
Steve Wozniak,Karina Smirnoff,Entrepreneur,California,United States,58,8,Eliminated Week 4,10,1,"[5.0, 4.0, 4.0]",13.0,4.333333333333333,4.0,5.0,3,0.4714045207910317,13.0,13,5.349794238683128,False,False,1.0,-5.692307692307693,11.0,,percentage,False
Steve Wozniak,Karina Smirnoff,Entrepreneur,California,United States,58,8,Eliminated Week 4,10,2,"[6.0, 5.0, 6.0]",17.0,5.666666666666667,5.0,6.0,3,0.4714045207910317,11.0,13,6.415094339622642,False,False,0.8461538461538461,-3.3846153846153832,10.0,13.0,percentage,False
Steve Wozniak,Karina Smirnoff,Entrepreneur,California,United States,58,8,Eliminated Week 4,10,3,"[4.0, 3.0, 3.0]",10.0,3.3333333333333335,3.0,4.0,3,0.4714045207910317,12.0,12,3.937007874015748,False,False,1.0,-11.166666666666668,17.0,15.0,percentage,False
Steve Wozniak,Karina Smirnoff,Entrepreneur,California,United States,58,8,Eliminated Week 4,10,4,"[4.0, 4.0, 4.0]",12.0,4.0,4.0,4.0,3,0.0,11.0,11,4.958677685950414,True,True,1.0,-10.0,18.0,13.333333333333334,percentage,False
Steve-O,Lacey Schwimmer,TV Personality,Non-US,England,34,8,Eliminated Week 6,8,1,"[6.0, 5.0, 6.0]",17.0,5.666666666666667,5.0,6.0,3,0.4714045207910317,9.0,13,6.995884773662551,False,False,0.6923076923076923,-1.6923076923076934,7.0,,percentage,False
Steve-O,Lacey Schwimmer,TV Personality,Non-US,England,34,8,Eliminated Week 6,8,2,"[5.0, 4.0, 5.0]",14.0,4.666666666666667,4.0,5.0,3,0.4714045207910317,13.0,13,5.283018867924529,False,False,1.0,-6.384615384615383,13.0,17.0,percentage,False
Steve-O,Lacey Schwimmer,TV Personality,Non-US,England,34,8,Eliminated Week 6,8,3,"[5.0, 5.0, 5.0]",15.0,5.0,5.0,5.0,3,0.0,11.0,12,5.905511811023622,False,False,0.9166666666666666,-6.166666666666668,12.0,15.5,percentage,False
Steve-O,Lacey Schwimmer,TV Personality,Non-US,England,34,8,Eliminated Week 6,8,4,"[5.0, 5.0, 5.0]",15.0,5.0,5.0,5.0,3,0.0,10.0,11,6.198347107438017,False,False,0.9090909090909091,-7.0,15.0,15.333333333333334,percentage,False
Steve-O,Lacey Schwimmer,TV Personality,Non-US,England,34,8,Eliminated Week 6,8,5,"[6.0, 6.0, 6.0]",18.0,6.0,6.0,6.0,3,0.0,9.0,9,8.571428571428571,False,False,1.0,-5.333333333333332,11.0,15.25,percentage,False
Steve-O,Lacey Schwimmer,TV Personality,Non-US,England,34,8,Eliminated Week 6,8,6,"[7.0, 4.0, 5.0]",16.0,5.333333333333333,4.0,7.0,3,1.247219128924647,8.0,8,8.60215053763441,True,True,1.0,-7.25,12.0,15.8,percentage,False
Ty Murray,Chelsie Hightower,Athlete,Arizona,United States,39,8,Eliminated Week 10,4,1,"[5.0, 4.0, 5.0]",14.0,4.666666666666667,4.0,5.0,3,0.4714045207910317,12.0,13,5.761316872427984,False,False,0.9230769230769231,-4.692307692307693,10.0,,percentage,False
Ty Murray,Chelsie Hightower,Athlete,Arizona,United States,39,8,Eliminated Week 10,4,2,"[7.0, 6.0, 7.0]",20.0,6.666666666666667,6.0,7.0,3,0.4714045207910317,6.0,13,7.547169811320755,False,False,0.46153846153846156,-0.38461538461538325,7.0,14.0,percentage,False
Ty Murray,Chelsie Hightower,Athlete,Arizona,United States,39,8,Eliminated Week 10,4,3,"[8.0, 8.0, 7.0]",23.0,7.666666666666667,7.0,8.0,3,0.4714045207910317,6.0,12,9.05511811023622,False,False,0.5,1.8333333333333321,4.0,17.0,percentage,False
Ty Murray,Chelsie Hightower,Athlete,Arizona,United States,39,8,Eliminated Week 10,4,4,"[9.0, 8.0, 8.0]",25.0,8.333333333333334,8.0,9.0,3,0.4714045207910317,4.0,11,10.330578512396695,False,False,0.36363636363636365,3.0,5.0,19.0,percentage,False
Ty Murray,Chelsie Hightower,Athlete,Arizona,United States,39,8,Eliminated Week 10,4,5,"[7.0, 7.0, 7.0]",21.0,7.0,7.0,7.0,3,0.0,7.0,9,10.0,False,False,0.7777777777777778,-2.333333333333332,8.0,20.5,percentage,False
Ty Murray,Chelsie Hightower,Athlete,Arizona,United States,39,8,Eliminated Week 10,4,6,"[6.0, 6.0, 6.0]",18.0,6.0,6.0,6.0,3,0.0,7.0,8,9.67741935483871,False,False,0.875,-5.25,10.0,20.6,percentage,False
Ty Murray,Chelsie Hightower,Athlete,Arizona,United States,39,8,Eliminated Week 10,4,7,"[8.0, 8.0, 8.0]",24.0,8.0,8.0,8.0,3,0.0,6.0,7,13.186813186813188,False,False,0.8571428571428571,-2.0,5.0,20.166666666666668,percentage,False
Ty Murray,Chelsie Hightower,Athlete,Arizona,United States,39,8,Eliminated Week 10,4,8,"[9.0, 8.0, 9.0]",26.0,8.666666666666666,8.0,9.0,3,0.4714045207910317,3.0,6,16.666666666666664,False,False,0.5,0.0,2.0,20.714285714285715,percentage,False
Ty Murray,Chelsie Hightower,Athlete,Arizona,United States,39,8,Eliminated Week 10,4,9,"[7.5, 8.0, 7.5]",23.0,7.666666666666667,7.5,8.0,3,0.23570226039551584,5.0,5,17.228464419475657,False,False,1.0,-3.6999999999999993,5.5,21.375,percentage,False
Ty Murray,Chelsie Hightower,Athlete,Arizona,United States,39,8,Eliminated Week 10,4,10,"[8.0, 8.0, 8.0]",24.0,8.0,8.0,8.0,3,0.0,4.0,4,21.91780821917808,True,True,1.0,-3.375,6.0,21.555555555555557,percentage,False
Aaron Carter,Karina Smirnoff,Singer/Rapper,Florida,United States,21,9,Eliminated Week 8,5,1,"[10.3333, 11.3333, 10.3333]",31.999899999999997,10.666633333333332,10.3333,11.3333,3,0.4714045207910317,2.0,16,7.881779829674204,False,False,0.125,6.6249999999999964,2.0,,percentage,False
Aaron Carter,Karina Smirnoff,Singer/Rapper,Florida,United States,21,9,Eliminated Week 8,5,2,"[9.0, 9.0, 9.0]",27.0,9.0,9.0,9.0,3,0.0,1.0,14,9.183673469387756,False,False,0.07142857142857142,6.0,0.0,31.999899999999997,percentage,False
Aaron Carter,Karina Smirnoff,Singer/Rapper,Florida,United States,21,9,Eliminated Week 8,5,3,"[8.0, 6.0, 7.0]",21.0,7.0,6.0,8.0,3,0.816496580927726,4.0,13,8.13953488372093,False,False,0.3076923076923077,1.1538461538461533,6.0,29.49995,percentage,False
Aaron Carter,Karina Smirnoff,Singer/Rapper,Florida,United States,21,9,Eliminated Week 8,5,4,"[6.0, 6.0, 6.0]",18.0,6.0,6.0,6.0,3,0.0,8.0,11,7.43801652892562,False,False,0.7272727272727273,-4.0,10.0,26.666633333333333,percentage,False
Aaron Carter,Karina Smirnoff,Singer/Rapper,Florida,United States,21,9,Eliminated Week 8,5,5,"[8.0, 8.0, 8.0]",24.0,8.0,8.0,8.0,3,0.0,4.0,10,9.917355371900827,False,False,0.4,-0.1999999999999993,5.0,24.499975,percentage,False
Aaron Carter,Karina Smirnoff,Singer/Rapper,Florida,United States,21,9,Eliminated Week 8,5,6,"[10.6666, 11.6666, 10.6666]",32.9998,10.999933333333333,10.6666,11.6666,3,0.4714045207910317,3.0,9,12.692274704027822,False,False,0.3333333333333333,4.111011111111111,3.000099999999996,24.39998,percentage,False
Aaron Carter,Karina Smirnoff,Singer/Rapper,Florida,United States,21,9,Eliminated Week 8,5,7,"[8.5, 9.0, 9.0]",26.5,8.833333333333334,8.5,9.0,3,0.23570226039551584,2.0,7,15.0997150997151,False,False,0.2857142857142857,1.428571428571427,1.0,25.83328333333333,percentage,False
Aaron Carter,Karina Smirnoff,Singer/Rapper,Florida,United States,21,9,Eliminated Week 8,5,8,"[8.0, 8.5, 8.5]",25.0,8.333333333333334,8.0,8.5,3,0.23570226039551584,4.0,5,19.083969465648856,True,True,0.8,-1.1999999999999993,4.5,25.92852857142857,percentage,False
Ashley Hamiliton,Edyta Sliwinska,Actor/Actress,California,United States,34,9,Eliminated Week 1,16,1,"[6.3333, 7.3333, 5.3333]",18.9999,6.3333,5.3333,7.3333,3,0.816496580927726,15.0,16,4.6797967676719905,True,True,0.9375,-6.375,14.999999999999996,,percentage,False
Chuck Liddell,Anna Trebunskaya,Athlete,California,United States,39,9,Eliminated Week 4,11,1,"[8.0, 7.0, 7.0]",22.0,7.333333333333333,7.0,8.0,3,0.4714045207910317,10.0,16,5.418740566465287,False,False,0.625,-3.3749000000000002,11.999899999999997,,percentage,False
Chuck Liddell,Anna Trebunskaya,Athlete,California,United States,39,9,Eliminated Week 4,11,2,"[6.0, 7.0, 6.0]",19.0,6.333333333333333,6.0,7.0,3,0.4714045207910317,9.0,14,6.462585034013606,False,False,0.6428571428571429,-2.0,8.0,22.0,percentage,False
Chuck Liddell,Anna Trebunskaya,Athlete,California,United States,39,9,Eliminated Week 4,11,3,"[6.0, 5.0, 6.0]",17.0,5.666666666666667,5.0,6.0,3,0.4714045207910317,10.0,13,6.5891472868217065,False,False,0.7692307692307693,-2.8461538461538467,10.0,20.5,percentage,False
Chuck Liddell,Anna Trebunskaya,Athlete,California,United States,39,9,Eliminated Week 4,11,4,"[6.0, 5.0, 6.0]",17.0,5.666666666666667,5.0,6.0,3,0.4714045207910317,9.0,11,7.024793388429752,True,True,0.8181818181818182,-5.0,11.0,19.333333333333332,percentage,False
Debi Mazar,Maksim Chmerkoskiy,Actor/Actress,New York,United States,45,9,Eliminated Week 3,12,1,"[8.0, 7.0, 7.0]",22.0,7.333333333333333,7.0,8.0,3,0.4714045207910317,10.0,16,5.418740566465287,False,False,0.625,-3.3749000000000002,11.999899999999997,,percentage,False
Debi Mazar,Maksim Chmerkoskiy,Actor/Actress,New York,United States,45,9,Eliminated Week 3,12,2,"[7.0, 7.0, 7.0]",21.0,7.0,7.0,7.0,3,0.0,4.0,14,7.142857142857142,False,False,0.2857142857142857,0.0,6.0,22.0,percentage,False
Debi Mazar,Maksim Chmerkoskiy,Actor/Actress,New York,United States,45,9,Eliminated Week 3,12,3,"[6.0, 5.0, 6.0]",17.0,5.666666666666667,5.0,6.0,3,0.4714045207910317,10.0,13,6.5891472868217065,True,True,0.7692307692307693,-2.8461538461538467,10.0,21.5,percentage,False
Donny Osmond,Kym Johnson,Singer/Rapper,Utah,United States,51,9,1st Place,1,1,"[10.3333, 9.3333, 10.3333]",29.999899999999997,9.999966666666666,9.3333,10.3333,3,0.4714045207910317,5.0,16,7.389167050904632,False,False,0.3125,4.6249999999999964,4.0,,percentage,False
Donny Osmond,Kym Johnson,Singer/Rapper,Utah,United States,51,9,1st Place,1,2,"[8.0, 9.0, 8.0]",25.0,8.333333333333334,8.0,9.0,3,0.4714045207910317,3.0,14,8.503401360544217,False,False,0.21428571428571427,4.0,2.0,29.999899999999997,percentage,False
Donny Osmond,Kym Johnson,Singer/Rapper,Utah,United States,51,9,1st Place,1,3,"[7.0, 7.0, 7.0]",21.0,7.0,7.0,7.0,3,0.0,4.0,13,8.13953488372093,False,False,0.3076923076923077,1.1538461538461533,6.0,27.49995,percentage,False
Donny Osmond,Kym Johnson,Singer/Rapper,Utah,United States,51,9,1st Place,1,4,"[8.0, 8.0, 8.0]",24.0,8.0,8.0,8.0,3,0.0,4.0,11,9.917355371900827,False,False,0.36363636363636365,2.0,4.0,25.333299999999998,percentage,False
Donny Osmond,Kym Johnson,Singer/Rapper,Utah,United States,51,9,1st Place,1,5,"[10.0, 9.0, 10.0]",29.0,9.666666666666666,9.0,10.0,3,0.4714045207910317,1.0,10,11.983471074380166,False,False,0.1,4.800000000000001,0.0,24.999975,percentage,False
Donny Osmond,Kym Johnson,Singer/Rapper,Utah,United States,51,9,1st Place,1,6,"[10.3333, 10.3333, 10.3333]",30.999899999999997,10.3333,10.3333,10.3333,3,0.0,5.0,9,11.92307973373754,False,False,0.5555555555555556,2.111111111111107,5.0,25.799979999999998,percentage,False
Donny Osmond,Kym Johnson,Singer/Rapper,Utah,United States,51,9,1st Place,1,7,"[8.5, 8.5, 9.0]",26.0,8.666666666666666,8.5,9.0,3,0.23570226039551584,3.0,7,14.814814814814813,False,False,0.42857142857142855,0.928571428571427,1.5,26.666633333333333,percentage,False
Donny Osmond,Kym Johnson,Singer/Rapper,Utah,United States,51,9,1st Place,1,8,"[8.5, 8.0, 8.5]",25.0,8.333333333333334,8.0,8.5,3,0.23570226039551584,4.0,5,19.083969465648856,False,False,0.8,-1.1999999999999993,4.5,26.5714,percentage,False
Donny Osmond,Kym Johnson,Singer/Rapper,Utah,United States,51,9,1st Place,1,9,"[8.0, 8.3333, 8.3333]",24.666600000000003,8.2222,8.0,8.3333,3,0.15711912677965062,4.0,4,23.12501699224591,False,False,1.0,-1.9999749999999992,4.333299999999998,26.374975,percentage,False
Donny Osmond,Kym Johnson,Singer/Rapper,Utah,United States,51,9,1st Place,1,10,"[9.6666, 9.6666, 9.6666]",28.9998,9.6666,9.6666,9.6666,3,0.0,1.0,3,35.12776905634048,True,False,0.3333333333333333,1.4814000000000007,0.0,26.185155555555557,percentage,False
Joanna Krupa,Derek Hough,Model,Non-US,Poland,30,9,Eliminated Week 9,4,1,"[11.3333, 11.3333, 11.3333]",33.9999,11.3333,11.3333,11.3333,3,0.0,1.0,16,8.374392608443776,False,False,0.0625,8.624999999999996,0.0,,percentage,False
Joanna Krupa,Derek Hough,Model,Non-US,Poland,30,9,Eliminated Week 9,4,2,"[6.0, 7.0, 7.0]",20.0,6.666666666666667,6.0,7.0,3,0.4714045207910317,7.0,14,6.802721088435375,False,False,0.5,-1.0,7.0,33.9999,percentage,False
Joanna Krupa,Derek Hough,Model,Non-US,Poland,30,9,Eliminated Week 9,4,3,"[7.0, 8.0, 8.0]",23.0,7.666666666666667,7.0,8.0,3,0.4714045207910317,3.0,13,8.914728682170542,False,False,0.23076923076923078,3.1538461538461533,4.0,26.99995,percentage,False
Joanna Krupa,Derek Hough,Model,Non-US,Poland,30,9,Eliminated Week 9,4,4,"[9.0, 8.0, 9.0]",26.0,8.666666666666666,8.0,9.0,3,0.4714045207910317,3.0,11,10.743801652892563,False,False,0.2727272727272727,4.0,2.0,25.666633333333333,percentage,False
Joanna Krupa,Derek Hough,Model,Non-US,Poland,30,9,Eliminated Week 9,4,5,"[8.0, 8.0, 8.0]",24.0,8.0,8.0,8.0,3,0.0,4.0,10,9.917355371900827,False,False,0.4,-0.1999999999999993,5.0,25.749975,percentage,False
Joanna Krupa,Derek Hough,Model,Non-US,Poland,30,9,Eliminated Week 9,4,6,"[11.3333, 12.3333, 12.3333]",35.9999,11.999966666666666,11.3333,12.3333,3,0.4714045207910317,1.0,9,13.846163313642238,False,False,0.1111111111111111,7.111111111111107,0.0,25.39998,percentage,False
Joanna Krupa,Derek Hough,Model,Non-US,Poland,30,9,Eliminated Week 9,4,7,"[9.0, 9.0, 9.5]",27.5,9.166666666666666,9.0,9.5,3,0.23570226039551584,1.0,7,15.669515669515668,False,False,0.14285714285714285,2.428571428571427,0.0,27.166633333333333,percentage,False
Joanna Krupa,Derek Hough,Model,Non-US,Poland,30,9,Eliminated Week 9,4,8,"[8.5, 8.5, 9.0]",26.0,8.666666666666666,8.5,9.0,3,0.23570226039551584,2.0,5,19.84732824427481,False,False,0.4,-0.1999999999999993,3.5,27.214257142857143,percentage,False
Joanna Krupa,Derek Hough,Model,Non-US,Poland,30,9,Eliminated Week 9,4,9,"[9.0, 9.0, 9.0]",27.0,9.0,9.0,9.0,3,0.0,2.0,4,25.31258701201785,True,True,0.5,0.3334249999999983,1.9999000000000002,27.062475,percentage,False
Kathy Ireland,Tony Dovolani,Model,California,United States,46,9,Eliminated Week 2,14,1,"[7.3333, 6.3333, 6.3333]",19.9999,6.666633333333333,6.3333,7.3333,3,0.4714045207910317,12.0,16,4.926103157056776,False,False,0.75,-5.375,13.999999999999996,,percentage,False
Kathy Ireland,Tony Dovolani,Model,California,United States,46,9,Eliminated Week 2,14,2,"[6.0, 6.0, 6.0]",18.0,6.0,6.0,6.0,3,0.0,13.0,14,6.122448979591836,True,True,0.9285714285714286,-3.0,9.0,19.9999,percentage,False
Kelly Osbourne,Louis van Amstel,TV Personality,Non-US,England,24,9,3rd Place,3,1,"[9.6666, 10.6666, 10.6666]",30.9998,10.333266666666667,9.6666,10.6666,3,0.4714045207910317,4.0,16,7.635448809650482,False,False,0.25,5.6249,3.000099999999996,,percentage,False
Kelly Osbourne,Louis van Amstel,TV Personality,Non-US,England,24,9,3rd Place,3,2,"[6.0, 7.0, 6.0]",19.0,6.333333333333333,6.0,7.0,3,0.4714045207910317,9.0,14,6.462585034013606,False,False,0.6428571428571429,-2.0,8.0,30.9998,percentage,False
Kelly Osbourne,Louis van Amstel,TV Personality,Non-US,England,24,9,3rd Place,3,3,"[7.0, 6.0, 7.0]",20.0,6.666666666666667,6.0,7.0,3,0.4714045207910317,6.0,13,7.751937984496124,False,False,0.46153846153846156,0.1538461538461533,7.0,24.9999,percentage,False
Kelly Osbourne,Louis van Amstel,TV Personality,Non-US,England,24,9,3rd Place,3,4,"[8.0, 7.0, 8.0]",23.0,7.666666666666667,7.0,8.0,3,0.4714045207910317,6.0,11,9.50413223140496,False,False,0.5454545454545454,1.0,5.0,23.333266666666663,percentage,False
Kelly Osbourne,Louis van Amstel,TV Personality,Non-US,England,24,9,3rd Place,3,5,"[8.0, 8.0, 8.0]",24.0,8.0,8.0,8.0,3,0.0,4.0,10,9.917355371900827,False,False,0.4,-0.1999999999999993,5.0,23.24995,percentage,False
Kelly Osbourne,Louis van Amstel,TV Personality,Non-US,England,24,9,3rd Place,3,6,"[8.6666, 7.6666, 8.6666]",24.9998,8.333266666666667,7.6666,8.6666,3,0.4714045207910321,6.0,9,9.615340976180303,False,False,0.6666666666666666,-3.888988888888889,11.000099999999996,23.39996,percentage,False
Kelly Osbourne,Louis van Amstel,TV Personality,Non-US,England,24,9,3rd Place,3,7,"[8.5, 8.5, 9.0]",26.0,8.666666666666666,8.5,9.0,3,0.23570226039551584,3.0,7,14.814814814814813,False,False,0.42857142857142855,0.928571428571427,1.5,23.6666,percentage,False
Kelly Osbourne,Louis van Amstel,TV Personality,Non-US,England,24,9,3rd Place,3,8,"[8.0, 8.5, 9.0]",25.5,8.5,8.0,9.0,3,0.408248290463863,3.0,5,19.46564885496183,False,False,0.6,-0.6999999999999993,4.0,23.999942857142855,percentage,False
Kelly Osbourne,Louis van Amstel,TV Personality,Non-US,England,24,9,3rd Place,3,9,"[8.6666, 8.6666, 8.6666]",25.9998,8.6666,8.6666,8.6666,3,0.0,3.0,4,24.37489628870599,False,False,0.75,-0.6667750000000012,3.0000999999999998,24.18745,percentage,False
Kelly Osbourne,Louis van Amstel,TV Personality,Non-US,England,24,9,3rd Place,3,10,"[8.5, 8.5, 8.2222]",25.2222,8.4074,8.2222,8.5,3,0.1309561758757482,3.0,3,30.551921623350196,True,False,1.0,-2.296199999999999,3.7775999999999996,24.388822222222224,percentage,False
Louie Vito,Chelsie Hightower,Athlete,Ohio,United States,21,9,Eliminated Week 6,8,1,"[8.6666, 9.6666, 8.6666]",26.9998,8.999933333333333,8.6666,9.6666,3,0.4714045207910317,7.0,16,6.6502232521113385,False,False,0.4375,1.6249000000000002,7.000099999999996,,percentage,False
Louie Vito,Chelsie Hightower,Athlete,Ohio,United States,21,9,Eliminated Week 6,8,2,"[6.0, 7.0, 6.0]",19.0,6.333333333333333,6.0,7.0,3,0.4714045207910317,9.0,14,6.462585034013606,False,False,0.6428571428571429,-2.0,8.0,26.9998,percentage,False
Louie Vito,Chelsie Hightower,Athlete,Ohio,United States,21,9,Eliminated Week 6,8,3,"[8.0, 5.0, 7.0]",20.0,6.666666666666667,5.0,8.0,3,1.247219128924647,6.0,13,7.751937984496124,False,False,0.46153846153846156,0.1538461538461533,7.0,22.9999,percentage,False
Louie Vito,Chelsie Hightower,Athlete,Ohio,United States,21,9,Eliminated Week 6,8,4,"[5.0, 5.0, 6.0]",16.0,5.333333333333333,5.0,6.0,3,0.4714045207910317,10.0,11,6.6115702479338845,False,False,0.9090909090909091,-6.0,12.0,21.99993333333333,percentage,False
Louie Vito,Chelsie Hightower,Athlete,Ohio,United States,21,9,Eliminated Week 6,8,5,"[7.0, 8.0, 7.0]",22.0,7.333333333333333,7.0,8.0,3,0.4714045207910317,8.0,10,9.090909090909092,False,False,0.8,-2.1999999999999993,7.0,20.49995,percentage,False
Louie Vito,Chelsie Hightower,Athlete,Ohio,United States,21,9,Eliminated Week 6,8,6,"[8.0, 8.0, 8.0]",24.0,8.0,8.0,8.0,3,0.0,7.0,9,9.230801183542559,True,True,0.7777777777777778,-4.8887888888888895,11.999899999999997,20.79996,percentage,False
Macy Gray,Jonathan Roberts,Singer/Rapper,Ohio,United States,42,9,Eliminated Week 1,15,1,"[7.3333, 5.3333, 6.3333]",18.9999,6.3333,5.3333,7.3333,3,0.816496580927726,15.0,16,4.6797967676719905,True,True,0.9375,-6.375,14.999999999999996,,percentage,False
Mark Dacascos,Lacey Schwimmer,Actor/Actress,Hawaii,United States,45,9,Eliminated Week 7,6,1,"[9.6666, 9.6666, 9.6666]",28.9998,9.6666,9.6666,9.6666,3,0.0,6.0,16,7.14283603088091,False,False,0.375,3.6249000000000002,5.000099999999996,,percentage,False
Mark Dacascos,Lacey Schwimmer,Actor/Actress,Hawaii,United States,45,9,Eliminated Week 7,6,2,"[7.0, 7.0, 7.0]",21.0,7.0,7.0,7.0,3,0.0,4.0,14,7.142857142857142,False,False,0.2857142857142857,0.0,6.0,28.9998,percentage,False
Mark Dacascos,Lacey Schwimmer,Actor/Actress,Hawaii,United States,45,9,Eliminated Week 7,6,3,"[6.0, 6.0, 6.0]",18.0,6.0,6.0,6.0,3,0.0,9.0,13,6.976744186046512,False,False,0.6923076923076923,-1.8461538461538467,9.0,24.9999,percentage,False
Mark Dacascos,Lacey Schwimmer,Actor/Actress,Hawaii,United States,45,9,Eliminated Week 7,6,4,"[8.0, 7.0, 7.0]",22.0,7.333333333333333,7.0,8.0,3,0.4714045207910317,7.0,11,9.090909090909092,False,False,0.6363636363636364,0.0,6.0,22.6666,percentage,False
Mark Dacascos,Lacey Schwimmer,Actor/Actress,Hawaii,United States,45,9,Eliminated Week 7,6,5,"[9.0, 9.0, 8.0]",26.0,8.666666666666666,8.0,9.0,3,0.4714045207910317,3.0,10,10.743801652892563,False,False,0.3,1.8000000000000007,3.0,22.49995,percentage,False
Mark Dacascos,Lacey Schwimmer,Actor/Actress,Hawaii,United States,45,9,Eliminated Week 7,6,6,"[11.0, 11.0, 10.0]",32.0,10.666666666666666,10.0,11.0,3,0.4714045207910317,4.0,9,12.307734911390078,False,False,0.4444444444444444,3.1112111111111105,3.9998999999999967,23.199959999999997,percentage,False
Mark Dacascos,Lacey Schwimmer,Actor/Actress,Hawaii,United States,45,9,Eliminated Week 7,6,7,"[7.0, 7.5, 7.0]",21.5,7.166666666666667,7.0,7.5,3,0.23570226039551584,7.0,7,12.250712250712251,True,True,1.0,-3.571428571428573,6.0,24.666633333333333,percentage,False
Melissa Joan Hart,Mark Ballas,Actor/Actress,New York,United States,33,9,Eliminated Week 6,9,1,"[8.0, 8.0, 8.0]",24.0,8.0,8.0,8.0,3,0.0,9.0,16,5.911353345234858,False,False,0.5625,-1.3749000000000002,9.999899999999997,,percentage,False
Melissa Joan Hart,Mark Ballas,Actor/Actress,New York,United States,33,9,Eliminated Week 6,9,2,"[7.0, 6.0, 6.0]",19.0,6.333333333333333,6.0,7.0,3,0.4714045207910317,9.0,14,6.462585034013606,False,False,0.6428571428571429,-2.0,8.0,24.0,percentage,False
Melissa Joan Hart,Mark Ballas,Actor/Actress,New York,United States,33,9,Eliminated Week 6,9,3,"[6.0, 6.0, 7.0]",19.0,6.333333333333333,6.0,7.0,3,0.4714045207910317,8.0,13,7.3643410852713185,False,False,0.6153846153846154,-0.8461538461538467,8.0,21.5,percentage,False
Melissa Joan Hart,Mark Ballas,Actor/Actress,New York,United States,33,9,Eliminated Week 6,9,4,"[9.0, 9.0, 10.0]",28.0,9.333333333333334,9.0,10.0,3,0.4714045207910317,1.0,11,11.570247933884298,False,False,0.09090909090909091,6.0,0.0,20.666666666666668,percentage,False
Melissa Joan Hart,Mark Ballas,Actor/Actress,New York,United States,33,9,Eliminated Week 6,9,5,"[8.0, 8.0, 7.0]",23.0,7.666666666666667,7.0,8.0,3,0.4714045207910317,7.0,10,9.50413223140496,False,False,0.7,-1.1999999999999993,6.0,22.5,percentage,False
Melissa Joan Hart,Mark Ballas,Actor/Actress,New York,United States,33,9,Eliminated Week 6,9,6,"[8.3333, 8.3333, 7.3333]",23.9999,7.9999666666666664,7.3333,8.3333,3,0.47140452079103123,8.0,9,9.230762721870962,True,True,0.8888888888888888,-4.888888888888889,11.999999999999996,22.6,percentage,False
Michael Irvin,Anna Demidova,Athlete,Florida,United States,43,9,Eliminated Week 7,7,1,"[7.0, 6.0, 6.0]",19.0,6.333333333333333,6.0,7.0,3,0.4714045207910317,14.0,16,4.67982139831093,False,False,0.875,-6.3749,14.999899999999997,,percentage,False
Michael Irvin,Anna Demidova,Athlete,Florida,United States,43,9,Eliminated Week 7,7,2,"[7.0, 7.0, 6.0]",20.0,6.666666666666667,6.0,7.0,3,0.4714045207910317,7.0,14,6.802721088435375,False,False,0.5,-1.0,7.0,19.0,percentage,False
Michael Irvin,Anna Demidova,Athlete,Florida,United States,43,9,Eliminated Week 7,7,3,"[5.0, 4.0, 5.0]",14.0,4.666666666666667,4.0,5.0,3,0.4714045207910317,13.0,13,5.426356589147287,False,False,1.0,-5.846153846153847,13.0,19.5,percentage,False
Michael Irvin,Anna Demidova,Athlete,Florida,United States,43,9,Eliminated Week 7,7,4,"[5.0, 6.0, 5.0]",16.0,5.333333333333333,5.0,6.0,3,0.4714045207910317,10.0,11,6.6115702479338845,False,False,0.9090909090909091,-6.0,12.0,17.666666666666668,percentage,False
Michael Irvin,Anna Demidova,Athlete,Florida,United States,43,9,Eliminated Week 7,7,5,"[7.0, 7.0, 7.0]",21.0,7.0,7.0,7.0,3,0.0,10.0,10,8.677685950413224,False,False,1.0,-3.1999999999999993,8.0,17.25,percentage,False
Michael Irvin,Anna Demidova,Athlete,Florida,United States,43,9,Eliminated Week 7,7,6,"[6.6666, 8.6666, 6.6666]",21.9998,7.333266666666667,6.6666,8.6666,3,0.9428090415820638,9.0,9,8.461490828237482,False,False,1.0,-6.888988888888889,14.000099999999996,18.0,percentage,False
Michael Irvin,Anna Demidova,Athlete,Florida,United States,43,9,Eliminated Week 7,7,7,"[8.0, 8.0, 7.5]",23.5,7.833333333333333,7.5,8.0,3,0.23570226039551584,6.0,7,13.390313390313391,True,True,0.8571428571428571,-1.571428571428573,4.0,18.666633333333333,percentage,False
Mya,Dmitry Chaplin,Singer/Rapper,Washington D.C.,United States,29,9,2nd Place,2,1,"[11.3333, 8.3333, 11.3333]",30.999899999999997,10.3333,8.3333,11.3333,3,1.4142135623730951,3.0,16,7.635473440289418,False,False,0.1875,5.6249999999999964,3.0,,percentage,False
Mya,Dmitry Chaplin,Singer/Rapper,Washington D.C.,United States,29,9,2nd Place,2,2,"[9.0, 9.0, 9.0]",27.0,9.0,9.0,9.0,3,0.0,1.0,14,9.183673469387756,False,False,0.07142857142857142,6.0,0.0,30.999899999999997,percentage,False
Mya,Dmitry Chaplin,Singer/Rapper,Washington D.C.,United States,29,9,2nd Place,2,3,"[10.0, 7.0, 10.0]",27.0,9.0,7.0,10.0,3,1.4142135623730951,1.0,13,10.465116279069768,False,False,0.07692307692307693,7.153846153846153,0.0,28.99995,percentage,False
Mya,Dmitry Chaplin,Singer/Rapper,Washington D.C.,United States,29,9,2nd Place,2,4,"[10.0, 8.0, 10.0]",28.0,9.333333333333334,8.0,10.0,3,0.9428090415820634,1.0,11,11.570247933884298,False,False,0.09090909090909091,6.0,0.0,28.333299999999998,percentage,False
Mya,Dmitry Chaplin,Singer/Rapper,Washington D.C.,United States,29,9,2nd Place,2,5,"[9.0, 9.0, 9.0]",27.0,9.0,9.0,9.0,3,0.0,2.0,10,11.15702479338843,False,False,0.2,2.8000000000000007,2.0,28.249975,percentage,False
Mya,Dmitry Chaplin,Singer/Rapper,Washington D.C.,United States,29,9,2nd Place,2,6,"[11.0, 10.0, 12.0]",33.0,11.0,10.0,12.0,3,0.816496580927726,2.0,9,12.692351627371018,False,False,0.2222222222222222,4.1112111111111105,2.9998999999999967,27.99998,percentage,False
Mya,Dmitry Chaplin,Singer/Rapper,Washington D.C.,United States,29,9,2nd Place,2,7,"[8.5, 7.5, 8.5]",24.5,8.166666666666666,7.5,8.5,3,0.4714045207910317,5.0,7,13.96011396011396,False,False,0.7142857142857143,-0.571428571428573,3.0,28.833316666666665,percentage,False
Mya,Dmitry Chaplin,Singer/Rapper,Washington D.C.,United States,29,9,2nd Place,2,8,"[9.5, 10.0, 10.0]",29.5,9.833333333333334,9.5,10.0,3,0.23570226039551584,1.0,5,22.519083969465647,False,False,0.2,3.3000000000000007,0.0,28.21427142857143,percentage,False
Mya,Dmitry Chaplin,Singer/Rapper,Washington D.C.,United States,29,9,2nd Place,2,9,"[9.3333, 9.6666, 10.0]",28.9999,9.666633333333333,9.3333,10.0,3,0.2721791362728274,1.0,4,27.187499707030245,False,False,0.25,2.3333249999999985,0.0,28.3749875,percentage,False
Mya,Dmitry Chaplin,Singer/Rapper,Washington D.C.,United States,29,9,2nd Place,2,10,"[9.4444, 9.4444, 9.4444]",28.333199999999998,9.4444,9.4444,9.4444,3,0.0,2.0,3,34.32030932030932,True,False,0.6666666666666666,0.8147999999999982,0.6666000000000025,28.444422222222222,percentage,False
Natalie Coughlin,Alec Mazo,Athlete,California,United States,27,9,Eliminated Week 5,10,1,"[9.6666, 8.6666, 8.6666]",26.9998,8.999933333333333,8.6666,9.6666,3,0.4714045207910317,7.0,16,6.6502232521113385,False,False,0.4375,1.6249000000000002,7.000099999999996,,percentage,False
Natalie Coughlin,Alec Mazo,Athlete,California,United States,27,9,Eliminated Week 5,10,2,"[7.0, 7.0, 7.0]",21.0,7.0,7.0,7.0,3,0.0,4.0,14,7.142857142857142,False,False,0.2857142857142857,0.0,6.0,26.9998,percentage,False
Natalie Coughlin,Alec Mazo,Athlete,California,United States,27,9,Eliminated Week 5,10,3,"[9.0, 8.0, 9.0]",26.0,8.666666666666666,8.0,9.0,3,0.4714045207910317,2.0,13,10.077519379844961,False,False,0.15384615384615385,6.153846153846153,1.0,23.9999,percentage,False
Natalie Coughlin,Alec Mazo,Athlete,California,United States,27,9,Eliminated Week 5,10,4,"[8.0, 8.0, 8.0]",24.0,8.0,8.0,8.0,3,0.0,4.0,11,9.917355371900827,False,False,0.36363636363636365,2.0,4.0,24.6666,percentage,False
Natalie Coughlin,Alec Mazo,Athlete,California,United States,27,9,Eliminated Week 5,10,5,"[7.0, 8.0, 7.0]",22.0,7.333333333333333,7.0,8.0,3,0.4714045207910317,8.0,10,9.090909090909092,True,True,0.8,-2.1999999999999993,7.0,24.49995,percentage,False
Tom DeLay,Cheryl Burke,Politician,Texas,United States,62,9,Withdrew,13,1,"[7.3333, 6.3333, 6.3333]",19.9999,6.666633333333333,6.3333,7.3333,3,0.4714045207910317,12.0,16,4.926103157056776,False,False,0.75,-5.375,13.999999999999996,,percentage,False
Tom DeLay,Cheryl Burke,Politician,Texas,United States,62,9,Withdrew,13,2,"[6.0, 6.0, 6.0]",18.0,6.0,6.0,6.0,3,0.0,13.0,14,6.122448979591836,False,False,0.9285714285714286,-3.0,9.0,19.9999,percentage,False
Tom DeLay,Cheryl Burke,Politician,Texas,United States,62,9,Withdrew,13,3,"[6.0, 4.0, 5.0]",15.0,5.0,4.0,6.0,3,0.816496580927726,12.0,13,5.813953488372093,True,True,0.9230769230769231,-4.846153846153847,12.0,18.99995,percentage,False
Aiden Turner,Edyta Sliwinska,Actor/Actress,Non-US,England,32,10,Eliminated Week 4,9,1,"[5.0, 5.0, 5.0]",15.0,5.0,5.0,5.0,3,0.0,10.0,11,7.177033492822966,False,False,0.9090909090909091,-4.0,10.0,,percentage,False
Aiden Turner,Edyta Sliwinska,Actor/Actress,Non-US,England,32,10,Eliminated Week 4,9,2,"[7.0, 6.0, 6.0]",19.0,6.333333333333333,6.0,7.0,3,0.4714045207910317,8.0,11,8.636363636363637,False,False,0.7272727272727273,-1.0,9.0,15.0,percentage,False
Aiden Turner,Edyta Sliwinska,Actor/Actress,Non-US,England,32,10,Eliminated Week 4,9,3,"[7.0, 6.0, 7.0]",20.0,6.666666666666667,6.0,7.0,3,0.4714045207910317,7.0,10,9.852216748768473,False,False,0.7,-0.3000000000000007,6.0,17.0,percentage,False
Aiden Turner,Edyta Sliwinska,Actor/Actress,Non-US,England,32,10,Eliminated Week 4,9,4,"[5.5, 5.5, 5.5]",16.5,5.5,5.5,5.5,3,0.0,8.0,9,8.89487870619946,True,True,0.8888888888888888,-4.111111111111111,9.5,18.0,percentage,False
Buzz Aldrin,Ashly DelGrosso,Astronaut,New Jersey,United States,80,10,Eliminated Week 3,10,1,"[5.0, 4.0, 5.0]",14.0,4.666666666666667,4.0,5.0,3,0.4714045207910317,11.0,11,6.698564593301436,False,False,1.0,-5.0,11.0,,percentage,False
Buzz Aldrin,Ashly DelGrosso,Astronaut,New Jersey,United States,80,10,Eliminated Week 3,10,2,"[4.0, 4.0, 4.0]",12.0,4.0,4.0,4.0,3,0.0,11.0,11,5.454545454545454,False,False,1.0,-8.0,16.0,14.0,percentage,False
Buzz Aldrin,Ashly DelGrosso,Astronaut,New Jersey,United States,80,10,Eliminated Week 3,10,3,"[5.0, 4.0, 4.0]",13.0,4.333333333333333,4.0,5.0,3,0.4714045207910317,10.0,10,6.403940886699508,True,True,1.0,-7.300000000000001,13.0,13.0,percentage,False
Chad Ochocinco,Cheryl Burke,Athlete,Florida,United States,32,10,Eliminated Week 9,4,1,"[6.0, 6.0, 6.0]",18.0,6.0,6.0,6.0,3,0.0,6.0,11,8.61244019138756,False,False,0.5454545454545454,-1.0,7.0,,percentage,False
Chad Ochocinco,Cheryl Burke,Athlete,Florida,United States,32,10,Eliminated Week 9,4,2,"[6.0, 5.0, 5.0]",16.0,5.333333333333333,5.0,6.0,3,0.4714045207910317,9.0,11,7.2727272727272725,False,False,0.8181818181818182,-4.0,12.0,18.0,percentage,False
Chad Ochocinco,Cheryl Burke,Athlete,Florida,United States,32,10,Eliminated Week 9,4,3,"[7.0, 6.0, 7.0]",20.0,6.666666666666667,6.0,7.0,3,0.4714045207910317,7.0,10,9.852216748768473,False,False,0.7,-0.3000000000000007,6.0,17.0,percentage,False
Chad Ochocinco,Cheryl Burke,Athlete,Florida,United States,32,10,Eliminated Week 9,4,4,"[7.5, 6.5, 8.0]",22.0,7.333333333333333,6.5,8.0,3,0.6236095644623235,4.0,9,11.859838274932615,False,False,0.4444444444444444,1.3888888888888893,4.0,18.0,percentage,False
Chad Ochocinco,Cheryl Burke,Athlete,Florida,United States,32,10,Eliminated Week 9,4,5,"[6.0, 6.0, 6.0]",18.0,6.0,6.0,6.0,3,0.0,6.0,8,10.404624277456648,False,False,0.75,-3.625,11.0,19.0,percentage,False
Chad Ochocinco,Cheryl Burke,Athlete,Florida,United States,32,10,Eliminated Week 9,4,6,"[10.3333, 10.3333, 10.3333]",30.999899999999997,10.3333,10.3333,10.3333,3,0.0,3.0,7,14.832537716633501,False,False,0.42857142857142855,1.1428571428571388,5.0,18.8,percentage,False
Chad Ochocinco,Cheryl Burke,Athlete,Florida,United States,32,10,Eliminated Week 9,4,7,"[8.5, 9.0, 8.5]",26.0,8.666666666666666,8.5,9.0,3,0.23570226039551584,3.0,6,16.720257234726688,False,False,0.5,0.08333333333333215,1.0,20.833316666666665,percentage,False
Chad Ochocinco,Cheryl Burke,Athlete,Florida,United States,32,10,Eliminated Week 9,4,8,"[7.5, 7.5, 7.5]",22.5,7.5,7.5,7.5,3,0.0,4.0,5,17.786561264822133,False,False,0.8,-2.8000000000000007,7.0,21.571414285714287,percentage,False
Chad Ochocinco,Cheryl Burke,Athlete,Florida,United States,32,10,Eliminated Week 9,4,9,"[8.5, 8.5, 9.0]",26.0,8.666666666666666,8.5,9.0,3,0.23570226039551584,4.0,4,23.008849557522122,True,True,1.0,-2.25,3.5,21.6874875,percentage,False
Erin Andrews,Maksim Chmerkoskiy,Sports Broadcaster,Maine,United States,32,10,3rd Place,3,1,"[7.0, 7.0, 7.0]",21.0,7.0,7.0,7.0,3,0.0,3.0,11,10.047846889952153,False,False,0.2727272727272727,2.0,4.0,,percentage,False
Erin Andrews,Maksim Chmerkoskiy,Sports Broadcaster,Maine,United States,32,10,3rd Place,3,2,"[8.0, 7.0, 8.0]",23.0,7.666666666666667,7.0,8.0,3,0.4714045207910317,3.0,11,10.454545454545453,False,False,0.2727272727272727,3.0,5.0,21.0,percentage,False
Erin Andrews,Maksim Chmerkoskiy,Sports Broadcaster,Maine,United States,32,10,3rd Place,3,3,"[8.0, 7.0, 8.0]",23.0,7.666666666666667,7.0,8.0,3,0.4714045207910317,2.0,10,11.330049261083744,False,False,0.2,2.6999999999999993,3.0,22.0,percentage,False
Erin Andrews,Maksim Chmerkoskiy,Sports Broadcaster,Maine,United States,32,10,3rd Place,3,4,"[6.5, 6.5, 6.5]",19.5,6.5,6.5,6.5,3,0.0,5.0,9,10.512129380053908,False,False,0.5555555555555556,-1.1111111111111107,6.5,22.333333333333332,percentage,False
Erin Andrews,Maksim Chmerkoskiy,Sports Broadcaster,Maine,United States,32,10,3rd Place,3,5,"[7.0, 7.0, 8.0]",22.0,7.333333333333333,7.0,8.0,3,0.4714045207910317,4.0,8,12.716763005780345,False,False,0.5,0.375,7.0,21.625,percentage,False
Erin Andrews,Maksim Chmerkoskiy,Sports Broadcaster,Maine,United States,32,10,3rd Place,3,6,"[12.0, 10.0, 12.0]",34.0,11.333333333333334,10.0,12.0,3,0.9428090415820634,2.0,7,16.267997069846647,False,False,0.2857142857142857,4.142957142857142,1.9998999999999967,21.7,percentage,False
Erin Andrews,Maksim Chmerkoskiy,Sports Broadcaster,Maine,United States,32,10,3rd Place,3,7,"[8.5, 8.5, 8.5]",25.5,8.5,8.5,8.5,3,0.0,4.0,6,16.39871382636656,False,False,0.6666666666666666,-0.41666666666666785,1.5,23.75,percentage,False
Erin Andrews,Maksim Chmerkoskiy,Sports Broadcaster,Maine,United States,32,10,3rd Place,3,8,"[8.5, 9.0, 9.0]",26.5,8.833333333333334,8.5,9.0,3,0.23570226039551584,2.0,5,20.948616600790515,False,False,0.4,1.1999999999999993,3.0,24.0,percentage,False
Erin Andrews,Maksim Chmerkoskiy,Sports Broadcaster,Maine,United States,32,10,3rd Place,3,9,"[9.5, 9.0, 9.5]",28.0,9.333333333333334,9.0,9.5,3,0.23570226039551584,3.0,4,24.778761061946902,False,False,0.75,-0.25,1.5,24.3125,percentage,False
Erin Andrews,Maksim Chmerkoskiy,Sports Broadcaster,Maine,United States,32,10,3rd Place,3,10,"[9.2222, 8.8888, 8.8888]",26.9998,8.999933333333333,8.8888,9.2222,3,0.15716626723173047,2.0,3,32.66123276502368,True,False,0.6666666666666666,-0.5556000000000019,1.777899999999999,24.72222222222222,percentage,False
Evan Lysacek,Anna Trebunskaya,Athlete,Illinois,United States,24,10,2nd Place,2,1,"[8.0, 7.0, 8.0]",23.0,7.666666666666667,7.0,8.0,3,0.4714045207910317,2.0,11,11.004784688995215,False,False,0.18181818181818182,4.0,2.0,,percentage,False
Evan Lysacek,Anna Trebunskaya,Athlete,Illinois,United States,24,10,2nd Place,2,2,"[8.0, 8.0, 8.0]",24.0,8.0,8.0,8.0,3,0.0,2.0,11,10.909090909090908,False,False,0.18181818181818182,4.0,4.0,23.0,percentage,False
Evan Lysacek,Anna Trebunskaya,Athlete,Illinois,United States,24,10,2nd Place,2,3,"[9.0, 8.0, 9.0]",26.0,8.666666666666666,8.0,9.0,3,0.4714045207910317,1.0,10,12.807881773399016,False,False,0.1,5.699999999999999,0.0,23.5,percentage,False
Evan Lysacek,Anna Trebunskaya,Athlete,Illinois,United States,24,10,2nd Place,2,4,"[9.0, 8.0, 9.0]",26.0,8.666666666666666,8.0,9.0,3,0.4714045207910317,1.0,9,14.016172506738545,False,False,0.1111111111111111,5.388888888888889,0.0,24.333333333333332,percentage,False
Evan Lysacek,Anna Trebunskaya,Athlete,Illinois,United States,24,10,2nd Place,2,5,"[9.0, 9.0, 9.0]",27.0,9.0,9.0,9.0,3,0.0,2.0,8,15.606936416184972,False,False,0.25,5.375,2.0,24.75,percentage,False
Evan Lysacek,Anna Trebunskaya,Athlete,Illinois,United States,24,10,2nd Place,2,6,"[9.0, 9.0, 9.0]",27.0,9.0,9.0,9.0,3,0.0,5.0,7,12.918703555466454,False,False,0.7142857142857143,-2.857042857142858,8.999899999999997,25.2,percentage,False
Evan Lysacek,Anna Trebunskaya,Athlete,Illinois,United States,24,10,2nd Place,2,7,"[9.0, 9.0, 9.0]",27.0,9.0,9.0,9.0,3,0.0,1.0,6,17.363344051446948,False,False,0.16666666666666666,1.0833333333333321,0.0,25.5,percentage,False
Evan Lysacek,Anna Trebunskaya,Athlete,Illinois,United States,24,10,2nd Place,2,8,"[9.0, 8.5, 9.0]",26.5,8.833333333333334,8.5,9.0,3,0.23570226039551584,2.0,5,20.948616600790515,False,False,0.4,1.1999999999999993,3.0,25.714285714285715,percentage,False
Evan Lysacek,Anna Trebunskaya,Athlete,Illinois,United States,24,10,2nd Place,2,9,"[10.0, 9.5, 10.0]",29.5,9.833333333333334,9.5,10.0,3,0.23570226039551584,1.0,4,26.10619469026549,False,False,0.25,1.25,0.0,25.8125,percentage,False
Evan Lysacek,Anna Trebunskaya,Athlete,Illinois,United States,24,10,2nd Place,2,10,"[9.3333, 8.7777, 8.7777]",26.888699999999996,8.9629,8.7777,9.3333,3,0.26191235175149724,3.0,3,32.5268368450467,True,False,1.0,-0.6667000000000058,1.889000000000003,26.22222222222222,percentage,False
Jake Pavelka,Chelsie Hightower,TV Personality,Texas,United States,32,10,Eliminated Week 6,7,1,"[7.0, 6.0, 7.0]",20.0,6.666666666666667,6.0,7.0,3,0.4714045207910317,5.0,11,9.569377990430622,False,False,0.45454545454545453,1.0,5.0,,percentage,False
Jake Pavelka,Chelsie Hightower,TV Personality,Texas,United States,32,10,Eliminated Week 6,7,2,"[6.0, 7.0, 7.0]",20.0,6.666666666666667,6.0,7.0,3,0.4714045207910317,6.0,11,9.090909090909092,False,False,0.5454545454545454,0.0,8.0,20.0,percentage,False
Jake Pavelka,Chelsie Hightower,TV Personality,Texas,United States,32,10,Eliminated Week 6,7,3,"[7.0, 7.0, 7.0]",21.0,7.0,7.0,7.0,3,0.0,4.0,10,10.344827586206897,False,False,0.4,0.6999999999999993,5.0,20.0,percentage,False
Jake Pavelka,Chelsie Hightower,TV Personality,Texas,United States,32,10,Eliminated Week 6,7,4,"[6.5, 6.5, 6.0]",19.0,6.333333333333333,6.0,6.5,3,0.23570226039551584,6.0,9,10.242587601078167,False,False,0.6666666666666666,-1.6111111111111107,7.0,20.333333333333332,percentage,False
Jake Pavelka,Chelsie Hightower,TV Personality,Texas,United States,32,10,Eliminated Week 6,7,5,"[8.0, 7.0, 8.0]",23.0,7.666666666666667,7.0,8.0,3,0.4714045207910317,3.0,8,13.294797687861271,False,False,0.375,1.375,6.0,20.0,percentage,False
Jake Pavelka,Chelsie Hightower,TV Personality,Texas,United States,32,10,Eliminated Week 6,7,6,"[8.3333, 8.3333, 8.3333]",24.999899999999997,8.3333,8.3333,8.3333,3,0.0,7.0,7,11.96171470430762,True,True,1.0,-4.857142857142861,11.0,20.6,percentage,False
Kate Gosselin,Tony Dovolani,TV Personality,Pennsylvania,United States,35,10,Eliminated Week 5,8,1,"[6.0, 5.0, 5.0]",16.0,5.333333333333333,5.0,6.0,3,0.4714045207910317,9.0,11,7.655502392344498,False,False,0.8181818181818182,-3.0,9.0,,percentage,False
Kate Gosselin,Tony Dovolani,TV Personality,Pennsylvania,United States,35,10,Eliminated Week 5,8,2,"[5.0, 5.0, 5.0]",15.0,5.0,5.0,5.0,3,0.0,10.0,11,6.8181818181818175,False,False,0.9090909090909091,-5.0,13.0,16.0,percentage,False
Kate Gosselin,Tony Dovolani,TV Personality,Pennsylvania,United States,35,10,Eliminated Week 5,8,3,"[5.0, 5.0, 5.0]",15.0,5.0,5.0,5.0,3,0.0,9.0,10,7.389162561576355,False,False,0.9,-5.300000000000001,11.0,15.5,percentage,False
Kate Gosselin,Tony Dovolani,TV Personality,Pennsylvania,United States,35,10,Eliminated Week 5,8,4,"[5.0, 5.5, 5.5]",16.0,5.333333333333333,5.0,5.5,3,0.23570226039551584,9.0,9,8.62533692722372,False,False,1.0,-4.611111111111111,10.0,15.333333333333334,percentage,False
Kate Gosselin,Tony Dovolani,TV Personality,Pennsylvania,United States,35,10,Eliminated Week 5,8,5,"[5.0, 5.0, 5.0]",15.0,5.0,5.0,5.0,3,0.0,8.0,8,8.670520231213873,True,True,1.0,-6.625,14.0,15.5,percentage,False
Nicole Scherzinger,Derek Hough,Singer/Rapper,Hawaii,United States,31,10,1st Place,1,1,"[9.0, 7.0, 9.0]",25.0,8.333333333333334,7.0,9.0,3,0.9428090415820634,1.0,11,11.961722488038278,False,False,0.09090909090909091,6.0,0.0,,percentage,False
Nicole Scherzinger,Derek Hough,Singer/Rapper,Hawaii,United States,31,10,1st Place,1,2,"[10.0, 8.0, 10.0]",28.0,9.333333333333334,8.0,10.0,3,0.9428090415820634,1.0,11,12.727272727272727,False,False,0.09090909090909091,8.0,0.0,25.0,percentage,False
Nicole Scherzinger,Derek Hough,Singer/Rapper,Hawaii,United States,31,10,1st Place,1,3,"[8.0, 6.0, 9.0]",23.0,7.666666666666667,6.0,9.0,3,1.247219128924647,2.0,10,11.330049261083744,False,False,0.2,2.6999999999999993,3.0,26.5,percentage,False
Nicole Scherzinger,Derek Hough,Singer/Rapper,Hawaii,United States,31,10,1st Place,1,4,"[8.5, 8.0, 8.5]",25.0,8.333333333333334,8.0,8.5,3,0.23570226039551584,2.0,9,13.477088948787062,False,False,0.2222222222222222,4.388888888888889,1.0,25.333333333333332,percentage,False
Nicole Scherzinger,Derek Hough,Singer/Rapper,Hawaii,United States,31,10,1st Place,1,5,"[10.0, 9.0, 10.0]",29.0,9.666666666666666,9.0,10.0,3,0.4714045207910317,1.0,8,16.76300578034682,False,False,0.125,7.375,0.0,25.25,percentage,False
Nicole Scherzinger,Derek Hough,Singer/Rapper,Hawaii,United States,31,10,1st Place,1,6,"[12.3333, 10.3333, 13.3333]",35.9999,11.999966666666666,10.3333,13.3333,3,1.247219128924647,1.0,7,17.224890226905064,False,False,0.14285714285714285,6.142857142857139,0.0,26.0,percentage,False
Nicole Scherzinger,Derek Hough,Singer/Rapper,Hawaii,United States,31,10,1st Place,1,7,"[9.0, 9.0, 9.0]",27.0,9.0,9.0,9.0,3,0.0,1.0,6,17.363344051446948,False,False,0.16666666666666666,1.0833333333333321,0.0,27.66665,percentage,False
Nicole Scherzinger,Derek Hough,Singer/Rapper,Hawaii,United States,31,10,1st Place,1,8,"[10.0, 9.5, 10.0]",29.5,9.833333333333334,9.5,10.0,3,0.23570226039551584,1.0,5,23.3201581027668,False,False,0.2,4.199999999999999,0.0,27.571414285714287,percentage,False
Nicole Scherzinger,Derek Hough,Singer/Rapper,Hawaii,United States,31,10,1st Place,1,9,"[10.0, 9.5, 10.0]",29.5,9.833333333333334,9.5,10.0,3,0.23570226039551584,1.0,4,26.10619469026549,False,False,0.25,1.25,0.0,27.8124875,percentage,False
Nicole Scherzinger,Derek Hough,Singer/Rapper,Hawaii,United States,31,10,1st Place,1,10,"[9.5, 9.5, 9.7777]",28.7777,9.592566666666666,9.5,9.7777,3,0.13090903542366922,1.0,3,34.81193038992962,True,False,0.3333333333333333,1.222299999999997,0.0,27.99998888888889,percentage,False
Niecy Nash,Louis van Amstel,Actor/Actress,California,United States,40,10,Eliminated Week 8,5,1,"[7.0, 5.0, 6.0]",18.0,6.0,5.0,7.0,3,0.816496580927726,6.0,11,8.61244019138756,False,False,0.5454545454545454,-1.0,7.0,,percentage,False
Niecy Nash,Louis van Amstel,Actor/Actress,California,United States,40,10,Eliminated Week 8,5,2,"[7.0, 7.0, 7.0]",21.0,7.0,7.0,7.0,3,0.0,5.0,11,9.545454545454547,False,False,0.45454545454545453,1.0,7.0,18.0,percentage,False
Niecy Nash,Louis van Amstel,Actor/Actress,California,United States,40,10,Eliminated Week 8,5,3,"[7.0, 7.0, 7.0]",21.0,7.0,7.0,7.0,3,0.0,4.0,10,10.344827586206897,False,False,0.4,0.6999999999999993,5.0,19.5,percentage,False
Niecy Nash,Louis van Amstel,Actor/Actress,California,United States,40,10,Eliminated Week 8,5,4,"[6.0, 6.0, 6.0]",18.0,6.0,6.0,6.0,3,0.0,7.0,9,9.703504043126685,False,False,0.7777777777777778,-2.6111111111111107,8.0,20.0,percentage,False
Niecy Nash,Louis van Amstel,Actor/Actress,California,United States,40,10,Eliminated Week 8,5,5,"[6.0, 6.0, 6.0]",18.0,6.0,6.0,6.0,3,0.0,6.0,8,10.404624277456648,False,False,0.75,-3.625,11.0,19.5,percentage,False
Niecy Nash,Louis van Amstel,Actor/Actress,California,United States,40,10,Eliminated Week 8,5,6,"[8.6666, 8.6666, 8.6666]",25.9998,8.6666,8.6666,8.6666,3,0.0,6.0,7,12.44013735931173,False,False,0.8571428571428571,-3.8572428571428574,10.000099999999996,19.2,percentage,False
Niecy Nash,Louis van Amstel,Actor/Actress,California,United States,40,10,Eliminated Week 8,5,7,"[8.5, 8.0, 8.0]",24.5,8.166666666666666,8.0,8.5,3,0.23570226039551584,6.0,6,15.755627009646304,False,False,1.0,-1.4166666666666679,2.5,20.333299999999998,percentage,False
Niecy Nash,Louis van Amstel,Actor/Actress,California,United States,40,10,Eliminated Week 8,5,8,"[7.0, 7.0, 7.5]",21.5,7.166666666666667,7.0,7.5,3,0.23570226039551584,5.0,5,16.99604743083004,True,True,1.0,-3.8000000000000007,8.0,20.928542857142855,percentage,False
Pamela Anderson,Damian Whitewood,Model,Non-US,Canada,42,10,Eliminated Week 7,6,1,"[7.0, 6.0, 8.0]",21.0,7.0,6.0,8.0,3,0.816496580927726,3.0,11,10.047846889952153,False,False,0.2727272727272727,2.0,4.0,,percentage,False
Pamela Anderson,Damian Whitewood,Model,Non-US,Canada,42,10,Eliminated Week 7,6,2,"[7.0, 7.0, 8.0]",22.0,7.333333333333333,7.0,8.0,3,0.4714045207910317,4.0,11,10.0,False,False,0.36363636363636365,2.0,6.0,21.0,percentage,False
Pamela Anderson,Damian Whitewood,Model,Non-US,Canada,42,10,Eliminated Week 7,6,3,"[7.0, 7.0, 7.0]",21.0,7.0,7.0,7.0,3,0.0,4.0,10,10.344827586206897,False,False,0.4,0.6999999999999993,5.0,21.5,percentage,False
Pamela Anderson,Damian Whitewood,Model,Non-US,Canada,42,10,Eliminated Week 7,6,4,"[7.5, 7.5, 8.5]",23.5,7.833333333333333,7.5,8.5,3,0.4714045207910317,3.0,9,12.668463611859837,False,False,0.3333333333333333,2.8888888888888893,2.5,21.333333333333332,percentage,False
Pamela Anderson,Damian Whitewood,Model,Non-US,Canada,42,10,Eliminated Week 7,6,5,"[7.0, 6.0, 8.0]",21.0,7.0,6.0,8.0,3,0.816496580927726,5.0,8,12.138728323699421,False,False,0.625,-0.625,8.0,21.875,percentage,False
Pamela Anderson,Damian Whitewood,Model,Non-US,Canada,42,10,Eliminated Week 7,6,6,"[9.6666, 9.6666, 10.6666]",29.9998,9.999933333333333,9.6666,10.6666,3,0.4714045207910317,4.0,7,14.354019367528984,False,False,0.5714285714285714,0.14275714285714258,6.000099999999996,21.7,percentage,False
Pamela Anderson,Damian Whitewood,Model,Non-US,Canada,42,10,Eliminated Week 7,6,7,"[8.5, 8.5, 8.5]",25.5,8.5,8.5,8.5,3,0.0,4.0,6,16.39871382636656,True,True,0.6666666666666666,-0.41666666666666785,1.5,23.083299999999998,percentage,False
Shannen Doherty,Mark Ballas,Actor/Actress,Tennessee,United States,38,10,Eliminated Week 2,11,1,"[6.0, 6.0, 6.0]",18.0,6.0,6.0,6.0,3,0.0,6.0,11,8.61244019138756,False,False,0.5454545454545454,-1.0,7.0,,percentage,False
Shannen Doherty,Mark Ballas,Actor/Actress,Tennessee,United States,38,10,Eliminated Week 2,11,2,"[7.0, 6.0, 7.0]",20.0,6.666666666666667,6.0,7.0,3,0.4714045207910317,6.0,11,9.090909090909092,True,True,0.5454545454545454,0.0,8.0,18.0,percentage,False
Audrina Patridge,Tony Dovolani,TV Personality,California,United States,25,11,Eliminated Week 6,7,1,"[6.0, 7.0, 6.0]",19.0,6.333333333333333,6.0,7.0,3,0.4714045207910317,5.0,12,8.370044052863436,False,False,0.4166666666666667,0.08333333333333215,5.0,,percentage,False
Audrina Patridge,Tony Dovolani,TV Personality,California,United States,25,11,Eliminated Week 6,7,2,"[8.0, 8.0, 7.0]",23.0,7.666666666666667,7.0,8.0,3,0.4714045207910317,2.0,11,10.407239819004525,False,False,0.18181818181818182,2.90909090909091,1.0,19.0,percentage,False
Audrina Patridge,Tony Dovolani,TV Personality,California,United States,25,11,Eliminated Week 6,7,3,"[8.0, 9.0, 9.0]",26.0,8.666666666666666,8.0,9.0,3,0.4714045207910317,1.0,10,11.76470588235294,False,False,0.1,3.8999999999999986,0.0,21.0,percentage,False
Audrina Patridge,Tony Dovolani,TV Personality,California,United States,25,11,Eliminated Week 6,7,4,"[8.0, 7.5, 7.5]",23.0,7.666666666666667,7.5,8.0,3,0.23570226039551584,3.0,9,12.849162011173185,False,False,0.3333333333333333,3.1111111111111107,5.0,22.666666666666668,percentage,False
Audrina Patridge,Tony Dovolani,TV Personality,California,United States,25,11,Eliminated Week 6,7,5,"[7.0, 8.0, 8.0]",23.0,7.666666666666667,7.0,8.0,3,0.4714045207910317,5.0,8,12.637362637362637,False,False,0.625,0.25,4.0,22.75,percentage,False
Audrina Patridge,Tony Dovolani,TV Personality,California,United States,25,11,Eliminated Week 6,7,6,"[10.6666, 10.6666, 10.6666]",31.9998,10.6666,10.6666,10.6666,3,0.0,2.0,7,15.45889285615942,True,True,0.2857142857142857,2.4284714285714273,4.000099999999996,22.8,percentage,False
Brandy,Maksim Chmerkoskiy,Singer/Rapper,Mississippi,United States,31,11,Eliminated Week 9,4,1,"[7.0, 8.0, 8.0]",23.0,7.666666666666667,7.0,8.0,3,0.4714045207910317,2.0,12,10.13215859030837,False,False,0.16666666666666666,4.083333333333332,1.0,,percentage,False
Brandy,Maksim Chmerkoskiy,Singer/Rapper,Mississippi,United States,31,11,Eliminated Week 9,4,2,"[7.0, 7.0, 7.0]",21.0,7.0,7.0,7.0,3,0.0,5.0,11,9.502262443438914,False,False,0.45454545454545453,0.9090909090909101,3.0,23.0,percentage,False
Brandy,Maksim Chmerkoskiy,Singer/Rapper,Mississippi,United States,31,11,Eliminated Week 9,4,3,"[8.0, 8.0, 8.0]",24.0,8.0,8.0,8.0,3,0.0,2.0,10,10.85972850678733,False,False,0.2,1.8999999999999986,2.0,22.0,percentage,False
Brandy,Maksim Chmerkoskiy,Singer/Rapper,Mississippi,United States,31,11,Eliminated Week 9,4,4,"[8.0, 8.0, 8.0]",24.0,8.0,8.0,8.0,3,0.0,2.0,9,13.40782122905028,False,False,0.2222222222222222,4.111111111111111,4.0,22.666666666666668,percentage,False
Brandy,Maksim Chmerkoskiy,Singer/Rapper,Mississippi,United States,31,11,Eliminated Week 9,4,5,"[9.0, 9.0, 9.0]",27.0,9.0,9.0,9.0,3,0.0,1.0,8,14.835164835164836,False,False,0.125,4.25,0.0,23.0,percentage,False
Brandy,Maksim Chmerkoskiy,Singer/Rapper,Mississippi,United States,31,11,Eliminated Week 9,4,6,"[11.3333, 12.3333, 12.3333]",35.9999,11.999966666666666,11.3333,12.3333,3,0.4714045207910317,1.0,7,17.391314849856983,False,False,0.14285714285714285,6.4285714285714235,0.0,23.8,percentage,False
Brandy,Maksim Chmerkoskiy,Singer/Rapper,Mississippi,United States,31,11,Eliminated Week 9,4,7,"[9.0, 9.0, 9.5, 9.0]",36.5,9.125,9.0,9.5,4,0.21650635094610965,1.0,6,17.505995203836928,False,False,0.16666666666666666,1.75,0.0,25.833316666666665,percentage,False
Brandy,Maksim Chmerkoskiy,Singer/Rapper,Mississippi,United States,31,11,Eliminated Week 9,4,8,"[9.0, 9.5, 10.0]",28.5,9.5,9.0,10.0,3,0.408248290463863,1.0,5,21.50943396226415,False,False,0.2,2.0,0.0,27.35712857142857,percentage,False
Brandy,Maksim Chmerkoskiy,Singer/Rapper,Mississippi,United States,31,11,Eliminated Week 9,4,9,"[9.5, 9.5, 9.5]",28.5,9.5,9.5,9.5,3,0.0,3.0,4,25.0,True,True,0.75,0.0,1.5,27.4999875,percentage,False
Bristol Palin,Mark Ballas,TV Personality,Alaska,United States,19,11,3rd Place,3,1,"[6.0, 6.0, 6.0]",18.0,6.0,6.0,6.0,3,0.0,7.0,12,7.929515418502203,False,False,0.5833333333333334,-0.9166666666666679,6.0,,percentage,True
Bristol Palin,Mark Ballas,TV Personality,Alaska,United States,19,11,3rd Place,3,2,"[7.0, 8.0, 7.0]",22.0,7.333333333333333,7.0,8.0,3,0.4714045207910317,3.0,11,9.95475113122172,False,False,0.2727272727272727,1.90909090909091,2.0,18.0,percentage,True
Bristol Palin,Mark Ballas,TV Personality,Alaska,United States,19,11,3rd Place,3,3,"[6.0, 6.0, 7.0]",19.0,6.333333333333333,6.0,7.0,3,0.4714045207910317,9.0,10,8.597285067873303,False,False,0.9,-3.1000000000000014,7.0,20.0,percentage,True
Bristol Palin,Mark Ballas,TV Personality,Alaska,United States,19,11,3rd Place,3,4,"[5.0, 5.5, 5.5]",16.0,5.333333333333333,5.0,5.5,3,0.23570226039551584,8.0,9,8.938547486033519,False,False,0.8888888888888888,-3.8888888888888893,12.0,19.666666666666668,percentage,True
Bristol Palin,Mark Ballas,TV Personality,Alaska,United States,19,11,3rd Place,3,5,"[6.0, 6.0, 6.0]",18.0,6.0,6.0,6.0,3,0.0,8.0,8,9.89010989010989,False,False,1.0,-4.75,9.0,18.75,percentage,True
Bristol Palin,Mark Ballas,TV Personality,Alaska,United States,19,11,3rd Place,3,6,"[9.6666, 8.6666, 9.6666]",27.9998,9.333266666666667,8.6666,9.6666,3,0.4714045207910317,6.0,7,13.526519171803963,False,False,0.8571428571428571,-1.5715285714285727,8.000099999999996,18.6,percentage,True
Bristol Palin,Mark Ballas,TV Personality,Alaska,United States,19,11,3rd Place,3,7,"[8.5, 8.0, 8.0, 8.0]",32.5,8.125,8.0,8.5,4,0.21650635094610965,6.0,6,15.587529976019185,False,False,1.0,-2.25,4.0,20.166633333333333,percentage,True
Bristol Palin,Mark Ballas,TV Personality,Alaska,United States,19,11,3rd Place,3,8,"[7.5, 8.0, 8.0]",23.5,7.833333333333333,7.5,8.0,3,0.23570226039551584,5.0,5,17.735849056603772,False,False,1.0,-3.0,5.0,21.928542857142855,percentage,True
Bristol Palin,Mark Ballas,TV Personality,Alaska,United States,19,11,3rd Place,3,9,"[8.5, 9.0, 9.0]",26.5,8.833333333333334,8.5,9.0,3,0.23570226039551584,4.0,4,23.24561403508772,False,False,1.0,-2.0,3.5,22.124975,percentage,True
Bristol Palin,Mark Ballas,TV Personality,Alaska,United States,19,11,3rd Place,3,10,"[8.3333, 9.0, 8.3333]",25.666600000000003,8.555533333333335,8.3333,9.0,3,0.31428539401138106,3.0,3,30.923688972744518,True,False,1.0,-1.9999999999999964,4.3333999999999975,22.611088888888887,percentage,True
David Hasselhoff,Kym Johnson,Actor/Actress,Maryland,United States,58,11,Eliminated Week 1,12,1,"[5.0, 5.0, 5.0]",15.0,5.0,5.0,5.0,3,0.0,10.0,12,6.607929515418502,True,True,0.8333333333333334,-3.916666666666668,9.0,,percentage,False
Florence Henderson,Corky Ballas,Actor/Actress,Indiana,United States,76,11,Eliminated Week 5,8,1,"[6.0, 6.0, 6.0]",18.0,6.0,6.0,6.0,3,0.0,7.0,12,7.929515418502203,False,False,0.5833333333333334,-0.9166666666666679,6.0,,percentage,False
Florence Henderson,Corky Ballas,Actor/Actress,Indiana,United States,76,11,Eliminated Week 5,8,2,"[7.0, 6.0, 6.0]",19.0,6.333333333333333,6.0,7.0,3,0.4714045207910317,8.0,11,8.597285067873303,False,False,0.7272727272727273,-1.09090909090909,5.0,18.0,percentage,False
Florence Henderson,Corky Ballas,Actor/Actress,Indiana,United States,76,11,Eliminated Week 5,8,3,"[7.0, 6.0, 7.0]",20.0,6.666666666666667,6.0,7.0,3,0.4714045207910317,7.0,10,9.049773755656108,False,False,0.7,-2.1000000000000014,6.0,18.5,percentage,False
Florence Henderson,Corky Ballas,Actor/Actress,Indiana,United States,76,11,Eliminated Week 5,8,4,"[6.0, 6.0, 5.5]",17.5,5.833333333333333,5.5,6.0,3,0.23570226039551584,6.0,9,9.776536312849162,False,False,0.6666666666666666,-2.3888888888888893,10.5,19.0,percentage,False
Florence Henderson,Corky Ballas,Actor/Actress,Indiana,United States,76,11,Eliminated Week 5,8,5,"[7.0, 7.0, 7.0]",21.0,7.0,7.0,7.0,3,0.0,6.0,8,11.538461538461538,True,True,0.75,-1.75,6.0,18.625,percentage,False
Jennifer Grey,Derek Hough,Actor/Actress,New York,United States,50,11,1st Place,1,1,"[8.0, 8.0, 8.0]",24.0,8.0,8.0,8.0,3,0.0,1.0,12,10.572687224669604,False,False,0.08333333333333333,5.083333333333332,0.0,,percentage,False
Jennifer Grey,Derek Hough,Actor/Actress,New York,United States,50,11,1st Place,1,2,"[8.0, 8.0, 8.0]",24.0,8.0,8.0,8.0,3,0.0,1.0,11,10.85972850678733,False,False,0.09090909090909091,3.90909090909091,0.0,24.0,percentage,False
Jennifer Grey,Derek Hough,Actor/Actress,New York,United States,50,11,1st Place,1,3,"[8.0, 8.0, 8.0]",24.0,8.0,8.0,8.0,3,0.0,2.0,10,10.85972850678733,False,False,0.2,1.8999999999999986,2.0,24.0,percentage,False
Jennifer Grey,Derek Hough,Actor/Actress,New York,United States,50,11,1st Place,1,4,"[9.5, 9.0, 9.5]",28.0,9.333333333333334,9.0,9.5,3,0.23570226039551584,1.0,9,15.64245810055866,False,False,0.1111111111111111,8.11111111111111,0.0,24.0,percentage,False
Jennifer Grey,Derek Hough,Actor/Actress,New York,United States,50,11,1st Place,1,5,"[8.0, 8.0, 9.0]",25.0,8.333333333333334,8.0,9.0,3,0.4714045207910317,2.0,8,13.736263736263737,False,False,0.25,2.25,2.0,25.0,percentage,False
Jennifer Grey,Derek Hough,Actor/Actress,New York,United States,50,11,1st Place,1,6,"[9.0, 10.0, 10.0]",29.0,9.666666666666666,9.0,10.0,3,0.4714045207910317,5.0,7,14.009709211577045,False,False,0.7142857142857143,-0.5713285714285732,6.999899999999997,25.0,percentage,False
Jennifer Grey,Derek Hough,Actor/Actress,New York,United States,50,11,1st Place,1,7,"[9.5, 9.0, 9.0, 9.0]",36.5,9.125,9.0,9.5,4,0.21650635094610965,1.0,6,17.505995203836928,False,False,0.16666666666666666,1.75,0.0,25.666666666666668,percentage,False
Jennifer Grey,Derek Hough,Actor/Actress,New York,United States,50,11,1st Place,1,8,"[9.5, 9.5, 9.5]",28.5,9.5,9.5,9.5,3,0.0,1.0,5,21.50943396226415,False,False,0.2,2.0,0.0,27.214285714285715,percentage,False
Jennifer Grey,Derek Hough,Actor/Actress,New York,United States,50,11,1st Place,1,9,"[10.0, 10.0, 10.0]",30.0,10.0,10.0,10.0,3,0.0,1.0,4,26.31578947368421,False,False,0.25,1.5,0.0,27.375,percentage,False
Jennifer Grey,Derek Hough,Actor/Actress,New York,United States,50,11,1st Place,1,10,"[10.0, 10.0, 10.0]",30.0,10.0,10.0,10.0,3,0.0,1.0,3,36.14466540883232,True,False,0.3333333333333333,2.333400000000001,0.0,27.666666666666668,percentage,False
Kurt Warner,Anna Trebunskaya,Athlete,Iowa,United States,39,11,Eliminated Week 8,5,1,"[7.0, 5.0, 7.0]",19.0,6.333333333333333,5.0,7.0,3,0.9428090415820634,5.0,12,8.370044052863436,False,False,0.4166666666666667,0.08333333333333215,5.0,,percentage,False
Kurt Warner,Anna Trebunskaya,Athlete,Iowa,United States,39,11,Eliminated Week 8,5,2,"[7.0, 7.0, 7.0]",21.0,7.0,7.0,7.0,3,0.0,5.0,11,9.502262443438914,False,False,0.45454545454545453,0.9090909090909101,3.0,19.0,percentage,False
Kurt Warner,Anna Trebunskaya,Athlete,Iowa,United States,39,11,Eliminated Week 8,5,3,"[8.0, 8.0, 7.0]",23.0,7.666666666666667,7.0,8.0,3,0.4714045207910317,5.0,10,10.407239819004525,False,False,0.5,0.8999999999999986,3.0,20.0,percentage,False
Kurt Warner,Anna Trebunskaya,Athlete,Iowa,United States,39,11,Eliminated Week 8,5,4,"[6.0, 5.5, 5.5]",17.0,5.666666666666667,5.5,6.0,3,0.23570226039551584,7.0,9,9.497206703910614,False,False,0.7777777777777778,-2.8888888888888893,11.0,21.0,percentage,False
Kurt Warner,Anna Trebunskaya,Athlete,Iowa,United States,39,11,Eliminated Week 8,5,5,"[8.0, 8.0, 8.0]",24.0,8.0,8.0,8.0,3,0.0,3.0,8,13.186813186813188,False,False,0.375,1.25,3.0,20.0,percentage,False
Kurt Warner,Anna Trebunskaya,Athlete,Iowa,United States,39,11,Eliminated Week 8,5,6,"[7.3333, 7.3333, 7.3333]",21.9999,7.3333,7.3333,7.3333,3,0.0,7.0,7,10.628006954612891,False,False,1.0,-7.571428571428573,13.999999999999996,20.8,percentage,False
Kurt Warner,Anna Trebunskaya,Athlete,Iowa,United States,39,11,Eliminated Week 8,5,7,"[9.5, 8.5, 8.5, 8.5]",35.0,8.75,8.5,9.5,4,0.4330127018922193,3.0,6,16.786570743405278,False,False,0.5,0.25,1.5,20.999983333333333,percentage,False
Kurt Warner,Anna Trebunskaya,Athlete,Iowa,United States,39,11,Eliminated Week 8,5,8,"[8.0, 8.0, 8.0]",24.0,8.0,8.0,8.0,3,0.0,4.0,5,18.11320754716981,True,True,0.8,-2.5,4.5,22.999985714285714,percentage,False
Kyle Massey,Lacey Schwimmer,Actor/Actress,Georgia,United States,19,11,2nd Place,2,1,"[8.0, 7.0, 8.0]",23.0,7.666666666666667,7.0,8.0,3,0.4714045207910317,2.0,12,10.13215859030837,False,False,0.16666666666666666,4.083333333333332,1.0,,percentage,False
Kyle Massey,Lacey Schwimmer,Actor/Actress,Georgia,United States,19,11,2nd Place,2,2,"[8.0, 7.0, 7.0]",22.0,7.333333333333333,7.0,8.0,3,0.4714045207910317,3.0,11,9.95475113122172,False,False,0.2727272727272727,1.90909090909091,2.0,23.0,percentage,False
Kyle Massey,Lacey Schwimmer,Actor/Actress,Georgia,United States,19,11,2nd Place,2,3,"[8.0, 7.0, 8.0]",23.0,7.666666666666667,7.0,8.0,3,0.4714045207910317,5.0,10,10.407239819004525,False,False,0.5,0.8999999999999986,3.0,22.5,percentage,False
Kyle Massey,Lacey Schwimmer,Actor/Actress,Georgia,United States,19,11,2nd Place,2,4,"[7.0, 6.5, 6.5]",20.0,6.666666666666667,6.5,7.0,3,0.23570226039551584,4.0,9,11.1731843575419,False,False,0.4444444444444444,0.11111111111111072,8.0,22.666666666666668,percentage,False
Kyle Massey,Lacey Schwimmer,Actor/Actress,Georgia,United States,19,11,2nd Place,2,5,"[8.0, 5.0, 7.0]",20.0,6.666666666666667,5.0,8.0,3,1.247219128924647,7.0,8,10.989010989010989,False,False,0.875,-2.75,7.0,22.0,percentage,False
Kyle Massey,Lacey Schwimmer,Actor/Actress,Georgia,United States,19,11,2nd Place,2,6,"[10.3333, 9.3333, 10.3333]",29.999899999999997,9.999966666666666,9.3333,10.3333,3,0.4714045207910317,4.0,7,14.492754323323798,False,False,0.5714285714285714,0.4285714285714235,6.0,21.6,percentage,False
Kyle Massey,Lacey Schwimmer,Actor/Actress,Georgia,United States,19,11,2nd Place,2,7,"[9.0, 8.5, 8.0, 8.0]",33.5,8.375,8.0,9.0,4,0.414578098794425,5.0,6,16.06714628297362,False,False,0.8333333333333334,-1.25,3.0,22.999983333333333,percentage,False
Kyle Massey,Lacey Schwimmer,Actor/Actress,Georgia,United States,19,11,2nd Place,2,8,"[9.5, 9.0, 9.5]",28.0,9.333333333333334,9.0,9.5,3,0.23570226039551584,3.0,5,21.132075471698116,False,False,0.6,1.5,0.5,24.499985714285714,percentage,False
Kyle Massey,Lacey Schwimmer,Actor/Actress,Georgia,United States,19,11,2nd Place,2,9,"[10.0, 9.0, 10.0]",29.0,9.666666666666666,9.0,10.0,3,0.4714045207910317,2.0,4,25.438596491228072,False,False,0.5,0.5,1.0,24.9374875,percentage,False
Kyle Massey,Lacey Schwimmer,Actor/Actress,Georgia,United States,19,11,2nd Place,2,10,"[9.3333, 8.6666, 9.3333]",27.333199999999998,9.111066666666666,8.6666,9.3333,3,0.3142853940113802,2.0,3,32.931645618423175,True,False,0.6666666666666666,-0.33340000000000103,2.666800000000002,25.38887777777778,percentage,False
Margaret Cho,Louis van Amstel,Comedian,California,United States,41,11,Eliminated Week 3,10,1,"[5.0, 5.0, 5.0]",15.0,5.0,5.0,5.0,3,0.0,10.0,12,6.607929515418502,False,False,0.8333333333333334,-3.916666666666668,9.0,,percentage,False
Margaret Cho,Louis van Amstel,Comedian,California,United States,41,11,Eliminated Week 3,10,2,"[6.0, 6.0, 6.0]",18.0,6.0,6.0,6.0,3,0.0,9.0,11,8.144796380090497,False,False,0.8181818181818182,-2.09090909090909,6.0,15.0,percentage,False
Margaret Cho,Louis van Amstel,Comedian,California,United States,41,11,Eliminated Week 3,10,3,"[6.0, 6.0, 6.0]",18.0,6.0,6.0,6.0,3,0.0,10.0,10,8.144796380090497,True,True,1.0,-4.100000000000001,8.0,16.5,percentage,False
Michael Bolton,Chelsie Hightower,Singer/Rapper,Connecticut,United States,57,11,Eliminated Week 2,11,1,"[6.0, 5.0, 5.0]",16.0,5.333333333333333,5.0,6.0,3,0.4714045207910317,9.0,12,7.048458149779736,False,False,0.75,-2.916666666666668,8.0,,percentage,False
Michael Bolton,Chelsie Hightower,Singer/Rapper,Connecticut,United States,57,11,Eliminated Week 2,11,2,"[4.0, 5.0, 3.0]",12.0,4.0,3.0,5.0,3,0.816496580927726,11.0,11,5.429864253393665,True,True,1.0,-8.09090909090909,12.0,16.0,percentage,False
Rick Fox,Cheryl Burke,Athlete,Non-US,Canada,41,11,Eliminated Week 7,6,1,"[8.0, 7.0, 7.0]",22.0,7.333333333333333,7.0,8.0,3,0.4714045207910317,4.0,12,9.691629955947137,False,False,0.3333333333333333,3.083333333333332,2.0,,percentage,False
Rick Fox,Cheryl Burke,Athlete,Non-US,Canada,41,11,Eliminated Week 7,6,2,"[7.0, 7.0, 7.0]",21.0,7.0,7.0,7.0,3,0.0,5.0,11,9.502262443438914,False,False,0.45454545454545453,0.9090909090909101,3.0,22.0,percentage,False
Rick Fox,Cheryl Burke,Athlete,Non-US,Canada,41,11,Eliminated Week 7,6,3,"[8.0, 8.0, 8.0]",24.0,8.0,8.0,8.0,3,0.0,2.0,10,10.85972850678733,False,False,0.2,1.8999999999999986,2.0,21.5,percentage,False
Rick Fox,Cheryl Burke,Athlete,Non-US,Canada,41,11,Eliminated Week 7,6,4,"[6.0, 7.0, 6.5]",19.5,6.5,6.0,7.0,3,0.408248290463863,5.0,9,10.893854748603351,False,False,0.5555555555555556,-0.3888888888888893,8.5,22.333333333333332,percentage,False
Rick Fox,Cheryl Burke,Athlete,Non-US,Canada,41,11,Eliminated Week 7,6,5,"[8.0, 8.0, 8.0]",24.0,8.0,8.0,8.0,3,0.0,3.0,8,13.186813186813188,False,False,0.375,1.25,3.0,21.625,percentage,False
Rick Fox,Cheryl Burke,Athlete,Non-US,Canada,41,11,Eliminated Week 7,6,6,"[10.0, 10.0, 10.0]",30.0,10.0,10.0,10.0,3,0.0,3.0,7,14.49280263266591,False,False,0.42857142857142855,0.4286714285714268,5.999899999999997,22.1,percentage,False
Rick Fox,Cheryl Burke,Athlete,Non-US,Canada,41,11,Eliminated Week 7,6,7,"[9.0, 8.5, 8.5, 8.5]",34.5,8.625,8.5,9.0,4,0.21650635094610965,4.0,6,16.546762589928058,True,True,0.6666666666666666,-0.25,2.0,23.416666666666668,percentage,False
The Situation,Karina Smirnoff,TV Personality,New York,United States,28,11,Eliminated Week 4,9,1,"[5.0, 5.0, 5.0]",15.0,5.0,5.0,5.0,3,0.0,10.0,12,6.607929515418502,False,False,0.8333333333333334,-3.916666666666668,9.0,,percentage,False
The Situation,Karina Smirnoff,TV Personality,New York,United States,28,11,Eliminated Week 4,9,2,"[6.0, 6.0, 6.0]",18.0,6.0,6.0,6.0,3,0.0,9.0,11,8.144796380090497,False,False,0.8181818181818182,-2.09090909090909,6.0,15.0,percentage,False
The Situation,Karina Smirnoff,TV Personality,New York,United States,28,11,Eliminated Week 4,9,3,"[7.0, 6.0, 7.0]",20.0,6.666666666666667,6.0,7.0,3,0.4714045207910317,7.0,10,9.049773755656108,False,False,0.7,-2.1000000000000014,6.0,16.5,percentage,False
The Situation,Karina Smirnoff,TV Personality,New York,United States,28,11,Eliminated Week 4,9,4,"[5.0, 4.5, 4.5]",14.0,4.666666666666667,4.5,5.0,3,0.23570226039551584,9.0,9,7.82122905027933,True,True,1.0,-5.888888888888889,14.0,17.666666666666668,percentage,False
Chelsea Kane,Mark Ballas,Actor/Actress,Arizona,United States,22,12,3rd Place,3,1,"[7.0, 7.0, 7.0]",21.0,7.0,7.0,7.0,3,0.0,3.0,11,10.144927536231885,False,False,0.2727272727272727,2.1818181818181834,3.0,,percentage,False
Chelsea Kane,Mark Ballas,Actor/Actress,Arizona,United States,22,12,3rd Place,3,2,"[6.0, 5.0, 7.0]",18.0,6.0,5.0,7.0,3,0.816496580927726,7.0,11,8.333333333333332,False,False,0.6363636363636364,-1.6363636363636367,5.0,21.0,percentage,False
Chelsea Kane,Mark Ballas,Actor/Actress,Arizona,United States,22,12,3rd Place,3,3,"[7.0, 8.0, 8.0]",23.0,7.666666666666667,7.0,8.0,3,0.4714045207910317,3.0,10,10.74766355140187,False,False,0.3,1.6000000000000014,2.0,19.5,percentage,False
Chelsea Kane,Mark Ballas,Actor/Actress,Arizona,United States,22,12,3rd Place,3,4,"[9.0, 8.0, 9.0]",26.0,8.666666666666666,8.0,9.0,3,0.4714045207910317,1.0,9,12.62135922330097,False,False,0.1111111111111111,3.1111111111111107,0.0,20.666666666666668,percentage,False
Chelsea Kane,Mark Ballas,Actor/Actress,Arizona,United States,22,12,3rd Place,3,5,"[9.0, 8.0, 9.0]",26.0,8.666666666666666,8.0,9.0,3,0.4714045207910317,2.0,8,13.402061855670103,False,False,0.25,1.75,1.0,22.0,percentage,False
Chelsea Kane,Mark Ballas,Actor/Actress,Arizona,United States,22,12,3rd Place,3,6,"[10.0, 9.0, 9.0]",28.0,9.333333333333334,9.0,10.0,3,0.4714045207910317,1.0,7,15.555555555555555,False,False,0.14285714285714285,2.2857142857142847,0.0,22.8,percentage,False
Chelsea Kane,Mark Ballas,Actor/Actress,Arizona,United States,22,12,3rd Place,3,7,"[8.0, 8.5, 7.5, 8.0]",32.0,8.0,7.5,8.5,4,0.3535533905932738,3.0,6,16.976127320954905,False,False,0.5,0.5833333333333321,1.0,23.666666666666668,percentage,False
Chelsea Kane,Mark Ballas,Actor/Actress,Arizona,United States,22,12,3rd Place,3,8,"[9.0, 9.0, 9.5]",27.5,9.166666666666666,9.0,9.5,3,0.23570226039551584,1.0,5,21.153846153846153,False,False,0.2,1.5,0.0,24.857142857142858,percentage,False
Chelsea Kane,Mark Ballas,Actor/Actress,Arizona,United States,22,12,3rd Place,3,9,"[12.0, 12.0, 12.5]",36.5,12.166666666666666,12.0,12.5,3,0.23570226039551584,1.0,4,31.06382978723404,False,False,0.25,7.125,0.0,25.1875,percentage,False
Chelsea Kane,Mark Ballas,Actor/Actress,Arizona,United States,22,12,3rd Place,3,10,"[10.0, 9.6666, 10.0]",29.666600000000003,9.888866666666667,9.6666,10.0,3,0.1571662672317296,1.0,3,33.969480071129965,True,False,0.3333333333333333,0.5555666666666674,0.0,26.444444444444443,percentage,False
Chris Jericho,Cheryl Burke,Athlete,New York,United States,40,12,Eliminated Week 6,7,1,"[7.0, 6.0, 6.0]",19.0,6.333333333333333,6.0,7.0,3,0.4714045207910317,5.0,11,9.178743961352657,False,False,0.45454545454545453,0.18181818181818343,5.0,,percentage,False
Chris Jericho,Cheryl Burke,Athlete,New York,United States,40,12,Eliminated Week 6,7,2,"[8.0, 7.0, 8.0]",23.0,7.666666666666667,7.0,8.0,3,0.4714045207910317,1.0,11,10.648148148148149,False,False,0.09090909090909091,3.3636363636363633,0.0,19.0,percentage,False
Chris Jericho,Cheryl Burke,Athlete,New York,United States,40,12,Eliminated Week 6,7,3,"[7.0, 7.0, 7.0]",21.0,7.0,7.0,7.0,3,0.0,5.0,10,9.813084112149532,False,False,0.5,-0.3999999999999986,4.0,21.0,percentage,False
Chris Jericho,Cheryl Burke,Athlete,New York,United States,40,12,Eliminated Week 6,7,4,"[8.0, 7.0, 8.0]",23.0,7.666666666666667,7.0,8.0,3,0.4714045207910317,4.0,9,11.165048543689322,False,False,0.4444444444444444,0.11111111111111072,3.0,21.0,percentage,False
Chris Jericho,Cheryl Burke,Athlete,New York,United States,40,12,Eliminated Week 6,7,5,"[9.0, 8.0, 9.0]",26.0,8.666666666666666,8.0,9.0,3,0.4714045207910317,2.0,8,13.402061855670103,False,False,0.25,1.75,1.0,21.5,percentage,False
Chris Jericho,Cheryl Burke,Athlete,New York,United States,40,12,Eliminated Week 6,7,6,"[7.0, 8.0, 7.0]",22.0,7.333333333333333,7.0,8.0,3,0.4714045207910317,7.0,7,12.222222222222221,True,True,1.0,-3.7142857142857153,6.0,22.4,percentage,False
Hines Ward,Kym Johnson,Athlete,Non-US,South Korea,35,12,1st Place,1,1,"[7.0, 7.0, 7.0]",21.0,7.0,7.0,7.0,3,0.0,3.0,11,10.144927536231885,False,False,0.2727272727272727,2.1818181818181834,3.0,,percentage,False
Hines Ward,Kym Johnson,Athlete,Non-US,South Korea,35,12,1st Place,1,2,"[8.0, 7.0, 8.0]",23.0,7.666666666666667,7.0,8.0,3,0.4714045207910317,1.0,11,10.648148148148149,False,False,0.09090909090909091,3.3636363636363633,0.0,21.0,percentage,False
Hines Ward,Kym Johnson,Athlete,Non-US,South Korea,35,12,1st Place,1,3,"[9.0, 8.0, 8.0]",25.0,8.333333333333334,8.0,9.0,3,0.4714045207910317,1.0,10,11.682242990654206,False,False,0.1,3.6000000000000014,0.0,22.0,percentage,False
Hines Ward,Kym Johnson,Athlete,Non-US,South Korea,35,12,1st Place,1,4,"[9.0, 8.0, 8.0]",25.0,8.333333333333334,8.0,9.0,3,0.4714045207910317,2.0,9,12.135922330097088,False,False,0.2222222222222222,2.1111111111111107,1.0,23.0,percentage,False
Hines Ward,Kym Johnson,Athlete,Non-US,South Korea,35,12,1st Place,1,5,"[9.0, 9.0, 9.0]",27.0,9.0,9.0,9.0,3,0.0,1.0,8,13.917525773195877,False,False,0.125,2.75,0.0,23.5,percentage,False
Hines Ward,Kym Johnson,Athlete,Non-US,South Korea,35,12,1st Place,1,6,"[9.0, 9.0, 9.0]",27.0,9.0,9.0,9.0,3,0.0,3.0,7,15.0,False,False,0.42857142857142855,1.2857142857142847,1.0,24.2,percentage,False
Hines Ward,Kym Johnson,Athlete,Non-US,South Korea,35,12,1st Place,1,7,"[8.0, 8.0, 8.0, 9.0]",33.0,8.25,8.0,9.0,4,0.4330127018922193,1.0,6,17.50663129973475,False,False,0.16666666666666666,1.5833333333333321,0.0,24.666666666666668,percentage,False
Hines Ward,Kym Johnson,Athlete,Non-US,South Korea,35,12,1st Place,1,8,"[9.0, 9.0, 9.0]",27.0,9.0,9.0,9.0,3,0.0,2.0,5,20.76923076923077,False,False,0.4,1.0,0.5,25.857142857142858,percentage,False
Hines Ward,Kym Johnson,Athlete,Non-US,South Korea,35,12,1st Place,1,9,"[10.0, 10.0, 10.0]",30.0,10.0,10.0,10.0,3,0.0,2.0,4,25.53191489361702,False,False,0.5,0.625,6.5,26.0,percentage,False
Hines Ward,Kym Johnson,Athlete,Non-US,South Korea,35,12,1st Place,1,10,"[10.0, 9.6666, 10.0]",29.666600000000003,9.888866666666667,9.6666,10.0,3,0.1571662672317296,1.0,3,33.969480071129965,True,False,0.3333333333333333,0.5555666666666674,0.0,26.444444444444443,percentage,False
Kendra Wilkinson,Louis van Amstel,TV Personality,California,United States,25,12,Eliminated Week 7,6,1,"[6.0, 6.0, 6.0]",18.0,6.0,6.0,6.0,3,0.0,7.0,11,8.695652173913043,False,False,0.6363636363636364,-0.8181818181818166,6.0,,percentage,False
Kendra Wilkinson,Louis van Amstel,TV Personality,California,United States,25,12,Eliminated Week 7,6,2,"[7.0, 6.0, 6.0]",19.0,6.333333333333333,6.0,7.0,3,0.4714045207910317,6.0,11,8.796296296296296,False,False,0.5454545454545454,-0.6363636363636367,4.0,18.0,percentage,False
Kendra Wilkinson,Louis van Amstel,TV Personality,California,United States,25,12,Eliminated Week 7,6,3,"[8.0, 7.0, 8.0]",23.0,7.666666666666667,7.0,8.0,3,0.4714045207910317,3.0,10,10.74766355140187,False,False,0.3,1.6000000000000014,2.0,18.5,percentage,False
Kendra Wilkinson,Louis van Amstel,TV Personality,California,United States,25,12,Eliminated Week 7,6,4,"[6.0, 6.0, 6.0]",18.0,6.0,6.0,6.0,3,0.0,9.0,9,8.737864077669903,False,False,1.0,-4.888888888888889,8.0,20.0,percentage,False
Kendra Wilkinson,Louis van Amstel,TV Personality,California,United States,25,12,Eliminated Week 7,6,5,"[8.0, 7.0, 7.0]",22.0,7.333333333333333,7.0,8.0,3,0.4714045207910317,6.0,8,11.34020618556701,False,False,0.75,-2.25,5.0,19.5,percentage,False
Kendra Wilkinson,Louis van Amstel,TV Personality,California,United States,25,12,Eliminated Week 7,6,6,"[8.0, 8.0, 9.0]",25.0,8.333333333333334,8.0,9.0,3,0.4714045207910317,5.0,7,13.88888888888889,False,False,0.7142857142857143,-0.7142857142857153,3.0,20.0,percentage,False
Kendra Wilkinson,Louis van Amstel,TV Personality,California,United States,25,12,Eliminated Week 7,6,7,"[7.5, 7.5, 7.5, 8.0]",30.5,7.625,7.5,8.0,4,0.21650635094610965,4.0,6,16.180371352785148,True,True,0.6666666666666666,-0.9166666666666679,2.5,20.833333333333332,percentage,False
Kirstie Alley,Maksim Chmerkoskiy,Actor/Actress,Kansas,United States,60,12,2nd Place,2,1,"[8.0, 7.0, 8.0]",23.0,7.666666666666667,7.0,8.0,3,0.4714045207910317,2.0,11,11.11111111111111,False,False,0.18181818181818182,4.181818181818183,1.0,,percentage,False
Kirstie Alley,Maksim Chmerkoskiy,Actor/Actress,Kansas,United States,60,12,2nd Place,2,2,"[7.0, 6.0, 7.0]",20.0,6.666666666666667,6.0,7.0,3,0.4714045207910317,5.0,11,9.25925925925926,False,False,0.45454545454545453,0.3636363636363633,3.0,23.0,percentage,False
Kirstie Alley,Maksim Chmerkoskiy,Actor/Actress,Kansas,United States,60,12,2nd Place,2,3,"[7.0, 7.0, 7.0]",21.0,7.0,7.0,7.0,3,0.0,5.0,10,9.813084112149532,False,False,0.5,-0.3999999999999986,4.0,21.5,percentage,False
Kirstie Alley,Maksim Chmerkoskiy,Actor/Actress,Kansas,United States,60,12,2nd Place,2,4,"[7.0, 7.0, 8.0]",22.0,7.333333333333333,7.0,8.0,3,0.4714045207910317,7.0,9,10.679611650485436,False,False,0.7777777777777778,-0.8888888888888893,4.0,21.333333333333332,percentage,False
Kirstie Alley,Maksim Chmerkoskiy,Actor/Actress,Kansas,United States,60,12,2nd Place,2,5,"[8.0, 7.0, 8.0]",23.0,7.666666666666667,7.0,8.0,3,0.4714045207910317,5.0,8,11.855670103092782,False,False,0.625,-1.25,4.0,21.5,percentage,False
Kirstie Alley,Maksim Chmerkoskiy,Actor/Actress,Kansas,United States,60,12,2nd Place,2,6,"[8.0, 9.0, 9.0]",26.0,8.666666666666666,8.0,9.0,3,0.4714045207910317,4.0,7,14.444444444444443,False,False,0.5714285714285714,0.2857142857142847,2.0,21.8,percentage,False
Kirstie Alley,Maksim Chmerkoskiy,Actor/Actress,Kansas,United States,60,12,2nd Place,2,7,"[8.0, 7.0, 7.0, 8.0]",30.0,7.5,7.0,8.0,4,0.5,5.0,6,15.915119363395224,False,False,0.8333333333333334,-1.4166666666666679,3.0,22.5,percentage,False
Kirstie Alley,Maksim Chmerkoskiy,Actor/Actress,Kansas,United States,60,12,2nd Place,2,8,"[8.5, 9.0, 9.0]",26.5,8.833333333333334,8.5,9.0,3,0.23570226039551584,3.0,5,20.384615384615383,False,False,0.6,0.5,1.0,23.571428571428573,percentage,False
Kirstie Alley,Maksim Chmerkoskiy,Actor/Actress,Kansas,United States,60,12,2nd Place,2,9,"[9.0, 9.0, 9.0]",27.0,9.0,9.0,9.0,3,0.0,3.0,4,22.97872340425532,False,False,0.75,-2.375,9.5,23.9375,percentage,False
Kirstie Alley,Maksim Chmerkoskiy,Actor/Actress,Kansas,United States,60,12,2nd Place,2,10,"[9.3333, 9.3333, 9.3333]",27.999899999999997,9.3333,9.3333,9.3333,3,0.0,3.0,3,32.06103985774008,True,False,1.0,-1.1111333333333384,1.6667000000000058,24.27777777777778,percentage,False
Mike Catherwood,Lacey Schwimmer,Radio Personality,California,United States,32,12,Eliminated Week 2,11,1,"[5.0, 4.0, 4.0]",13.0,4.333333333333333,4.0,5.0,3,0.4714045207910317,11.0,11,6.280193236714976,False,False,1.0,-5.818181818181817,11.0,,percentage,False
Mike Catherwood,Lacey Schwimmer,Radio Personality,California,United States,32,12,Eliminated Week 2,11,2,"[6.0, 5.0, 6.0]",17.0,5.666666666666667,5.0,6.0,3,0.4714045207910317,9.0,11,7.87037037037037,True,True,0.8181818181818182,-2.6363636363636367,6.0,13.0,percentage,False
Petra Nemcova,Dmitry Chaplin,Model,Non-US,Czechoslovakia,31,12,Eliminated Week 5,8,1,"[6.0, 6.0, 6.0]",18.0,6.0,6.0,6.0,3,0.0,7.0,11,8.695652173913043,False,False,0.6363636363636364,-0.8181818181818166,6.0,,percentage,False
Petra Nemcova,Dmitry Chaplin,Model,Non-US,Czechoslovakia,31,12,Eliminated Week 5,8,2,"[6.0, 6.0, 6.0]",18.0,6.0,6.0,6.0,3,0.0,7.0,11,8.333333333333332,False,False,0.6363636363636364,-1.6363636363636367,5.0,18.0,percentage,False
Petra Nemcova,Dmitry Chaplin,Model,Non-US,Czechoslovakia,31,12,Eliminated Week 5,8,3,"[8.0, 9.0, 8.0]",25.0,8.333333333333334,8.0,9.0,3,0.4714045207910317,1.0,10,11.682242990654206,False,False,0.1,3.6000000000000014,0.0,18.0,percentage,False
Petra Nemcova,Dmitry Chaplin,Model,Non-US,Czechoslovakia,31,12,Eliminated Week 5,8,4,"[8.0, 7.0, 8.0]",23.0,7.666666666666667,7.0,8.0,3,0.4714045207910317,4.0,9,11.165048543689322,False,False,0.4444444444444444,0.11111111111111072,3.0,20.333333333333332,percentage,False
Petra Nemcova,Dmitry Chaplin,Model,Non-US,Czechoslovakia,31,12,Eliminated Week 5,8,5,"[7.0, 7.0, 8.0]",22.0,7.333333333333333,7.0,8.0,3,0.4714045207910317,6.0,8,11.34020618556701,True,True,0.75,-2.25,5.0,21.0,percentage,False
Ralph Macchio,Karina Smirnoff,Actor/Actress,New York,United States,49,12,Eliminated Week 9,4,1,"[8.0, 8.0, 8.0]",24.0,8.0,8.0,8.0,3,0.0,1.0,11,11.594202898550725,False,False,0.09090909090909091,5.181818181818183,0.0,,percentage,False
Ralph Macchio,Karina Smirnoff,Actor/Actress,New York,United States,49,12,Eliminated Week 9,4,2,"[7.0, 7.0, 7.0]",21.0,7.0,7.0,7.0,3,0.0,4.0,11,9.722222222222223,False,False,0.36363636363636365,1.3636363636363633,2.0,24.0,percentage,False
Ralph Macchio,Karina Smirnoff,Actor/Actress,New York,United States,49,12,Eliminated Week 9,4,3,"[7.0, 7.0, 7.0]",21.0,7.0,7.0,7.0,3,0.0,5.0,10,9.813084112149532,False,False,0.5,-0.3999999999999986,4.0,22.5,percentage,False
Ralph Macchio,Karina Smirnoff,Actor/Actress,New York,United States,49,12,Eliminated Week 9,4,4,"[8.0, 8.0, 9.0]",25.0,8.333333333333334,8.0,9.0,3,0.4714045207910317,2.0,9,12.135922330097088,False,False,0.2222222222222222,2.1111111111111107,1.0,22.0,percentage,False
Ralph Macchio,Karina Smirnoff,Actor/Actress,New York,United States,49,12,Eliminated Week 9,4,5,"[8.0, 7.0, 7.0]",22.0,7.333333333333333,7.0,8.0,3,0.4714045207910317,6.0,8,11.34020618556701,False,False,0.75,-2.25,5.0,22.75,percentage,False
Ralph Macchio,Karina Smirnoff,Actor/Actress,New York,United States,49,12,Eliminated Week 9,4,6,"[8.0, 8.0, 8.0]",24.0,8.0,8.0,8.0,3,0.0,6.0,7,13.333333333333334,False,False,0.8571428571428571,-1.7142857142857153,4.0,22.6,percentage,False
Ralph Macchio,Karina Smirnoff,Actor/Actress,New York,United States,49,12,Eliminated Week 9,4,7,"[9.0, 8.5, 7.5, 8.0]",33.0,8.25,7.5,9.0,4,0.5590169943749475,1.0,6,17.50663129973475,False,False,0.16666666666666666,1.5833333333333321,0.0,22.833333333333332,percentage,False
Ralph Macchio,Karina Smirnoff,Actor/Actress,New York,United States,49,12,Eliminated Week 9,4,8,"[7.5, 7.5, 8.0]",23.0,7.666666666666667,7.5,8.0,3,0.23570226039551584,5.0,5,17.692307692307693,False,False,1.0,-3.0,4.5,24.285714285714285,percentage,False
Ralph Macchio,Karina Smirnoff,Actor/Actress,New York,United States,49,12,Eliminated Week 9,4,9,"[8.0, 8.0, 8.0]",24.0,8.0,8.0,8.0,3,0.0,4.0,4,20.425531914893615,True,True,1.0,-5.375,12.5,24.125,percentage,False
Romeo,Chelsie Hightower,Singer/Rapper,Louisiana,United States,21,12,Eliminated Week 8,5,1,"[7.0, 6.0, 6.0]",19.0,6.333333333333333,6.0,7.0,3,0.4714045207910317,5.0,11,9.178743961352657,False,False,0.45454545454545453,0.18181818181818343,5.0,,percentage,False
Romeo,Chelsie Hightower,Singer/Rapper,Louisiana,United States,21,12,Eliminated Week 8,5,2,"[7.0, 8.0, 8.0]",23.0,7.666666666666667,7.0,8.0,3,0.4714045207910317,1.0,11,10.648148148148149,False,False,0.09090909090909091,3.3636363636363633,0.0,19.0,percentage,False
Romeo,Chelsie Hightower,Singer/Rapper,Louisiana,United States,21,12,Eliminated Week 8,5,3,"[7.0, 6.0, 7.0]",20.0,6.666666666666667,6.0,7.0,3,0.4714045207910317,8.0,10,9.345794392523365,False,False,0.8,-1.3999999999999986,5.0,21.0,percentage,False
Romeo,Chelsie Hightower,Singer/Rapper,Louisiana,United States,21,12,Eliminated Week 8,5,4,"[7.0, 8.0, 8.0]",23.0,7.666666666666667,7.0,8.0,3,0.4714045207910317,4.0,9,11.165048543689322,False,False,0.4444444444444444,0.11111111111111072,3.0,20.666666666666668,percentage,False
Romeo,Chelsie Hightower,Singer/Rapper,Louisiana,United States,21,12,Eliminated Week 8,5,5,"[9.0, 8.0, 9.0]",26.0,8.666666666666666,8.0,9.0,3,0.4714045207910317,2.0,8,13.402061855670103,False,False,0.25,1.75,1.0,21.25,percentage,False
Romeo,Chelsie Hightower,Singer/Rapper,Louisiana,United States,21,12,Eliminated Week 8,5,6,"[10.0, 9.0, 9.0]",28.0,9.333333333333334,9.0,10.0,3,0.4714045207910317,1.0,7,15.555555555555555,False,False,0.14285714285714285,2.2857142857142847,0.0,22.2,percentage,False
Romeo,Chelsie Hightower,Singer/Rapper,Louisiana,United States,21,12,Eliminated Week 8,5,7,"[7.5, 8.0, 7.0, 7.5]",30.0,7.5,7.0,8.0,4,0.3535533905932738,5.0,6,15.915119363395224,False,False,0.8333333333333334,-1.4166666666666679,3.0,23.166666666666668,percentage,False
Romeo,Chelsie Hightower,Singer/Rapper,Louisiana,United States,21,12,Eliminated Week 8,5,8,"[8.5, 9.0, 8.5]",26.0,8.666666666666666,8.5,9.0,3,0.23570226039551584,4.0,5,20.0,True,True,0.8,0.0,1.5,24.142857142857142,percentage,False
Sugar Ray Leonard,Anna Trebunskaya,Athlete,North Carolina,United States,54,12,Eliminated Week 4,9,1,"[6.0, 5.0, 6.0]",17.0,5.666666666666667,5.0,6.0,3,0.4714045207910317,9.0,11,8.212560386473431,False,False,0.8181818181818182,-1.8181818181818166,7.0,,percentage,False
Sugar Ray Leonard,Anna Trebunskaya,Athlete,North Carolina,United States,54,12,Eliminated Week 4,9,2,"[6.0, 5.0, 6.0]",17.0,5.666666666666667,5.0,6.0,3,0.4714045207910317,9.0,11,7.87037037037037,False,False,0.8181818181818182,-2.6363636363636367,6.0,17.0,percentage,False
Sugar Ray Leonard,Anna Trebunskaya,Athlete,North Carolina,United States,54,12,Eliminated Week 4,9,3,"[7.0, 6.0, 7.0]",20.0,6.666666666666667,6.0,7.0,3,0.4714045207910317,8.0,10,9.345794392523365,False,False,0.8,-1.3999999999999986,5.0,17.0,percentage,False
Sugar Ray Leonard,Anna Trebunskaya,Athlete,North Carolina,United States,54,12,Eliminated Week 4,9,4,"[7.0, 7.0, 7.0]",21.0,7.0,7.0,7.0,3,0.0,8.0,9,10.194174757281553,True,True,0.8888888888888888,-1.8888888888888893,5.0,18.0,percentage,False
Wendy Williams,Tony Dovolani,TV Personality,New Jersey,United States,46,12,Eliminated Week 3,10,1,"[5.0, 4.0, 5.0]",14.0,4.666666666666667,4.0,5.0,3,0.4714045207910317,10.0,11,6.763285024154589,False,False,0.9090909090909091,-4.818181818181817,10.0,,percentage,False
Wendy Williams,Tony Dovolani,TV Personality,New Jersey,United States,46,12,Eliminated Week 3,10,2,"[6.0, 5.0, 6.0]",17.0,5.666666666666667,5.0,6.0,3,0.4714045207910317,9.0,11,7.87037037037037,False,False,0.8181818181818182,-2.6363636363636367,6.0,14.0,percentage,False
Wendy Williams,Tony Dovolani,TV Personality,New Jersey,United States,46,12,Eliminated Week 3,10,3,"[5.0, 5.0, 5.0]",15.0,5.0,5.0,5.0,3,0.0,10.0,10,7.009345794392523,True,True,1.0,-6.399999999999999,10.0,15.5,percentage,False
Carson Kressley,Anna Trebunskaya,TV Personality,Pennsylvania,United States,41,13,Eliminated Week 5,8,1,"[6.0, 5.0, 6.0]",17.0,5.666666666666667,5.0,6.0,3,0.4714045207910317,7.0,12,7.834101382488479,False,False,0.5833333333333334,-1.0833333333333321,5.0,,percentage,False
Carson Kressley,Anna Trebunskaya,TV Personality,Pennsylvania,United States,41,13,Eliminated Week 5,8,2,"[6.0, 6.0, 6.0]",18.0,6.0,6.0,6.0,3,0.0,9.0,11,8.071748878923767,False,False,0.8181818181818182,-2.2727272727272734,5.0,17.0,percentage,False
Carson Kressley,Anna Trebunskaya,TV Personality,Pennsylvania,United States,41,13,Eliminated Week 5,8,3,"[8.0, 7.0, 8.0]",23.0,7.666666666666667,7.0,8.0,3,0.4714045207910317,8.0,10,9.70464135021097,False,False,0.8,-0.6999999999999993,4.0,17.5,percentage,False
Carson Kressley,Anna Trebunskaya,TV Personality,Pennsylvania,United States,41,13,Eliminated Week 5,8,4,"[7.0, 6.0, 7.0]",20.0,6.666666666666667,6.0,7.0,3,0.4714045207910317,9.0,9,9.569377990430622,False,False,1.0,-3.2222222222222214,9.0,19.333333333333332,percentage,False
Carson Kressley,Anna Trebunskaya,TV Personality,Pennsylvania,United States,41,13,Eliminated Week 5,8,5,"[6.0, 6.0, 7.0]",19.0,6.333333333333333,6.0,7.0,3,0.4714045207910317,8.0,8,10.106382978723403,True,True,1.0,-4.5,9.0,19.5,percentage,False
Chaz Bono,Lacey Schwimmer,TV Personality,California,United States,42,13,Eliminated Week 6,7,1,"[6.0, 5.0, 6.0]",17.0,5.666666666666667,5.0,6.0,3,0.4714045207910317,7.0,12,7.834101382488479,False,False,0.5833333333333334,-1.0833333333333321,5.0,,percentage,False
Chaz Bono,Lacey Schwimmer,TV Personality,California,United States,42,13,Eliminated Week 6,7,2,"[6.0, 5.0, 6.0]",17.0,5.666666666666667,5.0,6.0,3,0.4714045207910317,11.0,11,7.623318385650224,False,False,1.0,-3.2727272727272734,6.0,17.0,percentage,False
Chaz Bono,Lacey Schwimmer,TV Personality,California,United States,42,13,Eliminated Week 6,7,3,"[6.0, 6.0, 6.0]",18.0,6.0,6.0,6.0,3,0.0,10.0,10,7.59493670886076,False,False,1.0,-5.699999999999999,9.0,17.0,percentage,False
Chaz Bono,Lacey Schwimmer,TV Personality,California,United States,42,13,Eliminated Week 6,7,4,"[7.0, 7.0, 7.0]",21.0,7.0,7.0,7.0,3,0.0,6.0,9,10.047846889952153,False,False,0.6666666666666666,-2.2222222222222214,8.0,17.333333333333332,percentage,False
Chaz Bono,Lacey Schwimmer,TV Personality,California,United States,42,13,Eliminated Week 6,7,5,"[7.0, 7.0, 7.0]",21.0,7.0,7.0,7.0,3,0.0,7.0,8,11.170212765957446,False,False,0.875,-2.5,7.0,18.25,percentage,False
Chaz Bono,Lacey Schwimmer,TV Personality,California,United States,42,13,Eliminated Week 6,7,6,"[7.0, 6.0, 6.0]",19.0,6.333333333333333,6.0,7.0,3,0.4714045207910317,7.0,7,11.44578313253012,True,True,1.0,-4.714285714285715,10.0,18.8,percentage,False
Chynna Phillips,Tony Dovolani,Singer/Rapper,California,United States,43,13,Eliminated Week 4,9,1,"[8.0, 7.0, 7.0]",22.0,7.333333333333333,7.0,8.0,3,0.4714045207910317,1.0,12,10.138248847926267,False,False,0.08333333333333333,3.916666666666668,0.0,,percentage,False
Chynna Phillips,Tony Dovolani,Singer/Rapper,California,United States,43,13,Eliminated Week 4,9,2,"[7.0, 7.0, 7.0]",21.0,7.0,7.0,7.0,3,0.0,4.0,11,9.417040358744394,False,False,0.36363636363636365,0.7272727272727266,2.0,22.0,percentage,False
Chynna Phillips,Tony Dovolani,Singer/Rapper,California,United States,43,13,Eliminated Week 4,9,3,"[8.0, 9.0, 9.0]",26.0,8.666666666666666,8.0,9.0,3,0.4714045207910317,2.0,10,10.970464135021098,False,False,0.2,2.3000000000000007,1.0,21.5,percentage,False
Chynna Phillips,Tony Dovolani,Singer/Rapper,California,United States,43,13,Eliminated Week 4,9,4,"[7.0, 7.0, 7.0]",21.0,7.0,7.0,7.0,3,0.0,6.0,9,10.047846889952153,True,True,0.6666666666666666,-2.2222222222222214,8.0,23.0,percentage,False
David Arquette,Kym Johnson,Actor/Actress,Virginia,United States,40,13,Eliminated Week 7,6,1,"[6.0, 6.0, 6.0]",18.0,6.0,6.0,6.0,3,0.0,6.0,12,8.294930875576037,False,False,0.5,-0.08333333333333215,4.0,,percentage,False
David Arquette,Kym Johnson,Actor/Actress,Virginia,United States,40,13,Eliminated Week 7,6,2,"[6.0, 6.0, 6.0]",18.0,6.0,6.0,6.0,3,0.0,9.0,11,8.071748878923767,False,False,0.8181818181818182,-2.2727272727272734,5.0,18.0,percentage,False
David Arquette,Kym Johnson,Actor/Actress,Virginia,United States,40,13,Eliminated Week 7,6,3,"[8.0, 8.0, 8.0]",24.0,8.0,8.0,8.0,3,0.0,4.0,10,10.126582278481013,False,False,0.4,0.3000000000000007,3.0,18.0,percentage,False
David Arquette,Kym Johnson,Actor/Actress,Virginia,United States,40,13,Eliminated Week 7,6,4,"[8.0, 7.0, 8.0]",23.0,7.666666666666667,7.0,8.0,3,0.4714045207910317,5.0,9,11.004784688995215,False,False,0.5555555555555556,-0.22222222222222143,6.0,20.0,percentage,False
David Arquette,Kym Johnson,Actor/Actress,Virginia,United States,40,13,Eliminated Week 7,6,5,"[8.0, 9.0, 8.0]",25.0,8.333333333333334,8.0,9.0,3,0.4714045207910317,2.0,8,13.297872340425531,False,False,0.25,1.5,3.0,20.75,percentage,False
David Arquette,Kym Johnson,Actor/Actress,Virginia,United States,40,13,Eliminated Week 7,6,6,"[8.0, 7.0, 8.0]",23.0,7.666666666666667,7.0,8.0,3,0.4714045207910317,4.0,7,13.855421686746988,False,False,0.5714285714285714,-0.7142857142857153,6.0,21.6,percentage,False
David Arquette,Kym Johnson,Actor/Actress,Virginia,United States,40,13,Eliminated Week 7,6,7,"[8.0, 7.5, 8.0]",23.5,7.833333333333333,7.5,8.0,3,0.23570226039551584,5.0,6,16.040955631399317,True,True,0.8333333333333334,-0.9166666666666679,3.0,21.833333333333332,percentage,False
Elisabetta Canalis,Valentin Chmerkovskiy,Actor/Actress,Non-US,Italy,33,13,Eliminated Week 2,11,1,"[5.0, 5.0, 5.0]",15.0,5.0,5.0,5.0,3,0.0,11.0,12,6.912442396313365,False,False,0.9166666666666666,-3.083333333333332,7.0,,percentage,False
Elisabetta Canalis,Valentin Chmerkovskiy,Actor/Actress,Non-US,Italy,33,13,Eliminated Week 2,11,2,"[7.0, 7.0, 7.0]",21.0,7.0,7.0,7.0,3,0.0,4.0,11,9.417040358744394,True,True,0.36363636363636365,0.7272727272727266,2.0,15.0,percentage,False
Hope Solo,Maksim Chmerkoskiy,Athlete,Washington,United States,30,13,Eliminated Week 9,4,1,"[7.0, 7.0, 7.0]",21.0,7.0,7.0,7.0,3,0.0,3.0,12,9.67741935483871,False,False,0.25,2.916666666666668,1.0,,percentage,False
Hope Solo,Maksim Chmerkoskiy,Athlete,Washington,United States,30,13,Eliminated Week 9,4,2,"[6.0, 7.0, 6.0]",19.0,6.333333333333333,6.0,7.0,3,0.4714045207910317,8.0,11,8.520179372197308,False,False,0.7272727272727273,-1.2727272727272734,4.0,21.0,percentage,False
Hope Solo,Maksim Chmerkoskiy,Athlete,Washington,United States,30,13,Eliminated Week 9,4,3,"[8.0, 8.0, 8.0]",24.0,8.0,8.0,8.0,3,0.0,4.0,10,10.126582278481013,False,False,0.4,0.3000000000000007,3.0,20.0,percentage,False
Hope Solo,Maksim Chmerkoskiy,Athlete,Washington,United States,30,13,Eliminated Week 9,4,4,"[8.0, 8.0, 8.0]",24.0,8.0,8.0,8.0,3,0.0,3.0,9,11.483253588516746,False,False,0.3333333333333333,0.7777777777777786,5.0,21.333333333333332,percentage,False
Hope Solo,Maksim Chmerkoskiy,Athlete,Washington,United States,30,13,Eliminated Week 9,4,5,"[8.0, 8.0, 8.0]",24.0,8.0,8.0,8.0,3,0.0,4.0,8,12.76595744680851,False,False,0.5,0.5,4.0,22.0,percentage,False
Hope Solo,Maksim Chmerkoskiy,Athlete,Washington,United States,30,13,Eliminated Week 9,4,6,"[7.0, 6.0, 7.0]",20.0,6.666666666666667,6.0,7.0,3,0.4714045207910317,6.0,7,12.048192771084338,False,False,0.8571428571428571,-3.7142857142857153,9.0,22.4,percentage,False
Hope Solo,Maksim Chmerkoskiy,Athlete,Washington,United States,30,13,Eliminated Week 9,4,7,"[8.5, 8.0, 8.5]",25.0,8.333333333333334,8.0,8.5,3,0.23570226039551584,3.0,6,17.064846416382252,False,False,0.5,0.5833333333333321,1.5,22.0,percentage,False
Hope Solo,Maksim Chmerkoskiy,Athlete,Washington,United States,30,13,Eliminated Week 9,4,8,"[8.5, 9.0, 8.5]",26.0,8.666666666666666,8.5,9.0,3,0.23570226039551584,2.0,5,20.077220077220076,False,False,0.4,0.10000000000000142,4.0,22.428571428571427,percentage,False
Hope Solo,Maksim Chmerkoskiy,Athlete,Washington,United States,30,13,Eliminated Week 9,4,9,"[8.1666, 8.1666, 8.1666]",24.4998,8.1666,8.1666,8.1666,3,0.0,4.0,4,20.675023945248718,True,True,1.0,-5.125074999999999,9.000099999999996,22.875,percentage,False
J.R. Martinez,Karina Smirnoff,Actor/Actress,Louisiana,United States,28,13,1st Place,1,1,"[8.0, 7.0, 7.0]",22.0,7.333333333333333,7.0,8.0,3,0.4714045207910317,1.0,12,10.138248847926267,False,False,0.08333333333333333,3.916666666666668,0.0,,percentage,False
J.R. Martinez,Karina Smirnoff,Actor/Actress,Louisiana,United States,28,13,1st Place,1,2,"[7.0, 7.0, 8.0]",22.0,7.333333333333333,7.0,8.0,3,0.4714045207910317,2.0,11,9.865470852017937,False,False,0.18181818181818182,1.7272727272727266,1.0,22.0,percentage,False
J.R. Martinez,Karina Smirnoff,Actor/Actress,Louisiana,United States,28,13,1st Place,1,3,"[9.0, 8.0, 9.0]",26.0,8.666666666666666,8.0,9.0,3,0.4714045207910317,2.0,10,10.970464135021098,False,False,0.2,2.3000000000000007,1.0,22.0,percentage,False
J.R. Martinez,Karina Smirnoff,Actor/Actress,Louisiana,United States,28,13,1st Place,1,4,"[8.0, 9.0, 9.0]",26.0,8.666666666666666,8.0,9.0,3,0.4714045207910317,2.0,9,12.440191387559809,False,False,0.2222222222222222,2.7777777777777786,3.0,23.333333333333332,percentage,False
J.R. Martinez,Karina Smirnoff,Actor/Actress,Louisiana,United States,28,13,1st Place,1,5,"[9.0, 9.0, 10.0]",28.0,9.333333333333334,9.0,10.0,3,0.4714045207910317,1.0,8,14.893617021276595,False,False,0.125,4.5,0.0,24.0,percentage,False
J.R. Martinez,Karina Smirnoff,Actor/Actress,Louisiana,United States,28,13,1st Place,1,6,"[10.0, 9.0, 10.0]",29.0,9.666666666666666,9.0,10.0,3,0.4714045207910317,1.0,7,17.46987951807229,False,False,0.14285714285714285,5.285714285714285,0.0,24.8,percentage,False
J.R. Martinez,Karina Smirnoff,Actor/Actress,Louisiana,United States,28,13,1st Place,1,7,"[8.5, 7.5, 8.0]",24.0,8.0,7.5,8.5,3,0.408248290463863,4.0,6,16.38225255972696,False,False,0.6666666666666666,-0.41666666666666785,2.5,25.5,percentage,False
J.R. Martinez,Karina Smirnoff,Actor/Actress,Louisiana,United States,28,13,1st Place,1,8,"[10.0, 10.0, 10.0]",30.0,10.0,10.0,10.0,3,0.0,1.0,5,23.166023166023166,False,False,0.2,4.100000000000001,0.0,25.285714285714285,percentage,False
J.R. Martinez,Karina Smirnoff,Actor/Actress,Louisiana,United States,28,13,1st Place,1,9,"[9.5, 9.0, 9.5]",28.0,9.333333333333334,9.0,9.5,3,0.23570226039551584,3.0,4,23.62879168266533,False,False,0.75,-1.6248749999999994,5.499899999999997,25.875,percentage,False
J.R. Martinez,Karina Smirnoff,Actor/Actress,Louisiana,United States,28,13,1st Place,1,10,"[9.3333, 9.1666, 9.6666]",28.1665,9.388833333333332,9.1666,9.6666,3,0.20786688582413088,2.0,3,33.33329388541485,True,False,0.6666666666666666,-3.333333333088717e-05,0.16669999999999874,26.11111111111111,percentage,False
Kristin Cavallari,Mark Ballas,TV Personality,Colorado,United States,24,13,Eliminated Week 3,10,1,"[7.0, 6.0, 6.0]",19.0,6.333333333333333,6.0,7.0,3,0.4714045207910317,5.0,12,8.755760368663594,False,False,0.4166666666666667,0.9166666666666679,3.0,,percentage,False
Kristin Cavallari,Mark Ballas,TV Personality,Colorado,United States,24,13,Eliminated Week 3,10,2,"[8.0, 7.0, 7.0]",22.0,7.333333333333333,7.0,8.0,3,0.4714045207910317,2.0,11,9.865470852017937,False,False,0.18181818181818182,1.7272727272727266,1.0,19.0,percentage,False
Kristin Cavallari,Mark Ballas,TV Personality,Colorado,United States,24,13,Eliminated Week 3,10,3,"[8.0, 8.0, 8.0]",24.0,8.0,8.0,8.0,3,0.0,4.0,10,10.126582278481013,True,True,0.4,0.3000000000000007,3.0,20.5,percentage,False
Metta World Peace (Ron),Peta Murgatroyd,Athlete,New York,United States,31,13,Eliminated Week 1,12,1,"[5.0, 4.0, 5.0]",14.0,4.666666666666667,4.0,5.0,3,0.4714045207910317,12.0,12,6.451612903225806,True,True,1.0,-4.083333333333332,8.0,,percentage,False
Nancy Grace,Tristan MacManus,TV Personality,Georgia,United States,51,13,Eliminated Week 8,5,1,"[5.0, 5.0, 6.0]",16.0,5.333333333333333,5.0,6.0,3,0.4714045207910317,9.0,12,7.373271889400922,False,False,0.75,-2.083333333333332,6.0,,percentage,False
Nancy Grace,Tristan MacManus,TV Personality,Georgia,United States,51,13,Eliminated Week 8,5,2,"[6.0, 8.0, 7.0]",21.0,7.0,6.0,8.0,3,0.816496580927726,4.0,11,9.417040358744394,False,False,0.36363636363636365,0.7272727272727266,2.0,16.0,percentage,False
Nancy Grace,Tristan MacManus,TV Personality,Georgia,United States,51,13,Eliminated Week 8,5,3,"[7.0, 7.0, 7.0]",21.0,7.0,7.0,7.0,3,0.0,9.0,10,8.860759493670885,False,False,0.9,-2.6999999999999993,6.0,18.5,percentage,False
Nancy Grace,Tristan MacManus,TV Personality,Georgia,United States,51,13,Eliminated Week 8,5,4,"[7.0, 7.0, 7.0]",21.0,7.0,7.0,7.0,3,0.0,6.0,9,10.047846889952153,False,False,0.6666666666666666,-2.2222222222222214,8.0,19.333333333333332,percentage,False
Nancy Grace,Tristan MacManus,TV Personality,Georgia,United States,51,13,Eliminated Week 8,5,5,"[7.0, 7.0, 8.0]",22.0,7.333333333333333,7.0,8.0,3,0.4714045207910317,6.0,8,11.702127659574469,False,False,0.75,-1.5,6.0,19.75,percentage,False
Nancy Grace,Tristan MacManus,TV Personality,Georgia,United States,51,13,Eliminated Week 8,5,6,"[9.0, 7.0, 8.0]",24.0,8.0,7.0,9.0,3,0.816496580927726,3.0,7,14.457831325301203,False,False,0.42857142857142855,0.2857142857142847,5.0,20.2,percentage,False
Nancy Grace,Tristan MacManus,TV Personality,Georgia,United States,51,13,Eliminated Week 8,5,7,"[7.5, 7.0, 7.5]",22.0,7.333333333333333,7.0,7.5,3,0.23570226039551584,6.0,6,15.017064846416384,False,False,1.0,-2.416666666666668,4.5,20.833333333333332,percentage,False
Nancy Grace,Tristan MacManus,TV Personality,Georgia,United States,51,13,Eliminated Week 8,5,8,"[7.5, 7.0, 7.5]",22.0,7.333333333333333,7.0,7.5,3,0.23570226039551584,5.0,5,16.988416988416986,True,True,1.0,-3.8999999999999986,8.0,21.0,percentage,False
Ricki Lake,Derek Hough,Actor/Actress,New York,United States,42,13,3rd Place,3,1,"[7.0, 6.0, 7.0]",20.0,6.666666666666667,6.0,7.0,3,0.4714045207910317,4.0,12,9.216589861751153,False,False,0.3333333333333333,1.9166666666666679,2.0,,percentage,False
Ricki Lake,Derek Hough,Actor/Actress,New York,United States,42,13,3rd Place,3,2,"[8.0, 7.0, 8.0]",23.0,7.666666666666667,7.0,8.0,3,0.4714045207910317,1.0,11,10.31390134529148,False,False,0.09090909090909091,2.7272727272727266,0.0,20.0,percentage,False
Ricki Lake,Derek Hough,Actor/Actress,New York,United States,42,13,3rd Place,3,3,"[9.0, 9.0, 9.0]",27.0,9.0,9.0,9.0,3,0.0,1.0,10,11.39240506329114,False,False,0.1,3.3000000000000007,0.0,21.5,percentage,False
Ricki Lake,Derek Hough,Actor/Actress,New York,United States,42,13,3rd Place,3,4,"[10.0, 9.0, 10.0]",29.0,9.666666666666666,9.0,10.0,3,0.4714045207910317,1.0,9,13.875598086124402,False,False,0.1111111111111111,5.777777777777779,0.0,23.333333333333332,percentage,False
Ricki Lake,Derek Hough,Actor/Actress,New York,United States,42,13,3rd Place,3,5,"[8.0, 8.0, 8.0]",24.0,8.0,8.0,8.0,3,0.0,4.0,8,12.76595744680851,False,False,0.5,0.5,4.0,24.75,percentage,False
Ricki Lake,Derek Hough,Actor/Actress,New York,United States,42,13,3rd Place,3,6,"[10.0, 9.0, 10.0]",29.0,9.666666666666666,9.0,10.0,3,0.4714045207910317,1.0,7,17.46987951807229,False,False,0.14285714285714285,5.285714285714285,0.0,24.6,percentage,False
Ricki Lake,Derek Hough,Actor/Actress,New York,United States,42,13,3rd Place,3,7,"[9.0, 8.5, 9.0]",26.5,8.833333333333334,8.5,9.0,3,0.23570226039551584,1.0,6,18.088737201365188,False,False,0.16666666666666666,2.083333333333332,0.0,25.333333333333332,percentage,False
Ricki Lake,Derek Hough,Actor/Actress,New York,United States,42,13,3rd Place,3,8,"[8.5, 8.5, 9.0]",26.0,8.666666666666666,8.5,9.0,3,0.23570226039551584,2.0,5,20.077220077220076,False,False,0.4,0.10000000000000142,4.0,25.5,percentage,False
Ricki Lake,Derek Hough,Actor/Actress,New York,United States,42,13,3rd Place,3,9,"[10.8333, 11.3333, 11.3333]",33.4999,11.166633333333332,10.8333,11.3333,3,0.23570226039551584,1.0,4,28.270077088932865,False,False,0.25,3.8750249999999973,0.0,25.5625,percentage,False
Ricki Lake,Derek Hough,Actor/Actress,New York,United States,42,13,3rd Place,3,10,"[9.3333, 9.3333, 9.3333]",27.999899999999997,9.3333,9.3333,9.3333,3,0.0,3.0,3,33.136133188796165,True,False,1.0,-0.1666333333333334,0.33330000000000126,26.444433333333333,percentage,False
Rob Kardashian,Cheryl Burke,TV Personality,California,United States,24,13,2nd Place,2,1,"[6.0, 5.0, 5.0]",16.0,5.333333333333333,5.0,6.0,3,0.4714045207910317,9.0,12,7.373271889400922,False,False,0.75,-2.083333333333332,6.0,,percentage,False
Rob Kardashian,Cheryl Burke,TV Personality,California,United States,24,13,2nd Place,2,2,"[7.0, 7.0, 7.0]",21.0,7.0,7.0,7.0,3,0.0,4.0,11,9.417040358744394,False,False,0.36363636363636365,0.7272727272727266,2.0,16.0,percentage,False
Rob Kardashian,Cheryl Burke,TV Personality,California,United States,24,13,2nd Place,2,3,"[8.0, 8.0, 8.0]",24.0,8.0,8.0,8.0,3,0.0,4.0,10,10.126582278481013,False,False,0.4,0.3000000000000007,3.0,18.5,percentage,False
Rob Kardashian,Cheryl Burke,TV Personality,California,United States,24,13,2nd Place,2,4,"[8.0, 8.0, 8.0]",24.0,8.0,8.0,8.0,3,0.0,3.0,9,11.483253588516746,False,False,0.3333333333333333,0.7777777777777786,5.0,20.333333333333332,percentage,False
Rob Kardashian,Cheryl Burke,TV Personality,California,United States,24,13,2nd Place,2,5,"[9.0, 8.0, 8.0]",25.0,8.333333333333334,8.0,9.0,3,0.4714045207910317,2.0,8,13.297872340425531,False,False,0.25,1.5,3.0,21.25,percentage,False
Rob Kardashian,Cheryl Burke,TV Personality,California,United States,24,13,2nd Place,2,6,"[8.0, 7.0, 7.0]",22.0,7.333333333333333,7.0,8.0,3,0.4714045207910317,5.0,7,13.253012048192772,False,False,0.7142857142857143,-1.7142857142857153,7.0,22.0,percentage,False
Rob Kardashian,Cheryl Burke,TV Personality,California,United States,24,13,2nd Place,2,7,"[9.0, 8.0, 8.5]",25.5,8.5,8.0,9.0,3,0.408248290463863,2.0,6,17.4061433447099,False,False,0.3333333333333333,1.0833333333333321,1.0,22.0,percentage,False
Rob Kardashian,Cheryl Burke,TV Personality,California,United States,24,13,2nd Place,2,8,"[8.5, 8.5, 8.5]",25.5,8.5,8.5,8.5,3,0.0,4.0,5,19.69111969111969,False,False,0.8,-0.3999999999999986,4.5,22.5,percentage,False
Rob Kardashian,Cheryl Burke,TV Personality,California,United States,24,13,2nd Place,2,9,"[11.1666, 10.6666, 10.6666]",32.4998,10.833266666666667,10.6666,11.1666,3,0.23570226039551584,2.0,4,27.426107283153094,False,False,0.5,2.874925000000001,1.0000999999999962,22.875,percentage,False
Rob Kardashian,Cheryl Burke,TV Personality,California,United States,24,13,2nd Place,2,10,"[9.4444, 9.4444, 9.4444]",28.333199999999998,9.4444,9.4444,9.4444,3,0.0,1.0,3,33.530572925788995,True,False,0.3333333333333333,0.16666666666666785,0.0,23.944422222222222,percentage,False
Donald Driver,Peta Murgatroyd,Athlete,Texas,United States,37,14,1st Place,1,1,"[7.0, 7.0, 7.0]",21.0,7.0,7.0,7.0,3,0.0,8.0,12,7.777777777777778,False,False,0.6666666666666666,-1.5,5.0,,percentage,False
Donald Driver,Peta Murgatroyd,Athlete,Texas,United States,37,14,1st Place,1,2,"[8.0, 8.0, 8.0]",24.0,8.0,8.0,8.0,3,0.0,5.0,12,8.921933085501859,False,False,0.4166666666666667,1.5833333333333321,2.0,21.0,percentage,False
Donald Driver,Peta Murgatroyd,Athlete,Texas,United States,37,14,1st Place,1,3,"[9.0, 8.0, 9.0]",26.0,8.666666666666666,8.0,9.0,3,0.4714045207910317,4.0,11,9.285714285714286,False,False,0.36363636363636365,0.5454545454545467,3.0,22.5,percentage,False
Donald Driver,Peta Murgatroyd,Athlete,Texas,United States,37,14,1st Place,1,4,"[9.0, 9.0, 9.0]",27.0,9.0,9.0,9.0,3,0.0,1.0,10,11.587982832618025,False,False,0.1,3.6999999999999993,0.0,23.666666666666668,percentage,False
Donald Driver,Peta Murgatroyd,Athlete,Texas,United States,37,14,1st Place,1,5,"[10.0, 8.0, 9.0]",27.0,9.0,8.0,10.0,3,0.816496580927726,3.0,9,12.053571428571429,False,False,0.3333333333333333,2.1111111111111107,2.0,24.5,percentage,False
Donald Driver,Peta Murgatroyd,Athlete,Texas,United States,37,14,1st Place,1,6,"[11.3333, 11.3333, 11.3333]",33.9999,11.3333,11.3333,11.3333,3,0.0,4.0,8,13.178291569008135,False,False,0.5,1.749987499999996,5.0,25.0,percentage,False
Donald Driver,Peta Murgatroyd,Athlete,Texas,United States,37,14,1st Place,1,7,"[9.0, 8.5, 9.0]",26.5,8.833333333333334,8.5,9.0,3,0.23570226039551584,3.0,7,14.441416893732969,False,False,0.42857142857142855,0.2857142857142847,2.0,26.499983333333333,percentage,False
Donald Driver,Peta Murgatroyd,Athlete,Texas,United States,37,14,1st Place,1,8,"[9.5, 9.0, 9.0]",27.5,9.166666666666666,9.0,9.5,3,0.23570226039551584,3.0,6,16.819571865443425,False,False,0.5,0.25,1.0,26.499985714285714,percentage,False
Donald Driver,Peta Murgatroyd,Athlete,Texas,United States,37,14,1st Place,1,9,"[9.5, 9.0, 10.0]",28.5,9.5,9.0,10.0,3,0.408248290463863,3.0,4,24.782608695652176,False,False,0.75,-0.25,1.0,26.6249875,percentage,False
Donald Driver,Peta Murgatroyd,Athlete,Texas,United States,37,14,1st Place,1,10,"[10.0, 9.6666, 10.0]",29.666600000000003,9.888866666666667,9.6666,10.0,3,0.1571662672317296,2.0,3,33.208930162582334,True,False,0.6666666666666666,-0.11113333333333131,0.3333999999999975,26.833322222222222,percentage,False
Gavin DeGraw,Karina Smirnoff,Singer/Rapper,New York,United States,35,14,Eliminated Week 5,9,1,"[7.0, 6.0, 7.0]",20.0,6.666666666666667,6.0,7.0,3,0.4714045207910317,10.0,12,7.4074074074074066,False,False,0.8333333333333334,-2.5,6.0,,percentage,False
Gavin DeGraw,Karina Smirnoff,Singer/Rapper,New York,United States,35,14,Eliminated Week 5,9,2,"[7.0, 7.0, 7.0]",21.0,7.0,7.0,7.0,3,0.0,8.0,12,7.806691449814126,False,False,0.6666666666666666,-1.4166666666666679,5.0,20.0,percentage,False
Gavin DeGraw,Karina Smirnoff,Singer/Rapper,New York,United States,35,14,Eliminated Week 5,9,3,"[8.0, 8.0, 8.0]",24.0,8.0,8.0,8.0,3,0.0,7.0,11,8.571428571428571,False,False,0.6363636363636364,-1.4545454545454533,5.0,20.5,percentage,False
Gavin DeGraw,Karina Smirnoff,Singer/Rapper,New York,United States,35,14,Eliminated Week 5,9,4,"[8.0, 8.0, 7.0]",23.0,7.666666666666667,7.0,8.0,3,0.4714045207910317,5.0,10,9.871244635193133,False,False,0.5,-0.3000000000000007,4.0,21.666666666666668,percentage,False
Gavin DeGraw,Karina Smirnoff,Singer/Rapper,New York,United States,35,14,Eliminated Week 5,9,5,"[6.0, 6.0, 7.0]",19.0,6.333333333333333,6.0,7.0,3,0.4714045207910317,9.0,9,8.482142857142858,True,True,1.0,-5.888888888888889,10.0,22.0,percentage,False
Gladys Knight,Tristan MacManus,Singer/Rapper,Georgia,United States,67,14,Eliminated Week 6,8,1,"[8.0, 7.0, 8.0]",23.0,7.666666666666667,7.0,8.0,3,0.4714045207910317,4.0,12,8.518518518518519,False,False,0.3333333333333333,0.5,3.0,,percentage,False
Gladys Knight,Tristan MacManus,Singer/Rapper,Georgia,United States,67,14,Eliminated Week 6,8,2,"[7.0, 5.0, 7.0]",19.0,6.333333333333333,5.0,7.0,3,0.9428090415820634,11.0,12,7.063197026022305,False,False,0.9166666666666666,-3.416666666666668,7.0,23.0,percentage,False
Gladys Knight,Tristan MacManus,Singer/Rapper,Georgia,United States,67,14,Eliminated Week 6,8,3,"[8.0, 8.0, 8.0]",24.0,8.0,8.0,8.0,3,0.0,7.0,11,8.571428571428571,False,False,0.6363636363636364,-1.4545454545454533,5.0,21.0,percentage,False
Gladys Knight,Tristan MacManus,Singer/Rapper,Georgia,United States,67,14,Eliminated Week 6,8,4,"[7.0, 6.0, 7.0]",20.0,6.666666666666667,6.0,7.0,3,0.4714045207910317,10.0,10,8.583690987124463,False,False,1.0,-3.3000000000000007,7.0,22.0,percentage,False
Gladys Knight,Tristan MacManus,Singer/Rapper,Georgia,United States,67,14,Eliminated Week 6,8,5,"[7.0, 7.0, 8.0]",22.0,7.333333333333333,7.0,8.0,3,0.4714045207910317,7.0,9,9.821428571428571,False,False,0.7777777777777778,-2.8888888888888893,7.0,21.5,percentage,False
Gladys Knight,Tristan MacManus,Singer/Rapper,Georgia,United States,67,14,Eliminated Week 6,8,6,"[8.0, 8.0, 8.0]",24.0,8.0,8.0,8.0,3,0.0,8.0,8,9.302350820331686,True,True,1.0,-8.2499125,14.999899999999997,21.6,percentage,False
Jack Wagner,Anna Trebunskaya,Actor/Actress,Missouri,United States,52,14,Eliminated Week 3,11,1,"[8.0, 7.0, 8.0]",23.0,7.666666666666667,7.0,8.0,3,0.4714045207910317,4.0,12,8.518518518518519,False,False,0.3333333333333333,0.5,3.0,,percentage,False
Jack Wagner,Anna Trebunskaya,Actor/Actress,Missouri,United States,52,14,Eliminated Week 3,11,2,"[7.0, 7.0, 7.0]",21.0,7.0,7.0,7.0,3,0.0,8.0,12,7.806691449814126,False,False,0.6666666666666666,-1.4166666666666679,5.0,23.0,percentage,False
Jack Wagner,Anna Trebunskaya,Actor/Actress,Missouri,United States,52,14,Eliminated Week 3,11,3,"[8.0, 8.0, 8.0]",24.0,8.0,8.0,8.0,3,0.0,7.0,11,8.571428571428571,True,True,0.6363636363636364,-1.4545454545454533,5.0,22.0,percentage,False
Jaleel White,Kym Johnson,Actor/Actress,California,United States,35,14,Eliminated Week 7,7,1,"[9.0, 8.0, 9.0]",26.0,8.666666666666666,8.0,9.0,3,0.4714045207910317,1.0,12,9.62962962962963,False,False,0.08333333333333333,3.5,0.0,,percentage,False
Jaleel White,Kym Johnson,Actor/Actress,California,United States,35,14,Eliminated Week 7,7,2,"[7.0, 7.0, 8.0]",22.0,7.333333333333333,7.0,8.0,3,0.4714045207910317,7.0,12,8.178438661710038,False,False,0.5833333333333334,-0.41666666666666785,4.0,26.0,percentage,False
Jaleel White,Kym Johnson,Actor/Actress,California,United States,35,14,Eliminated Week 7,7,3,"[9.0, 8.0, 8.0]",25.0,8.333333333333334,8.0,9.0,3,0.4714045207910317,5.0,11,8.928571428571429,False,False,0.45454545454545453,-0.45454545454545325,4.0,24.0,percentage,False
Jaleel White,Kym Johnson,Actor/Actress,California,United States,35,14,Eliminated Week 7,7,4,"[8.0, 7.0, 7.0]",22.0,7.333333333333333,7.0,8.0,3,0.4714045207910317,6.0,10,9.44206008583691,False,False,0.6,-1.3000000000000007,5.0,24.333333333333332,percentage,False
Jaleel White,Kym Johnson,Actor/Actress,California,United States,35,14,Eliminated Week 7,7,5,"[8.0, 8.0, 8.0]",24.0,8.0,8.0,8.0,3,0.0,6.0,9,10.714285714285714,False,False,0.6666666666666666,-0.8888888888888893,5.0,23.75,percentage,False
Jaleel White,Kym Johnson,Actor/Actress,California,United States,35,14,Eliminated Week 7,7,6,"[12.6666, 11.6666, 12.6666]",36.9998,12.333266666666667,11.6666,12.6666,3,0.4714045207910317,2.0,8,14.341046661754511,False,False,0.25,4.7498875,2.000099999999996,23.8,percentage,False
Jaleel White,Kym Johnson,Actor/Actress,California,United States,35,14,Eliminated Week 7,7,7,"[9.0, 8.0, 8.5]",25.5,8.5,8.0,9.0,3,0.408248290463863,6.0,7,13.896457765667575,True,True,0.8571428571428571,-0.7142857142857153,3.0,25.999966666666666,percentage,False
Katherine Jenkins,Mark Ballas,Singer/Rapper,Non-US,Wales,31,14,2nd Place,2,1,"[9.0, 8.0, 9.0]",26.0,8.666666666666666,8.0,9.0,3,0.4714045207910317,1.0,12,9.62962962962963,False,False,0.08333333333333333,3.5,0.0,,percentage,False
Katherine Jenkins,Mark Ballas,Singer/Rapper,Non-US,Wales,31,14,2nd Place,2,2,"[9.0, 8.0, 9.0]",26.0,8.666666666666666,8.0,9.0,3,0.4714045207910317,1.0,12,9.66542750929368,False,False,0.08333333333333333,3.583333333333332,0.0,26.0,percentage,False
Katherine Jenkins,Mark Ballas,Singer/Rapper,Non-US,Wales,31,14,2nd Place,2,3,"[10.0, 9.0, 10.0]",29.0,9.666666666666666,9.0,10.0,3,0.4714045207910317,1.0,11,10.357142857142858,False,False,0.09090909090909091,3.5454545454545467,0.0,26.0,percentage,False
Katherine Jenkins,Mark Ballas,Singer/Rapper,Non-US,Wales,31,14,2nd Place,2,4,"[8.0, 8.0, 8.0]",24.0,8.0,8.0,8.0,3,0.0,4.0,10,10.300429184549357,False,False,0.4,0.6999999999999993,3.0,27.0,percentage,False
Katherine Jenkins,Mark Ballas,Singer/Rapper,Non-US,Wales,31,14,2nd Place,2,5,"[10.0, 9.0, 10.0]",29.0,9.666666666666666,9.0,10.0,3,0.4714045207910317,1.0,9,12.946428571428573,False,False,0.1111111111111111,4.111111111111111,0.0,26.25,percentage,False
Katherine Jenkins,Mark Ballas,Singer/Rapper,Non-US,Wales,31,14,2nd Place,2,6,"[13.3333, 12.3333, 13.3333]",38.9999,12.999966666666666,12.3333,13.3333,3,0.4714045207910317,1.0,8,15.116281323243902,False,False,0.125,6.749987499999996,0.0,26.8,percentage,False
Katherine Jenkins,Mark Ballas,Singer/Rapper,Non-US,Wales,31,14,2nd Place,2,7,"[9.5, 8.5, 9.0]",27.0,9.0,8.5,9.5,3,0.408248290463863,2.0,7,14.713896457765669,False,False,0.2857142857142857,0.7857142857142847,1.5,28.833316666666665,percentage,False
Katherine Jenkins,Mark Ballas,Singer/Rapper,Non-US,Wales,31,14,2nd Place,2,8,"[9.0, 9.0, 9.5]",27.5,9.166666666666666,9.0,9.5,3,0.23570226039551584,3.0,6,16.819571865443425,False,False,0.5,0.25,1.0,28.571414285714287,percentage,False
Katherine Jenkins,Mark Ballas,Singer/Rapper,Non-US,Wales,31,14,2nd Place,2,9,"[9.5, 9.0, 9.5]",28.0,9.333333333333334,9.0,9.5,3,0.23570226039551584,4.0,4,24.347826086956523,False,False,1.0,-0.75,1.5,28.4374875,percentage,False
Katherine Jenkins,Mark Ballas,Singer/Rapper,Non-US,Wales,31,14,2nd Place,2,10,"[10.0, 10.0, 10.0]",30.0,10.0,10.0,10.0,3,0.0,1.0,3,33.58213967483533,True,False,0.3333333333333333,0.22226666666666617,0.0,28.38887777777778,percentage,False
Maria Menounos,Derek Hough,TV Personality,Massachusetts,United States,33,14,Eliminated Week 9,4,1,"[7.0, 7.0, 7.0]",21.0,7.0,7.0,7.0,3,0.0,8.0,12,7.777777777777778,False,False,0.6666666666666666,-1.5,5.0,,percentage,False
Maria Menounos,Derek Hough,TV Personality,Massachusetts,United States,33,14,Eliminated Week 9,4,2,"[8.0, 8.0, 9.0]",25.0,8.333333333333334,8.0,9.0,3,0.4714045207910317,3.0,12,9.293680297397769,False,False,0.25,2.583333333333332,1.0,21.0,percentage,False
Maria Menounos,Derek Hough,TV Personality,Massachusetts,United States,33,14,Eliminated Week 9,4,3,"[9.0, 9.0, 9.0]",27.0,9.0,9.0,9.0,3,0.0,3.0,11,9.642857142857144,False,False,0.2727272727272727,1.5454545454545467,2.0,23.0,percentage,False
Maria Menounos,Derek Hough,TV Personality,Massachusetts,United States,33,14,Eliminated Week 9,4,4,"[9.0, 8.0, 9.0]",26.0,8.666666666666666,8.0,9.0,3,0.4714045207910317,2.0,10,11.158798283261802,False,False,0.2,2.6999999999999993,1.0,24.333333333333332,percentage,False
Maria Menounos,Derek Hough,TV Personality,Massachusetts,United States,33,14,Eliminated Week 9,4,5,"[9.0, 9.0, 9.0]",27.0,9.0,9.0,9.0,3,0.0,3.0,9,12.053571428571429,False,False,0.3333333333333333,2.1111111111111107,2.0,24.75,percentage,False
Maria Menounos,Derek Hough,TV Personality,Massachusetts,United States,33,14,Eliminated Week 9,4,6,"[9.3333, 10.3333, 10.3333]",29.999899999999997,9.999966666666666,9.3333,10.3333,3,0.4714045207910317,6.0,8,11.62789976561952,False,False,0.75,-2.250012500000004,9.0,25.2,percentage,False
Maria Menounos,Derek Hough,TV Personality,Massachusetts,United States,33,14,Eliminated Week 9,4,7,"[10.0, 9.0, 9.5]",28.5,9.5,9.0,10.0,3,0.408248290463863,1.0,7,15.531335149863759,False,False,0.14285714285714285,2.2857142857142847,0.0,25.999983333333333,percentage,False
Maria Menounos,Derek Hough,TV Personality,Massachusetts,United States,33,14,Eliminated Week 9,4,8,"[9.5, 7.5, 9.5]",26.5,8.833333333333334,7.5,9.5,3,0.9428090415820634,5.0,6,16.207951070336392,False,False,0.8333333333333334,-0.75,2.0,26.35712857142857,percentage,False
Maria Menounos,Derek Hough,TV Personality,Massachusetts,United States,33,14,Eliminated Week 9,4,9,"[10.0, 9.5, 10.0]",29.5,9.833333333333334,9.5,10.0,3,0.23570226039551584,1.0,4,25.65217391304348,True,True,0.25,0.75,0.0,26.3749875,percentage,False
Martina Navratilova,Tony Dovolani,Athlete,Non-US,Czechoslovakia,55,14,Eliminated Week 2,12,1,"[7.0, 6.0, 7.0]",20.0,6.666666666666667,6.0,7.0,3,0.4714045207910317,10.0,12,7.4074074074074066,False,False,0.8333333333333334,-2.5,6.0,,percentage,False
Martina Navratilova,Tony Dovolani,Athlete,Non-US,Czechoslovakia,55,14,Eliminated Week 2,12,2,"[6.0, 5.0, 6.0]",17.0,5.666666666666667,5.0,6.0,3,0.4714045207910317,12.0,12,6.319702602230483,True,True,1.0,-5.416666666666668,9.0,20.0,percentage,False
Melissa Gilbert,Maksim Chmerkoskiy,Actor/Actress,California,United States,47,14,Eliminated Week 8,5,1,"[7.0, 6.0, 7.0]",20.0,6.666666666666667,6.0,7.0,3,0.4714045207910317,10.0,12,7.4074074074074066,False,False,0.8333333333333334,-2.5,6.0,,percentage,False
Melissa Gilbert,Maksim Chmerkoskiy,Actor/Actress,California,United States,47,14,Eliminated Week 8,5,2,"[7.0, 6.0, 7.0]",20.0,6.666666666666667,6.0,7.0,3,0.4714045207910317,10.0,12,7.434944237918216,False,False,0.8333333333333334,-2.416666666666668,6.0,20.0,percentage,False
Melissa Gilbert,Maksim Chmerkoskiy,Actor/Actress,California,United States,47,14,Eliminated Week 8,5,3,"[8.0, 8.0, 8.0]",24.0,8.0,8.0,8.0,3,0.0,7.0,11,8.571428571428571,False,False,0.6363636363636364,-1.4545454545454533,5.0,20.0,percentage,False
Melissa Gilbert,Maksim Chmerkoskiy,Actor/Actress,California,United States,47,14,Eliminated Week 8,5,4,"[7.0, 8.0, 7.0]",22.0,7.333333333333333,7.0,8.0,3,0.4714045207910317,6.0,10,9.44206008583691,False,False,0.6,-1.3000000000000007,5.0,21.333333333333332,percentage,False
Melissa Gilbert,Maksim Chmerkoskiy,Actor/Actress,California,United States,47,14,Eliminated Week 8,5,5,"[7.0, 7.0, 7.0]",21.0,7.0,7.0,7.0,3,0.0,8.0,9,9.375,False,False,0.8888888888888888,-3.8888888888888893,8.0,21.5,percentage,False
Melissa Gilbert,Maksim Chmerkoskiy,Actor/Actress,California,United States,47,14,Eliminated Week 8,5,6,"[10.0, 10.0, 10.0]",30.0,10.0,10.0,10.0,3,0.0,5.0,8,11.627938525414606,False,False,0.625,-2.2499125000000006,8.999899999999997,21.4,percentage,False
Melissa Gilbert,Maksim Chmerkoskiy,Actor/Actress,California,United States,47,14,Eliminated Week 8,5,7,"[8.0, 7.5, 8.0]",23.5,7.833333333333333,7.5,8.0,3,0.23570226039551584,7.0,7,12.806539509536785,False,False,1.0,-2.7142857142857153,5.0,22.833333333333332,percentage,False
Melissa Gilbert,Maksim Chmerkoskiy,Actor/Actress,California,United States,47,14,Eliminated Week 8,5,8,"[8.5, 8.5, 8.5]",25.5,8.5,8.5,8.5,3,0.0,6.0,6,15.59633027522936,True,True,1.0,-1.75,3.0,22.928571428571427,percentage,False
Roshon Fegan,Chelsie Hightower,Actor/Actress,California,United States,20,14,Eliminated Week 8,6,1,"[8.0, 7.0, 8.0]",23.0,7.666666666666667,7.0,8.0,3,0.4714045207910317,4.0,12,8.518518518518519,False,False,0.3333333333333333,0.5,3.0,,percentage,False
Roshon Fegan,Chelsie Hightower,Actor/Actress,California,United States,20,14,Eliminated Week 8,6,2,"[9.0, 8.0, 9.0]",26.0,8.666666666666666,8.0,9.0,3,0.4714045207910317,1.0,12,9.66542750929368,False,False,0.08333333333333333,3.583333333333332,0.0,23.0,percentage,False
Roshon Fegan,Chelsie Hightower,Actor/Actress,California,United States,20,14,Eliminated Week 8,6,3,"[8.0, 8.0, 9.0]",25.0,8.333333333333334,8.0,9.0,3,0.4714045207910317,5.0,11,8.928571428571429,False,False,0.45454545454545453,-0.45454545454545325,4.0,24.5,percentage,False
Roshon Fegan,Chelsie Hightower,Actor/Actress,California,United States,20,14,Eliminated Week 8,6,4,"[9.0, 8.0, 9.0]",26.0,8.666666666666666,8.0,9.0,3,0.4714045207910317,2.0,10,11.158798283261802,False,False,0.2,2.6999999999999993,1.0,24.666666666666668,percentage,False
Roshon Fegan,Chelsie Hightower,Actor/Actress,California,United States,20,14,Eliminated Week 8,6,5,"[9.0, 8.0, 9.0]",26.0,8.666666666666666,8.0,9.0,3,0.4714045207910317,5.0,9,11.607142857142858,False,False,0.5555555555555556,1.1111111111111107,3.0,25.0,percentage,False
Roshon Fegan,Chelsie Hightower,Actor/Actress,California,United States,20,14,Eliminated Week 8,6,6,"[8.6666, 9.6666, 9.6666]",27.9998,9.333266666666667,8.6666,9.6666,3,0.4714045207910317,7.0,8,10.85266510413013,False,False,0.875,-4.2501125,11.000099999999996,25.2,percentage,False
Roshon Fegan,Chelsie Hightower,Actor/Actress,California,United States,20,14,Eliminated Week 8,6,7,"[9.5, 8.0, 8.5]",26.0,8.666666666666666,8.0,9.5,3,0.6236095644623235,5.0,7,14.168937329700274,False,False,0.7142857142857143,-0.2142857142857153,2.5,25.666633333333333,percentage,False
Roshon Fegan,Chelsie Hightower,Actor/Actress,California,United States,20,14,Eliminated Week 8,6,8,"[9.5, 9.0, 9.5]",28.0,9.333333333333334,9.0,9.5,3,0.23570226039551584,2.0,6,17.12538226299694,True,True,0.3333333333333333,0.75,0.5,25.714257142857143,percentage,False
Sherri Sheperd,Valentin Chmerkovskiy,Actor/Actress,Illinois,United States,44,14,Eliminated Week 4,10,1,"[8.0, 7.0, 8.0]",23.0,7.666666666666667,7.0,8.0,3,0.4714045207910317,4.0,12,8.518518518518519,False,False,0.3333333333333333,0.5,3.0,,percentage,False
Sherri Sheperd,Valentin Chmerkovskiy,Actor/Actress,Illinois,United States,44,14,Eliminated Week 4,10,2,"[8.0, 7.0, 8.0]",23.0,7.666666666666667,7.0,8.0,3,0.4714045207910317,6.0,12,8.550185873605948,False,False,0.5,0.5833333333333321,3.0,23.0,percentage,False
Sherri Sheperd,Valentin Chmerkovskiy,Actor/Actress,Illinois,United States,44,14,Eliminated Week 4,10,3,"[8.0, 8.0, 8.0]",24.0,8.0,8.0,8.0,3,0.0,7.0,11,8.571428571428571,False,False,0.6363636363636364,-1.4545454545454533,5.0,23.0,percentage,False
Sherri Sheperd,Valentin Chmerkovskiy,Actor/Actress,Illinois,United States,44,14,Eliminated Week 4,10,4,"[7.0, 7.0, 7.0]",21.0,7.0,7.0,7.0,3,0.0,9.0,10,9.012875536480687,True,True,0.9,-2.3000000000000007,6.0,23.333333333333332,percentage,False
William Levy,Cheryl Burke,Actor/Actress,Non-US,Cuba,31,14,3rd Place,3,1,"[8.0, 8.0, 8.0]",24.0,8.0,8.0,8.0,3,0.0,3.0,12,8.88888888888889,False,False,0.25,1.5,2.0,,percentage,False
William Levy,Cheryl Burke,Actor/Actress,Non-US,Cuba,31,14,3rd Place,3,2,"[9.0, 7.0, 9.0]",25.0,8.333333333333334,7.0,9.0,3,0.9428090415820634,3.0,12,9.293680297397769,False,False,0.25,2.583333333333332,1.0,24.0,percentage,False
William Levy,Cheryl Burke,Actor/Actress,Non-US,Cuba,31,14,3rd Place,3,3,"[9.0, 9.0, 10.0]",28.0,9.333333333333334,9.0,10.0,3,0.4714045207910317,2.0,11,10.0,False,False,0.18181818181818182,2.5454545454545467,1.0,24.5,percentage,False
William Levy,Cheryl Burke,Actor/Actress,Non-US,Cuba,31,14,3rd Place,3,4,"[7.0, 7.0, 8.0]",22.0,7.333333333333333,7.0,8.0,3,0.4714045207910317,6.0,10,9.44206008583691,False,False,0.6,-1.3000000000000007,5.0,25.666666666666668,percentage,False
William Levy,Cheryl Burke,Actor/Actress,Non-US,Cuba,31,14,3rd Place,3,5,"[10.0, 9.0, 10.0]",29.0,9.666666666666666,9.0,10.0,3,0.4714045207910317,1.0,9,12.946428571428573,False,False,0.1111111111111111,4.111111111111111,0.0,24.75,percentage,False
William Levy,Cheryl Burke,Actor/Actress,Non-US,Cuba,31,14,3rd Place,3,6,"[12.0, 11.0, 13.0]",36.0,12.0,11.0,13.0,3,0.816496580927726,3.0,8,13.953526230497527,False,False,0.375,3.7500874999999994,2.9998999999999967,25.6,percentage,False
William Levy,Cheryl Burke,Actor/Actress,Non-US,Cuba,31,14,3rd Place,3,7,"[9.0, 8.5, 9.0]",26.5,8.833333333333334,8.5,9.0,3,0.23570226039551584,3.0,7,14.441416893732969,False,False,0.42857142857142855,0.2857142857142847,2.0,27.333333333333332,percentage,False
William Levy,Cheryl Burke,Actor/Actress,Non-US,Cuba,31,14,3rd Place,3,8,"[9.5, 9.5, 9.5]",28.5,9.5,9.5,9.5,3,0.0,1.0,6,17.431192660550458,False,False,0.16666666666666666,1.25,0.0,27.214285714285715,percentage,False
William Levy,Cheryl Burke,Actor/Actress,Non-US,Cuba,31,14,3rd Place,3,9,"[9.5, 9.5, 10.0]",29.0,9.666666666666666,9.5,10.0,3,0.23570226039551584,2.0,4,25.217391304347824,False,False,0.5,0.25,0.5,27.375,percentage,False
William Levy,Cheryl Burke,Actor/Actress,Non-US,Cuba,31,14,3rd Place,3,10,"[10.0, 9.6666, 10.0]",29.666600000000003,9.888866666666667,9.6666,10.0,3,0.1571662672317296,2.0,3,33.208930162582334,True,False,0.6666666666666666,-0.11113333333333131,0.3333999999999975,27.555555555555557,percentage,False
Apolo Anton Ohno,Karina Smirnoff,Athlete,Washington,United States,30,15,Eliminated Week 9,5,1,"[7.5, 7.0, 7.5]",22.0,7.333333333333333,7.0,7.5,3,0.23570226039551584,4.0,13,7.956600361663653,False,False,0.3076923076923077,0.73076923076923,2.5,,percentage,False
Apolo Anton Ohno,Karina Smirnoff,Athlete,Washington,United States,30,15,Eliminated Week 9,5,2,"[8.5, 8.0, 8.0]",24.5,8.166666666666666,8.0,8.5,3,0.23570226039551584,4.0,12,8.876811594202898,False,False,0.3333333333333333,1.5,1.5,22.0,percentage,False
Apolo Anton Ohno,Karina Smirnoff,Athlete,Washington,United States,30,15,Eliminated Week 9,5,3,"[9.0, 8.0, 8.5]",25.5,8.5,8.0,9.0,3,0.408248290463863,4.0,11,9.172661870503598,False,False,0.36363636363636365,0.22727272727272663,1.5,23.25,percentage,False
Apolo Anton Ohno,Karina Smirnoff,Athlete,Washington,United States,30,15,Eliminated Week 9,5,4,"[8.5, 9.0, 8.5, 8.5]",34.5,8.625,8.5,9.0,4,0.21650635094610965,7.0,9,10.730948678071538,False,False,0.7777777777777778,-1.2222222222222214,5.0,24.0,percentage,False
Apolo Anton Ohno,Karina Smirnoff,Athlete,Washington,United States,30,15,Eliminated Week 9,5,5,"[9.0, 9.75, 9.5]",28.25,9.416666666666666,9.0,9.75,3,0.31180478223116176,2.0,8,12.710911136107987,False,False,0.25,0.46875,1.0,26.625,percentage,False
Apolo Anton Ohno,Karina Smirnoff,Athlete,Washington,United States,30,15,Eliminated Week 9,5,6,"[10.0, 10.0, 10.0]",30.0,10.0,10.0,10.0,3,0.0,1.0,8,13.274336283185843,False,False,0.125,1.75,0.0,26.95,percentage,False
Apolo Anton Ohno,Karina Smirnoff,Athlete,Washington,United States,30,15,Eliminated Week 9,5,7,"[11.0, 11.0, 11.0]",33.0,11.0,11.0,11.0,3,0.0,6.0,7,13.636403080504781,False,False,0.8571428571428571,-1.5713285714285732,5.999899999999997,27.458333333333332,percentage,False
Apolo Anton Ohno,Karina Smirnoff,Athlete,Washington,United States,30,15,Eliminated Week 9,5,8,"[9.7777, 9.5, 10.0]",29.2777,9.759233333333333,9.5,10.0,3,0.20454137859014138,2.0,7,14.691931950135839,False,False,0.2857142857142857,0.8094999999999999,0.7223000000000006,28.25,percentage,False
Apolo Anton Ohno,Karina Smirnoff,Athlete,Washington,United States,30,15,Eliminated Week 9,5,9,"[9.3333, 9.5, 9.7777]",28.611,9.537,9.3333,9.7777,3,0.18330228221892558,3.0,5,20.29153253517561,True,True,0.6,0.41106000000000265,0.8889999999999993,28.3784625,percentage,False
Bristol Palin,Mark Ballas,TV Personality,Alaska,United States,21,15,Eliminated Week 4,9,1,"[6.5, 6.5, 6.5]",19.5,6.5,6.5,6.5,3,0.0,11.0,13,7.05244122965642,False,False,0.8461538461538461,-1.76923076923077,5.0,,percentage,False
Bristol Palin,Mark Ballas,TV Personality,Alaska,United States,21,15,Eliminated Week 4,9,2,"[6.0, 6.0, 6.0]",18.0,6.0,6.0,6.0,3,0.0,12.0,12,6.521739130434782,False,False,1.0,-5.0,8.0,19.5,percentage,False
Bristol Palin,Mark Ballas,TV Personality,Alaska,United States,21,15,Eliminated Week 4,9,3,"[7.5, 7.5, 7.5]",22.5,7.5,7.5,7.5,3,0.0,11.0,11,8.093525179856115,False,False,1.0,-2.7727272727272734,4.5,18.75,percentage,False
Bristol Palin,Mark Ballas,TV Personality,Alaska,United States,21,15,Eliminated Week 4,9,4,"[8.0, 8.0, 8.0, 8.0]",32.0,8.0,8.0,8.0,4,0.0,8.0,9,9.953343701399689,True,True,0.8888888888888888,-3.7222222222222214,7.5,20.0,percentage,False
Drew Lachey,Anna Trebunskaya,Singer/Rapper,Ohio,United States,36,15,Eliminated Week 3,11,1,"[7.0, 7.0, 7.5]",21.5,7.166666666666667,7.0,7.5,3,0.23570226039551584,6.0,13,7.775768535262206,False,False,0.46153846153846156,0.23076923076922995,3.0,,percentage,False
Drew Lachey,Anna Trebunskaya,Singer/Rapper,Ohio,United States,36,15,Eliminated Week 3,11,2,"[7.5, 7.5, 7.5]",22.5,7.5,7.5,7.5,3,0.0,7.0,12,8.152173913043478,False,False,0.5833333333333334,-0.5,3.5,21.5,percentage,False
Drew Lachey,Anna Trebunskaya,Singer/Rapper,Ohio,United States,36,15,Eliminated Week 3,11,3,"[8.0, 8.0, 8.0]",24.0,8.0,8.0,8.0,3,0.0,9.0,11,8.633093525179856,True,True,0.8181818181818182,-1.2727272727272734,3.0,22.0,percentage,False
Emmitt Smith,Cheryl Burke,Athlete,Florida,United States,43,15,Eliminated Week 9,4,1,"[8.0, 8.5, 8.0]",24.5,8.166666666666666,8.0,8.5,3,0.23570226039551584,1.0,13,8.860759493670885,False,False,0.07692307692307693,3.23076923076923,0.0,,percentage,False
Emmitt Smith,Cheryl Burke,Athlete,Florida,United States,43,15,Eliminated Week 9,4,2,"[7.5, 7.5, 7.5]",22.5,7.5,7.5,7.5,3,0.0,7.0,12,8.152173913043478,False,False,0.5833333333333334,-0.5,3.5,24.5,percentage,False
Emmitt Smith,Cheryl Burke,Athlete,Florida,United States,43,15,Eliminated Week 9,4,3,"[8.5, 8.0, 8.5]",25.0,8.333333333333334,8.0,8.5,3,0.23570226039551584,8.0,11,8.992805755395683,False,False,0.7272727272727273,-0.2727272727272734,2.0,23.5,percentage,False
Emmitt Smith,Cheryl Burke,Athlete,Florida,United States,43,15,Eliminated Week 9,4,4,"[9.0, 9.0, 9.0, 9.0]",36.0,9.0,9.0,9.0,4,0.0,5.0,9,11.19751166407465,False,False,0.5555555555555556,0.27777777777777857,3.5,24.0,percentage,False
Emmitt Smith,Cheryl Burke,Athlete,Florida,United States,43,15,Eliminated Week 9,4,5,"[9.25, 9.25, 9.5]",28.0,9.333333333333334,9.25,9.5,3,0.11785113019775792,6.0,8,12.598425196850393,False,False,0.75,0.21875,1.25,27.0,percentage,False
Emmitt Smith,Cheryl Burke,Athlete,Florida,United States,43,15,Eliminated Week 9,4,6,"[8.5, 8.5, 9.5]",26.5,8.833333333333334,8.5,9.5,3,0.4714045207910317,8.0,8,11.725663716814159,False,False,1.0,-1.75,3.5,27.2,percentage,False
Emmitt Smith,Cheryl Burke,Athlete,Florida,United States,43,15,Eliminated Week 9,4,7,"[10.8333, 11.8333, 11.8333]",34.4999,11.499966666666666,10.8333,11.8333,3,0.4714045207910317,4.0,7,14.25619826173051,False,False,0.5714285714285714,-0.0714285714285765,4.5,27.083333333333332,percentage,False
Emmitt Smith,Cheryl Burke,Athlete,Florida,United States,43,15,Eliminated Week 9,4,8,"[9.5, 9.7777, 9.7777]",29.0554,9.685133333333333,9.5,9.7777,3,0.13090903542366922,4.0,7,14.58037890899821,False,False,0.5714285714285714,0.5871999999999993,0.9446000000000012,28.142842857142856,percentage,False
Emmitt Smith,Cheryl Burke,Athlete,Florida,United States,43,15,Eliminated Week 9,4,9,"[9.0, 9.0, 9.0]",27.0,9.0,9.0,9.0,3,0.0,5.0,5,19.148976912716837,True,True,1.0,-1.199939999999998,2.5,28.2569125,percentage,False
Gilles Marini,Peta Murgatroyd,Actor/Actress,Non-US,France,36,15,Eliminated Week 8,6,1,"[8.0, 8.0, 8.0]",24.0,8.0,8.0,8.0,3,0.0,2.0,13,8.679927667269439,False,False,0.15384615384615385,2.73076923076923,0.5,,percentage,False
Gilles Marini,Peta Murgatroyd,Actor/Actress,Non-US,France,36,15,Eliminated Week 8,6,2,"[8.5, 8.5, 8.5]",25.5,8.5,8.5,8.5,3,0.0,2.0,12,9.239130434782608,False,False,0.16666666666666666,2.5,0.5,24.0,percentage,False
Gilles Marini,Peta Murgatroyd,Actor/Actress,Non-US,France,36,15,Eliminated Week 8,6,3,"[8.5, 8.5, 8.5]",25.5,8.5,8.5,8.5,3,0.0,4.0,11,9.172661870503598,False,False,0.36363636363636365,0.22727272727272663,1.5,24.75,percentage,False
Gilles Marini,Peta Murgatroyd,Actor/Actress,Non-US,France,36,15,Eliminated Week 8,6,4,"[10.0, 9.5, 10.0, 10.0]",39.5,9.875,9.5,10.0,4,0.21650635094610965,1.0,9,12.28615863141524,False,False,0.1111111111111111,3.7777777777777786,0.0,25.0,percentage,False
Gilles Marini,Peta Murgatroyd,Actor/Actress,Non-US,France,36,15,Eliminated Week 8,6,5,"[9.5, 9.25, 9.5]",28.25,9.416666666666666,9.25,9.5,3,0.11785113019775792,2.0,8,12.710911136107987,False,False,0.25,0.46875,1.0,28.625,percentage,False
Gilles Marini,Peta Murgatroyd,Actor/Actress,Non-US,France,36,15,Eliminated Week 8,6,6,"[9.0, 9.0, 9.5]",27.5,9.166666666666666,9.0,9.5,3,0.23570226039551584,5.0,8,12.168141592920353,False,False,0.625,-0.75,2.5,28.55,percentage,False
Gilles Marini,Peta Murgatroyd,Actor/Actress,Non-US,France,36,15,Eliminated Week 8,6,7,"[11.1666, 11.1666, 11.1666]",33.4998,11.1666,11.1666,11.1666,3,0.0,5.0,7,13.84293260352406,False,False,0.7142857142857143,-1.0715285714285727,5.500099999999996,28.375,percentage,False
Gilles Marini,Peta Murgatroyd,Actor/Actress,Non-US,France,36,15,Eliminated Week 8,6,8,"[9.5, 10.0, 9.7777]",29.2777,9.759233333333333,9.5,10.0,3,0.20454137859014138,2.0,7,14.691931950135839,True,True,0.2857142857142857,0.8094999999999999,0.7223000000000006,29.107114285714285,percentage,False
Helio Castroneves,Chelsie Hightower,Racing Driver,Non-US,Brazil,37,15,Eliminated Week 3,10,1,"[7.0, 7.5, 7.0]",21.5,7.166666666666667,7.0,7.5,3,0.23570226039551584,6.0,13,7.775768535262206,False,False,0.46153846153846156,0.23076923076922995,3.0,,percentage,False
Helio Castroneves,Chelsie Hightower,Racing Driver,Non-US,Brazil,37,15,Eliminated Week 3,10,2,"[8.0, 7.5, 7.5]",23.0,7.666666666666667,7.5,8.0,3,0.23570226039551584,6.0,12,8.333333333333332,False,False,0.5,0.0,3.0,21.5,percentage,False
Helio Castroneves,Chelsie Hightower,Racing Driver,Non-US,Brazil,37,15,Eliminated Week 3,10,3,"[8.5, 8.5, 8.5]",25.5,8.5,8.5,8.5,3,0.0,4.0,11,9.172661870503598,True,True,0.36363636363636365,0.22727272727272663,1.5,22.25,percentage,False
Joey Fatone,Kym Johnson,Singer/Rapper,New York,United States,35,15,Eliminated Week 2,12,1,"[6.5, 7.0, 7.0]",20.5,6.833333333333333,6.5,7.0,3,0.23570226039551584,10.0,13,7.414104882459313,False,False,0.7692307692307693,-0.76923076923077,4.0,,percentage,False
Joey Fatone,Kym Johnson,Singer/Rapper,New York,United States,35,15,Eliminated Week 2,12,2,"[7.5, 7.5, 7.5]",22.5,7.5,7.5,7.5,3,0.0,7.0,12,8.152173913043478,True,True,0.5833333333333334,-0.5,3.5,20.5,percentage,False
Kelly Monaco,Valentin Chmerkovskiy,Actor/Actress,Pennsylvania,United States,36,15,3rd Place,3,1,"[7.0, 7.0, 7.5]",21.5,7.166666666666667,7.0,7.5,3,0.23570226039551584,6.0,13,7.775768535262206,False,False,0.46153846153846156,0.23076923076922995,3.0,,percentage,False
Kelly Monaco,Valentin Chmerkovskiy,Actor/Actress,Pennsylvania,United States,36,15,3rd Place,3,2,"[7.5, 7.0, 7.5]",22.0,7.333333333333333,7.0,7.5,3,0.23570226039551584,10.0,12,7.971014492753622,False,False,0.8333333333333334,-1.0,4.0,21.5,percentage,False
Kelly Monaco,Valentin Chmerkovskiy,Actor/Actress,Pennsylvania,United States,36,15,3rd Place,3,3,"[9.0, 9.0, 9.0]",27.0,9.0,9.0,9.0,3,0.0,1.0,11,9.712230215827338,False,False,0.09090909090909091,1.7272727272727266,0.0,21.75,percentage,False
Kelly Monaco,Valentin Chmerkovskiy,Actor/Actress,Pennsylvania,United States,36,15,3rd Place,3,4,"[9.0, 9.5, 9.5, 9.5]",37.5,9.375,9.0,9.5,4,0.21650635094610965,3.0,9,11.66407465007776,False,False,0.3333333333333333,1.7777777777777786,2.0,23.5,percentage,False
Kelly Monaco,Valentin Chmerkovskiy,Actor/Actress,Pennsylvania,United States,36,15,3rd Place,3,5,"[8.5, 8.5, 8.75]",25.75,8.583333333333334,8.5,8.75,3,0.11785113019775792,8.0,8,11.586051743532058,False,False,1.0,-2.03125,3.5,27.0,percentage,False
Kelly Monaco,Valentin Chmerkovskiy,Actor/Actress,Pennsylvania,United States,36,15,3rd Place,3,6,"[9.0, 9.0, 9.0]",27.0,9.0,9.0,9.0,3,0.0,7.0,8,11.946902654867257,False,False,0.875,-1.25,3.0,26.75,percentage,False
Kelly Monaco,Valentin Chmerkovskiy,Actor/Actress,Pennsylvania,United States,36,15,3rd Place,3,7,"[12.0, 12.0, 12.0]",36.0,12.0,12.0,12.0,3,0.0,3.0,7,14.876076087823394,False,False,0.42857142857142855,1.4286714285714268,2.9998999999999967,26.791666666666668,percentage,False
Kelly Monaco,Valentin Chmerkovskiy,Actor/Actress,Pennsylvania,United States,36,15,3rd Place,3,8,"[9.5, 9.3333, 9.5]",28.3333,9.444433333333334,9.3333,9.5,3,0.07858313361586523,5.0,7,14.21801970519487,False,False,0.7142857142857143,-0.13489999999999824,1.6666999999999987,28.107142857142858,percentage,False
Kelly Monaco,Valentin Chmerkovskiy,Actor/Actress,Pennsylvania,United States,36,15,3rd Place,3,9,"[8.7777, 9.3333, 9.0]",27.110999999999997,9.036999999999999,8.7777,9.3333,3,0.22832665197037336,4.0,5,19.227700484469114,False,False,0.8,-1.088940000000001,2.389000000000003,28.1354125,percentage,False
Kelly Monaco,Valentin Chmerkovskiy,Actor/Actress,Pennsylvania,United States,36,15,3rd Place,3,10,"[9.6666, 9.6666, 9.7777]",29.1109,9.703633333333334,9.6666,9.7777,3,0.052373042259882985,2.0,3,33.31212530739241,True,False,0.6666666666666666,-0.018533333333333957,0.2221999999999973,28.02158888888889,percentage,False
Kirstie Alley,Maksim Chmerkoskiy,Actor/Actress,Kansas,United States,61,15,Eliminated Week 8,7,1,"[6.5, 6.0, 6.5]",19.0,6.333333333333333,6.0,6.5,3,0.23570226039551584,12.0,13,6.871609403254973,False,False,0.9230769230769231,-2.26923076923077,5.5,,percentage,False
Kirstie Alley,Maksim Chmerkoskiy,Actor/Actress,Kansas,United States,61,15,Eliminated Week 8,7,2,"[7.0, 7.0, 7.0]",21.0,7.0,7.0,7.0,3,0.0,11.0,12,7.608695652173914,False,False,0.9166666666666666,-2.0,5.0,19.0,percentage,False
Kirstie Alley,Maksim Chmerkoskiy,Actor/Actress,Kansas,United States,61,15,Eliminated Week 8,7,3,"[8.0, 8.0, 8.0]",24.0,8.0,8.0,8.0,3,0.0,9.0,11,8.633093525179856,False,False,0.8181818181818182,-1.2727272727272734,3.0,20.0,percentage,False
Kirstie Alley,Maksim Chmerkoskiy,Actor/Actress,Kansas,United States,61,15,Eliminated Week 8,7,4,"[7.5, 7.5, 7.5, 7.5]",30.0,7.5,7.5,7.5,4,0.0,9.0,9,9.331259720062208,False,False,1.0,-5.722222222222221,9.5,21.333333333333332,percentage,False
Kirstie Alley,Maksim Chmerkoskiy,Actor/Actress,Kansas,United States,61,15,Eliminated Week 8,7,5,"[8.75, 8.75, 8.75]",26.25,8.75,8.75,8.75,3,0.0,7.0,8,11.811023622047244,False,False,0.875,-1.53125,3.0,23.5,percentage,False
Kirstie Alley,Maksim Chmerkoskiy,Actor/Actress,Kansas,United States,61,15,Eliminated Week 8,7,6,"[9.5, 8.5, 9.5]",27.5,9.166666666666666,8.5,9.5,3,0.4714045207910317,5.0,8,12.168141592920353,False,False,0.625,-0.75,2.5,24.05,percentage,False
Kirstie Alley,Maksim Chmerkoskiy,Actor/Actress,Kansas,United States,61,15,Eliminated Week 8,7,7,"[9.3333, 9.3333, 9.3333]",27.999899999999997,9.3333,9.3333,9.3333,3,0.0,7.0,7,11.57024007920684,False,False,1.0,-6.5714285714285765,11.0,24.625,percentage,False
Kirstie Alley,Maksim Chmerkoskiy,Actor/Actress,Kansas,United States,61,15,Eliminated Week 8,7,8,"[8.5, 8.5, 8.5]",25.5,8.5,8.5,8.5,3,0.0,7.0,7,12.7962327890669,True,True,1.0,-2.9681999999999995,4.5,25.10712857142857,percentage,False
Melissa Rycroft,Tony Dovolani,TV Personality,Texas,United States,29,15,1st Place,1,1,"[7.0, 7.0, 7.0]",21.0,7.0,7.0,7.0,3,0.0,9.0,13,7.59493670886076,False,False,0.6923076923076923,-0.26923076923077005,3.5,,percentage,False
Melissa Rycroft,Tony Dovolani,TV Personality,Texas,United States,29,15,1st Place,1,2,"[8.0, 8.0, 7.5]",23.5,7.833333333333333,7.5,8.0,3,0.23570226039551584,5.0,12,8.51449275362319,False,False,0.4166666666666667,0.5,2.5,21.0,percentage,False
Melissa Rycroft,Tony Dovolani,TV Personality,Texas,United States,29,15,1st Place,1,3,"[9.0, 9.0, 9.0]",27.0,9.0,9.0,9.0,3,0.0,1.0,11,9.712230215827338,False,False,0.09090909090909091,1.7272727272727266,0.0,22.25,percentage,False
Melissa Rycroft,Tony Dovolani,TV Personality,Texas,United States,29,15,1st Place,1,4,"[9.0, 9.0, 9.5, 9.5]",37.0,9.25,9.0,9.5,4,0.25,4.0,9,11.508553654743391,False,False,0.4444444444444444,1.2777777777777786,2.5,23.833333333333332,percentage,False
Melissa Rycroft,Tony Dovolani,TV Personality,Texas,United States,29,15,1st Place,1,5,"[9.25, 9.5, 9.5]",28.25,9.416666666666666,9.25,9.5,3,0.11785113019775792,2.0,8,12.710911136107987,False,False,0.25,0.46875,1.0,27.125,percentage,False
Melissa Rycroft,Tony Dovolani,TV Personality,Texas,United States,29,15,1st Place,1,6,"[9.5, 10.0, 10.0]",29.5,9.833333333333334,9.5,10.0,3,0.23570226039551584,3.0,8,13.053097345132745,False,False,0.375,1.25,0.5,27.35,percentage,False
Melissa Rycroft,Tony Dovolani,TV Personality,Texas,United States,29,15,1st Place,1,7,"[13.3333, 12.8333, 12.8333]",38.9999,12.999966666666666,12.8333,13.3333,3,0.23570226039551584,1.0,7,16.115707772708436,False,False,0.14285714285714285,4.4285714285714235,0.0,27.708333333333332,percentage,False
Melissa Rycroft,Tony Dovolani,TV Personality,Texas,United States,29,15,1st Place,1,8,"[10.0, 10.0, 10.0]",30.0,10.0,10.0,10.0,3,0.0,1.0,7,15.054391516549293,False,False,0.14285714285714285,1.5318000000000005,0.0,29.321414285714287,percentage,False
Melissa Rycroft,Tony Dovolani,TV Personality,Texas,United States,29,15,1st Place,1,9,"[9.5, 9.7777, 9.5]",28.7777,9.592566666666666,9.5,9.7777,3,0.13090903542366922,2.0,5,20.409759737077458,False,False,0.4,0.5777600000000014,0.7223000000000006,29.4062375,percentage,False
Melissa Rycroft,Tony Dovolani,TV Personality,Texas,United States,29,15,1st Place,1,10,"[9.7777, 9.7777, 9.7777]",29.333099999999998,9.7777,9.7777,9.7777,3,0.0,1.0,3,33.56639275509421,True,False,0.3333333333333333,0.20366666666666333,0.0,29.3364,percentage,False
Pamela Anderson,Tristan MacManus,Model,Non-US,Canada,45,15,Eliminated Week 1,13,1,"[5.5, 5.5, 6.0]",17.0,5.666666666666667,5.5,6.0,3,0.23570226039551584,13.0,13,6.148282097649186,True,True,1.0,-4.26923076923077,7.5,,percentage,False
Sabrina Bryan,Louis van Amstel,Actor/Actress,California,United States,28,15,Eliminated Week 6,8,1,"[7.5, 7.5, 7.5]",22.5,7.5,7.5,7.5,3,0.0,3.0,13,8.1374321880651,False,False,0.23076923076923078,1.23076923076923,2.0,,percentage,False
Sabrina Bryan,Louis van Amstel,Actor/Actress,California,United States,28,15,Eliminated Week 6,8,2,"[9.0, 8.5, 8.5]",26.0,8.666666666666666,8.5,9.0,3,0.23570226039551584,1.0,12,9.420289855072465,False,False,0.08333333333333333,3.0,0.0,22.5,percentage,False
Sabrina Bryan,Louis van Amstel,Actor/Actress,California,United States,28,15,Eliminated Week 6,8,3,"[8.5, 8.5, 8.5]",25.5,8.5,8.5,8.5,3,0.0,4.0,11,9.172661870503598,False,False,0.36363636363636365,0.22727272727272663,1.5,24.25,percentage,False
Sabrina Bryan,Louis van Amstel,Actor/Actress,California,United States,28,15,Eliminated Week 6,8,4,"[9.0, 9.0, 8.5, 9.0]",35.5,8.875,8.5,9.0,4,0.21650635094610965,6.0,9,11.04199066874028,False,False,0.6666666666666666,-0.22222222222222143,4.0,24.666666666666668,percentage,False
Sabrina Bryan,Louis van Amstel,Actor/Actress,California,United States,28,15,Eliminated Week 6,8,5,"[9.75, 9.75, 9.75]",29.25,9.75,9.75,9.75,3,0.0,1.0,8,13.160854893138357,False,False,0.125,1.46875,0.0,27.375,percentage,False
Sabrina Bryan,Louis van Amstel,Actor/Actress,California,United States,28,15,Eliminated Week 6,8,6,"[10.0, 10.0, 10.0]",30.0,10.0,10.0,10.0,3,0.0,1.0,8,13.274336283185843,True,True,0.125,1.75,0.0,27.75,percentage,False
Shawn Johnson,Derek Hough,Athlete,Iowa,United States,20,15,2nd Place,2,1,"[8.0, 6.5, 7.5]",22.0,7.333333333333333,6.5,8.0,3,0.6236095644623235,4.0,13,7.956600361663653,False,False,0.3076923076923077,0.73076923076923,2.5,,percentage,False
Shawn Johnson,Derek Hough,Athlete,Iowa,United States,20,15,2nd Place,2,2,"[8.5, 8.0, 8.5]",25.0,8.333333333333334,8.0,8.5,3,0.23570226039551584,3.0,12,9.057971014492754,False,False,0.25,2.0,1.0,22.0,percentage,False
Shawn Johnson,Derek Hough,Athlete,Iowa,United States,20,15,2nd Place,2,3,"[9.0, 8.0, 9.5]",26.5,8.833333333333334,8.0,9.5,3,0.6236095644623235,3.0,11,9.532374100719425,False,False,0.2727272727272727,1.2272727272727266,0.5,23.5,percentage,False
Shawn Johnson,Derek Hough,Athlete,Iowa,United States,20,15,2nd Place,2,4,"[10.0, 9.5, 10.0, 10.0]",39.5,9.875,9.5,10.0,4,0.21650635094610965,1.0,9,12.28615863141524,False,False,0.1111111111111111,3.7777777777777786,0.0,24.5,percentage,False
Shawn Johnson,Derek Hough,Athlete,Iowa,United States,20,15,2nd Place,2,5,"[9.25, 9.0, 10.0]",28.25,9.416666666666666,9.0,10.0,3,0.42491829279939874,2.0,8,12.710911136107987,False,False,0.25,0.46875,1.0,28.25,percentage,False
Shawn Johnson,Derek Hough,Athlete,Iowa,United States,20,15,2nd Place,2,6,"[9.5, 8.5, 10.0]",28.0,9.333333333333334,8.5,10.0,3,0.6236095644623235,4.0,8,12.389380530973451,False,False,0.5,-0.25,2.0,28.25,percentage,False
Shawn Johnson,Derek Hough,Athlete,Iowa,United States,20,15,2nd Place,2,7,"[12.6666, 12.6666, 12.6666]",37.9998,12.6666,12.6666,12.6666,3,0.0,2.0,7,15.702442114501986,False,False,0.2857142857142857,3.4284714285714273,1.0000999999999962,28.208333333333332,percentage,False
Shawn Johnson,Derek Hough,Athlete,Iowa,United States,20,15,2nd Place,2,8,"[10.0, 8.3333, 9.5]",27.8333,9.277766666666666,8.3333,10.0,3,0.6983375322069474,6.0,7,13.967113179919046,False,False,0.8571428571428571,-0.6348999999999982,2.1666999999999987,29.607114285714285,percentage,False
Shawn Johnson,Derek Hough,Athlete,Iowa,United States,20,15,2nd Place,2,9,"[9.5, 10.0, 10.0]",29.5,9.833333333333334,9.5,10.0,3,0.23570226039551584,1.0,5,20.92203033056099,False,False,0.2,1.300060000000002,0.0,29.3853875,percentage,False
Shawn Johnson,Derek Hough,Athlete,Iowa,United States,20,15,2nd Place,2,10,"[9.6666, 9.5, 9.7777]",28.944300000000002,9.648100000000001,9.5,9.7777,3,0.11412277014981113,3.0,3,33.12148193751337,True,False,1.0,-0.18513333333333293,0.38879999999999626,29.398122222222224,percentage,False
Alexandra Raisman,Mark Ballas,Athlete,Massachusetts,United States,18,16,Eliminated Week 10,4,1,"[7.0, 7.0, 7.0]",21.0,7.0,7.0,7.0,3,0.0,2.0,12,9.170305676855897,False,False,0.16666666666666666,1.9166666666666679,3.0,,percentage,False
Alexandra Raisman,Mark Ballas,Athlete,Massachusetts,United States,18,16,Eliminated Week 10,4,2,"[8.0, 8.0, 8.0]",24.0,8.0,8.0,8.0,3,0.0,3.0,12,9.836065573770492,False,False,0.25,3.666666666666668,2.0,21.0,percentage,False
Alexandra Raisman,Mark Ballas,Athlete,Massachusetts,United States,18,16,Eliminated Week 10,4,3,"[7.0, 8.0, 8.0]",23.0,7.666666666666667,7.0,8.0,3,0.4714045207910317,4.0,11,9.787250701703321,False,False,0.36363636363636365,1.6364000000000019,2.9998000000000005,22.5,percentage,False
Alexandra Raisman,Mark Ballas,Athlete,Massachusetts,United States,18,16,Eliminated Week 10,4,4,"[9.0, 9.0, 9.0]",27.0,9.0,9.0,9.0,3,0.0,1.0,10,12.053571428571429,False,False,0.1,4.600000000000001,0.0,22.666666666666668,percentage,False
Alexandra Raisman,Mark Ballas,Athlete,Massachusetts,United States,18,16,Eliminated Week 10,4,5,"[8.0, 8.0, 9.0]",25.0,8.333333333333334,8.0,9.0,3,0.4714045207910317,4.0,9,11.961722488038278,False,False,0.4444444444444444,1.7777777777777786,4.0,23.75,percentage,False
Alexandra Raisman,Mark Ballas,Athlete,Massachusetts,United States,18,16,Eliminated Week 10,4,6,"[8.5, 9.0, 8.5]",26.0,8.666666666666666,8.5,9.0,3,0.23570226039551584,2.0,8,13.793103448275861,False,False,0.25,2.4375,1.0,24.0,percentage,False
Alexandra Raisman,Mark Ballas,Athlete,Massachusetts,United States,18,16,Eliminated Week 10,4,7,"[11.0, 10.0, 11.0]",32.0,10.666666666666666,10.0,11.0,3,0.4714045207910317,1.0,7,17.391304347826086,False,False,0.14285714285714285,5.714285714285715,0.0,24.333333333333332,percentage,False
Alexandra Raisman,Mark Ballas,Athlete,Massachusetts,United States,18,16,Eliminated Week 10,4,8,"[9.0, 9.5, 9.5]",28.0,9.333333333333334,9.0,9.5,3,0.23570226039551584,2.0,6,18.006430868167204,False,False,0.3333333333333333,2.083333333333332,1.0,25.428571428571427,percentage,False
Alexandra Raisman,Mark Ballas,Athlete,Massachusetts,United States,18,16,Eliminated Week 10,4,9,"[10.0, 9.5, 10.0]",29.5,9.833333333333334,9.5,10.0,3,0.23570226039551584,1.0,5,20.921985815602838,False,False,0.2,1.3000000000000007,0.0,25.75,percentage,False
Alexandra Raisman,Mark Ballas,Athlete,Massachusetts,United States,18,16,Eliminated Week 10,4,10,"[9.5, 9.5, 10.0]",29.0,9.666666666666666,9.5,10.0,3,0.23570226039551584,3.0,4,24.786345971235875,True,True,0.75,-0.24997499999999917,1.0,26.166666666666668,percentage,False
Andy Dick,Sharna Burgess,Comedian,South Carolina,United States,47,16,Eliminated Week 7,7,1,"[6.0, 5.0, 6.0]",17.0,5.666666666666667,5.0,6.0,3,0.4714045207910317,11.0,12,7.423580786026202,False,False,0.9166666666666666,-2.083333333333332,7.0,,percentage,False
Andy Dick,Sharna Burgess,Comedian,South Carolina,United States,47,16,Eliminated Week 7,7,2,"[7.0, 6.0, 7.0]",20.0,6.666666666666667,6.0,7.0,3,0.4714045207910317,5.0,12,8.19672131147541,False,False,0.4166666666666667,-0.33333333333333215,6.0,17.0,percentage,False
Andy Dick,Sharna Burgess,Comedian,South Carolina,United States,47,16,Eliminated Week 7,7,3,"[6.0, 6.0, 6.0]",18.0,6.0,6.0,6.0,3,0.0,9.0,11,7.659587505680861,False,False,0.8181818181818182,-3.363599999999998,7.9998000000000005,18.5,percentage,False
Andy Dick,Sharna Burgess,Comedian,South Carolina,United States,47,16,Eliminated Week 7,7,4,"[7.0, 7.0, 7.0]",21.0,7.0,7.0,7.0,3,0.0,6.0,10,9.375,False,False,0.6,-1.3999999999999986,6.0,18.333333333333332,percentage,False
Andy Dick,Sharna Burgess,Comedian,South Carolina,United States,47,16,Eliminated Week 7,7,5,"[6.0, 6.0, 6.0]",18.0,6.0,6.0,6.0,3,0.0,8.0,9,8.61244019138756,False,False,0.8888888888888888,-5.222222222222221,11.0,19.0,percentage,False
Andy Dick,Sharna Burgess,Comedian,South Carolina,United States,47,16,Eliminated Week 7,7,6,"[7.0, 7.5, 7.0]",21.5,7.166666666666667,7.0,7.5,3,0.23570226039551584,7.0,8,11.405835543766578,False,False,0.875,-2.0625,5.5,18.8,percentage,False
Andy Dick,Sharna Burgess,Comedian,South Carolina,United States,47,16,Eliminated Week 7,7,7,"[5.0, 6.0, 6.0]",17.0,5.666666666666667,5.0,6.0,3,0.4714045207910317,7.0,7,9.239130434782608,True,True,1.0,-9.285714285714285,15.0,19.25,percentage,False
D. L. Hughley,Cheryl Burke,Comedian,Virginia,United States,50,16,Eliminated Week 5,9,1,"[4.0, 4.0, 4.0]",12.0,4.0,4.0,4.0,3,0.0,12.0,12,5.240174672489083,False,False,1.0,-7.083333333333332,12.0,,percentage,False
D. L. Hughley,Cheryl Burke,Comedian,Virginia,United States,50,16,Eliminated Week 5,9,2,"[5.0, 5.0, 6.0]",16.0,5.333333333333333,5.0,6.0,3,0.4714045207910317,11.0,12,6.557377049180328,False,False,0.9166666666666666,-4.333333333333332,10.0,12.0,percentage,False
D. L. Hughley,Cheryl Burke,Comedian,Virginia,United States,50,16,Eliminated Week 5,9,3,"[6.0, 5.0, 5.0]",16.0,5.333333333333333,5.0,6.0,3,0.4714045207910317,10.0,11,6.808522227271877,False,False,0.9090909090909091,-5.363599999999998,9.9998,14.0,percentage,False
D. L. Hughley,Cheryl Burke,Comedian,Virginia,United States,50,16,Eliminated Week 5,9,4,"[7.0, 7.0, 7.0]",21.0,7.0,7.0,7.0,3,0.0,6.0,10,9.375,False,False,0.6,-1.3999999999999986,6.0,14.666666666666666,percentage,False
D. L. Hughley,Cheryl Burke,Comedian,Virginia,United States,50,16,Eliminated Week 5,9,5,"[6.0, 6.0, 6.0]",18.0,6.0,6.0,6.0,3,0.0,8.0,9,8.61244019138756,True,True,0.8888888888888888,-5.222222222222221,11.0,16.25,percentage,False
Dorothy Hamill,Tristan MacManus,Athlete,Illinois,United States,56,16,Withdrew,12,1,"[7.0, 7.0, 7.0]",21.0,7.0,7.0,7.0,3,0.0,2.0,12,9.170305676855897,False,False,0.16666666666666666,1.9166666666666679,3.0,,percentage,False
Dorothy Hamill,Tristan MacManus,Athlete,Illinois,United States,56,16,Withdrew,12,2,"[5.0, 5.0, 5.0]",15.0,5.0,5.0,5.0,3,0.0,12.0,12,6.147540983606557,True,True,1.0,-5.333333333333332,11.0,21.0,percentage,False
Ingo Rademacher,Kym Johnson,Actor/Actress,Non-US,Germany,41,16,Eliminated Week 9,5,1,"[7.0, 6.0, 7.0]",20.0,6.666666666666667,6.0,7.0,3,0.4714045207910317,5.0,12,8.73362445414847,False,False,0.4166666666666667,0.9166666666666679,4.0,,percentage,False
Ingo Rademacher,Kym Johnson,Actor/Actress,Non-US,Germany,41,16,Eliminated Week 9,5,2,"[6.0, 7.0, 7.0]",20.0,6.666666666666667,6.0,7.0,3,0.4714045207910317,5.0,12,8.19672131147541,False,False,0.4166666666666667,-0.33333333333333215,6.0,20.0,percentage,False
Ingo Rademacher,Kym Johnson,Actor/Actress,Non-US,Germany,41,16,Eliminated Week 9,5,3,"[7.0, 7.0, 7.0]",21.0,7.0,7.0,7.0,3,0.0,6.0,11,8.936185423294338,False,False,0.5454545454545454,-0.36359999999999815,4.9998000000000005,20.0,percentage,False
Ingo Rademacher,Kym Johnson,Actor/Actress,Non-US,Germany,41,16,Eliminated Week 9,5,4,"[8.0, 7.0, 8.0]",23.0,7.666666666666667,7.0,8.0,3,0.4714045207910317,5.0,10,10.267857142857142,False,False,0.5,0.6000000000000014,4.0,20.333333333333332,percentage,False
Ingo Rademacher,Kym Johnson,Actor/Actress,Non-US,Germany,41,16,Eliminated Week 9,5,5,"[7.0, 7.0, 7.0]",21.0,7.0,7.0,7.0,3,0.0,6.0,9,10.047846889952153,False,False,0.6666666666666666,-2.2222222222222214,8.0,21.0,percentage,False
Ingo Rademacher,Kym Johnson,Actor/Actress,Non-US,Germany,41,16,Eliminated Week 9,5,6,"[7.5, 8.0, 7.5]",23.0,7.666666666666667,7.5,8.0,3,0.23570226039551584,4.0,8,12.20159151193634,False,False,0.5,-0.5625,4.0,21.0,percentage,False
Ingo Rademacher,Kym Johnson,Actor/Actress,Non-US,Germany,41,16,Eliminated Week 9,5,7,"[8.0, 9.0, 8.0]",25.0,8.333333333333334,8.0,9.0,3,0.4714045207910317,5.0,7,13.586956521739129,False,False,0.7142857142857143,-1.2857142857142847,7.0,21.333333333333332,percentage,False
Ingo Rademacher,Kym Johnson,Actor/Actress,Non-US,Germany,41,16,Eliminated Week 9,5,8,"[8.0, 8.0, 8.0]",24.0,8.0,8.0,8.0,3,0.0,5.0,6,15.434083601286176,False,False,0.8333333333333334,-1.9166666666666679,5.0,21.857142857142858,percentage,False
Ingo Rademacher,Kym Johnson,Actor/Actress,Non-US,Germany,41,16,Eliminated Week 9,5,9,"[8.5, 8.5, 8.5]",25.5,8.5,8.5,8.5,3,0.0,5.0,5,18.085106382978726,True,True,1.0,-2.6999999999999993,4.0,22.125,percentage,False
Jacoby Jones,Karina Smirnoff,Athlete,Louisiana,United States,28,16,3rd Place,3,1,"[7.0, 6.0, 7.0]",20.0,6.666666666666667,6.0,7.0,3,0.4714045207910317,5.0,12,8.73362445414847,False,False,0.4166666666666667,0.9166666666666679,4.0,,percentage,False
Jacoby Jones,Karina Smirnoff,Athlete,Louisiana,United States,28,16,3rd Place,3,2,"[8.0, 7.0, 8.0]",23.0,7.666666666666667,7.0,8.0,3,0.4714045207910317,4.0,12,9.426229508196721,False,False,0.3333333333333333,2.666666666666668,3.0,20.0,percentage,False
Jacoby Jones,Karina Smirnoff,Athlete,Louisiana,United States,28,16,3rd Place,3,3,"[8.6666, 8.6666, 8.6666]",25.9998,8.6666,8.6666,8.6666,3,0.0,1.0,11,11.063763512788958,False,False,0.09090909090909091,4.636200000000002,0.0,21.5,percentage,False
Jacoby Jones,Karina Smirnoff,Athlete,Louisiana,United States,28,16,3rd Place,3,4,"[8.0, 8.0, 8.0]",24.0,8.0,8.0,8.0,3,0.0,4.0,10,10.714285714285714,False,False,0.4,1.6000000000000014,3.0,22.99993333333333,percentage,False
Jacoby Jones,Karina Smirnoff,Athlete,Louisiana,United States,28,16,3rd Place,3,5,"[9.0, 8.0, 9.0]",26.0,8.666666666666666,8.0,9.0,3,0.4714045207910317,3.0,9,12.440191387559809,False,False,0.3333333333333333,2.7777777777777786,3.0,23.24995,percentage,False
Jacoby Jones,Karina Smirnoff,Athlete,Louisiana,United States,28,16,3rd Place,3,6,"[7.5, 7.5, 7.5]",22.5,7.5,7.5,7.5,3,0.0,6.0,8,11.936339522546419,False,False,0.75,-1.0625,4.5,23.79996,percentage,False
Jacoby Jones,Karina Smirnoff,Athlete,Louisiana,United States,28,16,3rd Place,3,7,"[9.0, 9.0, 9.0]",27.0,9.0,9.0,9.0,3,0.0,4.0,7,14.673913043478262,False,False,0.5714285714285714,0.7142857142857153,5.0,23.583299999999998,percentage,False
Jacoby Jones,Karina Smirnoff,Athlete,Louisiana,United States,28,16,3rd Place,3,8,"[8.5, 9.0, 8.5]",26.0,8.666666666666666,8.5,9.0,3,0.23570226039551584,4.0,6,16.720257234726688,False,False,0.6666666666666666,0.08333333333333215,3.0,24.0714,percentage,False
Jacoby Jones,Karina Smirnoff,Athlete,Louisiana,United States,28,16,3rd Place,3,9,"[10.0, 9.5, 10.0]",29.5,9.833333333333334,9.5,10.0,3,0.23570226039551584,1.0,5,20.921985815602838,False,False,0.2,1.3000000000000007,0.0,24.312475,percentage,False
Jacoby Jones,Karina Smirnoff,Athlete,Louisiana,United States,28,16,3rd Place,3,10,"[9.3333, 9.3333, 9.3333]",27.999899999999997,9.3333,9.3333,9.3333,3,0.0,4.0,4,23.93155891586232,True,False,1.0,-1.2500750000000025,2.0001000000000033,24.888866666666665,percentage,False
Kellie Pickler,Derek Hough,Singer/Rapper,North Carolina,United States,26,16,1st Place,1,1,"[7.0, 7.0, 7.0]",21.0,7.0,7.0,7.0,3,0.0,2.0,12,9.170305676855897,False,False,0.16666666666666666,1.9166666666666679,3.0,,percentage,False
Kellie Pickler,Derek Hough,Singer/Rapper,North Carolina,United States,26,16,1st Place,1,2,"[9.0, 8.0, 9.0]",26.0,8.666666666666666,8.0,9.0,3,0.4714045207910317,1.0,12,10.655737704918032,False,False,0.08333333333333333,5.666666666666668,0.0,21.0,percentage,False
Kellie Pickler,Derek Hough,Singer/Rapper,North Carolina,United States,26,16,1st Place,1,3,"[8.0, 9.0, 8.0]",25.0,8.333333333333334,8.0,9.0,3,0.4714045207910317,3.0,11,10.638315980112308,False,False,0.2727272727272727,3.636400000000002,0.9998000000000005,23.5,percentage,False
Kellie Pickler,Derek Hough,Singer/Rapper,North Carolina,United States,26,16,1st Place,1,4,"[9.0, 8.0, 9.0]",26.0,8.666666666666666,8.0,9.0,3,0.4714045207910317,2.0,10,11.607142857142858,False,False,0.2,3.6000000000000014,1.0,24.0,percentage,False
Kellie Pickler,Derek Hough,Singer/Rapper,North Carolina,United States,26,16,1st Place,1,5,"[9.0, 9.0, 9.0]",27.0,9.0,9.0,9.0,3,0.0,2.0,9,12.918660287081341,False,False,0.2222222222222222,3.7777777777777786,2.0,24.5,percentage,False
Kellie Pickler,Derek Hough,Singer/Rapper,North Carolina,United States,26,16,1st Place,1,6,"[8.5, 9.5, 9.0]",27.0,9.0,8.5,9.5,3,0.408248290463863,1.0,8,14.323607427055704,False,False,0.125,3.4375,0.0,25.0,percentage,False
Kellie Pickler,Derek Hough,Singer/Rapper,North Carolina,United States,26,16,1st Place,1,7,"[9.0, 10.0, 10.0]",29.0,9.666666666666666,9.0,10.0,3,0.4714045207910317,3.0,7,15.760869565217392,False,False,0.42857142857142855,2.7142857142857153,3.0,25.333333333333332,percentage,False
Kellie Pickler,Derek Hough,Singer/Rapper,North Carolina,United States,26,16,1st Place,1,8,"[9.5, 8.0, 10.0]",27.5,9.166666666666666,8.0,10.0,3,0.8498365855987975,3.0,6,17.684887459807076,False,False,0.5,1.5833333333333321,1.5,25.857142857142858,percentage,False
Kellie Pickler,Derek Hough,Singer/Rapper,North Carolina,United States,26,16,1st Place,1,9,"[9.5, 10.0, 9.5]",29.0,9.666666666666666,9.5,10.0,3,0.23570226039551584,3.0,5,20.56737588652482,False,False,0.6,0.8000000000000007,0.5,26.0625,percentage,False
Kellie Pickler,Derek Hough,Singer/Rapper,North Carolina,United States,26,16,1st Place,1,10,"[10.0, 10.0, 10.0]",30.0,10.0,10.0,10.0,3,0.0,1.0,4,25.641047556450903,True,False,0.25,0.7500250000000008,0.0,26.38888888888889,percentage,False
Lisa Vanderpump,Gleb Savchenko,TV Personality,Non-US,England,52,16,Eliminated Week 4,10,1,"[6.0, 6.0, 6.0]",18.0,6.0,6.0,6.0,3,0.0,8.0,12,7.860262008733625,False,False,0.6666666666666666,-1.0833333333333321,6.0,,percentage,False
Lisa Vanderpump,Gleb Savchenko,TV Personality,Non-US,England,52,16,Eliminated Week 4,10,2,"[6.0, 6.0, 6.0]",18.0,6.0,6.0,6.0,3,0.0,8.0,12,7.377049180327869,False,False,0.6666666666666666,-2.333333333333332,8.0,18.0,percentage,False
Lisa Vanderpump,Gleb Savchenko,TV Personality,Non-US,England,52,16,Eliminated Week 4,10,3,"[7.0, 7.0, 7.0]",21.0,7.0,7.0,7.0,3,0.0,6.0,11,8.936185423294338,False,False,0.5454545454545454,-0.36359999999999815,4.9998000000000005,18.0,percentage,False
Lisa Vanderpump,Gleb Savchenko,TV Personality,Non-US,England,52,16,Eliminated Week 4,10,4,"[6.0, 6.0, 6.0]",18.0,6.0,6.0,6.0,3,0.0,9.0,10,8.035714285714286,True,True,0.9,-4.399999999999999,9.0,19.0,percentage,False
Sean Lowe,Peta Murgatroyd,TV Personality,Texas,United States,29,16,Eliminated Week 8,6,1,"[7.0, 6.0, 6.0]",19.0,6.333333333333333,6.0,7.0,3,0.4714045207910317,7.0,12,8.296943231441048,False,False,0.5833333333333334,-0.08333333333333215,5.0,,percentage,False
Sean Lowe,Peta Murgatroyd,TV Personality,Texas,United States,29,16,Eliminated Week 8,6,2,"[7.0, 6.0, 7.0]",20.0,6.666666666666667,6.0,7.0,3,0.4714045207910317,5.0,12,8.19672131147541,False,False,0.4166666666666667,-0.33333333333333215,6.0,19.0,percentage,False
Sean Lowe,Peta Murgatroyd,TV Personality,Texas,United States,29,16,Eliminated Week 8,6,3,"[7.0, 7.0, 7.0]",21.0,7.0,7.0,7.0,3,0.0,6.0,11,8.936185423294338,False,False,0.5454545454545454,-0.36359999999999815,4.9998000000000005,19.5,percentage,False
Sean Lowe,Peta Murgatroyd,TV Personality,Texas,United States,29,16,Eliminated Week 8,6,4,"[6.0, 7.0, 7.0]",20.0,6.666666666666667,6.0,7.0,3,0.4714045207910317,8.0,10,8.928571428571429,False,False,0.8,-2.3999999999999986,7.0,20.0,percentage,False
Sean Lowe,Peta Murgatroyd,TV Personality,Texas,United States,29,16,Eliminated Week 8,6,5,"[8.0, 8.0, 8.0]",24.0,8.0,8.0,8.0,3,0.0,5.0,9,11.483253588516746,False,False,0.5555555555555556,0.7777777777777786,5.0,20.0,percentage,False
Sean Lowe,Peta Murgatroyd,TV Personality,Texas,United States,29,16,Eliminated Week 8,6,6,"[7.5, 8.0, 7.5]",23.0,7.666666666666667,7.5,8.0,3,0.23570226039551584,4.0,8,12.20159151193634,False,False,0.5,-0.5625,4.0,20.8,percentage,False
Sean Lowe,Peta Murgatroyd,TV Personality,Texas,United States,29,16,Eliminated Week 8,6,7,"[8.0, 8.0, 8.0]",24.0,8.0,8.0,8.0,3,0.0,6.0,7,13.043478260869565,False,False,0.8571428571428571,-2.2857142857142847,8.0,21.166666666666668,percentage,False
Sean Lowe,Peta Murgatroyd,TV Personality,Texas,United States,29,16,Eliminated Week 8,6,8,"[7.0, 7.0, 7.0]",21.0,7.0,7.0,7.0,3,0.0,6.0,6,13.504823151125404,True,True,1.0,-4.916666666666668,8.0,21.571428571428573,percentage,False
Victor Ortiz,Lindsay Arnold,Athlete,Kansas,United States,26,16,Eliminated Week 6,8,1,"[6.0, 6.0, 6.0]",18.0,6.0,6.0,6.0,3,0.0,8.0,12,7.860262008733625,False,False,0.6666666666666666,-1.0833333333333321,6.0,,percentage,False
Victor Ortiz,Lindsay Arnold,Athlete,Kansas,United States,26,16,Eliminated Week 6,8,2,"[6.0, 6.0, 6.0]",18.0,6.0,6.0,6.0,3,0.0,8.0,12,7.377049180327869,False,False,0.6666666666666666,-2.333333333333332,8.0,18.0,percentage,False
Victor Ortiz,Lindsay Arnold,Athlete,Kansas,United States,26,16,Eliminated Week 6,8,3,"[8.0, 7.0, 8.0]",23.0,7.666666666666667,7.0,8.0,3,0.4714045207910317,4.0,11,9.787250701703321,False,False,0.36363636363636365,1.6364000000000019,2.9998000000000005,18.0,percentage,False
Victor Ortiz,Lindsay Arnold,Athlete,Kansas,United States,26,16,Eliminated Week 6,8,4,"[6.0, 6.0, 6.0]",18.0,6.0,6.0,6.0,3,0.0,9.0,10,8.035714285714286,False,False,0.9,-4.399999999999999,9.0,19.666666666666668,percentage,False
Victor Ortiz,Lindsay Arnold,Athlete,Kansas,United States,26,16,Eliminated Week 6,8,5,"[7.0, 7.0, 7.0]",21.0,7.0,7.0,7.0,3,0.0,6.0,9,10.047846889952153,False,False,0.6666666666666666,-2.2222222222222214,8.0,19.25,percentage,False
Victor Ortiz,Lindsay Arnold,Athlete,Kansas,United States,26,16,Eliminated Week 6,8,6,"[6.5, 7.0, 6.5]",20.0,6.666666666666667,6.5,7.0,3,0.23570226039551584,8.0,8,10.610079575596817,True,True,1.0,-3.5625,7.0,19.6,percentage,False
Wynonna Judd,Tony Dovolani,Singer/Rapper,Kentucky,United States,48,16,Eliminated Week 3,11,1,"[6.0, 6.0, 6.0]",18.0,6.0,6.0,6.0,3,0.0,8.0,12,7.860262008733625,False,False,0.6666666666666666,-1.0833333333333321,6.0,,percentage,False
Wynonna Judd,Tony Dovolani,Singer/Rapper,Kentucky,United States,48,16,Eliminated Week 3,11,2,"[6.0, 6.0, 6.0]",18.0,6.0,6.0,6.0,3,0.0,8.0,12,7.377049180327869,False,False,0.6666666666666666,-2.333333333333332,8.0,18.0,percentage,False
Wynonna Judd,Tony Dovolani,Singer/Rapper,Kentucky,United States,48,16,Eliminated Week 3,11,3,"[5.0, 5.0, 5.0]",15.0,5.0,5.0,5.0,3,0.0,11.0,11,6.3829895880673835,True,True,1.0,-6.363599999999998,10.9998,18.0,percentage,False
Zendaya,Valentin Chmerkovskiy,Actor/Actress,California,United States,16,16,2nd Place,2,1,"[8.0, 8.0, 8.0]",24.0,8.0,8.0,8.0,3,0.0,1.0,12,10.480349344978166,False,False,0.08333333333333333,4.916666666666668,0.0,,percentage,False
Zendaya,Valentin Chmerkovskiy,Actor/Actress,California,United States,16,16,2nd Place,2,2,"[9.0, 8.0, 9.0]",26.0,8.666666666666666,8.0,9.0,3,0.4714045207910317,1.0,12,10.655737704918032,False,False,0.08333333333333333,5.666666666666668,0.0,24.0,percentage,False
Zendaya,Valentin Chmerkovskiy,Actor/Actress,California,United States,16,16,2nd Place,2,3,"[8.6666, 8.6666, 8.6666]",25.9998,8.6666,8.6666,8.6666,3,0.0,1.0,11,11.063763512788958,False,False,0.09090909090909091,4.636200000000002,0.0,25.0,percentage,False
Zendaya,Valentin Chmerkovskiy,Actor/Actress,California,United States,16,16,2nd Place,2,4,"[9.0, 8.0, 9.0]",26.0,8.666666666666666,8.0,9.0,3,0.4714045207910317,2.0,10,11.607142857142858,False,False,0.2,3.6000000000000014,1.0,25.333266666666663,percentage,False
Zendaya,Valentin Chmerkovskiy,Actor/Actress,California,United States,16,16,2nd Place,2,5,"[10.0, 9.0, 10.0]",29.0,9.666666666666666,9.0,10.0,3,0.4714045207910317,1.0,9,13.875598086124402,False,False,0.1111111111111111,5.777777777777779,0.0,25.49995,percentage,False
Zendaya,Valentin Chmerkovskiy,Actor/Actress,California,United States,16,16,2nd Place,2,6,"[8.5, 8.5, 8.5]",25.5,8.5,8.5,8.5,3,0.0,3.0,8,13.527851458885943,False,False,0.375,1.9375,1.5,26.199959999999997,percentage,False
Zendaya,Valentin Chmerkovskiy,Actor/Actress,California,United States,16,16,2nd Place,2,7,"[10.0, 10.0, 10.0]",30.0,10.0,10.0,10.0,3,0.0,2.0,7,16.304347826086957,False,False,0.2857142857142857,3.7142857142857153,2.0,26.083299999999998,percentage,False
Zendaya,Valentin Chmerkovskiy,Actor/Actress,California,United States,16,16,2nd Place,2,8,"[9.5, 10.0, 9.5]",29.0,9.666666666666666,9.5,10.0,3,0.23570226039551584,1.0,6,18.64951768488746,False,False,0.16666666666666666,3.083333333333332,0.0,26.64282857142857,percentage,False
Zendaya,Valentin Chmerkovskiy,Actor/Actress,California,United States,16,16,2nd Place,2,9,"[9.0, 9.0, 9.5]",27.5,9.166666666666666,9.0,9.5,3,0.23570226039551584,4.0,5,19.50354609929078,False,False,0.8,-0.6999999999999993,2.0,26.937475,percentage,False
Zendaya,Valentin Chmerkovskiy,Actor/Actress,California,United States,16,16,2nd Place,2,10,"[10.0, 10.0, 10.0]",30.0,10.0,10.0,10.0,3,0.0,1.0,4,25.641047556450903,True,False,0.25,0.7500250000000008,0.0,26.999977777777776,percentage,False
Amber Riley,Derek Hough,Actor/Actress,California,United States,27,17,1st Place,1,1,"[9.0, 9.0, 9.0]",27.0,9.0,9.0,9.0,3,0.0,1.0,12,10.546875,False,False,0.08333333333333333,5.666666666666668,0.0,,percentage,False
Amber Riley,Derek Hough,Actor/Actress,California,United States,27,17,1st Place,1,2,"[8.0, 8.0, 8.0]",24.0,8.0,8.0,8.0,3,0.0,4.0,12,9.022556390977442,False,False,0.3333333333333333,1.8333333333333321,2.0,27.0,percentage,False
Amber Riley,Derek Hough,Actor/Actress,California,United States,27,17,1st Place,1,3,"[8.0, 8.0, 8.0]",24.0,8.0,8.0,8.0,3,0.0,6.0,11,9.411764705882353,False,False,0.5454545454545454,0.8181818181818166,3.0,25.5,percentage,False
Amber Riley,Derek Hough,Actor/Actress,California,United States,27,17,1st Place,1,4,"[9.0, 9.0, 9.0]",27.0,9.0,9.0,9.0,3,0.0,1.0,10,11.39240506329114,False,False,0.1,3.3000000000000007,0.0,25.0,percentage,False
Amber Riley,Derek Hough,Actor/Actress,California,United States,27,17,1st Place,1,5,"[9.0, 7.0, 10.0]",26.0,8.666666666666666,7.0,10.0,3,1.247219128924647,6.0,9,11.063829787234042,False,False,0.6666666666666666,-0.11111111111111072,2.0,25.5,percentage,False
Amber Riley,Derek Hough,Actor/Actress,California,United States,27,17,1st Place,1,6,"[11.3333, 9.3333, 11.3333]",31.999899999999997,10.666633333333332,9.3333,11.3333,3,0.9428090415820634,1.0,8,13.852818537899699,False,False,0.125,3.1249999999999964,0.0,25.6,percentage,False
Amber Riley,Derek Hough,Actor/Actress,California,United States,27,17,1st Place,1,7,"[10.0, 10.0, 9.5]",29.5,9.833333333333334,9.5,10.0,3,0.23570226039551584,1.0,8,13.31828442437923,False,False,0.125,1.8125,0.0,26.66665,percentage,False
Amber Riley,Derek Hough,Actor/Actress,California,United States,27,17,1st Place,1,8,"[9.0, 9.0, 10.0]",28.0,9.333333333333334,9.0,10.0,3,0.4714045207910317,3.0,7,14.583333333333334,False,False,0.42857142857142855,0.571428571428573,2.0,27.071414285714287,percentage,False
Amber Riley,Derek Hough,Actor/Actress,California,United States,27,17,1st Place,1,9,"[8.5, 8.5, 8.5]",25.5,8.5,8.5,8.5,3,0.0,5.0,6,16.19047619047619,False,False,0.8333333333333334,-0.75,3.5,27.1874875,percentage,False
Amber Riley,Derek Hough,Actor/Actress,California,United States,27,17,1st Place,1,10,"[10.0, 10.0, 9.5, 10.0]",39.5,9.875,9.5,10.0,4,0.21650635094610965,1.0,5,22.57142857142857,False,False,0.2,4.5,0.0,26.99998888888889,percentage,False
Amber Riley,Derek Hough,Actor/Actress,California,United States,27,17,1st Place,1,11,"[10.4444, 10.4444, 10.4444]",31.333199999999998,10.4444,10.4444,10.4444,3,0.0,1.0,4,27.365383574062395,True,False,0.25,2.7083499999999994,0.0,28.249990000000004,percentage,False
Bill Engvall,Emma Slater,Comedian,Texas,United States,56,17,Eliminated Week 11,4,1,"[6.0, 6.0, 6.0]",18.0,6.0,6.0,6.0,3,0.0,10.0,12,7.03125,False,False,0.8333333333333334,-3.333333333333332,9.0,,percentage,False
Bill Engvall,Emma Slater,Comedian,Texas,United States,56,17,Eliminated Week 11,4,2,"[7.0, 7.0, 7.0]",21.0,7.0,7.0,7.0,3,0.0,8.0,12,7.894736842105263,False,False,0.6666666666666666,-1.1666666666666679,5.0,18.0,percentage,False
Bill Engvall,Emma Slater,Comedian,Texas,United States,56,17,Eliminated Week 11,4,3,"[8.0, 8.0, 8.0]",24.0,8.0,8.0,8.0,3,0.0,6.0,11,9.411764705882353,False,False,0.5454545454545454,0.8181818181818166,3.0,19.5,percentage,False
Bill Engvall,Emma Slater,Comedian,Texas,United States,56,17,Eliminated Week 11,4,4,"[7.0, 7.0, 7.0]",21.0,7.0,7.0,7.0,3,0.0,8.0,10,8.860759493670885,False,False,0.8,-2.6999999999999993,6.0,21.0,percentage,False
Bill Engvall,Emma Slater,Comedian,Texas,United States,56,17,Eliminated Week 11,4,5,"[8.0, 8.0, 8.0]",24.0,8.0,8.0,8.0,3,0.0,8.0,9,10.212765957446807,False,False,0.8888888888888888,-2.1111111111111107,4.0,21.0,percentage,False
Bill Engvall,Emma Slater,Comedian,Texas,United States,56,17,Eliminated Week 11,4,6,"[8.3333, 8.3333, 7.3333]",23.9999,7.9999666666666664,7.3333,8.3333,3,0.47140452079103123,8.0,8,10.389603080876473,False,False,1.0,-4.875,7.9999999999999964,21.6,percentage,False
Bill Engvall,Emma Slater,Comedian,Texas,United States,56,17,Eliminated Week 11,4,7,"[8.5, 8.0, 8.5]",25.0,8.333333333333334,8.0,8.5,3,0.23570226039551584,8.0,8,11.286681715575622,False,False,1.0,-2.6875,4.5,21.999983333333333,percentage,False
Bill Engvall,Emma Slater,Comedian,Texas,United States,56,17,Eliminated Week 11,4,8,"[8.0, 8.0, 8.0]",24.0,8.0,8.0,8.0,3,0.0,7.0,7,12.5,False,False,1.0,-3.428571428571427,6.0,22.42855714285714,percentage,False
Bill Engvall,Emma Slater,Comedian,Texas,United States,56,17,Eliminated Week 11,4,9,"[7.0, 7.0, 7.0]",21.0,7.0,7.0,7.0,3,0.0,6.0,6,13.333333333333334,False,False,1.0,-5.25,8.0,22.6249875,percentage,False
Bill Engvall,Emma Slater,Comedian,Texas,United States,56,17,Eliminated Week 11,4,10,"[7.5, 7.5, 7.5, 7.5]",30.0,7.5,7.5,7.5,4,0.0,5.0,5,17.142857142857142,False,False,1.0,-5.0,9.5,22.444433333333333,percentage,False
Bill Engvall,Emma Slater,Comedian,Texas,United States,56,17,Eliminated Week 11,4,11,"[8.3333, 8.8333, 8.3333]",25.499899999999997,8.499966666666666,8.3333,8.8333,3,0.23570226039551584,4.0,4,22.270771724567986,True,True,1.0,-3.124950000000002,5.833300000000001,23.19999,percentage,False
Bill Nye,Tyne Stecklein,TV Personality,Washington D.C.,United States,57,17,Eliminated Week 3,11,1,"[5.0, 4.0, 5.0]",14.0,4.666666666666667,4.0,5.0,3,0.4714045207910317,12.0,12,5.46875,False,False,1.0,-7.333333333333332,13.0,,percentage,False
Bill Nye,Tyne Stecklein,TV Personality,Washington D.C.,United States,57,17,Eliminated Week 3,11,2,"[6.0, 5.0, 6.0]",17.0,5.666666666666667,5.0,6.0,3,0.4714045207910317,12.0,12,6.390977443609022,False,False,1.0,-5.166666666666668,9.0,14.0,percentage,False
Bill Nye,Tyne Stecklein,TV Personality,Washington D.C.,United States,57,17,Eliminated Week 3,11,3,"[6.0, 5.0, 5.0]",16.0,5.333333333333333,5.0,6.0,3,0.4714045207910317,10.0,11,6.2745098039215685,True,True,0.9090909090909091,-7.181818181818183,11.0,15.5,percentage,False
Brant Daugherty,Peta Murgatroyd,Actor/Actress,Ohio,United States,28,17,Eliminated Week 8,7,1,"[7.0, 8.0, 7.0]",22.0,7.333333333333333,7.0,8.0,3,0.4714045207910317,6.0,12,8.59375,False,False,0.5,0.6666666666666679,5.0,,percentage,False
Brant Daugherty,Peta Murgatroyd,Actor/Actress,Ohio,United States,28,17,Eliminated Week 8,7,2,"[8.0, 7.0, 8.0]",23.0,7.666666666666667,7.0,8.0,3,0.4714045207910317,7.0,12,8.646616541353383,False,False,0.5833333333333334,0.8333333333333321,3.0,22.0,percentage,False
Brant Daugherty,Peta Murgatroyd,Actor/Actress,Ohio,United States,28,17,Eliminated Week 8,7,3,"[9.0, 9.0, 9.0]",27.0,9.0,9.0,9.0,3,0.0,1.0,11,10.588235294117647,False,False,0.09090909090909091,3.8181818181818166,0.0,22.5,percentage,False
Brant Daugherty,Peta Murgatroyd,Actor/Actress,Ohio,United States,28,17,Eliminated Week 8,7,4,"[7.0, 7.0, 7.0]",21.0,7.0,7.0,7.0,3,0.0,8.0,10,8.860759493670885,False,False,0.8,-2.6999999999999993,6.0,24.0,percentage,False
Brant Daugherty,Peta Murgatroyd,Actor/Actress,Ohio,United States,28,17,Eliminated Week 8,7,5,"[9.0, 9.0, 9.0]",27.0,9.0,9.0,9.0,3,0.0,3.0,9,11.48936170212766,False,False,0.3333333333333333,0.8888888888888893,1.0,23.25,percentage,False
Brant Daugherty,Peta Murgatroyd,Actor/Actress,Ohio,United States,28,17,Eliminated Week 8,7,6,"[10.0, 11.0, 10.0]",31.0,10.333333333333334,10.0,11.0,3,0.4714045207910317,3.0,8,13.41995989596501,False,False,0.375,2.1250999999999998,0.9998999999999967,24.0,percentage,False
Brant Daugherty,Peta Murgatroyd,Actor/Actress,Ohio,United States,28,17,Eliminated Week 8,7,7,"[9.5, 9.5, 9.5]",28.5,9.5,9.5,9.5,3,0.0,3.0,8,12.866817155756207,False,False,0.375,0.8125,1.0,25.166666666666668,percentage,False
Brant Daugherty,Peta Murgatroyd,Actor/Actress,Ohio,United States,28,17,Eliminated Week 8,7,8,"[9.0, 9.0, 9.0]",27.0,9.0,9.0,9.0,3,0.0,5.0,7,14.0625,True,True,0.7142857142857143,-0.42857142857142705,3.0,25.642857142857142,percentage,False
Christina Milian,Mark Ballas,Singer/Rapper,New Jersey,United States,31,17,Eliminated Week 5,9,1,"[7.0, 7.0, 8.0]",22.0,7.333333333333333,7.0,8.0,3,0.4714045207910317,6.0,12,8.59375,False,False,0.5,0.6666666666666679,5.0,,percentage,False
Christina Milian,Mark Ballas,Singer/Rapper,New Jersey,United States,31,17,Eliminated Week 5,9,2,"[9.0, 8.0, 8.0]",25.0,8.333333333333334,8.0,9.0,3,0.4714045207910317,2.0,12,9.398496240601503,False,False,0.16666666666666666,2.833333333333332,1.0,22.0,percentage,False
Christina Milian,Mark Ballas,Singer/Rapper,New Jersey,United States,31,17,Eliminated Week 5,9,3,"[9.0, 8.0, 9.0]",26.0,8.666666666666666,8.0,9.0,3,0.4714045207910317,2.0,11,10.196078431372548,False,False,0.18181818181818182,2.8181818181818166,1.0,23.5,percentage,False
Christina Milian,Mark Ballas,Singer/Rapper,New Jersey,United States,31,17,Eliminated Week 5,9,4,"[8.0, 8.0, 8.0]",24.0,8.0,8.0,8.0,3,0.0,4.0,10,10.126582278481013,False,False,0.4,0.3000000000000007,3.0,24.333333333333332,percentage,False
Christina Milian,Mark Ballas,Singer/Rapper,New Jersey,United States,31,17,Eliminated Week 5,9,5,"[9.0, 10.0, 9.0]",28.0,9.333333333333334,9.0,10.0,3,0.4714045207910317,1.0,9,11.914893617021278,True,True,0.1111111111111111,1.8888888888888893,0.0,24.25,percentage,False
Corbin Bleu,Karina Smirnoff,Actor/Actress,New York,United States,24,17,2nd Place,2,1,"[8.0, 8.0, 8.0]",24.0,8.0,8.0,8.0,3,0.0,2.0,12,9.375,False,False,0.16666666666666666,2.666666666666668,3.0,,percentage,False
Corbin Bleu,Karina Smirnoff,Actor/Actress,New York,United States,24,17,2nd Place,2,2,"[9.0, 8.0, 9.0]",26.0,8.666666666666666,8.0,9.0,3,0.4714045207910317,1.0,12,9.774436090225564,False,False,0.08333333333333333,3.833333333333332,0.0,24.0,percentage,False
Corbin Bleu,Karina Smirnoff,Actor/Actress,New York,United States,24,17,2nd Place,2,3,"[9.0, 8.0, 9.0]",26.0,8.666666666666666,8.0,9.0,3,0.4714045207910317,2.0,11,10.196078431372548,False,False,0.18181818181818182,2.8181818181818166,1.0,25.0,percentage,False
Corbin Bleu,Karina Smirnoff,Actor/Actress,New York,United States,24,17,2nd Place,2,4,"[9.0, 9.0, 9.0]",27.0,9.0,9.0,9.0,3,0.0,1.0,10,11.39240506329114,False,False,0.1,3.3000000000000007,0.0,25.333333333333332,percentage,False
Corbin Bleu,Karina Smirnoff,Actor/Actress,New York,United States,24,17,2nd Place,2,5,"[9.0, 9.0, 10.0]",28.0,9.333333333333334,9.0,10.0,3,0.4714045207910317,1.0,9,11.914893617021278,False,False,0.1111111111111111,1.8888888888888893,0.0,25.75,percentage,False
Corbin Bleu,Karina Smirnoff,Actor/Actress,New York,United States,24,17,2nd Place,2,6,"[9.3333, 8.3333, 9.3333]",26.999899999999997,8.999966666666666,8.3333,9.3333,3,0.4714045207910317,6.0,8,11.688308877260182,False,False,0.75,-1.8750000000000036,5.0,26.2,percentage,False
Corbin Bleu,Karina Smirnoff,Actor/Actress,New York,United States,24,17,2nd Place,2,7,"[10.0, 9.5, 10.0]",29.5,9.833333333333334,9.5,10.0,3,0.23570226039551584,1.0,8,13.31828442437923,False,False,0.125,1.8125,0.0,26.333316666666665,percentage,False
Corbin Bleu,Karina Smirnoff,Actor/Actress,New York,United States,24,17,2nd Place,2,8,"[10.0, 10.0, 10.0]",30.0,10.0,10.0,10.0,3,0.0,1.0,7,15.625,False,False,0.14285714285714285,2.571428571428573,0.0,26.7857,percentage,False
Corbin Bleu,Karina Smirnoff,Actor/Actress,New York,United States,24,17,2nd Place,2,9,"[9.5, 9.5, 10.0]",29.0,9.666666666666666,9.5,10.0,3,0.23570226039551584,1.0,6,18.412698412698415,False,False,0.16666666666666666,2.75,0.0,27.1874875,percentage,False
Corbin Bleu,Karina Smirnoff,Actor/Actress,New York,United States,24,17,2nd Place,2,10,"[9.5, 9.0, 9.5, 9.5]",37.5,9.375,9.0,9.5,4,0.21650635094610965,2.0,5,21.428571428571427,False,False,0.4,2.5,2.0,27.38887777777778,percentage,False
Corbin Bleu,Karina Smirnoff,Actor/Actress,New York,United States,24,17,2nd Place,2,11,"[9.8888, 9.8888, 9.8888]",29.6664,9.8888,9.8888,9.8888,3,0.0,2.0,4,25.909655421775135,True,False,0.5,1.0415500000000009,1.6667999999999985,28.399990000000003,percentage,False
Elizabeth Berkley Lauren,Valentin Chmerkovskiy,Actor/Actress,Michigan,United States,39,17,Eliminated Week 9,6,1,"[8.0, 8.0, 8.0]",24.0,8.0,8.0,8.0,3,0.0,2.0,12,9.375,False,False,0.16666666666666666,2.666666666666668,3.0,,percentage,False
Elizabeth Berkley Lauren,Valentin Chmerkovskiy,Actor/Actress,Michigan,United States,39,17,Eliminated Week 9,6,2,"[8.0, 9.0, 8.0]",25.0,8.333333333333334,8.0,9.0,3,0.4714045207910317,2.0,12,9.398496240601503,False,False,0.16666666666666666,2.833333333333332,1.0,24.0,percentage,False
Elizabeth Berkley Lauren,Valentin Chmerkovskiy,Actor/Actress,Michigan,United States,39,17,Eliminated Week 9,6,3,"[8.0, 9.0, 8.0]",25.0,8.333333333333334,8.0,9.0,3,0.4714045207910317,4.0,11,9.803921568627452,False,False,0.36363636363636365,1.8181818181818166,2.0,24.5,percentage,False
Elizabeth Berkley Lauren,Valentin Chmerkovskiy,Actor/Actress,Michigan,United States,39,17,Eliminated Week 9,6,4,"[9.0, 9.0, 9.0]",27.0,9.0,9.0,9.0,3,0.0,1.0,10,11.39240506329114,False,False,0.1,3.3000000000000007,0.0,24.666666666666668,percentage,False
Elizabeth Berkley Lauren,Valentin Chmerkovskiy,Actor/Actress,Michigan,United States,39,17,Eliminated Week 9,6,5,"[8.0, 9.0, 9.0]",26.0,8.666666666666666,8.0,9.0,3,0.4714045207910317,6.0,9,11.063829787234042,False,False,0.6666666666666666,-0.11111111111111072,2.0,25.25,percentage,False
Elizabeth Berkley Lauren,Valentin Chmerkovskiy,Actor/Actress,Michigan,United States,39,17,Eliminated Week 9,6,6,"[10.6666, 10.6666, 10.6666]",31.9998,10.6666,10.6666,10.6666,3,0.0,2.0,8,13.852775247706486,False,False,0.25,3.1249000000000002,9.999999999621423e-05,25.4,percentage,False
Elizabeth Berkley Lauren,Valentin Chmerkovskiy,Actor/Actress,Michigan,United States,39,17,Eliminated Week 9,6,7,"[9.0, 9.0, 9.0]",27.0,9.0,9.0,9.0,3,0.0,5.0,8,12.18961625282167,False,False,0.625,-0.6875,2.5,26.499966666666666,percentage,False
Elizabeth Berkley Lauren,Valentin Chmerkovskiy,Actor/Actress,Michigan,United States,39,17,Eliminated Week 9,6,8,"[8.0, 9.0, 8.0]",25.0,8.333333333333334,8.0,9.0,3,0.4714045207910317,6.0,7,13.020833333333334,False,False,0.8571428571428571,-2.428571428571427,5.0,26.5714,percentage,False
Elizabeth Berkley Lauren,Valentin Chmerkovskiy,Actor/Actress,Michigan,United States,39,17,Eliminated Week 9,6,9,"[9.5, 9.0, 9.5]",28.0,9.333333333333334,9.0,9.5,3,0.23570226039551584,2.0,6,17.77777777777778,True,True,0.3333333333333333,1.75,1.0,26.374975,percentage,False
Jack Osbourne,Cheryl Burke,TV Personality,Non-US,England,27,17,3rd Place,3,1,"[8.0, 8.0, 7.0]",23.0,7.666666666666667,7.0,8.0,3,0.4714045207910317,4.0,12,8.984375,False,False,0.3333333333333333,1.6666666666666679,4.0,,percentage,False
Jack Osbourne,Cheryl Burke,TV Personality,Non-US,England,27,17,3rd Place,3,2,"[8.0, 8.0, 8.0]",24.0,8.0,8.0,8.0,3,0.0,4.0,12,9.022556390977442,False,False,0.3333333333333333,1.8333333333333321,2.0,23.0,percentage,False
Jack Osbourne,Cheryl Burke,TV Personality,Non-US,England,27,17,3rd Place,3,3,"[7.0, 7.0, 8.0]",22.0,7.333333333333333,7.0,8.0,3,0.4714045207910317,9.0,11,8.627450980392156,False,False,0.8181818181818182,-1.1818181818181834,5.0,23.5,percentage,False
Jack Osbourne,Cheryl Burke,TV Personality,Non-US,England,27,17,3rd Place,3,4,"[8.0, 8.0, 8.0]",24.0,8.0,8.0,8.0,3,0.0,4.0,10,10.126582278481013,False,False,0.4,0.3000000000000007,3.0,23.0,percentage,False
Jack Osbourne,Cheryl Burke,TV Personality,Non-US,England,27,17,3rd Place,3,5,"[9.0, 9.0, 9.0]",27.0,9.0,9.0,9.0,3,0.0,3.0,9,11.48936170212766,False,False,0.3333333333333333,0.8888888888888893,1.0,23.25,percentage,False
Jack Osbourne,Cheryl Burke,TV Personality,Non-US,England,27,17,3rd Place,3,6,"[8.6666, 9.6666, 8.6666]",26.9998,8.999933333333333,8.6666,9.6666,3,0.4714045207910317,7.0,8,11.688265587066969,False,False,0.875,-1.8750999999999998,5.000099999999996,24.0,percentage,False
Jack Osbourne,Cheryl Burke,TV Personality,Non-US,England,27,17,3rd Place,3,7,"[10.0, 9.0, 9.5]",28.5,9.5,9.0,10.0,3,0.408248290463863,3.0,8,12.866817155756207,False,False,0.375,0.8125,1.0,24.499966666666666,percentage,False
Jack Osbourne,Cheryl Burke,TV Personality,Non-US,England,27,17,3rd Place,3,8,"[10.0, 10.0, 10.0]",30.0,10.0,10.0,10.0,3,0.0,1.0,7,15.625,False,False,0.14285714285714285,2.571428571428573,0.0,25.0714,percentage,False
Jack Osbourne,Cheryl Burke,TV Personality,Non-US,England,27,17,3rd Place,3,9,"[9.0, 9.0, 9.0]",27.0,9.0,9.0,9.0,3,0.0,3.0,6,17.142857142857142,False,False,0.5,0.75,2.0,25.687475,percentage,False
Jack Osbourne,Cheryl Burke,TV Personality,Non-US,England,27,17,3rd Place,3,10,"[9.0, 8.5, 9.0, 9.0]",35.5,8.875,8.5,9.0,4,0.21650635094610965,3.0,5,20.285714285714285,False,False,0.6,0.5,4.0,25.83331111111111,percentage,False
Jack Osbourne,Cheryl Burke,TV Personality,Non-US,England,27,17,3rd Place,3,11,"[9.3333, 9.3333, 9.3333]",27.999899999999997,9.3333,9.3333,9.3333,3,0.0,3.0,4,24.454189279594477,True,False,0.75,-0.6249500000000019,3.3333000000000013,26.799979999999998,percentage,False
Keyshawn Johnson,Sharna Burgess,Athlete,California,United States,41,17,Eliminated Week 2,12,1,"[6.0, 5.0, 6.0]",17.0,5.666666666666667,5.0,6.0,3,0.4714045207910317,11.0,12,6.640625,False,False,0.9166666666666666,-4.333333333333332,10.0,,percentage,False
Keyshawn Johnson,Sharna Burgess,Athlete,California,United States,41,17,Eliminated Week 2,12,2,"[6.0, 6.0, 6.0]",18.0,6.0,6.0,6.0,3,0.0,11.0,12,6.7669172932330826,True,True,0.9166666666666666,-4.166666666666668,8.0,17.0,percentage,False
Leah Remini,Tony Dovolani,Actor/Actress,New York,United States,43,17,Eliminated Week 10,5,1,"[7.0, 7.0, 7.0]",21.0,7.0,7.0,7.0,3,0.0,8.0,12,8.203125,False,False,0.6666666666666666,-0.33333333333333215,6.0,,percentage,False
Leah Remini,Tony Dovolani,Actor/Actress,New York,United States,43,17,Eliminated Week 10,5,2,"[8.0, 8.0, 8.0]",24.0,8.0,8.0,8.0,3,0.0,4.0,12,9.022556390977442,False,False,0.3333333333333333,1.8333333333333321,2.0,21.0,percentage,False
Leah Remini,Tony Dovolani,Actor/Actress,New York,United States,43,17,Eliminated Week 10,5,3,"[8.0, 8.0, 8.0]",24.0,8.0,8.0,8.0,3,0.0,6.0,11,9.411764705882353,False,False,0.5454545454545454,0.8181818181818166,3.0,22.5,percentage,False
Leah Remini,Tony Dovolani,Actor/Actress,New York,United States,43,17,Eliminated Week 10,5,4,"[8.0, 8.0, 8.0]",24.0,8.0,8.0,8.0,3,0.0,4.0,10,10.126582278481013,False,False,0.4,0.3000000000000007,3.0,23.0,percentage,False
Leah Remini,Tony Dovolani,Actor/Actress,New York,United States,43,17,Eliminated Week 10,5,5,"[7.0, 7.0, 8.0]",22.0,7.333333333333333,7.0,8.0,3,0.4714045207910317,9.0,9,9.361702127659575,False,False,1.0,-4.111111111111111,6.0,23.25,percentage,False
Leah Remini,Tony Dovolani,Actor/Actress,New York,United States,43,17,Eliminated Week 10,5,6,"[9.3333, 9.3333, 9.3333]",27.999899999999997,9.3333,9.3333,9.3333,3,0.0,5.0,8,12.121210809388085,False,False,0.625,-0.8750000000000036,4.0,23.0,percentage,False
Leah Remini,Tony Dovolani,Actor/Actress,New York,United States,43,17,Eliminated Week 10,5,7,"[9.0, 8.5, 9.0]",26.5,8.833333333333334,8.5,9.0,3,0.23570226039551584,7.0,8,11.963882618510159,False,False,0.875,-1.1875,3.0,23.833316666666665,percentage,False
Leah Remini,Tony Dovolani,Actor/Actress,New York,United States,43,17,Eliminated Week 10,5,8,"[9.0, 10.0, 9.0]",28.0,9.333333333333334,9.0,10.0,3,0.4714045207910317,3.0,7,14.583333333333334,False,False,0.42857142857142855,0.571428571428573,2.0,24.21427142857143,percentage,False
Leah Remini,Tony Dovolani,Actor/Actress,New York,United States,43,17,Eliminated Week 10,5,9,"[9.0, 9.0, 9.0]",27.0,9.0,9.0,9.0,3,0.0,3.0,6,17.142857142857142,False,False,0.5,0.75,2.0,24.6874875,percentage,False
Leah Remini,Tony Dovolani,Actor/Actress,New York,United States,43,17,Eliminated Week 10,5,10,"[8.0, 8.0, 8.0, 8.5]",32.5,8.125,8.0,8.5,4,0.21650635094610965,4.0,5,18.571428571428573,True,True,0.8,-2.5,7.0,24.944433333333333,percentage,False
"Nicole ""Snooki"" Polizzi",Sasha Farber,TV Personality,Non-US,Chile,25,17,Eliminated Week 7,8,1,"[8.0, 8.0, 7.0]",23.0,7.666666666666667,7.0,8.0,3,0.4714045207910317,4.0,12,8.984375,False,False,0.3333333333333333,1.6666666666666679,4.0,,percentage,False
"Nicole ""Snooki"" Polizzi",Sasha Farber,TV Personality,Non-US,Chile,25,17,Eliminated Week 7,8,2,"[6.0, 7.0, 7.0]",20.0,6.666666666666667,6.0,7.0,3,0.4714045207910317,9.0,12,7.518796992481203,False,False,0.75,-2.166666666666668,6.0,23.0,percentage,False
"Nicole ""Snooki"" Polizzi",Sasha Farber,TV Personality,Non-US,Chile,25,17,Eliminated Week 7,8,3,"[9.0, 8.0, 8.0]",25.0,8.333333333333334,8.0,9.0,3,0.4714045207910317,4.0,11,9.803921568627452,False,False,0.36363636363636365,1.8181818181818166,2.0,21.5,percentage,False
"Nicole ""Snooki"" Polizzi",Sasha Farber,TV Personality,Non-US,Chile,25,17,Eliminated Week 7,8,4,"[8.0, 8.0, 8.0]",24.0,8.0,8.0,8.0,3,0.0,4.0,10,10.126582278481013,False,False,0.4,0.3000000000000007,3.0,22.666666666666668,percentage,False
"Nicole ""Snooki"" Polizzi",Sasha Farber,TV Personality,Non-US,Chile,25,17,Eliminated Week 7,8,5,"[9.0, 9.0, 9.0]",27.0,9.0,9.0,9.0,3,0.0,3.0,9,11.48936170212766,False,False,0.3333333333333333,0.8888888888888893,1.0,23.0,percentage,False
"Nicole ""Snooki"" Polizzi",Sasha Farber,TV Personality,Non-US,Chile,25,17,Eliminated Week 7,8,6,"[10.0, 10.0, 10.0]",30.0,10.0,10.0,10.0,3,0.0,4.0,8,12.987057963837106,False,False,0.5,1.1250999999999998,1.9998999999999967,23.8,percentage,False
"Nicole ""Snooki"" Polizzi",Sasha Farber,TV Personality,Non-US,Chile,25,17,Eliminated Week 7,8,7,"[9.0, 9.0, 9.0]",27.0,9.0,9.0,9.0,3,0.0,5.0,8,12.18961625282167,True,True,0.625,-0.6875,2.5,24.833333333333332,percentage,False
Valerie Harper,Tristan MacManus,Actor/Actress,New York,United States,74,17,Eliminated Week 4,10,1,"[7.0, 7.0, 7.0]",21.0,7.0,7.0,7.0,3,0.0,8.0,12,8.203125,False,False,0.6666666666666666,-0.33333333333333215,6.0,,percentage,False
Valerie Harper,Tristan MacManus,Actor/Actress,New York,United States,74,17,Eliminated Week 4,10,2,"[6.0, 6.0, 7.0]",19.0,6.333333333333333,6.0,7.0,3,0.4714045207910317,10.0,12,7.142857142857142,False,False,0.8333333333333334,-3.166666666666668,7.0,21.0,percentage,False
Valerie Harper,Tristan MacManus,Actor/Actress,New York,United States,74,17,Eliminated Week 4,10,3,"[6.0, 5.0, 5.0]",16.0,5.333333333333333,5.0,6.0,3,0.4714045207910317,10.0,11,6.2745098039215685,False,False,0.9090909090909091,-7.181818181818183,11.0,20.0,percentage,False
Valerie Harper,Tristan MacManus,Actor/Actress,New York,United States,74,17,Eliminated Week 4,10,4,"[6.0, 6.0, 6.0]",18.0,6.0,6.0,6.0,3,0.0,10.0,10,7.59493670886076,True,True,1.0,-5.699999999999999,9.0,18.666666666666668,percentage,False
Amy Purdy,Derek Hough,Athlete,Nevada,United States,34,18,2nd Place,2,1,"[8.0, 8.0, 8.0]",24.0,8.0,8.0,8.0,3,0.0,3.0,12,9.16030534351145,False,False,0.25,2.166666666666668,3.0,,percentage,False
Amy Purdy,Derek Hough,Athlete,Nevada,United States,34,18,2nd Place,2,2,"[8.0, 8.0, 8.0]",24.0,8.0,8.0,8.0,3,0.0,4.0,11,9.836065573770492,False,False,0.36363636363636365,1.8181818181818166,1.0,24.0,percentage,False
Amy Purdy,Derek Hough,Athlete,Nevada,United States,34,18,2nd Place,2,3,"[9.0, 9.0, 9.0, 9.0]",36.0,9.0,9.0,9.0,4,0.0,2.0,9,11.57556270096463,False,False,0.2222222222222222,1.4444444444444429,3.0,24.0,percentage,False
Amy Purdy,Derek Hough,Athlete,Nevada,United States,34,18,2nd Place,2,4,"[9.0, 8.0, 8.0, 9.0]",34.0,8.5,8.0,9.0,4,0.5,3.0,9,11.447811447811448,False,False,0.3333333333333333,1.0,5.0,28.0,percentage,False
Amy Purdy,Derek Hough,Athlete,Nevada,United States,34,18,2nd Place,2,5,"[9.0, 9.0, 10.0, 9.0]",37.0,9.25,9.0,10.0,4,0.4330127018922193,3.0,9,11.490683229813664,False,False,0.3333333333333333,1.2222222222222214,3.0,29.5,percentage,False
Amy Purdy,Derek Hough,Athlete,Nevada,United States,34,18,2nd Place,2,6,"[9.0, 10.0, 9.0, 10.0]",38.0,9.5,9.0,10.0,4,0.5,2.0,8,13.47517730496454,False,False,0.25,2.75,2.0,31.0,percentage,False
Amy Purdy,Derek Hough,Athlete,Nevada,United States,34,18,2nd Place,2,7,"[9.5, 9.5, 9.0, 9.5]",37.5,9.375,9.0,9.5,4,0.21650635094610965,2.0,7,14.82213438735178,False,False,0.2857142857142857,1.357142857142854,1.5,32.166666666666664,percentage,False
Amy Purdy,Derek Hough,Athlete,Nevada,United States,34,18,2nd Place,2,8,"[10.0, 10.0, 10.0, 10.0]",40.0,10.0,10.0,10.0,4,0.0,1.0,6,17.699115044247787,False,False,0.16666666666666666,2.3333333333333357,0.0,32.92857142857143,percentage,False
Amy Purdy,Derek Hough,Athlete,Nevada,United States,34,18,2nd Place,2,9,"[9.5, 9.5, 10.0, 10.0]",39.0,9.75,9.5,10.0,4,0.25,2.0,5,20.418848167539267,False,False,0.4,0.7999999999999972,1.0,33.8125,percentage,False
Amy Purdy,Derek Hough,Athlete,Nevada,United States,34,18,2nd Place,2,10,"[10.0, 9.6666, 10.0]",29.666600000000003,9.888866666666667,9.6666,10.0,3,0.1571662672317296,2.0,4,25.87209505138384,True,False,0.5,1.0,0.3333999999999975,34.388888888888886,percentage,False
Billy Dee Williams,Emma Slater,Actor/Actress,New York,United States,76,18,Withdrew,10,1,"[5.0, 5.0, 5.0]",15.0,5.0,5.0,5.0,3,0.0,12.0,12,5.7251908396946565,False,False,1.0,-6.833333333333332,12.0,,percentage,False
Billy Dee Williams,Emma Slater,Actor/Actress,New York,United States,76,18,Withdrew,10,2,"[5.0, 5.0, 5.0]",15.0,5.0,5.0,5.0,3,0.0,11.0,11,6.147540983606557,True,True,1.0,-7.181818181818183,10.0,15.0,percentage,False
Candace Cameron Bure,Mark Ballas,Actor/Actress,California,United States,37,18,3rd Place,3,1,"[9.0, 8.0, 8.0]",25.0,8.333333333333334,8.0,9.0,3,0.4714045207910317,2.0,12,9.541984732824428,False,False,0.16666666666666666,3.166666666666668,2.0,,percentage,False
Candace Cameron Bure,Mark Ballas,Actor/Actress,California,United States,37,18,3rd Place,3,2,"[7.0, 7.0, 7.0]",21.0,7.0,7.0,7.0,3,0.0,7.0,11,8.60655737704918,False,False,0.6363636363636364,-1.1818181818181834,4.0,25.0,percentage,False
Candace Cameron Bure,Mark Ballas,Actor/Actress,California,United States,37,18,3rd Place,3,3,"[8.0, 8.0, 8.0, 8.0]",32.0,8.0,8.0,8.0,4,0.0,7.0,9,10.289389067524116,False,False,0.7777777777777778,-2.555555555555557,7.0,23.0,percentage,False
Candace Cameron Bure,Mark Ballas,Actor/Actress,California,United States,37,18,3rd Place,3,4,"[7.0, 7.0, 7.0, 7.0]",28.0,7.0,7.0,7.0,4,0.0,9.0,9,9.427609427609427,False,False,1.0,-5.0,11.0,26.0,percentage,False
Candace Cameron Bure,Mark Ballas,Actor/Actress,California,United States,37,18,3rd Place,3,5,"[8.0, 9.0, 9.0, 9.0]",35.0,8.75,8.0,9.0,4,0.4330127018922193,7.0,9,10.869565217391305,False,False,0.7777777777777778,-0.7777777777777786,5.0,26.5,percentage,False
Candace Cameron Bure,Mark Ballas,Actor/Actress,California,United States,37,18,3rd Place,3,6,"[8.0, 8.0, 8.0, 8.0]",32.0,8.0,8.0,8.0,4,0.0,7.0,8,11.347517730496454,False,False,0.875,-3.25,8.0,28.2,percentage,False
Candace Cameron Bure,Mark Ballas,Actor/Actress,California,United States,37,18,3rd Place,3,7,"[9.0, 9.5, 9.0, 9.5]",37.0,9.25,9.0,9.5,4,0.25,3.0,7,14.624505928853754,False,False,0.42857142857142855,0.8571428571428541,2.0,28.833333333333332,percentage,False
Candace Cameron Bure,Mark Ballas,Actor/Actress,California,United States,37,18,3rd Place,3,8,"[9.0, 9.0, 9.0, 9.0]",36.0,9.0,9.0,9.0,4,0.0,4.0,6,15.929203539823009,False,False,0.6666666666666666,-1.6666666666666643,4.0,30.0,percentage,False
Candace Cameron Bure,Mark Ballas,Actor/Actress,California,United States,37,18,3rd Place,3,9,"[8.5, 9.5, 9.5, 8.5]",36.0,9.0,8.5,9.5,4,0.5,5.0,5,18.848167539267017,False,False,1.0,-2.200000000000003,4.0,30.75,percentage,False
Candace Cameron Bure,Mark Ballas,Actor/Actress,California,United States,37,18,3rd Place,3,10,"[8.6666, 8.6666, 8.6666]",25.9998,8.6666,8.6666,8.6666,3,0.0,4.0,4,22.67429691696957,True,False,1.0,-2.666800000000002,4.0001999999999995,31.333333333333332,percentage,False
Charlie White,Sharna Burgess,Athlete,Michigan,United States,26,18,Eliminated Week 9,5,1,"[9.0, 9.0, 9.0]",27.0,9.0,9.0,9.0,3,0.0,1.0,12,10.305343511450381,False,False,0.08333333333333333,5.166666666666668,0.0,,percentage,False
Charlie White,Sharna Burgess,Athlete,Michigan,United States,26,18,Eliminated Week 9,5,2,"[9.0, 7.0, 9.0]",25.0,8.333333333333334,7.0,9.0,3,0.9428090415820634,1.0,11,10.245901639344263,False,False,0.09090909090909091,2.8181818181818166,0.0,27.0,percentage,False
Charlie White,Sharna Burgess,Athlete,Michigan,United States,26,18,Eliminated Week 9,5,3,"[9.0, 9.0, 9.0, 9.0]",36.0,9.0,9.0,9.0,4,0.0,2.0,9,11.57556270096463,False,False,0.2222222222222222,1.4444444444444429,3.0,26.0,percentage,False
Charlie White,Sharna Burgess,Athlete,Michigan,United States,26,18,Eliminated Week 9,5,4,"[7.0, 8.0, 9.0, 9.0]",33.0,8.25,7.0,9.0,4,0.82915619758885,4.0,9,11.11111111111111,False,False,0.4444444444444444,0.0,6.0,29.333333333333332,percentage,False
Charlie White,Sharna Burgess,Athlete,Michigan,United States,26,18,Eliminated Week 9,5,5,"[9.0, 10.0, 9.0, 9.0]",37.0,9.25,9.0,10.0,4,0.4330127018922193,3.0,9,11.490683229813664,False,False,0.3333333333333333,1.2222222222222214,3.0,30.25,percentage,False
Charlie White,Sharna Burgess,Athlete,Michigan,United States,26,18,Eliminated Week 9,5,6,"[9.0, 9.0, 9.0, 9.0]",36.0,9.0,9.0,9.0,4,0.0,3.0,8,12.76595744680851,False,False,0.375,0.75,4.0,31.6,percentage,False
Charlie White,Sharna Burgess,Athlete,Michigan,United States,26,18,Eliminated Week 9,5,7,"[8.5, 10.0, 8.0, 9.0]",35.5,8.875,8.0,10.0,4,0.739509972887452,5.0,7,14.031620553359684,False,False,0.7142857142857143,-0.6428571428571459,3.5,32.333333333333336,percentage,False
Charlie White,Sharna Burgess,Athlete,Michigan,United States,26,18,Eliminated Week 9,5,8,"[10.0, 10.0, 10.0, 10.0]",40.0,10.0,10.0,10.0,4,0.0,1.0,6,17.699115044247787,False,False,0.16666666666666666,2.3333333333333357,0.0,32.785714285714285,percentage,False
Charlie White,Sharna Burgess,Athlete,Michigan,United States,26,18,Eliminated Week 9,5,9,"[9.5, 9.5, 9.5, 9.5]",38.0,9.5,9.5,9.5,4,0.0,3.0,5,19.895287958115183,True,True,0.6,-0.20000000000000284,2.0,33.6875,percentage,False
Cody Simpson,Witney Carson,Singer/Rapper,Non-US,Australia,17,18,Eliminated Week 5,9,1,"[7.0, 7.0, 8.0]",22.0,7.333333333333333,7.0,8.0,3,0.4714045207910317,6.0,12,8.396946564885496,False,False,0.5,0.16666666666666785,5.0,,percentage,False
Cody Simpson,Witney Carson,Singer/Rapper,Non-US,Australia,17,18,Eliminated Week 5,9,2,"[7.0, 7.0, 8.0]",22.0,7.333333333333333,7.0,8.0,3,0.4714045207910317,6.0,11,9.01639344262295,False,False,0.5454545454545454,-0.18181818181818343,3.0,22.0,percentage,False
Cody Simpson,Witney Carson,Singer/Rapper,Non-US,Australia,17,18,Eliminated Week 5,9,3,"[9.0, 8.0, 9.0, 9.0]",35.0,8.75,8.0,9.0,4,0.4330127018922193,6.0,9,11.254019292604502,False,False,0.6666666666666666,0.44444444444444287,4.0,22.0,percentage,False
Cody Simpson,Witney Carson,Singer/Rapper,Non-US,Australia,17,18,Eliminated Week 5,9,4,"[8.0, 7.0, 8.0, 8.0]",31.0,7.75,7.0,8.0,4,0.4330127018922193,8.0,9,10.437710437710438,False,False,0.8888888888888888,-2.0,8.0,26.333333333333332,percentage,False
Cody Simpson,Witney Carson,Singer/Rapper,Non-US,Australia,17,18,Eliminated Week 5,9,5,"[9.0, 8.0, 8.0, 9.0]",34.0,8.5,8.0,9.0,4,0.5,8.0,9,10.559006211180124,True,True,0.8888888888888888,-1.7777777777777786,6.0,27.5,percentage,False
Danica McKellar,Valentin Chmerkovskiy,Actor/Actress,California,United States,39,18,Eliminated Week 8,6,1,"[8.0, 8.0, 8.0]",24.0,8.0,8.0,8.0,3,0.0,3.0,12,9.16030534351145,False,False,0.25,2.166666666666668,3.0,,percentage,False
Danica McKellar,Valentin Chmerkovskiy,Actor/Actress,California,United States,39,18,Eliminated Week 8,6,2,"[8.0, 8.0, 8.0]",24.0,8.0,8.0,8.0,3,0.0,4.0,11,9.836065573770492,False,False,0.36363636363636365,1.8181818181818166,1.0,24.0,percentage,False
Danica McKellar,Valentin Chmerkovskiy,Actor/Actress,California,United States,39,18,Eliminated Week 8,6,3,"[9.0, 9.0, 9.0, 9.0]",36.0,9.0,9.0,9.0,4,0.0,2.0,9,11.57556270096463,False,False,0.2222222222222222,1.4444444444444429,3.0,24.0,percentage,False
Danica McKellar,Valentin Chmerkovskiy,Actor/Actress,California,United States,39,18,Eliminated Week 8,6,4,"[8.0, 8.0, 8.0, 8.0]",32.0,8.0,8.0,8.0,4,0.0,6.0,9,10.774410774410773,False,False,0.6666666666666666,-1.0,7.0,28.0,percentage,False
Danica McKellar,Valentin Chmerkovskiy,Actor/Actress,California,United States,39,18,Eliminated Week 8,6,5,"[10.0, 9.0, 10.0, 10.0]",39.0,9.75,9.0,10.0,4,0.4330127018922193,2.0,9,12.111801242236025,False,False,0.2222222222222222,3.2222222222222214,1.0,29.0,percentage,False
Danica McKellar,Valentin Chmerkovskiy,Actor/Actress,California,United States,39,18,Eliminated Week 8,6,6,"[9.0, 9.0, 9.0, 9.0]",36.0,9.0,9.0,9.0,4,0.0,3.0,8,12.76595744680851,False,False,0.375,0.75,4.0,31.0,percentage,False
Danica McKellar,Valentin Chmerkovskiy,Actor/Actress,California,United States,39,18,Eliminated Week 8,6,7,"[9.0, 9.5, 8.5, 9.0]",36.0,9.0,8.5,9.5,4,0.3535533905932738,4.0,7,14.229249011857709,False,False,0.5714285714285714,-0.1428571428571459,3.0,31.833333333333332,percentage,False
Danica McKellar,Valentin Chmerkovskiy,Actor/Actress,California,United States,39,18,Eliminated Week 8,6,8,"[10.0, 9.0, 9.0, 10.0]",38.0,9.5,9.0,10.0,4,0.5,3.0,6,16.8141592920354,True,True,0.5,0.3333333333333357,2.0,32.42857142857143,percentage,False
Diana Nyad,Henry Byalikov,Athlete,New York,United States,64,18,Eliminated Week 2,12,1,"[6.0, 6.0, 6.0]",18.0,6.0,6.0,6.0,3,0.0,11.0,12,6.870229007633588,True,True,0.9166666666666666,-3.833333333333332,9.0,,percentage,False
Drew Carey,Cheryl Burke,Comedian,Ohio,United States,55,18,Eliminated Week 6,8,1,"[7.0, 7.0, 7.0]",21.0,7.0,7.0,7.0,3,0.0,7.0,12,8.015267175572518,False,False,0.5833333333333334,-0.8333333333333321,6.0,,percentage,False
Drew Carey,Cheryl Burke,Comedian,Ohio,United States,55,18,Eliminated Week 6,8,2,"[7.0, 7.0, 7.0]",21.0,7.0,7.0,7.0,3,0.0,7.0,11,8.60655737704918,False,False,0.6363636363636364,-1.1818181818181834,4.0,21.0,percentage,False
Drew Carey,Cheryl Burke,Comedian,Ohio,United States,55,18,Eliminated Week 6,8,3,"[7.0, 7.0, 8.0, 8.0]",30.0,7.5,7.0,8.0,4,0.5,9.0,9,9.646302250803858,False,False,1.0,-4.555555555555557,9.0,21.0,percentage,False
Drew Carey,Cheryl Burke,Comedian,Ohio,United States,55,18,Eliminated Week 6,8,4,"[8.0, 8.0, 9.0, 8.0]",33.0,8.25,8.0,9.0,4,0.4330127018922193,4.0,9,11.11111111111111,False,False,0.4444444444444444,0.0,6.0,24.0,percentage,False
Drew Carey,Cheryl Burke,Comedian,Ohio,United States,55,18,Eliminated Week 6,8,5,"[7.0, 7.0, 7.0, 7.0]",28.0,7.0,7.0,7.0,4,0.0,9.0,9,8.695652173913043,False,False,1.0,-7.777777777777779,12.0,26.25,percentage,False
Drew Carey,Cheryl Burke,Comedian,Ohio,United States,55,18,Eliminated Week 6,8,6,"[8.0, 9.0, 7.0, 8.0]",32.0,8.0,7.0,9.0,4,0.7071067811865476,7.0,8,11.347517730496454,True,True,0.875,-3.25,8.0,26.6,percentage,False
James Maslow,Peta Murgatroyd,Actor/Actress,New York,United States,23,18,Eliminated Week 10,4,1,"[7.0, 7.0, 7.0]",21.0,7.0,7.0,7.0,3,0.0,7.0,12,8.015267175572518,False,False,0.5833333333333334,-0.8333333333333321,6.0,,percentage,False
James Maslow,Peta Murgatroyd,Actor/Actress,New York,United States,23,18,Eliminated Week 10,4,2,"[9.0, 8.0, 8.0]",25.0,8.333333333333334,8.0,9.0,3,0.4714045207910317,1.0,11,10.245901639344263,False,False,0.09090909090909091,2.8181818181818166,0.0,21.0,percentage,False
James Maslow,Peta Murgatroyd,Actor/Actress,New York,United States,23,18,Eliminated Week 10,4,3,"[9.0, 9.0, 9.0, 9.0]",36.0,9.0,9.0,9.0,4,0.0,2.0,9,11.57556270096463,False,False,0.2222222222222222,1.4444444444444429,3.0,23.0,percentage,False
James Maslow,Peta Murgatroyd,Actor/Actress,New York,United States,23,18,Eliminated Week 10,4,4,"[9.0, 8.0, 9.0, 9.0]",35.0,8.75,8.0,9.0,4,0.4330127018922193,2.0,9,11.784511784511785,False,False,0.2222222222222222,2.0,4.0,27.333333333333332,percentage,False
James Maslow,Peta Murgatroyd,Actor/Actress,New York,United States,23,18,Eliminated Week 10,4,5,"[10.0, 10.0, 10.0, 10.0]",40.0,10.0,10.0,10.0,4,0.0,1.0,9,12.422360248447205,False,False,0.1111111111111111,4.222222222222221,0.0,29.25,percentage,False
James Maslow,Peta Murgatroyd,Actor/Actress,New York,United States,23,18,Eliminated Week 10,4,6,"[9.0, 9.0, 8.0, 9.0]",35.0,8.75,8.0,9.0,4,0.4330127018922193,5.0,8,12.411347517730496,False,False,0.625,-0.25,5.0,31.4,percentage,False
James Maslow,Peta Murgatroyd,Actor/Actress,New York,United States,23,18,Eliminated Week 10,4,7,"[8.5, 9.5, 8.0, 9.0]",35.0,8.75,8.0,9.5,4,0.5590169943749475,6.0,7,13.83399209486166,False,False,0.8571428571428571,-1.142857142857146,4.0,32.0,percentage,False
James Maslow,Peta Murgatroyd,Actor/Actress,New York,United States,23,18,Eliminated Week 10,4,8,"[8.0, 9.0, 10.0, 9.0]",36.0,9.0,8.0,10.0,4,0.7071067811865476,4.0,6,15.929203539823009,False,False,0.6666666666666666,-1.6666666666666643,4.0,32.42857142857143,percentage,False
James Maslow,Peta Murgatroyd,Actor/Actress,New York,United States,23,18,Eliminated Week 10,4,9,"[9.5, 9.5, 9.5, 9.5]",38.0,9.5,9.5,9.5,4,0.0,3.0,5,19.895287958115183,False,False,0.6,-0.20000000000000284,2.0,32.875,percentage,False
James Maslow,Peta Murgatroyd,Actor/Actress,New York,United States,23,18,Eliminated Week 10,4,10,"[9.5, 9.5, 10.0]",29.0,9.666666666666666,9.5,10.0,3,0.23570226039551584,3.0,4,25.290756490131372,True,True,0.75,0.3333999999999975,1.0,33.44444444444444,percentage,False
Meryl Davis,Maksim Chmerkoskiy,Athlete,Michigan,United States,27,18,1st Place,1,1,"[8.0, 8.0, 8.0]",24.0,8.0,8.0,8.0,3,0.0,3.0,12,9.16030534351145,False,False,0.25,2.166666666666668,3.0,,percentage,False
Meryl Davis,Maksim Chmerkoskiy,Athlete,Michigan,United States,27,18,1st Place,1,2,"[8.0, 9.0, 8.0]",25.0,8.333333333333334,8.0,9.0,3,0.4714045207910317,1.0,11,10.245901639344263,False,False,0.09090909090909091,2.8181818181818166,0.0,24.0,percentage,False
Meryl Davis,Maksim Chmerkoskiy,Athlete,Michigan,United States,27,18,1st Place,1,3,"[10.0, 9.0, 10.0, 10.0]",39.0,9.75,9.0,10.0,4,0.4330127018922193,1.0,9,12.540192926045016,False,False,0.1111111111111111,4.444444444444443,0.0,24.5,percentage,False
Meryl Davis,Maksim Chmerkoskiy,Athlete,Michigan,United States,27,18,1st Place,1,4,"[10.0, 9.0, 10.0, 10.0]",39.0,9.75,9.0,10.0,4,0.4330127018922193,1.0,9,13.131313131313133,False,False,0.1111111111111111,6.0,0.0,29.333333333333332,percentage,False
Meryl Davis,Maksim Chmerkoskiy,Athlete,Michigan,United States,27,18,1st Place,1,5,"[9.0, 9.0, 9.0, 9.0]",36.0,9.0,9.0,9.0,4,0.0,5.0,9,11.180124223602485,False,False,0.5555555555555556,0.22222222222222143,4.0,31.75,percentage,False
Meryl Davis,Maksim Chmerkoskiy,Athlete,Michigan,United States,27,18,1st Place,1,6,"[10.0, 10.0, 10.0, 10.0]",40.0,10.0,10.0,10.0,4,0.0,1.0,8,14.184397163120568,False,False,0.125,4.75,0.0,32.6,percentage,False
Meryl Davis,Maksim Chmerkoskiy,Athlete,Michigan,United States,27,18,1st Place,1,7,"[10.0, 10.0, 9.0, 10.0]",39.0,9.75,9.0,10.0,4,0.4330127018922193,1.0,7,15.41501976284585,False,False,0.14285714285714285,2.857142857142854,0.0,33.833333333333336,percentage,False
Meryl Davis,Maksim Chmerkoskiy,Athlete,Michigan,United States,27,18,1st Place,1,8,"[9.0, 9.0, 8.0, 10.0]",36.0,9.0,8.0,10.0,4,0.7071067811865476,4.0,6,15.929203539823009,False,False,0.6666666666666666,-1.6666666666666643,4.0,34.57142857142857,percentage,False
Meryl Davis,Maksim Chmerkoskiy,Athlete,Michigan,United States,27,18,1st Place,1,9,"[10.0, 10.0, 10.0, 10.0]",40.0,10.0,10.0,10.0,4,0.0,1.0,5,20.94240837696335,False,False,0.2,1.7999999999999972,0.0,34.75,percentage,False
Meryl Davis,Maksim Chmerkoskiy,Athlete,Michigan,United States,27,18,1st Place,1,10,"[10.0, 10.0, 10.0]",30.0,10.0,10.0,10.0,3,0.0,1.0,4,26.16285154151521,True,False,0.25,1.3333999999999975,0.0,35.333333333333336,percentage,False
NeNe Leakes,Tony Dovolani,TV Personality,New York,United States,46,18,Eliminated Week 7,7,1,"[7.0, 7.0, 7.0]",21.0,7.0,7.0,7.0,3,0.0,7.0,12,8.015267175572518,False,False,0.5833333333333334,-0.8333333333333321,6.0,,percentage,False
NeNe Leakes,Tony Dovolani,TV Personality,New York,United States,46,18,Eliminated Week 7,7,2,"[7.0, 7.0, 7.0]",21.0,7.0,7.0,7.0,3,0.0,7.0,11,8.60655737704918,False,False,0.6363636363636364,-1.1818181818181834,4.0,21.0,percentage,False
NeNe Leakes,Tony Dovolani,TV Personality,New York,United States,46,18,Eliminated Week 7,7,3,"[8.0, 7.0, 8.0, 8.0]",31.0,7.75,7.0,8.0,4,0.4330127018922193,8.0,9,9.967845659163988,False,False,0.8888888888888888,-3.555555555555557,8.0,21.0,percentage,False
NeNe Leakes,Tony Dovolani,TV Personality,New York,United States,46,18,Eliminated Week 7,7,4,"[8.0, 8.0, 8.0, 8.0]",32.0,8.0,8.0,8.0,4,0.0,6.0,9,10.774410774410773,False,False,0.6666666666666666,-1.0,7.0,24.333333333333332,percentage,False
NeNe Leakes,Tony Dovolani,TV Personality,New York,United States,46,18,Eliminated Week 7,7,5,"[9.0, 9.0, 9.0, 9.0]",36.0,9.0,9.0,9.0,4,0.0,5.0,9,11.180124223602485,False,False,0.5555555555555556,0.22222222222222143,4.0,26.25,percentage,False
NeNe Leakes,Tony Dovolani,TV Personality,New York,United States,46,18,Eliminated Week 7,7,6,"[8.0, 9.0, 8.0, 8.0]",33.0,8.25,8.0,9.0,4,0.4330127018922193,6.0,8,11.702127659574469,False,False,0.75,-2.25,7.0,28.2,percentage,False
NeNe Leakes,Tony Dovolani,TV Personality,New York,United States,46,18,Eliminated Week 7,7,7,"[8.0, 9.0, 7.5, 8.5]",33.0,8.25,7.5,9.0,4,0.5590169943749475,7.0,7,13.043478260869565,True,True,1.0,-3.142857142857146,6.0,29.0,percentage,False
Sean Avery,Karina Smirnoff,Athlete,Non-US,Canada,33,18,Eliminated Week 2,11,1,"[7.0, 6.0, 7.0]",20.0,6.666666666666667,6.0,7.0,3,0.4714045207910317,10.0,12,7.633587786259542,False,False,0.8333333333333334,-1.8333333333333321,7.0,,percentage,False
Sean Avery,Karina Smirnoff,Athlete,Non-US,Canada,33,18,Eliminated Week 2,11,2,"[7.0, 7.0, 7.0]",21.0,7.0,7.0,7.0,3,0.0,7.0,11,8.60655737704918,True,True,0.6363636363636364,-1.1818181818181834,4.0,20.0,percentage,False
Alfonso Ribeiro,Witney Carson,Actor/Actress,New York,United States,42,19,1st Place,1,1,"[9.0, 9.0, 9.0, 9.0]",36.0,9.0,9.0,9.0,4,0.0,1.0,13,9.67741935483871,False,False,0.07692307692307693,7.384615384615383,0.0,,percentage,False
Alfonso Ribeiro,Witney Carson,Actor/Actress,New York,United States,42,19,1st Place,1,2,"[8.0, 8.0, 8.0, 8.0]",32.0,8.0,8.0,8.0,4,0.0,4.0,12,8.83977900552486,False,False,0.3333333333333333,1.8333333333333321,3.0,36.0,percentage,False
Alfonso Ribeiro,Witney Carson,Actor/Actress,New York,United States,42,19,1st Place,1,3,"[8.0, 8.0, 8.0, 8.0]",32.0,8.0,8.0,8.0,4,0.0,4.0,11,9.06515580736544,False,False,0.36363636363636365,-0.09090909090909349,8.0,34.0,percentage,False
Alfonso Ribeiro,Witney Carson,Actor/Actress,New York,United States,42,19,1st Place,1,4,"[10.0, 10.0, 10.0, 10.0]",40.0,10.0,10.0,10.0,4,0.0,1.0,10,12.5,False,False,0.1,8.0,0.0,33.333333333333336,percentage,False
Alfonso Ribeiro,Witney Carson,Actor/Actress,New York,United States,42,19,1st Place,1,5,"[8.0, 9.0, 9.0, 8.0]",34.0,8.5,8.0,9.0,4,0.5,2.0,9,12.878787878787879,False,False,0.2222222222222222,4.666666666666668,2.0,35.0,percentage,False
Alfonso Ribeiro,Witney Carson,Actor/Actress,New York,United States,42,19,1st Place,1,6,"[10.0, 10.0, 9.0, 10.0]",39.0,9.75,9.0,10.0,4,0.4330127018922193,1.0,9,13.310580204778159,False,False,0.1111111111111111,6.444444444444443,0.0,34.8,percentage,False
Alfonso Ribeiro,Witney Carson,Actor/Actress,New York,United States,42,19,1st Place,1,7,"[8.5, 8.5, 8.5, 8.5]",34.0,8.5,8.5,8.5,4,0.0,3.0,8,13.152804642166343,False,False,0.375,1.6875,3.5,35.5,percentage,False
Alfonso Ribeiro,Witney Carson,Actor/Actress,New York,United States,42,19,1st Place,1,8,"[10.75, 9.75, 9.75, 10.75]",41.0,10.25,9.75,10.75,4,0.5,2.0,7,16.532258064516128,False,False,0.2857142857142857,5.571428571428569,2.0,35.285714285714285,percentage,False
Alfonso Ribeiro,Witney Carson,Actor/Actress,New York,United States,42,19,1st Place,1,9,"[9.5, 9.5, 9.5, 10.0]",38.5,9.625,9.5,10.0,4,0.21650635094610965,1.0,6,17.990654205607477,False,False,0.16666666666666666,2.8333333333333357,0.0,36.0,percentage,False
Alfonso Ribeiro,Witney Carson,Actor/Actress,New York,United States,42,19,1st Place,1,10,"[9.5, 9.0, 9.5, 9.5]",37.5,9.375,9.0,9.5,4,0.21650635094610965,3.0,5,20.54794520547945,False,False,0.6,1.0,1.5,36.27777777777778,percentage,False
Alfonso Ribeiro,Witney Carson,Actor/Actress,New York,United States,42,19,1st Place,1,11,"[10.0, 10.0, 10.0, 10.0]",40.0,10.0,10.0,10.0,4,0.0,1.0,4,25.586408499804897,True,False,0.25,0.9167499999999933,0.0,36.4,percentage,False
Antonio Sabato Jr.,Cheryl Burke,Actor/Actress,Non-US,Italy,42,19,Eliminated Week 7,8,1,"[6.0, 6.0, 6.0, 7.0]",25.0,6.25,6.0,7.0,4,0.4330127018922193,10.0,13,6.720430107526881,False,False,0.7692307692307693,-3.6153846153846168,11.0,,percentage,False
Antonio Sabato Jr.,Cheryl Burke,Actor/Actress,Non-US,Italy,42,19,Eliminated Week 7,8,2,"[8.0, 7.0, 8.0, 8.0]",31.0,7.75,7.0,8.0,4,0.4330127018922193,5.0,12,8.56353591160221,False,False,0.4166666666666667,0.8333333333333321,4.0,25.0,percentage,False
Antonio Sabato Jr.,Cheryl Burke,Actor/Actress,Non-US,Italy,42,19,Eliminated Week 7,8,3,"[7.0, 7.0, 7.0, 8.0]",29.0,7.25,7.0,8.0,4,0.4330127018922193,8.0,11,8.21529745042493,False,False,0.7272727272727273,-3.0909090909090935,11.0,28.0,percentage,False
Antonio Sabato Jr.,Cheryl Burke,Actor/Actress,Non-US,Italy,42,19,Eliminated Week 7,8,4,"[7.0, 7.0, 7.0, 8.0]",29.0,7.25,7.0,8.0,4,0.4330127018922193,6.0,10,9.0625,False,False,0.6,-3.0,11.0,28.333333333333332,percentage,False
Antonio Sabato Jr.,Cheryl Burke,Actor/Actress,Non-US,Italy,42,19,Eliminated Week 7,8,5,"[8.0, 6.0, 7.0, 7.0]",28.0,7.0,6.0,8.0,4,0.7071067811865476,6.0,9,10.606060606060606,False,False,0.6666666666666666,-1.3333333333333321,8.0,28.5,percentage,False
Antonio Sabato Jr.,Cheryl Burke,Actor/Actress,Non-US,Italy,42,19,Eliminated Week 7,8,6,"[7.0, 7.0, 7.0, 7.0]",28.0,7.0,7.0,7.0,4,0.0,8.0,9,9.556313993174061,False,False,0.8888888888888888,-4.555555555555557,11.0,28.4,percentage,False
Antonio Sabato Jr.,Cheryl Burke,Actor/Actress,Non-US,Italy,42,19,Eliminated Week 7,8,7,"[7.0, 7.5, 7.5, 7.5]",29.5,7.375,7.0,7.5,4,0.21650635094610965,7.0,8,11.411992263056092,True,True,0.875,-2.8125,8.0,28.333333333333332,percentage,False
Bethany Mota,Derek Hough,Social Media Personality,California,United States,18,19,Eliminated Week 11,4,1,"[8.0, 8.0, 8.0, 8.0]",32.0,8.0,8.0,8.0,4,0.0,3.0,13,8.60215053763441,False,False,0.23076923076923078,3.3846153846153832,4.0,,percentage,False
Bethany Mota,Derek Hough,Social Media Personality,California,United States,18,19,Eliminated Week 11,4,2,"[8.0, 9.0, 8.0, 8.0]",33.0,8.25,8.0,9.0,4,0.4330127018922193,3.0,12,9.116022099447514,False,False,0.25,2.833333333333332,2.0,32.0,percentage,False
Bethany Mota,Derek Hough,Social Media Personality,California,United States,18,19,Eliminated Week 11,4,3,"[10.0, 10.0, 10.0, 10.0]",40.0,10.0,10.0,10.0,4,0.0,1.0,11,11.3314447592068,False,False,0.09090909090909091,7.9090909090909065,0.0,32.5,percentage,False
Bethany Mota,Derek Hough,Social Media Personality,California,United States,18,19,Eliminated Week 11,4,4,"[8.0, 8.0, 8.0, 9.0]",33.0,8.25,8.0,9.0,4,0.4330127018922193,5.0,10,10.3125,False,False,0.5,1.0,7.0,35.0,percentage,False
Bethany Mota,Derek Hough,Social Media Personality,California,United States,18,19,Eliminated Week 11,4,5,"[8.0, 8.0, 8.0, 8.0]",32.0,8.0,8.0,8.0,4,0.0,5.0,9,12.121212121212121,False,False,0.5555555555555556,2.666666666666668,4.0,34.5,percentage,False
Bethany Mota,Derek Hough,Social Media Personality,California,United States,18,19,Eliminated Week 11,4,6,"[9.0, 9.0, 9.0, 9.0]",36.0,9.0,9.0,9.0,4,0.0,2.0,9,12.286689419795222,False,False,0.2222222222222222,3.444444444444443,3.0,34.0,percentage,False
Bethany Mota,Derek Hough,Social Media Personality,California,United States,18,19,Eliminated Week 11,4,7,"[9.5, 9.0, 9.5, 9.5]",37.5,9.375,9.0,9.5,4,0.21650635094610965,1.0,8,14.506769825918761,False,False,0.125,5.1875,0.0,34.333333333333336,percentage,False
Bethany Mota,Derek Hough,Social Media Personality,California,United States,18,19,Eliminated Week 11,4,8,"[9.75, 9.75, 9.75, 10.75]",40.0,10.0,9.75,10.75,4,0.4330127018922193,3.0,7,16.129032258064516,False,False,0.42857142857142855,4.571428571428569,3.0,34.785714285714285,percentage,False
Bethany Mota,Derek Hough,Social Media Personality,California,United States,18,19,Eliminated Week 11,4,9,"[9.0, 9.5, 9.5, 9.0]",37.0,9.25,9.0,9.5,4,0.25,3.0,6,17.289719626168225,False,False,0.5,1.3333333333333357,1.5,35.4375,percentage,False
Bethany Mota,Derek Hough,Social Media Personality,California,United States,18,19,Eliminated Week 11,4,10,"[9.5, 9.5, 9.5, 9.5]",38.0,9.5,9.5,9.5,4,0.0,2.0,5,20.82191780821918,False,False,0.4,1.5,1.0,35.611111111111114,percentage,False
Bethany Mota,Derek Hough,Social Media Personality,California,United States,18,19,Eliminated Week 11,4,11,"[9.5, 9.5, 9.5, 9.5]",38.0,9.5,9.5,9.5,4,0.0,4.0,4,24.307088074814654,True,True,1.0,-1.0832500000000067,2.0,35.85,percentage,False
Betsey Johnson,Tony Dovolani,Fashion Designer,Connecticut,United States,72,19,Eliminated Week 4,10,1,"[5.0, 5.0, 5.0, 5.0]",20.0,5.0,5.0,5.0,4,0.0,13.0,13,5.376344086021505,False,False,1.0,-8.615384615384617,16.0,,percentage,False
Betsey Johnson,Tony Dovolani,Fashion Designer,Connecticut,United States,72,19,Eliminated Week 4,10,2,"[7.0, 7.0, 7.0, 7.0]",28.0,7.0,7.0,7.0,4,0.0,8.0,12,7.734806629834254,False,False,0.6666666666666666,-2.166666666666668,7.0,20.0,percentage,False
Betsey Johnson,Tony Dovolani,Fashion Designer,Connecticut,United States,72,19,Eliminated Week 4,10,3,"[7.0, 9.0, 6.0, 7.0]",29.0,7.25,6.0,9.0,4,1.0897247358851685,8.0,11,8.21529745042493,False,False,0.7272727272727273,-3.0909090909090935,11.0,24.0,percentage,False
Betsey Johnson,Tony Dovolani,Fashion Designer,Connecticut,United States,72,19,Eliminated Week 4,10,4,"[8.0, 7.0, 7.0, 7.0]",29.0,7.25,7.0,8.0,4,0.4330127018922193,6.0,10,9.0625,True,True,0.6,-3.0,11.0,25.666666666666668,percentage,False
Janel Parrish,Valentin Chmerkovskiy,Actor/Actress,Hawaii,United States,25,19,3rd Place,3,1,"[7.0, 7.0, 7.0, 8.0]",29.0,7.25,7.0,8.0,4,0.4330127018922193,7.0,13,7.795698924731183,False,False,0.5384615384615384,0.38461538461538325,7.0,,percentage,False
Janel Parrish,Valentin Chmerkovskiy,Actor/Actress,Hawaii,United States,25,19,3rd Place,3,2,"[9.0, 8.0, 8.0, 9.0]",34.0,8.5,8.0,9.0,4,0.5,2.0,12,9.392265193370166,False,False,0.16666666666666666,3.833333333333332,1.0,29.0,percentage,False
Janel Parrish,Valentin Chmerkovskiy,Actor/Actress,Hawaii,United States,25,19,3rd Place,3,3,"[10.0, 10.0, 10.0, 10.0]",40.0,10.0,10.0,10.0,4,0.0,1.0,11,11.3314447592068,False,False,0.09090909090909091,7.9090909090909065,0.0,31.5,percentage,False
Janel Parrish,Valentin Chmerkovskiy,Actor/Actress,Hawaii,United States,25,19,3rd Place,3,4,"[9.0, 9.0, 9.0, 9.0]",36.0,9.0,9.0,9.0,4,0.0,4.0,10,11.25,False,False,0.4,4.0,4.0,34.333333333333336,percentage,False
Janel Parrish,Valentin Chmerkovskiy,Actor/Actress,Hawaii,United States,25,19,3rd Place,3,5,"[8.0, 8.0, 8.0, 9.0]",33.0,8.25,8.0,9.0,4,0.4330127018922193,4.0,9,12.5,False,False,0.4444444444444444,3.666666666666668,3.0,34.75,percentage,False
Janel Parrish,Valentin Chmerkovskiy,Actor/Actress,Hawaii,United States,25,19,3rd Place,3,6,"[8.0, 7.0, 9.0, 9.0]",33.0,8.25,7.0,9.0,4,0.82915619758885,4.0,9,11.262798634812286,False,False,0.4444444444444444,0.44444444444444287,6.0,34.4,percentage,False
Janel Parrish,Valentin Chmerkovskiy,Actor/Actress,Hawaii,United States,25,19,3rd Place,3,7,"[8.5, 8.0, 8.5, 8.5]",33.5,8.375,8.0,8.5,4,0.21650635094610965,4.0,8,12.959381044487428,False,False,0.5,1.1875,4.0,34.166666666666664,percentage,False
Janel Parrish,Valentin Chmerkovskiy,Actor/Actress,Hawaii,United States,25,19,3rd Place,3,8,"[10.75, 10.75, 10.75, 10.75]",43.0,10.75,10.75,10.75,4,0.0,1.0,7,17.338709677419356,False,False,0.14285714285714285,7.571428571428569,0.0,34.07142857142857,percentage,False
Janel Parrish,Valentin Chmerkovskiy,Actor/Actress,Hawaii,United States,25,19,3rd Place,3,9,"[9.5, 9.5, 10.0, 9.5]",38.5,9.625,9.5,10.0,4,0.21650635094610965,1.0,6,17.990654205607477,False,False,0.16666666666666666,2.8333333333333357,0.0,35.1875,percentage,False
Janel Parrish,Valentin Chmerkovskiy,Actor/Actress,Hawaii,United States,25,19,3rd Place,3,10,"[9.5, 9.5, 10.0, 10.0]",39.0,9.75,9.5,10.0,4,0.25,1.0,5,21.36986301369863,False,False,0.2,2.5,0.0,35.55555555555556,percentage,False
Janel Parrish,Valentin Chmerkovskiy,Actor/Actress,Hawaii,United States,25,19,3rd Place,3,11,"[9.6666, 10.0, 9.6666, 9.6666]",38.99980000000001,9.749950000000002,9.6666,10.0,4,0.1443664348108656,3.0,4,24.94662035526728,True,False,0.75,-0.08344999999999914,1.0001999999999924,35.9,percentage,False
Jonathan Bennett,Allison Holker,Actor/Actress,Ohio,United States,33,19,Eliminated Week 6,9,1,"[8.0, 7.0, 7.0, 8.0]",30.0,7.5,7.0,8.0,4,0.5,6.0,13,8.064516129032258,False,False,0.46153846153846156,1.3846153846153832,6.0,,percentage,False
Jonathan Bennett,Allison Holker,Actor/Actress,Ohio,United States,33,19,Eliminated Week 6,9,2,"[7.0, 7.0, 8.0, 8.0]",30.0,7.5,7.0,8.0,4,0.5,7.0,12,8.287292817679557,False,False,0.5833333333333334,-0.16666666666666785,5.0,30.0,percentage,False
Jonathan Bennett,Allison Holker,Actor/Actress,Ohio,United States,33,19,Eliminated Week 6,9,3,"[8.0, 8.0, 8.0, 8.0]",32.0,8.0,8.0,8.0,4,0.0,4.0,11,9.06515580736544,False,False,0.36363636363636365,-0.09090909090909349,8.0,30.0,percentage,False
Jonathan Bennett,Allison Holker,Actor/Actress,Ohio,United States,33,19,Eliminated Week 6,9,4,"[6.0, 6.0, 6.0, 6.0]",24.0,6.0,6.0,6.0,4,0.0,10.0,10,7.5,False,False,1.0,-8.0,16.0,30.666666666666668,percentage,False
Jonathan Bennett,Allison Holker,Actor/Actress,Ohio,United States,33,19,Eliminated Week 6,9,5,"[6.0, 6.0, 6.0, 6.0]",24.0,6.0,6.0,6.0,4,0.0,7.0,9,9.090909090909092,False,False,0.7777777777777778,-5.333333333333332,12.0,29.0,percentage,False
Jonathan Bennett,Allison Holker,Actor/Actress,Ohio,United States,33,19,Eliminated Week 6,9,6,"[8.0, 8.0, 8.0, 8.0]",32.0,8.0,8.0,8.0,4,0.0,5.0,9,10.921501706484642,True,True,0.5555555555555556,-0.5555555555555571,7.0,28.0,percentage,False
Lea Thompson,Artem Chigvintsev,Actor/Actress,Minnesota,United States,53,19,Eliminated Week 9,6,1,"[8.0, 8.0, 8.0, 8.0]",32.0,8.0,8.0,8.0,4,0.0,3.0,13,8.60215053763441,False,False,0.23076923076923078,3.3846153846153832,4.0,,percentage,False
Lea Thompson,Artem Chigvintsev,Actor/Actress,Minnesota,United States,53,19,Eliminated Week 9,6,2,"[9.0, 8.0, 9.0, 9.0]",35.0,8.75,8.0,9.0,4,0.4330127018922193,1.0,12,9.668508287292818,False,False,0.08333333333333333,4.833333333333332,0.0,32.0,percentage,False
Lea Thompson,Artem Chigvintsev,Actor/Actress,Minnesota,United States,53,19,Eliminated Week 9,6,3,"[7.0, 8.0, 8.0, 8.0]",31.0,7.75,7.0,8.0,4,0.4330127018922193,7.0,11,8.78186968838527,False,False,0.6363636363636364,-1.0909090909090935,9.0,33.5,percentage,False
Lea Thompson,Artem Chigvintsev,Actor/Actress,Minnesota,United States,53,19,Eliminated Week 9,6,4,"[10.0, 10.0, 10.0, 9.0]",39.0,9.75,9.0,10.0,4,0.4330127018922193,2.0,10,12.1875,False,False,0.2,7.0,1.0,32.666666666666664,percentage,False
Lea Thompson,Artem Chigvintsev,Actor/Actress,Minnesota,United States,53,19,Eliminated Week 9,6,5,"[9.0, 8.0, 8.0, 9.0]",34.0,8.5,8.0,9.0,4,0.5,2.0,9,12.878787878787879,False,False,0.2222222222222222,4.666666666666668,2.0,34.25,percentage,False
Lea Thompson,Artem Chigvintsev,Actor/Actress,Minnesota,United States,53,19,Eliminated Week 9,6,6,"[8.0, 8.0, 8.0, 8.0]",32.0,8.0,8.0,8.0,4,0.0,5.0,9,10.921501706484642,False,False,0.5555555555555556,-0.5555555555555571,7.0,34.2,percentage,False
Lea Thompson,Artem Chigvintsev,Actor/Actress,Minnesota,United States,53,19,Eliminated Week 9,6,7,"[8.5, 8.5, 9.0, 9.0]",35.0,8.75,8.5,9.0,4,0.25,2.0,8,13.539651837524177,False,False,0.25,2.6875,2.5,33.833333333333336,percentage,False
Lea Thompson,Artem Chigvintsev,Actor/Actress,Minnesota,United States,53,19,Eliminated Week 9,6,8,"[8.0, 8.0, 8.0, 8.0]",32.0,8.0,8.0,8.0,4,0.0,5.0,7,12.903225806451612,False,False,0.7142857142857143,-3.4285714285714306,11.0,34.0,percentage,False
Lea Thompson,Artem Chigvintsev,Actor/Actress,Minnesota,United States,53,19,Eliminated Week 9,6,9,"[8.5, 9.0, 8.5, 9.0]",35.0,8.75,8.5,9.0,4,0.25,5.0,6,16.355140186915886,True,True,0.8333333333333334,-0.6666666666666643,3.5,33.75,percentage,False
Lolo Jones,Keo Motsepe,Athlete,Iowa,United States,32,19,Eliminated Week 1,13,1,"[6.0, 6.0, 5.0, 5.0]",22.0,5.5,5.0,6.0,4,0.5,12.0,13,5.913978494623656,True,True,0.9230769230769231,-6.615384615384617,14.0,,percentage,False
Michael Waltrip,Emma Slater,Racing Driver,Kentucky,United States,51,19,Eliminated Week 8,7,1,"[7.0, 6.0, 6.0, 6.0]",25.0,6.25,6.0,7.0,4,0.4330127018922193,10.0,13,6.720430107526881,False,False,0.7692307692307693,-3.6153846153846168,11.0,,percentage,False
Michael Waltrip,Emma Slater,Racing Driver,Kentucky,United States,51,19,Eliminated Week 8,7,2,"[6.0, 6.0, 6.0, 6.0]",24.0,6.0,6.0,6.0,4,0.0,12.0,12,6.629834254143646,False,False,1.0,-6.166666666666668,11.0,25.0,percentage,False
Michael Waltrip,Emma Slater,Racing Driver,Kentucky,United States,51,19,Eliminated Week 8,7,3,"[7.0, 7.0, 7.0, 7.0]",28.0,7.0,7.0,7.0,4,0.0,10.0,11,7.932011331444759,False,False,0.9090909090909091,-4.0909090909090935,12.0,24.5,percentage,False
Michael Waltrip,Emma Slater,Racing Driver,Kentucky,United States,51,19,Eliminated Week 8,7,4,"[6.0, 6.0, 6.0, 7.0]",25.0,6.25,6.0,7.0,4,0.4330127018922193,9.0,10,7.8125,False,False,0.9,-7.0,15.0,25.666666666666668,percentage,False
Michael Waltrip,Emma Slater,Racing Driver,Kentucky,United States,51,19,Eliminated Week 8,7,5,"[5.0, 5.0, 5.0, 5.0]",20.0,5.0,5.0,5.0,4,0.0,9.0,9,7.575757575757576,False,False,1.0,-9.333333333333332,16.0,25.5,percentage,False
Michael Waltrip,Emma Slater,Racing Driver,Kentucky,United States,51,19,Eliminated Week 8,7,6,"[8.0, 7.0, 8.0, 7.0]",30.0,7.5,7.0,8.0,4,0.5,7.0,9,10.238907849829351,False,False,0.7777777777777778,-2.555555555555557,9.0,24.4,percentage,False
Michael Waltrip,Emma Slater,Racing Driver,Kentucky,United States,51,19,Eliminated Week 8,7,7,"[7.0, 7.0, 7.0, 7.0]",28.0,7.0,7.0,7.0,4,0.0,8.0,8,10.831721470019342,False,False,1.0,-4.3125,9.5,25.333333333333332,percentage,False
Michael Waltrip,Emma Slater,Racing Driver,Kentucky,United States,51,19,Eliminated Week 8,7,8,"[6.0, 7.0, 6.0, 6.0]",25.0,6.25,6.0,7.0,4,0.4330127018922193,7.0,7,10.080645161290322,True,True,1.0,-10.42857142857143,18.0,25.714285714285715,percentage,False
Randy Couture,Karina Smirnoff,Athlete,Washington,United States,51,19,Eliminated Week 3,11,1,"[8.0, 7.0, 8.0, 8.0]",31.0,7.75,7.0,8.0,4,0.4330127018922193,5.0,13,8.333333333333332,False,False,0.38461538461538464,2.3846153846153832,5.0,,percentage,False
Randy Couture,Karina Smirnoff,Athlete,Washington,United States,51,19,Eliminated Week 3,11,2,"[7.0, 7.0, 7.0, 7.0]",28.0,7.0,7.0,7.0,4,0.0,8.0,12,7.734806629834254,False,False,0.6666666666666666,-2.166666666666668,7.0,31.0,percentage,False
Randy Couture,Karina Smirnoff,Athlete,Washington,United States,51,19,Eliminated Week 3,11,3,"[7.0, 7.0, 6.0, 6.0]",26.0,6.5,6.0,7.0,4,0.5,11.0,11,7.365439093484419,True,True,1.0,-6.0909090909090935,14.0,29.5,percentage,False
Sadie Robertson,Mark Ballas,TV Personality,Louisiana,United States,17,19,2nd Place,2,1,"[8.0, 8.0, 9.0, 9.0]",34.0,8.5,8.0,9.0,4,0.5,2.0,13,9.13978494623656,False,False,0.15384615384615385,5.384615384615383,2.0,,percentage,False
Sadie Robertson,Mark Ballas,TV Personality,Louisiana,United States,17,19,2nd Place,2,2,"[8.0, 7.0, 8.0, 8.0]",31.0,7.75,7.0,8.0,4,0.4330127018922193,5.0,12,8.56353591160221,False,False,0.4166666666666667,0.8333333333333321,4.0,34.0,percentage,False
Sadie Robertson,Mark Ballas,TV Personality,Louisiana,United States,17,19,2nd Place,2,3,"[8.0, 8.0, 8.0, 8.0]",32.0,8.0,8.0,8.0,4,0.0,4.0,11,9.06515580736544,False,False,0.36363636363636365,-0.09090909090909349,8.0,32.5,percentage,False
Sadie Robertson,Mark Ballas,TV Personality,Louisiana,United States,17,19,2nd Place,2,4,"[9.0, 10.0, 9.0, 9.0]",37.0,9.25,9.0,10.0,4,0.4330127018922193,3.0,10,11.5625,False,False,0.3,5.0,3.0,32.333333333333336,percentage,False
Sadie Robertson,Mark Ballas,TV Personality,Louisiana,United States,17,19,2nd Place,2,5,"[9.0, 9.0, 9.0, 9.0]",36.0,9.0,9.0,9.0,4,0.0,1.0,9,13.636363636363635,False,False,0.1111111111111111,6.666666666666668,0.0,33.5,percentage,False
Sadie Robertson,Mark Ballas,TV Personality,Louisiana,United States,17,19,2nd Place,2,6,"[9.0, 10.0, 8.0, 8.0]",35.0,8.75,8.0,10.0,4,0.82915619758885,3.0,9,11.945392491467576,False,False,0.3333333333333333,2.444444444444443,4.0,34.0,percentage,False
Sadie Robertson,Mark Ballas,TV Personality,Louisiana,United States,17,19,2nd Place,2,7,"[7.5, 7.5, 8.0, 8.0]",31.0,7.75,7.5,8.0,4,0.25,5.0,8,11.992263056092844,False,False,0.625,-1.3125,6.5,34.166666666666664,percentage,False
Sadie Robertson,Mark Ballas,TV Personality,Louisiana,United States,17,19,2nd Place,2,8,"[9.0, 9.0, 10.0, 10.0]",38.0,9.5,9.0,10.0,4,0.5,4.0,7,15.32258064516129,False,False,0.5714285714285714,2.5714285714285694,5.0,33.714285714285715,percentage,False
Sadie Robertson,Mark Ballas,TV Personality,Louisiana,United States,17,19,2nd Place,2,9,"[9.0, 9.5, 9.0, 9.0]",36.5,9.125,9.0,9.5,4,0.21650635094610965,4.0,6,17.056074766355138,False,False,0.6666666666666666,0.8333333333333357,2.0,34.25,percentage,False
Sadie Robertson,Mark Ballas,TV Personality,Louisiana,United States,17,19,2nd Place,2,10,"[9.0, 9.5, 9.5, 9.0]",37.0,9.25,9.0,9.5,4,0.25,4.0,5,20.273972602739725,False,False,0.8,0.5,2.0,34.5,percentage,False
Sadie Robertson,Mark Ballas,TV Personality,Louisiana,United States,17,19,2nd Place,2,11,"[10.0, 9.6666, 10.0, 9.6666]",39.333200000000005,9.833300000000001,9.6666,10.0,4,0.16669999999999963,2.0,4,25.159883070113153,True,False,0.5,0.24994999999999834,0.666799999999995,34.75,percentage,False
Tavis Smiley,Sharna Burgess,Radio Personality,Mississippi,United States,50,19,Eliminated Week 2,12,1,"[7.0, 7.0, 8.0, 7.0]",29.0,7.25,7.0,8.0,4,0.4330127018922193,7.0,13,7.795698924731183,False,False,0.5384615384615384,0.38461538461538325,7.0,,percentage,False
Tavis Smiley,Sharna Burgess,Radio Personality,Mississippi,United States,50,19,Eliminated Week 2,12,2,"[7.0, 7.0, 7.0, 7.0]",28.0,7.0,7.0,7.0,4,0.0,8.0,12,7.734806629834254,True,True,0.6666666666666666,-2.166666666666668,7.0,29.0,percentage,False
Tommy Chong,Peta Murgatroyd,Comedian,Non-US,Canada,76,19,Eliminated Week 10,5,1,"[7.0, 6.0, 7.0, 7.0]",27.0,6.75,6.0,7.0,4,0.4330127018922193,9.0,13,7.258064516129033,False,False,0.6923076923076923,-1.6153846153846168,9.0,,percentage,False
Tommy Chong,Peta Murgatroyd,Comedian,Non-US,Canada,76,19,Eliminated Week 10,5,2,"[7.0, 7.0, 7.0, 7.0]",28.0,7.0,7.0,7.0,4,0.0,8.0,12,7.734806629834254,False,False,0.6666666666666666,-2.166666666666668,7.0,27.0,percentage,False
Tommy Chong,Peta Murgatroyd,Comedian,Non-US,Canada,76,19,Eliminated Week 10,5,3,"[8.0, 10.0, 8.0, 8.0]",34.0,8.5,8.0,10.0,4,0.8660254037844386,3.0,11,9.631728045325778,False,False,0.2727272727272727,1.9090909090909065,6.0,27.5,percentage,False
Tommy Chong,Peta Murgatroyd,Comedian,Non-US,Canada,76,19,Eliminated Week 10,5,4,"[7.0, 7.0, 7.0, 7.0]",28.0,7.0,7.0,7.0,4,0.0,8.0,10,8.75,False,False,0.8,-4.0,12.0,29.666666666666668,percentage,False
Tommy Chong,Peta Murgatroyd,Comedian,Non-US,Canada,76,19,Eliminated Week 10,5,5,"[6.0, 6.0, 5.0, 6.0]",23.0,5.75,5.0,6.0,4,0.4330127018922193,8.0,9,8.712121212121213,False,False,0.8888888888888888,-6.333333333333332,13.0,29.25,percentage,False
Tommy Chong,Peta Murgatroyd,Comedian,Non-US,Canada,76,19,Eliminated Week 10,5,6,"[7.0, 7.0, 7.0, 7.0]",28.0,7.0,7.0,7.0,4,0.0,8.0,9,9.556313993174061,False,False,0.8888888888888888,-4.555555555555557,11.0,28.0,percentage,False
Tommy Chong,Peta Murgatroyd,Comedian,Non-US,Canada,76,19,Eliminated Week 10,5,7,"[7.5, 7.5, 7.5, 7.5]",30.0,7.5,7.5,7.5,4,0.0,6.0,8,11.60541586073501,False,False,0.75,-2.3125,7.5,28.0,percentage,False
Tommy Chong,Peta Murgatroyd,Comedian,Non-US,Canada,76,19,Eliminated Week 10,5,8,"[6.75, 7.75, 7.75, 6.75]",29.0,7.25,6.75,7.75,4,0.5,6.0,7,11.693548387096774,False,False,0.8571428571428571,-6.428571428571431,14.0,28.285714285714285,percentage,False
Tommy Chong,Peta Murgatroyd,Comedian,Non-US,Canada,76,19,Eliminated Week 10,5,9,"[7.0, 7.5, 7.0, 7.0]",28.5,7.125,7.0,7.5,4,0.21650635094610965,6.0,6,13.317757009345794,False,False,1.0,-7.166666666666664,10.0,28.375,percentage,False
Tommy Chong,Peta Murgatroyd,Comedian,Non-US,Canada,76,19,Eliminated Week 10,5,10,"[8.0, 7.5, 8.0, 7.5]",31.0,7.75,7.5,8.0,4,0.25,5.0,5,16.986301369863014,True,True,1.0,-5.5,8.0,28.38888888888889,percentage,False
Charlotte McKinney,Keo Motsepe,Model,Florida,United States,21,20,Eliminated Week 3,11,1,"[6.0, 5.0, 5.0, 6.0]",22.0,5.5,5.0,6.0,4,0.5,11.0,12,6.918238993710692,False,False,0.9166666666666666,-4.5,10.0,,percentage,False
Charlotte McKinney,Keo Motsepe,Model,Florida,United States,21,20,Eliminated Week 3,11,2,"[7.0, 6.0, 7.0, 6.0]",26.0,6.5,6.0,7.0,4,0.5,11.0,12,7.492795389048991,False,False,0.9166666666666666,-2.916666666666668,8.0,22.0,percentage,False
Charlotte McKinney,Keo Motsepe,Model,Florida,United States,21,20,Eliminated Week 3,11,3,"[6.0, 5.0, 5.0, 6.0]",22.0,5.5,5.0,6.0,4,0.5,10.0,11,7.0287539936102235,True,True,0.9090909090909091,-6.454545454545453,12.0,24.0,percentage,False
Chris Soules,Witney Carson,TV Personality,Iowa,United States,33,20,Eliminated Week 8,5,1,"[7.0, 6.0, 6.0, 7.0]",26.0,6.5,6.0,7.0,4,0.5,5.0,12,8.176100628930817,False,False,0.4166666666666667,-0.5,6.0,,percentage,False
Chris Soules,Witney Carson,TV Personality,Iowa,United States,33,20,Eliminated Week 8,5,2,"[5.0, 6.0, 5.0, 5.0]",21.0,5.25,5.0,6.0,4,0.4330127018922193,12.0,12,6.051873198847262,False,False,1.0,-7.916666666666668,13.0,26.0,percentage,False
Chris Soules,Witney Carson,TV Personality,Iowa,United States,33,20,Eliminated Week 8,5,3,"[7.0, 7.0, 7.0, 7.0]",28.0,7.0,7.0,7.0,4,0.0,7.0,11,8.945686900958465,False,False,0.6363636363636364,-0.45454545454545325,6.0,23.5,percentage,False
Chris Soules,Witney Carson,TV Personality,Iowa,United States,33,20,Eliminated Week 8,5,4,"[7.0, 6.0, 7.0, 7.0]",27.0,6.75,6.0,7.0,4,0.4330127018922193,10.0,10,8.307692307692308,False,False,1.0,-5.5,12.0,25.0,percentage,False
Chris Soules,Witney Carson,TV Personality,Iowa,United States,33,20,Eliminated Week 8,5,5,"[7.0, 6.0, 7.0, 7.0]",27.0,6.75,6.0,7.0,4,0.4330127018922193,7.0,9,9.540636042402827,False,False,0.7777777777777778,-4.444444444444443,12.0,25.5,percentage,False
Chris Soules,Witney Carson,TV Personality,Iowa,United States,33,20,Eliminated Week 8,5,6,"[9.0, 8.0, 9.0, 9.0]",35.0,8.75,8.0,9.0,4,0.4330127018922193,5.0,8,12.36749116607774,False,False,0.625,-0.375,3.0,25.8,percentage,False
Chris Soules,Witney Carson,TV Personality,Iowa,United States,33,20,Eliminated Week 8,5,7,"[8.0, 7.0, 8.0, 8.0]",31.0,7.75,7.0,8.0,4,0.4330127018922193,6.0,7,12.204724409448819,False,False,0.8571428571428571,-5.285714285714285,10.0,27.333333333333332,percentage,False
Chris Soules,Witney Carson,TV Personality,Iowa,United States,33,20,Eliminated Week 8,5,8,"[8.0, 7.5, 8.5, 8.0]",32.0,8.0,7.5,8.5,4,0.3535533905932738,4.0,6,15.130023640661939,True,True,0.6666666666666666,-3.25,8.0,27.857142857142858,percentage,False
Michael Sam,Peta Murgatroyd,Athlete,Texas,United States,25,20,Eliminated Week 4,10,1,"[6.0, 6.0, 7.0, 7.0]",26.0,6.5,6.0,7.0,4,0.5,5.0,12,8.176100628930817,False,False,0.4166666666666667,-0.5,6.0,,percentage,False
Michael Sam,Peta Murgatroyd,Athlete,Texas,United States,25,20,Eliminated Week 4,10,2,"[7.0, 7.0, 7.0, 7.0]",28.0,7.0,7.0,7.0,4,0.0,6.0,12,8.069164265129682,False,False,0.5,-0.9166666666666679,6.0,26.0,percentage,False
Michael Sam,Peta Murgatroyd,Athlete,Texas,United States,25,20,Eliminated Week 4,10,3,"[6.0, 6.0, 6.0, 6.0]",24.0,6.0,6.0,6.0,4,0.0,9.0,11,7.667731629392971,False,False,0.8181818181818182,-4.454545454545453,10.0,27.0,percentage,False
Michael Sam,Peta Murgatroyd,Athlete,Texas,United States,25,20,Eliminated Week 4,10,4,"[7.0, 7.0, 8.0, 8.0]",30.0,7.5,7.0,8.0,4,0.5,7.0,10,9.230769230769232,True,True,0.7,-2.5,9.0,26.0,percentage,False
Nastia Liukin,Derek Hough,Athlete,Non-US,Russia,25,20,Eliminated Week 9,4,1,"[7.0, 7.0, 8.0, 8.0]",30.0,7.5,7.0,8.0,4,0.5,3.0,12,9.433962264150944,False,False,0.25,3.5,2.0,,percentage,False
Nastia Liukin,Derek Hough,Athlete,Non-US,Russia,25,20,Eliminated Week 9,4,2,"[9.0, 8.0, 8.0, 9.0]",34.0,8.5,8.0,9.0,4,0.5,1.0,12,9.798270893371757,False,False,0.08333333333333333,5.083333333333332,0.0,30.0,percentage,False
Nastia Liukin,Derek Hough,Athlete,Non-US,Russia,25,20,Eliminated Week 9,4,3,"[9.0, 8.0, 9.0, 8.0]",34.0,8.5,8.0,9.0,4,0.5,1.0,11,10.86261980830671,False,False,0.09090909090909091,5.545454545454547,0.0,32.0,percentage,False
Nastia Liukin,Derek Hough,Athlete,Non-US,Russia,25,20,Eliminated Week 9,4,4,"[9.0, 8.0, 9.0, 10.0]",36.0,9.0,8.0,10.0,4,0.7071067811865476,2.0,10,11.076923076923077,False,False,0.2,3.5,3.0,32.666666666666664,percentage,False
Nastia Liukin,Derek Hough,Athlete,Non-US,Russia,25,20,Eliminated Week 9,4,5,"[9.0, 9.0, 10.0, 10.0]",38.0,9.5,9.0,10.0,4,0.5,2.0,9,13.427561837455832,False,False,0.2222222222222222,6.555555555555557,1.0,33.5,percentage,False
Nastia Liukin,Derek Hough,Athlete,Non-US,Russia,25,20,Eliminated Week 9,4,6,"[9.5, 8.5, 9.0, 9.5]",36.5,9.125,8.5,9.5,4,0.414578098794425,2.0,8,12.897526501766784,False,False,0.25,1.125,1.5,34.4,percentage,False
Nastia Liukin,Derek Hough,Athlete,Non-US,Russia,25,20,Eliminated Week 9,4,7,"[10.75, 9.75, 9.75, 10.75]",41.0,10.25,9.75,10.75,4,0.5,1.0,7,16.141732283464567,False,False,0.14285714285714285,4.714285714285715,0.0,34.75,percentage,False
Nastia Liukin,Derek Hough,Athlete,Non-US,Russia,25,20,Eliminated Week 9,4,8,"[9.5, 9.5, 9.5, 9.5]",38.0,9.5,9.5,9.5,4,0.0,3.0,6,17.96690307328605,False,False,0.5,2.75,2.0,35.642857142857146,percentage,False
Nastia Liukin,Derek Hough,Athlete,Non-US,Russia,25,20,Eliminated Week 9,4,9,"[10.0, 10.0, 10.0, 10.0]",40.0,10.0,10.0,10.0,4,0.0,1.0,4,25.477707006369428,True,True,0.25,0.75,0.0,35.9375,percentage,False
Noah Galloway,Sharna Burgess,Motivational Speaker,Alabama,United States,33,20,3rd Place,3,1,"[7.0, 6.0, 6.0, 7.0]",26.0,6.5,6.0,7.0,4,0.5,5.0,12,8.176100628930817,False,False,0.4166666666666667,-0.5,6.0,,percentage,False
Noah Galloway,Sharna Burgess,Motivational Speaker,Alabama,United States,33,20,3rd Place,3,2,"[7.0, 6.0, 7.0, 7.0]",27.0,6.75,6.0,7.0,4,0.4330127018922193,10.0,12,7.780979827089338,False,False,0.8333333333333334,-1.9166666666666679,7.0,26.0,percentage,False
Noah Galloway,Sharna Burgess,Motivational Speaker,Alabama,United States,33,20,3rd Place,3,3,"[7.0, 7.0, 8.0, 8.0]",30.0,7.5,7.0,8.0,4,0.5,5.0,11,9.584664536741213,False,False,0.45454545454545453,1.5454545454545467,4.0,26.5,percentage,False
Noah Galloway,Sharna Burgess,Motivational Speaker,Alabama,United States,33,20,3rd Place,3,4,"[8.0, 8.0, 8.0, 8.0]",32.0,8.0,8.0,8.0,4,0.0,6.0,10,9.846153846153847,False,False,0.6,-0.5,7.0,27.666666666666668,percentage,False
Noah Galloway,Sharna Burgess,Motivational Speaker,Alabama,United States,33,20,3rd Place,3,5,"[7.0, 7.0, 7.0, 7.0]",28.0,7.0,7.0,7.0,4,0.0,5.0,9,9.89399293286219,False,False,0.5555555555555556,-3.444444444444443,11.0,28.75,percentage,False
Noah Galloway,Sharna Burgess,Motivational Speaker,Alabama,United States,33,20,3rd Place,3,6,"[8.5, 8.0, 8.5, 9.0]",34.0,8.5,8.0,9.0,4,0.3535533905932738,6.0,8,12.014134275618375,False,False,0.75,-1.375,4.0,28.6,percentage,False
Noah Galloway,Sharna Burgess,Motivational Speaker,Alabama,United States,33,20,3rd Place,3,7,"[10.5, 8.5, 9.5, 9.5]",38.0,9.5,8.5,10.5,4,0.7071067811865476,3.0,7,14.960629921259844,False,False,0.42857142857142855,1.7142857142857153,3.0,29.5,percentage,False
Noah Galloway,Sharna Burgess,Motivational Speaker,Alabama,United States,33,20,3rd Place,3,8,"[8.0, 7.5, 8.0, 8.0]",31.5,7.875,7.5,8.0,4,0.21650635094610965,5.0,6,14.893617021276595,False,False,0.8333333333333334,-3.75,8.5,30.714285714285715,percentage,False
Noah Galloway,Sharna Burgess,Motivational Speaker,Alabama,United States,33,20,3rd Place,3,9,"[9.5, 9.5, 9.5, 9.5]",38.0,9.5,9.5,9.5,4,0.0,4.0,4,24.203821656050955,False,False,1.0,-1.25,2.0,30.8125,percentage,False
Noah Galloway,Sharna Burgess,Motivational Speaker,Alabama,United States,33,20,3rd Place,3,10,"[9.0, 9.0, 9.0, 9.0]",36.0,9.0,9.0,9.0,4,0.0,3.0,3,31.03448275862069,True,False,1.0,-2.6666666666666643,4.0,31.61111111111111,percentage,False
Patti LaBelle,Artem Chigvintsev,Singer/Rapper,Pennsylvania,United States,70,20,Eliminated Week 6,8,1,"[7.0, 6.0, 6.0, 6.0]",25.0,6.25,6.0,7.0,4,0.4330127018922193,8.0,12,7.861635220125786,False,False,0.6666666666666666,-1.5,7.0,,percentage,False
Patti LaBelle,Artem Chigvintsev,Singer/Rapper,Pennsylvania,United States,70,20,Eliminated Week 6,8,2,"[7.0, 7.0, 7.0, 7.0]",28.0,7.0,7.0,7.0,4,0.0,6.0,12,8.069164265129682,False,False,0.5,-0.9166666666666679,6.0,25.0,percentage,False
Patti LaBelle,Artem Chigvintsev,Singer/Rapper,Pennsylvania,United States,70,20,Eliminated Week 6,8,3,"[6.0, 5.0, 5.0, 6.0]",22.0,5.5,5.0,6.0,4,0.5,10.0,11,7.0287539936102235,False,False,0.9090909090909091,-6.454545454545453,12.0,26.5,percentage,False
Patti LaBelle,Artem Chigvintsev,Singer/Rapper,Pennsylvania,United States,70,20,Eliminated Week 6,8,4,"[8.0, 7.0, 7.0, 8.0]",30.0,7.5,7.0,8.0,4,0.5,7.0,10,9.230769230769232,False,False,0.7,-2.5,9.0,25.0,percentage,False
Patti LaBelle,Artem Chigvintsev,Singer/Rapper,Pennsylvania,United States,70,20,Eliminated Week 6,8,5,"[7.0, 6.0, 7.0, 7.0]",27.0,6.75,6.0,7.0,4,0.4330127018922193,7.0,9,9.540636042402827,False,False,0.7777777777777778,-4.444444444444443,12.0,26.25,percentage,False
Patti LaBelle,Artem Chigvintsev,Singer/Rapper,Pennsylvania,United States,70,20,Eliminated Week 6,8,6,"[9.0, 8.0, 8.5, 8.5]",34.0,8.5,8.0,9.0,4,0.3535533905932738,6.0,8,12.014134275618375,True,True,0.75,-1.375,4.0,26.4,percentage,False
Redfoo,Emma Slater,Singer/Rapper,California,United States,39,20,Eliminated Week 2,12,1,"[6.0, 5.0, 5.0, 6.0]",22.0,5.5,5.0,6.0,4,0.5,11.0,12,6.918238993710692,False,False,0.9166666666666666,-4.5,10.0,,percentage,False
Redfoo,Emma Slater,Singer/Rapper,California,United States,39,20,Eliminated Week 2,12,2,"[8.0, 7.0, 8.0, 8.0]",31.0,7.75,7.0,8.0,4,0.4330127018922193,5.0,12,8.93371757925072,True,True,0.4166666666666667,2.083333333333332,3.0,22.0,percentage,False
Riker Lynch,Allison Holker,Actor/Actress,Colorado,United States,23,20,2nd Place,2,1,"[8.0, 7.0, 8.0, 8.0]",31.0,7.75,7.0,8.0,4,0.4330127018922193,2.0,12,9.748427672955975,False,False,0.16666666666666666,4.5,1.0,,percentage,False
Riker Lynch,Allison Holker,Actor/Actress,Colorado,United States,23,20,2nd Place,2,2,"[8.0, 8.0, 8.0, 8.0]",32.0,8.0,8.0,8.0,4,0.0,2.0,12,9.221902017291066,False,False,0.16666666666666666,3.083333333333332,2.0,31.0,percentage,False
Riker Lynch,Allison Holker,Actor/Actress,Colorado,United States,23,20,2nd Place,2,3,"[9.0, 7.0, 9.0, 9.0]",34.0,8.5,7.0,9.0,4,0.8660254037844386,1.0,11,10.86261980830671,False,False,0.09090909090909091,5.545454545454547,0.0,31.5,percentage,False
Riker Lynch,Allison Holker,Actor/Actress,Colorado,United States,23,20,2nd Place,2,4,"[8.0, 8.0, 9.0, 9.0]",34.0,8.5,8.0,9.0,4,0.5,4.0,10,10.461538461538462,False,False,0.4,1.5,5.0,32.333333333333336,percentage,False
Riker Lynch,Allison Holker,Actor/Actress,Colorado,United States,23,20,2nd Place,2,5,"[10.0, 9.0, 9.0, 10.0]",38.0,9.5,9.0,10.0,4,0.5,2.0,9,13.427561837455832,False,False,0.2222222222222222,6.555555555555557,1.0,32.75,percentage,False
Riker Lynch,Allison Holker,Actor/Actress,Colorado,United States,23,20,2nd Place,2,6,"[10.0, 8.5, 9.5, 10.0]",38.0,9.5,8.5,10.0,4,0.6123724356957945,1.0,8,13.427561837455832,False,False,0.125,2.625,0.0,33.8,percentage,False
Riker Lynch,Allison Holker,Actor/Actress,Colorado,United States,23,20,2nd Place,2,7,"[9.0, 10.0, 9.0, 9.0]",37.0,9.25,9.0,10.0,4,0.4330127018922193,4.0,7,14.566929133858267,False,False,0.5714285714285714,0.7142857142857153,4.0,34.5,percentage,False
Riker Lynch,Allison Holker,Actor/Actress,Colorado,United States,23,20,2nd Place,2,8,"[10.0, 9.0, 10.0, 10.0]",39.0,9.75,9.0,10.0,4,0.4330127018922193,2.0,6,18.439716312056735,False,False,0.3333333333333333,3.75,1.0,34.857142857142854,percentage,False
Riker Lynch,Allison Holker,Actor/Actress,Colorado,United States,23,20,2nd Place,2,9,"[10.0, 10.0, 10.0, 10.0]",40.0,10.0,10.0,10.0,4,0.0,1.0,4,25.477707006369428,False,False,0.25,0.75,0.0,35.375,percentage,False
Riker Lynch,Allison Holker,Actor/Actress,Colorado,United States,23,20,2nd Place,2,10,"[10.0, 10.0, 10.0, 10.0]",40.0,10.0,10.0,10.0,4,0.0,1.0,3,34.48275862068966,True,False,0.3333333333333333,1.3333333333333357,0.0,35.888888888888886,percentage,False
Robert Herjavec,Kym Johnson,Entrepreneur,Non-US,Croatia,52,20,Eliminated Week 8,6,1,"[7.0, 7.0, 7.0, 7.0]",28.0,7.0,7.0,7.0,4,0.0,4.0,12,8.80503144654088,False,False,0.3333333333333333,1.5,4.0,,percentage,False
Robert Herjavec,Kym Johnson,Entrepreneur,Non-US,Croatia,52,20,Eliminated Week 8,6,2,"[7.0, 7.0, 7.0, 7.0]",28.0,7.0,7.0,7.0,4,0.0,6.0,12,8.069164265129682,False,False,0.5,-0.9166666666666679,6.0,28.0,percentage,False
Robert Herjavec,Kym Johnson,Entrepreneur,Non-US,Croatia,52,20,Eliminated Week 8,6,3,"[7.0, 7.0, 8.0, 7.0]",29.0,7.25,7.0,8.0,4,0.4330127018922193,6.0,11,9.26517571884984,False,False,0.5454545454545454,0.5454545454545467,5.0,28.0,percentage,False
Robert Herjavec,Kym Johnson,Entrepreneur,Non-US,Croatia,52,20,Eliminated Week 8,6,4,"[8.0, 9.0, 8.0, 9.0]",34.0,8.5,8.0,9.0,4,0.5,4.0,10,10.461538461538462,False,False,0.4,1.5,5.0,28.333333333333332,percentage,False
Robert Herjavec,Kym Johnson,Entrepreneur,Non-US,Croatia,52,20,Eliminated Week 8,6,5,"[6.0, 6.0, 6.0, 6.0]",24.0,6.0,6.0,6.0,4,0.0,9.0,9,8.480565371024735,False,False,1.0,-7.444444444444443,15.0,29.75,percentage,False
Robert Herjavec,Kym Johnson,Entrepreneur,Non-US,Croatia,52,20,Eliminated Week 8,6,6,"[8.5, 8.0, 8.5, 8.5]",33.5,8.375,8.0,8.5,4,0.21650635094610965,8.0,8,11.837455830388691,False,False,1.0,-1.875,4.5,28.6,percentage,False
Robert Herjavec,Kym Johnson,Entrepreneur,Non-US,Croatia,52,20,Eliminated Week 8,6,7,"[7.0, 8.0, 8.0, 8.0]",31.0,7.75,7.0,8.0,4,0.4330127018922193,6.0,7,12.204724409448819,False,False,0.8571428571428571,-5.285714285714285,10.0,29.416666666666668,percentage,False
Robert Herjavec,Kym Johnson,Entrepreneur,Non-US,Croatia,52,20,Eliminated Week 8,6,8,"[7.5, 7.5, 8.5, 7.5]",31.0,7.75,7.5,8.5,4,0.4330127018922193,6.0,6,14.657210401891252,True,True,1.0,-4.25,9.0,29.642857142857142,percentage,False
Rumer Willis,Valentin Chmerkovskiy,Actor/Actress,Kentucky,United States,26,20,1st Place,1,1,"[8.0, 8.0, 8.0, 8.0]",32.0,8.0,8.0,8.0,4,0.0,1.0,12,10.062893081761008,False,False,0.08333333333333333,5.5,0.0,,percentage,False
Rumer Willis,Valentin Chmerkovskiy,Actor/Actress,Kentucky,United States,26,20,1st Place,1,2,"[8.0, 8.0, 8.0, 8.0]",32.0,8.0,8.0,8.0,4,0.0,2.0,12,9.221902017291066,False,False,0.16666666666666666,3.083333333333332,2.0,32.0,percentage,False
Rumer Willis,Valentin Chmerkovskiy,Actor/Actress,Kentucky,United States,26,20,1st Place,1,3,"[8.0, 9.0, 8.0, 8.0]",33.0,8.25,8.0,9.0,4,0.4330127018922193,3.0,11,10.543130990415335,False,False,0.2727272727272727,4.545454545454547,1.0,32.0,percentage,False
Rumer Willis,Valentin Chmerkovskiy,Actor/Actress,Kentucky,United States,26,20,1st Place,1,4,"[9.0, 8.0, 9.0, 9.0]",35.0,8.75,8.0,9.0,4,0.4330127018922193,3.0,10,10.76923076923077,False,False,0.3,2.5,4.0,32.333333333333336,percentage,False
Rumer Willis,Valentin Chmerkovskiy,Actor/Actress,Kentucky,United States,26,20,1st Place,1,5,"[10.0, 9.0, 10.0, 10.0]",39.0,9.75,9.0,10.0,4,0.4330127018922193,1.0,9,13.780918727915195,False,False,0.1111111111111111,7.555555555555557,0.0,33.0,percentage,False
Rumer Willis,Valentin Chmerkovskiy,Actor/Actress,Kentucky,United States,26,20,1st Place,1,6,"[9.0, 8.5, 8.5, 9.5]",35.5,8.875,8.5,9.5,4,0.414578098794425,4.0,8,12.54416961130742,False,False,0.5,0.125,2.5,34.2,percentage,False
Rumer Willis,Valentin Chmerkovskiy,Actor/Actress,Kentucky,United States,26,20,1st Place,1,7,"[8.5, 9.5, 9.5, 9.5]",37.0,9.25,8.5,9.5,4,0.4330127018922193,4.0,7,14.566929133858267,False,False,0.5714285714285714,0.7142857142857153,4.0,34.416666666666664,percentage,False
Rumer Willis,Valentin Chmerkovskiy,Actor/Actress,Kentucky,United States,26,20,1st Place,1,8,"[10.0, 10.0, 10.0, 10.0]",40.0,10.0,10.0,10.0,4,0.0,1.0,6,18.912529550827422,False,False,0.16666666666666666,4.75,0.0,34.785714285714285,percentage,False
Rumer Willis,Valentin Chmerkovskiy,Actor/Actress,Kentucky,United States,26,20,1st Place,1,9,"[10.0, 9.5, 9.5, 10.0]",39.0,9.75,9.5,10.0,4,0.25,3.0,4,24.840764331210192,False,False,0.75,-0.25,1.0,35.4375,percentage,False
Rumer Willis,Valentin Chmerkovskiy,Actor/Actress,Kentucky,United States,26,20,1st Place,1,10,"[10.0, 10.0, 10.0, 10.0]",40.0,10.0,10.0,10.0,4,0.0,1.0,3,34.48275862068966,True,False,0.3333333333333333,1.3333333333333357,0.0,35.833333333333336,percentage,False
Suzanne Somers,Tony Dovolani,Actor/Actress,California,United States,68,20,Eliminated Week 5,9,1,"[6.0, 6.0, 6.0, 7.0]",25.0,6.25,6.0,7.0,4,0.4330127018922193,8.0,12,7.861635220125786,False,False,0.6666666666666666,-1.5,7.0,,percentage,False
Suzanne Somers,Tony Dovolani,Actor/Actress,California,United States,68,20,Eliminated Week 5,9,2,"[7.0, 7.0, 7.0, 7.0]",28.0,7.0,7.0,7.0,4,0.0,6.0,12,8.069164265129682,False,False,0.5,-0.9166666666666679,6.0,25.0,percentage,False
Suzanne Somers,Tony Dovolani,Actor/Actress,California,United States,68,20,Eliminated Week 5,9,3,"[6.0, 6.0, 6.0, 7.0]",25.0,6.25,6.0,7.0,4,0.4330127018922193,8.0,11,7.987220447284344,False,False,0.7272727272727273,-3.4545454545454533,9.0,26.5,percentage,False
Suzanne Somers,Tony Dovolani,Actor/Actress,California,United States,68,20,Eliminated Week 5,9,4,"[7.0, 7.0, 7.0, 7.0]",28.0,7.0,7.0,7.0,4,0.0,9.0,10,8.615384615384615,False,False,0.9,-4.5,11.0,26.0,percentage,False
Suzanne Somers,Tony Dovolani,Actor/Actress,California,United States,68,20,Eliminated Week 5,9,5,"[7.0, 7.0, 7.0, 7.0]",28.0,7.0,7.0,7.0,4,0.0,5.0,9,9.89399293286219,True,True,0.5555555555555556,-3.444444444444443,11.0,26.5,percentage,False
Willow Shields,Mark Ballas,Actor/Actress,New Mexico,United States,14,20,Eliminated Week 7,7,1,"[6.0, 6.0, 6.0, 7.0]",25.0,6.25,6.0,7.0,4,0.4330127018922193,8.0,12,7.861635220125786,False,False,0.6666666666666666,-1.5,7.0,,percentage,False
Willow Shields,Mark Ballas,Actor/Actress,New Mexico,United States,14,20,Eliminated Week 7,7,2,"[8.0, 8.0, 8.0, 8.0]",32.0,8.0,8.0,8.0,4,0.0,2.0,12,9.221902017291066,False,False,0.16666666666666666,3.083333333333332,2.0,25.0,percentage,False
Willow Shields,Mark Ballas,Actor/Actress,New Mexico,United States,14,20,Eliminated Week 7,7,3,"[8.0, 8.0, 8.0, 8.0]",32.0,8.0,8.0,8.0,4,0.0,4.0,11,10.223642172523961,False,False,0.36363636363636365,3.5454545454545467,2.0,28.5,percentage,False
Willow Shields,Mark Ballas,Actor/Actress,New Mexico,United States,14,20,Eliminated Week 7,7,4,"[10.0, 9.0, 10.0, 10.0]",39.0,9.75,9.0,10.0,4,0.4330127018922193,1.0,10,12.0,False,False,0.1,6.5,0.0,29.666666666666668,percentage,False
Willow Shields,Mark Ballas,Actor/Actress,New Mexico,United States,14,20,Eliminated Week 7,7,5,"[8.0, 8.0, 9.0, 9.0]",34.0,8.5,8.0,9.0,4,0.5,4.0,9,12.014134275618375,False,False,0.4444444444444444,2.555555555555557,5.0,32.0,percentage,False
Willow Shields,Mark Ballas,Actor/Actress,New Mexico,United States,14,20,Eliminated Week 7,7,6,"[9.5, 8.5, 9.0, 9.5]",36.5,9.125,8.5,9.5,4,0.414578098794425,2.0,8,12.897526501766784,False,False,0.25,1.125,1.5,32.4,percentage,False
Willow Shields,Mark Ballas,Actor/Actress,New Mexico,United States,14,20,Eliminated Week 7,7,7,"[9.5, 9.5, 9.5, 10.5]",39.0,9.75,9.5,10.5,4,0.4330127018922193,2.0,7,15.354330708661418,True,True,0.2857142857142857,2.7142857142857153,2.0,33.083333333333336,percentage,False
Alek Skarlatos,Lindsay Arnold,Military,California,United States,22,21,3rd Place,3,1,"[8.0, 7.0, 7.0]",22.0,7.333333333333333,7.0,8.0,3,0.4714045207910317,5.0,13,8.799999999999999,False,False,0.38461538461538464,2.76923076923077,2.0,,percentage,False
Alek Skarlatos,Lindsay Arnold,Military,California,United States,22,21,3rd Place,3,2,"[7.5, 7.0, 8.0]",22.5,7.5,7.0,8.0,3,0.408248290463863,4.0,13,8.317929759704251,False,False,0.3076923076923077,1.6923076923076934,2.0,22.0,percentage,False
Alek Skarlatos,Lindsay Arnold,Military,California,United States,22,21,3rd Place,3,3,"[8.0, 8.0, 9.0, 8.0]",33.0,8.25,8.0,9.0,4,0.4330127018922193,3.0,10,10.819672131147541,False,False,0.3,2.5,3.0,22.25,percentage,False
Alek Skarlatos,Lindsay Arnold,Military,California,United States,22,21,3rd Place,3,4,"[8.0, 8.0, 8.0]",24.0,8.0,8.0,8.0,3,0.0,6.0,10,10.16949152542373,False,False,0.6,0.3999999999999986,4.0,25.833333333333332,percentage,False
Alek Skarlatos,Lindsay Arnold,Military,California,United States,22,21,3rd Place,3,5,"[8.0, 7.0, 7.0, 7.0]",29.0,7.25,7.0,8.0,4,0.4330127018922193,7.0,9,9.634551495016613,False,False,0.7777777777777778,-4.444444444444443,11.0,25.375,percentage,False
Alek Skarlatos,Lindsay Arnold,Military,California,United States,22,21,3rd Place,3,6,"[8.0, 8.0, 7.0, 7.0]",30.0,7.5,7.0,8.0,4,0.5,7.0,9,9.584664536741213,False,False,0.7777777777777778,-4.777777777777779,10.0,26.1,percentage,False
Alek Skarlatos,Lindsay Arnold,Military,California,United States,22,21,3rd Place,3,7,"[9.0, 9.0, 8.5]",26.5,8.833333333333334,8.5,9.0,3,0.23570226039551584,8.0,8,11.990950226244344,False,False,1.0,-1.125,2.5,26.75,percentage,False
Alek Skarlatos,Lindsay Arnold,Military,California,United States,22,21,3rd Place,3,8,"[9.0, 8.0, 8.0]",25.0,8.333333333333334,8.0,9.0,3,0.4714045207910317,6.0,7,12.886637793725134,False,False,0.8571428571428571,-2.7142000000000017,8.0,26.714285714285715,percentage,False
Alek Skarlatos,Lindsay Arnold,Military,California,United States,22,21,3rd Place,3,9,"[8.5, 8.5, 8.5]",25.5,8.5,8.5,8.5,3,0.0,5.0,6,15.501519756838904,False,False,0.8333333333333334,-1.9166666666666679,4.5,26.5,percentage,False
Alek Skarlatos,Lindsay Arnold,Military,California,United States,22,21,3rd Place,3,10,"[9.5, 9.5, 9.5]",28.5,9.5,9.5,9.5,3,0.0,3.0,4,24.050632911392405,False,False,0.75,-1.125,3.0,26.38888888888889,percentage,False
Alek Skarlatos,Lindsay Arnold,Military,California,United States,22,21,3rd Place,3,11,"[9.3333, 9.3333, 9.3333]",27.999899999999997,9.3333,9.3333,9.3333,3,0.0,4.0,4,23.728748922668576,True,False,1.0,-1.5000750000000025,2.0001000000000033,26.6,percentage,False
Alexa PenaVega,Mark Ballas,Actor/Actress,Florida,United States,27,21,Eliminated Week 9,6,1,"[7.0, 7.0, 8.0]",22.0,7.333333333333333,7.0,8.0,3,0.4714045207910317,5.0,13,8.799999999999999,False,False,0.38461538461538464,2.76923076923077,2.0,,percentage,False
Alexa PenaVega,Mark Ballas,Actor/Actress,Florida,United States,27,21,Eliminated Week 9,6,2,"[7.5, 7.5, 8.0]",23.0,7.666666666666667,7.5,8.0,3,0.23570226039551584,3.0,13,8.502772643253234,False,False,0.23076923076923078,2.1923076923076934,1.5,22.0,percentage,False
Alexa PenaVega,Mark Ballas,Actor/Actress,Florida,United States,27,21,Eliminated Week 9,6,3,"[9.0, 9.0, 9.0, 9.0]",36.0,9.0,9.0,9.0,4,0.0,1.0,10,11.80327868852459,False,False,0.1,5.5,0.0,22.5,percentage,False
Alexa PenaVega,Mark Ballas,Actor/Actress,Florida,United States,27,21,Eliminated Week 9,6,4,"[7.0, 7.0, 7.0]",21.0,7.0,7.0,7.0,3,0.0,8.0,10,8.898305084745763,False,False,0.8,-2.6000000000000014,7.0,27.0,percentage,False
Alexa PenaVega,Mark Ballas,Actor/Actress,Florida,United States,27,21,Eliminated Week 9,6,5,"[10.0, 10.0, 10.0, 10.0]",40.0,10.0,10.0,10.0,4,0.0,1.0,9,13.2890365448505,False,False,0.1111111111111111,6.555555555555557,0.0,25.5,percentage,False
Alexa PenaVega,Mark Ballas,Actor/Actress,Florida,United States,27,21,Eliminated Week 9,6,6,"[8.0, 7.0, 7.0, 8.0]",30.0,7.5,7.0,8.0,4,0.5,7.0,9,9.584664536741213,False,False,0.7777777777777778,-4.777777777777779,10.0,28.4,percentage,False
Alexa PenaVega,Mark Ballas,Actor/Actress,Florida,United States,27,21,Eliminated Week 9,6,7,"[9.0, 9.5, 9.0]",27.5,9.166666666666666,9.0,9.5,3,0.23570226039551584,5.0,8,12.44343891402715,False,False,0.625,-0.125,1.5,28.666666666666668,percentage,False
Alexa PenaVega,Mark Ballas,Actor/Actress,Florida,United States,27,21,Eliminated Week 9,6,8,"[9.6666, 8.6666, 8.6666]",26.9998,8.999933333333333,8.6666,9.6666,3,0.4714045207910317,5.0,7,13.917465724120795,False,False,0.7142857142857143,-0.7144000000000013,6.0001999999999995,28.5,percentage,False
Alexa PenaVega,Mark Ballas,Actor/Actress,Florida,United States,27,21,Eliminated Week 9,6,9,"[10.0, 10.0, 10.0]",30.0,10.0,10.0,10.0,3,0.0,1.0,6,18.237082066869302,True,True,0.16666666666666666,2.583333333333332,0.0,28.312475,percentage,False
Andy Grammer,Allison Holker,Singer/Rapper,California,United States,31,21,Eliminated Week 8,7,1,"[7.0, 7.0, 7.0]",21.0,7.0,7.0,7.0,3,0.0,7.0,13,8.4,False,False,0.5384615384615384,1.76923076923077,3.0,,percentage,False
Andy Grammer,Allison Holker,Singer/Rapper,California,United States,31,21,Eliminated Week 8,7,2,"[7.5, 7.5, 7.0]",22.0,7.333333333333333,7.0,7.5,3,0.23570226039551584,8.0,13,8.133086876155268,False,False,0.6153846153846154,1.1923076923076934,2.5,21.0,percentage,False
Andy Grammer,Allison Holker,Singer/Rapper,California,United States,31,21,Eliminated Week 8,7,3,"[7.0, 7.0, 8.0, 7.0]",29.0,7.25,7.0,8.0,4,0.4330127018922193,8.0,10,9.508196721311474,False,False,0.8,-1.5,7.0,21.5,percentage,False
Andy Grammer,Allison Holker,Singer/Rapper,California,United States,31,21,Eliminated Week 8,7,4,"[7.0, 8.0, 8.0]",23.0,7.666666666666667,7.0,8.0,3,0.4714045207910317,7.0,10,9.745762711864407,False,False,0.7,-0.6000000000000014,5.0,24.0,percentage,False
Andy Grammer,Allison Holker,Singer/Rapper,California,United States,31,21,Eliminated Week 8,7,5,"[9.0, 9.0, 9.0, 9.0]",36.0,9.0,9.0,9.0,4,0.0,4.0,9,11.960132890365449,False,False,0.4444444444444444,2.555555555555557,4.0,23.75,percentage,False
Andy Grammer,Allison Holker,Singer/Rapper,California,United States,31,21,Eliminated Week 8,7,6,"[10.0, 10.0, 10.0, 10.0]",40.0,10.0,10.0,10.0,4,0.0,1.0,9,12.779552715654951,False,False,0.1111111111111111,5.222222222222221,0.0,26.2,percentage,False
Andy Grammer,Allison Holker,Singer/Rapper,California,United States,31,21,Eliminated Week 8,7,7,"[9.5, 9.5, 9.0]",28.0,9.333333333333334,9.0,9.5,3,0.23570226039551584,2.0,8,12.669683257918551,False,False,0.25,0.375,1.0,28.5,percentage,False
Andy Grammer,Allison Holker,Singer/Rapper,California,United States,31,21,Eliminated Week 8,7,8,"[8.6666, 7.6666, 7.6666]",23.9998,7.999933333333334,7.6666,8.6666,3,0.4714045207910321,7.0,7,12.371069188873781,True,True,1.0,-3.7144000000000013,9.0002,28.428571428571427,percentage,False
Bindi Irwin,Derek Hough,TV Personality,Non-US,Australia,17,21,1st Place,1,1,"[8.0, 8.0, 8.0]",24.0,8.0,8.0,8.0,3,0.0,1.0,13,9.6,False,False,0.07692307692307693,4.76923076923077,0.0,,percentage,False
Bindi Irwin,Derek Hough,TV Personality,Non-US,Australia,17,21,1st Place,1,2,"[8.0, 8.0, 8.0]",24.0,8.0,8.0,8.0,3,0.0,2.0,13,8.872458410351202,False,False,0.15384615384615385,3.1923076923076934,0.5,24.0,percentage,False
Bindi Irwin,Derek Hough,TV Personality,Non-US,Australia,17,21,1st Place,1,3,"[8.0, 8.0, 8.0, 8.0]",32.0,8.0,8.0,8.0,4,0.0,5.0,10,10.491803278688524,False,False,0.5,1.5,4.0,24.0,percentage,False
Bindi Irwin,Derek Hough,TV Personality,Non-US,Australia,17,21,1st Place,1,4,"[9.0, 9.0, 10.0]",28.0,9.333333333333334,9.0,10.0,3,0.4714045207910317,1.0,10,11.864406779661017,False,False,0.1,4.399999999999999,0.0,26.666666666666668,percentage,False
Bindi Irwin,Derek Hough,TV Personality,Non-US,Australia,17,21,1st Place,1,5,"[9.0, 9.0, 10.0, 9.0]",37.0,9.25,9.0,10.0,4,0.4330127018922193,3.0,9,12.29235880398671,False,False,0.3333333333333333,3.555555555555557,3.0,27.0,percentage,False
Bindi Irwin,Derek Hough,TV Personality,Non-US,Australia,17,21,1st Place,1,6,"[10.0, 10.0, 10.0, 10.0]",40.0,10.0,10.0,10.0,4,0.0,1.0,9,12.779552715654951,False,False,0.1111111111111111,5.222222222222221,0.0,29.0,percentage,False
Bindi Irwin,Derek Hough,TV Personality,Non-US,Australia,17,21,1st Place,1,7,"[9.5, 10.0, 9.5]",29.0,9.666666666666666,9.5,10.0,3,0.23570226039551584,1.0,8,13.122171945701359,False,False,0.125,1.375,0.0,30.833333333333332,percentage,False
Bindi Irwin,Derek Hough,TV Personality,Non-US,Australia,17,21,1st Place,1,8,"[10.0, 9.0, 9.0]",28.0,9.333333333333334,9.0,10.0,3,0.4714045207910317,3.0,7,14.43303432897215,False,False,0.42857142857142855,0.2857999999999983,5.0,30.571428571428573,percentage,False
Bindi Irwin,Derek Hough,TV Personality,Non-US,Australia,17,21,1st Place,1,9,"[10.0, 10.0, 10.0]",30.0,10.0,10.0,10.0,3,0.0,1.0,6,18.237082066869302,False,False,0.16666666666666666,2.583333333333332,0.0,30.25,percentage,False
Bindi Irwin,Derek Hough,TV Personality,Non-US,Australia,17,21,1st Place,1,10,"[10.5, 10.5, 10.5]",31.5,10.5,10.5,10.5,3,0.0,1.0,4,26.582278481012654,False,False,0.25,1.875,0.0,30.22222222222222,percentage,False
Bindi Irwin,Derek Hough,TV Personality,Non-US,Australia,17,21,1st Place,1,11,"[10.0, 10.0, 10.0]",30.0,10.0,10.0,10.0,3,0.0,1.0,4,25.423750359110475,True,False,0.25,0.5000250000000008,0.0,30.35,percentage,False
Carlos PenaVega,Witney Carson,Actor/Actress,Missouri,United States,26,21,Eliminated Week 11,4,1,"[8.0, 8.0, 7.0]",23.0,7.666666666666667,7.0,8.0,3,0.4714045207910317,3.0,13,9.2,False,False,0.23076923076923078,3.76923076923077,1.0,,percentage,False
Carlos PenaVega,Witney Carson,Actor/Actress,Missouri,United States,26,21,Eliminated Week 11,4,2,"[7.5, 7.5, 7.5]",22.5,7.5,7.5,7.5,3,0.0,4.0,13,8.317929759704251,False,False,0.3076923076923077,1.6923076923076934,2.0,23.0,percentage,False
Carlos PenaVega,Witney Carson,Actor/Actress,Missouri,United States,26,21,Eliminated Week 11,4,3,"[7.0, 8.0, 8.0, 8.0]",31.0,7.75,7.0,8.0,4,0.4330127018922193,6.0,10,10.163934426229508,False,False,0.6,0.5,5.0,22.75,percentage,False
Carlos PenaVega,Witney Carson,Actor/Actress,Missouri,United States,26,21,Eliminated Week 11,4,4,"[9.0, 8.0, 8.0]",25.0,8.333333333333334,8.0,9.0,3,0.4714045207910317,5.0,10,10.59322033898305,False,False,0.5,1.3999999999999986,3.0,25.5,percentage,False
Carlos PenaVega,Witney Carson,Actor/Actress,Missouri,United States,26,21,Eliminated Week 11,4,5,"[10.0, 10.0, 9.0, 10.0]",39.0,9.75,9.0,10.0,4,0.4330127018922193,2.0,9,12.956810631229235,False,False,0.2222222222222222,5.555555555555557,1.0,25.375,percentage,False
Carlos PenaVega,Witney Carson,Actor/Actress,Missouri,United States,26,21,Eliminated Week 11,4,6,"[10.0, 9.0, 9.0, 10.0]",38.0,9.5,9.0,10.0,4,0.5,5.0,9,12.140575079872203,False,False,0.5555555555555556,3.2222222222222214,2.0,28.1,percentage,False
Carlos PenaVega,Witney Carson,Actor/Actress,Missouri,United States,26,21,Eliminated Week 11,4,7,"[9.0, 10.0, 9.0]",28.0,9.333333333333334,9.0,10.0,3,0.4714045207910317,2.0,8,12.669683257918551,False,False,0.25,0.375,1.0,29.75,percentage,False
Carlos PenaVega,Witney Carson,Actor/Actress,Missouri,United States,26,21,Eliminated Week 11,4,8,"[9.6666, 9.6666, 9.6666]",28.9998,9.6666,9.6666,9.6666,3,0.0,2.0,7,14.948396747618805,False,False,0.2857142857142857,1.2855999999999987,4.0001999999999995,29.5,percentage,False
Carlos PenaVega,Witney Carson,Actor/Actress,Missouri,United States,26,21,Eliminated Week 11,4,9,"[9.0, 9.0, 9.0]",27.0,9.0,9.0,9.0,3,0.0,4.0,6,16.41337386018237,False,False,0.6666666666666666,-0.41666666666666785,3.0,29.437475,percentage,False
Carlos PenaVega,Witney Carson,Actor/Actress,Missouri,United States,26,21,Eliminated Week 11,4,10,"[10.0, 10.5, 11.0]",31.5,10.5,10.0,11.0,3,0.408248290463863,1.0,4,26.582278481012654,False,False,0.25,1.875,0.0,29.166644444444444,percentage,False
Carlos PenaVega,Witney Carson,Actor/Actress,Missouri,United States,26,21,Eliminated Week 11,4,11,"[10.0, 10.0, 10.0]",30.0,10.0,10.0,10.0,3,0.0,1.0,4,25.423750359110475,True,True,0.25,0.5000250000000008,0.0,29.39998,percentage,False
Chaka Khan,Keo Motsepe,Singer/Rapper,Illinois,United States,62,21,Eliminated Week 2,13,1,"[5.0, 4.0, 4.0]",13.0,4.333333333333333,4.0,5.0,3,0.4714045207910317,12.0,13,5.2,False,False,0.9230769230769231,-6.23076923076923,11.0,,percentage,False
Chaka Khan,Keo Motsepe,Singer/Rapper,Illinois,United States,62,21,Eliminated Week 2,13,2,"[5.0, 5.0, 5.0]",15.0,5.0,5.0,5.0,3,0.0,13.0,13,5.545286506469501,True,True,1.0,-5.807692307692307,9.5,13.0,percentage,False
Gary Busey,Anna Trebunskaya,Actor/Actress,Texas,United States,71,21,Eliminated Week 4,10,1,"[5.0, 5.0, 5.0]",15.0,5.0,5.0,5.0,3,0.0,9.0,13,6.0,False,False,0.6923076923076923,-4.23076923076923,9.0,,percentage,False
Gary Busey,Anna Trebunskaya,Actor/Actress,Texas,United States,71,21,Eliminated Week 4,10,2,"[5.5, 5.5, 5.5]",16.5,5.5,5.5,5.5,3,0.0,12.0,13,6.099815157116451,False,False,0.9230769230769231,-4.307692307692307,8.0,15.0,percentage,False
Gary Busey,Anna Trebunskaya,Actor/Actress,Texas,United States,71,21,Eliminated Week 4,10,3,"[6.0, 7.0, 6.0, 6.0]",25.0,6.25,6.0,7.0,4,0.4330127018922193,9.0,10,8.19672131147541,False,False,0.9,-5.5,11.0,15.75,percentage,False
Gary Busey,Anna Trebunskaya,Actor/Actress,Texas,United States,71,21,Eliminated Week 4,10,4,"[5.0, 6.0, 5.0]",16.0,5.333333333333333,5.0,6.0,3,0.4714045207910317,10.0,10,6.779661016949152,True,True,1.0,-7.600000000000001,12.0,18.833333333333332,percentage,False
Hayes Grier,Emma Slater,Social Media Personality,North Carolina,United States,15,21,Eliminated Week 7,8,1,"[7.0, 7.0, 7.0]",21.0,7.0,7.0,7.0,3,0.0,7.0,13,8.4,False,False,0.5384615384615384,1.76923076923077,3.0,,percentage,False
Hayes Grier,Emma Slater,Social Media Personality,North Carolina,United States,15,21,Eliminated Week 7,8,2,"[8.0, 7.0, 7.5]",22.5,7.5,7.0,8.0,3,0.408248290463863,4.0,13,8.317929759704251,False,False,0.3076923076923077,1.6923076923076934,2.0,21.0,percentage,False
Hayes Grier,Emma Slater,Social Media Personality,North Carolina,United States,15,21,Eliminated Week 7,8,3,"[7.0, 8.0, 7.0, 8.0]",30.0,7.5,7.0,8.0,4,0.5,7.0,10,9.836065573770492,False,False,0.7,-0.5,6.0,21.75,percentage,False
Hayes Grier,Emma Slater,Social Media Personality,North Carolina,United States,15,21,Eliminated Week 7,8,4,"[9.0, 9.0, 9.0]",27.0,9.0,9.0,9.0,3,0.0,2.0,10,11.440677966101696,False,False,0.2,3.3999999999999986,1.0,24.5,percentage,False
Hayes Grier,Emma Slater,Social Media Personality,North Carolina,United States,15,21,Eliminated Week 7,8,5,"[8.0, 8.0, 7.0, 7.0]",30.0,7.5,7.0,8.0,4,0.5,6.0,9,9.966777408637874,False,False,0.6666666666666666,-3.444444444444443,10.0,25.125,percentage,False
Hayes Grier,Emma Slater,Social Media Personality,North Carolina,United States,15,21,Eliminated Week 7,8,6,"[8.0, 8.0, 8.0, 8.0]",32.0,8.0,8.0,8.0,4,0.0,6.0,9,10.223642172523961,False,False,0.6666666666666666,-2.7777777777777786,8.0,26.1,percentage,False
Hayes Grier,Emma Slater,Social Media Personality,North Carolina,United States,15,21,Eliminated Week 7,8,7,"[9.0, 9.5, 9.5]",28.0,9.333333333333334,9.0,9.5,3,0.23570226039551584,2.0,8,12.669683257918551,True,True,0.25,0.375,1.0,27.083333333333332,percentage,False
Kim Zolciak-Biermann,Tony Dovolani,TV Personality,Florida,United States,37,21,Withdrew,11,1,"[4.0, 4.0, 4.0]",12.0,4.0,4.0,4.0,3,0.0,13.0,13,4.8,False,False,1.0,-7.23076923076923,12.0,,percentage,False
Kim Zolciak-Biermann,Tony Dovolani,TV Personality,Florida,United States,37,21,Withdrew,11,2,"[6.5, 6.0, 6.0]",18.5,6.166666666666667,6.0,6.5,3,0.23570226039551584,9.0,13,6.839186691312385,True,True,0.6923076923076923,-2.3076923076923066,6.0,12.0,percentage,False
Nick Carter,Sharna Burgess,Singer/Rapper,New York,United States,35,21,2nd Place,2,1,"[8.0, 8.0, 8.0]",24.0,8.0,8.0,8.0,3,0.0,1.0,13,9.6,False,False,0.07692307692307693,4.76923076923077,0.0,,percentage,False
Nick Carter,Sharna Burgess,Singer/Rapper,New York,United States,35,21,2nd Place,2,2,"[7.5, 7.5, 7.5]",22.5,7.5,7.5,7.5,3,0.0,4.0,13,8.317929759704251,False,False,0.3076923076923077,1.6923076923076934,2.0,24.0,percentage,False
Nick Carter,Sharna Burgess,Singer/Rapper,New York,United States,35,21,2nd Place,2,3,"[9.0, 9.0, 9.0, 9.0]",36.0,9.0,9.0,9.0,4,0.0,1.0,10,11.80327868852459,False,False,0.1,5.5,0.0,23.25,percentage,False
Nick Carter,Sharna Burgess,Singer/Rapper,New York,United States,35,21,2nd Place,2,4,"[9.0, 9.0, 9.0]",27.0,9.0,9.0,9.0,3,0.0,2.0,10,11.440677966101696,False,False,0.2,3.3999999999999986,1.0,27.5,percentage,False
Nick Carter,Sharna Burgess,Singer/Rapper,New York,United States,35,21,2nd Place,2,5,"[9.0, 9.0, 8.0, 9.0]",35.0,8.75,8.0,9.0,4,0.4330127018922193,5.0,9,11.627906976744185,False,False,0.5555555555555556,1.5555555555555571,5.0,27.375,percentage,False
Nick Carter,Sharna Burgess,Singer/Rapper,New York,United States,35,21,2nd Place,2,6,"[9.0, 10.0, 10.0, 10.0]",39.0,9.75,9.0,10.0,4,0.4330127018922193,4.0,9,12.460063897763577,False,False,0.4444444444444444,4.222222222222221,1.0,28.9,percentage,False
Nick Carter,Sharna Burgess,Singer/Rapper,New York,United States,35,21,2nd Place,2,7,"[9.0, 9.0, 9.0]",27.0,9.0,9.0,9.0,3,0.0,6.0,8,12.217194570135746,False,False,0.75,-0.625,2.0,30.583333333333332,percentage,False
Nick Carter,Sharna Burgess,Singer/Rapper,New York,United States,35,21,2nd Place,2,8,"[11.0, 11.0, 11.0]",33.0,11.0,11.0,11.0,3,0.0,1.0,7,17.010361887717178,False,False,0.14285714285714285,5.285799999999998,0.0,30.071428571428573,percentage,False
Nick Carter,Sharna Burgess,Singer/Rapper,New York,United States,35,21,2nd Place,2,9,"[9.0, 9.0, 9.5]",27.5,9.166666666666666,9.0,9.5,3,0.23570226039551584,3.0,6,16.717325227963524,False,False,0.5,0.08333333333333215,2.5,30.4375,percentage,False
Nick Carter,Sharna Burgess,Singer/Rapper,New York,United States,35,21,2nd Place,2,10,"[9.0, 9.0, 9.0]",27.0,9.0,9.0,9.0,3,0.0,4.0,4,22.78481012658228,False,False,1.0,-2.625,4.5,30.11111111111111,percentage,False
Nick Carter,Sharna Burgess,Singer/Rapper,New York,United States,35,21,2nd Place,2,11,"[10.0, 10.0, 10.0]",30.0,10.0,10.0,10.0,3,0.0,1.0,4,25.423750359110475,True,False,0.25,0.5000250000000008,0.0,29.8,percentage,False
Paula Deen,Louis van Amstel,TV Personality,Georgia,United States,68,21,Eliminated Week 6,9,1,"[5.0, 5.0, 5.0]",15.0,5.0,5.0,5.0,3,0.0,9.0,13,6.0,False,False,0.6923076923076923,-4.23076923076923,9.0,,percentage,False
Paula Deen,Louis van Amstel,TV Personality,Georgia,United States,68,21,Eliminated Week 6,9,2,"[6.5, 6.0, 6.0]",18.5,6.166666666666667,6.0,6.5,3,0.23570226039551584,9.0,13,6.839186691312385,False,False,0.6923076923076923,-2.3076923076923066,6.0,15.0,percentage,False
Paula Deen,Louis van Amstel,TV Personality,Georgia,United States,68,21,Eliminated Week 6,9,3,"[5.0, 5.0, 5.0, 5.0]",20.0,5.0,5.0,5.0,4,0.0,10.0,10,6.557377049180328,False,False,1.0,-10.5,16.0,16.75,percentage,False
Paula Deen,Louis van Amstel,TV Personality,Georgia,United States,68,21,Eliminated Week 6,9,4,"[6.0, 6.0, 6.0]",18.0,6.0,6.0,6.0,3,0.0,9.0,10,7.627118644067797,False,False,0.9,-5.600000000000001,10.0,17.833333333333332,percentage,False
Paula Deen,Louis van Amstel,TV Personality,Georgia,United States,68,21,Eliminated Week 6,9,5,"[7.0, 7.0, 6.0, 6.0]",26.0,6.5,6.0,7.0,4,0.5,9.0,9,8.637873754152823,False,False,1.0,-7.444444444444443,14.0,17.875,percentage,False
Paula Deen,Louis van Amstel,TV Personality,Georgia,United States,68,21,Eliminated Week 6,9,6,"[6.0, 6.0, 6.0, 6.0]",24.0,6.0,6.0,6.0,4,0.0,9.0,9,7.667731629392971,True,True,1.0,-10.777777777777779,16.0,19.5,percentage,False
Tamar Braxton,Valentin Chmerkovskiy,Singer/Rapper,Maryland,United States,38,21,Withdrew,5,1,"[8.0, 7.0, 8.0]",23.0,7.666666666666667,7.0,8.0,3,0.4714045207910317,3.0,13,9.2,False,False,0.23076923076923078,3.76923076923077,1.0,,percentage,False
Tamar Braxton,Valentin Chmerkovskiy,Singer/Rapper,Maryland,United States,38,21,Withdrew,5,2,"[8.0, 8.0, 8.5]",24.5,8.166666666666666,8.0,8.5,3,0.23570226039551584,1.0,13,9.057301293900185,False,False,0.07692307692307693,3.6923076923076934,0.0,23.0,percentage,False
Tamar Braxton,Valentin Chmerkovskiy,Singer/Rapper,Maryland,United States,38,21,Withdrew,5,3,"[8.0, 9.0, 8.0, 8.0]",33.0,8.25,8.0,9.0,4,0.4330127018922193,3.0,10,10.819672131147541,False,False,0.3,2.5,3.0,23.75,percentage,False
Tamar Braxton,Valentin Chmerkovskiy,Singer/Rapper,Maryland,United States,38,21,Withdrew,5,4,"[9.0, 9.0, 9.0]",27.0,9.0,9.0,9.0,3,0.0,2.0,10,11.440677966101696,False,False,0.2,3.3999999999999986,1.0,26.833333333333332,percentage,False
Tamar Braxton,Valentin Chmerkovskiy,Singer/Rapper,Maryland,United States,38,21,Withdrew,5,5,"[7.0, 7.0, 8.0, 7.0]",29.0,7.25,7.0,8.0,4,0.4330127018922193,7.0,9,9.634551495016613,False,False,0.7777777777777778,-4.444444444444443,11.0,26.875,percentage,False
Tamar Braxton,Valentin Chmerkovskiy,Singer/Rapper,Maryland,United States,38,21,Withdrew,5,6,"[10.0, 10.0, 10.0, 10.0]",40.0,10.0,10.0,10.0,4,0.0,1.0,9,12.779552715654951,False,False,0.1111111111111111,5.222222222222221,0.0,27.3,percentage,False
Tamar Braxton,Valentin Chmerkovskiy,Singer/Rapper,Maryland,United States,38,21,Withdrew,5,7,"[9.0, 9.0, 9.0]",27.0,9.0,9.0,9.0,3,0.0,6.0,8,12.217194570135746,False,False,0.75,-0.625,2.0,29.416666666666668,percentage,False
Tamar Braxton,Valentin Chmerkovskiy,Singer/Rapper,Maryland,United States,38,21,Withdrew,5,8,"[9.0, 9.0, 10.0]",28.0,9.333333333333334,9.0,10.0,3,0.4714045207910317,3.0,7,14.43303432897215,False,False,0.42857142857142855,0.2857999999999983,5.0,29.071428571428573,percentage,False
Tamar Braxton,Valentin Chmerkovskiy,Singer/Rapper,Maryland,United States,38,21,Withdrew,5,9,"[8.5, 8.0, 8.0]",24.5,8.166666666666666,8.0,8.5,3,0.23570226039551584,6.0,6,14.893617021276595,True,True,1.0,-2.916666666666668,5.5,28.9375,percentage,False
Victor Espinoza,Karina Smirnoff,Athlete,Non-US,Mexico,43,21,Eliminated Week 2,12,1,"[5.0, 5.0, 5.0]",15.0,5.0,5.0,5.0,3,0.0,9.0,13,6.0,False,False,0.6923076923076923,-4.23076923076923,9.0,,percentage,False
Victor Espinoza,Karina Smirnoff,Athlete,Non-US,Mexico,43,21,Eliminated Week 2,12,2,"[6.5, 5.5, 6.5]",18.5,6.166666666666667,5.5,6.5,3,0.4714045207910317,9.0,13,6.839186691312385,True,True,0.6923076923076923,-2.3076923076923066,6.0,15.0,percentage,False
Antonio Brown,Sharna Burgess,Athlete,Florida,United States,27,22,Eliminated Week 9,5,1,"[8.0, 6.0, 7.0]",21.0,7.0,6.0,8.0,3,0.816496580927726,4.0,12,8.860759493670885,False,False,0.3333333333333333,1.25,2.0,,percentage,False
Antonio Brown,Sharna Burgess,Athlete,Florida,United States,27,22,Eliminated Week 9,5,2,"[6.0, 6.0, 7.0]",19.0,6.333333333333333,6.0,7.0,3,0.4714045207910317,9.0,12,8.050847457627118,False,False,0.75,-0.6666666666666679,5.0,21.0,percentage,False
Antonio Brown,Sharna Burgess,Athlete,Florida,United States,27,22,Eliminated Week 9,5,3,"[7.0, 6.0, 7.0]",20.0,6.666666666666667,6.0,7.0,3,0.4714045207910317,8.0,11,8.438818565400844,False,False,0.7272727272727273,-1.5454545454545467,5.0,20.0,percentage,False
Antonio Brown,Sharna Burgess,Athlete,Florida,United States,27,22,Eliminated Week 9,5,4,"[9.0, 8.0, 9.0, 9.0]",35.0,8.75,8.0,9.0,4,0.4330127018922193,3.0,10,10.9717868338558,False,False,0.3,3.1000000000000014,1.0,20.0,percentage,False
Antonio Brown,Sharna Burgess,Athlete,Florida,United States,27,22,Eliminated Week 9,5,5,"[7.0, 6.0, 6.0, 7.0]",26.0,6.5,6.0,7.0,4,0.5,9.0,9,9.420289855072465,False,False,1.0,-4.666666666666668,11.0,23.75,percentage,False
Antonio Brown,Sharna Burgess,Athlete,Florida,United States,27,22,Eliminated Week 9,5,6,"[9.0, 9.0, 9.0]",27.0,9.0,9.0,9.0,3,0.0,3.0,9,11.894273127753303,False,False,0.3333333333333333,1.7777777777777786,2.0,24.2,percentage,False
Antonio Brown,Sharna Burgess,Athlete,Florida,United States,27,22,Eliminated Week 9,5,7,"[8.5, 8.5, 9.0]",26.0,8.666666666666666,8.5,9.0,3,0.23570226039551584,5.0,8,12.149532710280374,False,False,0.625,-0.75,2.0,24.666666666666668,percentage,False
Antonio Brown,Sharna Burgess,Athlete,Florida,United States,27,22,Eliminated Week 9,5,8,"[9.0, 9.0, 9.0]",27.0,9.0,9.0,9.0,3,0.0,5.0,6,15.976331360946746,False,False,0.8333333333333334,-1.1666666666666679,3.0,24.857142857142858,percentage,False
Antonio Brown,Sharna Burgess,Athlete,Florida,United States,27,22,Eliminated Week 9,5,9,"[9.0, 9.0, 9.5]",27.5,9.166666666666666,9.0,9.5,3,0.23570226039551584,5.0,5,19.16376306620209,True,True,1.0,-1.1999999999999993,2.5,25.125,percentage,False
Doug Flutie,Karina Smirnoff,Athlete,Maryland,United States,53,22,Eliminated Week 6,9,1,"[5.0, 5.0, 5.0]",15.0,5.0,5.0,5.0,3,0.0,11.0,12,6.329113924050633,False,False,0.9166666666666666,-4.75,8.0,,percentage,False
Doug Flutie,Karina Smirnoff,Athlete,Maryland,United States,53,22,Eliminated Week 6,9,2,"[7.0, 6.0, 7.0]",20.0,6.666666666666667,6.0,7.0,3,0.4714045207910317,5.0,12,8.47457627118644,False,False,0.4166666666666667,0.33333333333333215,4.0,15.0,percentage,False
Doug Flutie,Karina Smirnoff,Athlete,Maryland,United States,53,22,Eliminated Week 6,9,3,"[7.0, 6.0, 7.0]",20.0,6.666666666666667,6.0,7.0,3,0.4714045207910317,8.0,11,8.438818565400844,False,False,0.7272727272727273,-1.5454545454545467,5.0,17.5,percentage,False
Doug Flutie,Karina Smirnoff,Athlete,Maryland,United States,53,22,Eliminated Week 6,9,4,"[6.0, 6.0, 6.0, 6.0]",24.0,6.0,6.0,6.0,4,0.0,10.0,10,7.523510971786834,False,False,1.0,-7.899999999999999,12.0,18.333333333333332,percentage,False
Doug Flutie,Karina Smirnoff,Athlete,Maryland,United States,53,22,Eliminated Week 6,9,5,"[7.0, 7.0, 7.0, 7.0]",28.0,7.0,7.0,7.0,4,0.0,7.0,9,10.144927536231885,False,False,0.7777777777777778,-2.666666666666668,9.0,19.75,percentage,False
Doug Flutie,Karina Smirnoff,Athlete,Maryland,United States,53,22,Eliminated Week 6,9,6,"[7.0, 7.0, 7.0]",21.0,7.0,7.0,7.0,3,0.0,9.0,9,9.251101321585903,True,True,1.0,-4.222222222222221,8.0,21.4,percentage,False
Geraldo Rivera,Edyta Sliwinska,Journalist,New York,United States,72,22,Eliminated Week 2,12,1,"[5.0, 4.0, 4.0]",13.0,4.333333333333333,4.0,5.0,3,0.4714045207910317,12.0,12,5.485232067510549,False,False,1.0,-6.75,10.0,,percentage,False
Geraldo Rivera,Edyta Sliwinska,Journalist,New York,United States,72,22,Eliminated Week 2,12,2,"[5.0, 4.0, 4.0]",13.0,4.333333333333333,4.0,5.0,3,0.4714045207910317,12.0,12,5.508474576271186,True,True,1.0,-6.666666666666668,11.0,13.0,percentage,False
Ginger Zee,Valentin Chmerkovskiy,News Anchor,California,United States,35,22,3rd Place,3,1,"[8.0, 7.0, 8.0]",23.0,7.666666666666667,7.0,8.0,3,0.4714045207910317,1.0,12,9.70464135021097,False,False,0.08333333333333333,3.25,0.0,,percentage,False
Ginger Zee,Valentin Chmerkovskiy,News Anchor,California,United States,35,22,3rd Place,3,2,"[7.0, 7.0, 7.0]",21.0,7.0,7.0,7.0,3,0.0,3.0,12,8.898305084745763,False,False,0.25,1.3333333333333321,3.0,23.0,percentage,False
Ginger Zee,Valentin Chmerkovskiy,News Anchor,California,United States,35,22,3rd Place,3,3,"[7.0, 7.0, 7.0]",21.0,7.0,7.0,7.0,3,0.0,6.0,11,8.860759493670885,False,False,0.5454545454545454,-0.5454545454545467,4.0,22.0,percentage,False
Ginger Zee,Valentin Chmerkovskiy,News Anchor,California,United States,35,22,3rd Place,3,4,"[9.0, 9.0, 9.0, 9.0]",36.0,9.0,9.0,9.0,4,0.0,1.0,10,11.285266457680251,False,False,0.1,4.100000000000001,0.0,21.666666666666668,percentage,False
Ginger Zee,Valentin Chmerkovskiy,News Anchor,California,United States,35,22,3rd Place,3,5,"[8.0, 8.0, 8.0, 8.0]",32.0,8.0,8.0,8.0,4,0.0,3.0,9,11.594202898550725,False,False,0.3333333333333333,1.3333333333333321,5.0,25.25,percentage,False
Ginger Zee,Valentin Chmerkovskiy,News Anchor,California,United States,35,22,3rd Place,3,6,"[8.0, 8.0, 8.0]",24.0,8.0,8.0,8.0,3,0.0,6.0,9,10.572687224669604,False,False,0.6666666666666666,-1.2222222222222214,5.0,26.6,percentage,False
Ginger Zee,Valentin Chmerkovskiy,News Anchor,California,United States,35,22,3rd Place,3,7,"[9.0, 9.0, 9.5]",27.5,9.166666666666666,9.0,9.5,3,0.23570226039551584,2.0,8,12.850467289719624,False,False,0.25,0.75,0.5,26.166666666666668,percentage,False
Ginger Zee,Valentin Chmerkovskiy,News Anchor,California,United States,35,22,3rd Place,3,8,"[10.0, 10.0, 10.0]",30.0,10.0,10.0,10.0,3,0.0,1.0,6,17.75147928994083,False,False,0.16666666666666666,1.8333333333333321,0.0,26.357142857142858,percentage,False
Ginger Zee,Valentin Chmerkovskiy,News Anchor,California,United States,35,22,3rd Place,3,9,"[9.0, 9.5, 9.5]",28.0,9.333333333333334,9.0,9.5,3,0.23570226039551584,4.0,5,19.51219512195122,False,False,0.8,-0.6999999999999993,2.0,26.8125,percentage,False
Ginger Zee,Valentin Chmerkovskiy,News Anchor,California,United States,35,22,3rd Place,3,10,"[9.3333, 9.6666, 9.3333]",28.333199999999998,9.4444,9.3333,9.6666,3,0.15711912677965145,3.0,3,32.56704628527027,True,False,1.0,-0.6666666666666679,1.3334000000000046,26.944444444444443,percentage,False
Jodie Sweetin,Keo Motsepe,Actor/Actress,California,United States,34,22,Eliminated Week 8,6,1,"[7.0, 6.0, 7.0]",20.0,6.666666666666667,6.0,7.0,3,0.4714045207910317,8.0,12,8.438818565400844,False,False,0.6666666666666666,0.25,3.0,,percentage,False
Jodie Sweetin,Keo Motsepe,Actor/Actress,California,United States,34,22,Eliminated Week 8,6,2,"[7.0, 7.0, 7.0]",21.0,7.0,7.0,7.0,3,0.0,3.0,12,8.898305084745763,False,False,0.25,1.3333333333333321,3.0,20.0,percentage,False
Jodie Sweetin,Keo Motsepe,Actor/Actress,California,United States,34,22,Eliminated Week 8,6,3,"[8.0, 7.0, 8.0]",23.0,7.666666666666667,7.0,8.0,3,0.4714045207910317,3.0,11,9.70464135021097,False,False,0.2727272727272727,1.4545454545454533,2.0,20.5,percentage,False
Jodie Sweetin,Keo Motsepe,Actor/Actress,California,United States,34,22,Eliminated Week 8,6,4,"[7.0, 6.0, 7.0, 7.0]",27.0,6.75,6.0,7.0,4,0.4330127018922193,9.0,10,8.463949843260188,False,False,0.9,-4.899999999999999,9.0,21.333333333333332,percentage,False
Jodie Sweetin,Keo Motsepe,Actor/Actress,California,United States,34,22,Eliminated Week 8,6,5,"[9.0, 8.0, 9.0, 9.0]",35.0,8.75,8.0,9.0,4,0.4330127018922193,2.0,9,12.681159420289855,False,False,0.2222222222222222,4.333333333333332,2.0,22.75,percentage,False
Jodie Sweetin,Keo Motsepe,Actor/Actress,California,United States,34,22,Eliminated Week 8,6,6,"[9.0, 8.0, 8.0]",25.0,8.333333333333334,8.0,9.0,3,0.4714045207910317,4.0,9,11.013215859030836,False,False,0.4444444444444444,-0.22222222222222143,4.0,25.2,percentage,False
Jodie Sweetin,Keo Motsepe,Actor/Actress,California,United States,34,22,Eliminated Week 8,6,7,"[8.0, 8.5, 9.0]",25.5,8.5,8.0,9.0,3,0.408248290463863,8.0,8,11.91588785046729,False,False,1.0,-1.25,2.5,25.166666666666668,percentage,False
Jodie Sweetin,Keo Motsepe,Actor/Actress,California,United States,34,22,Eliminated Week 8,6,8,"[10.0, 10.0, 10.0]",30.0,10.0,10.0,10.0,3,0.0,1.0,6,17.75147928994083,True,True,0.16666666666666666,1.8333333333333321,0.0,25.214285714285715,percentage,False
Kim Fields,Sasha Farber,Actor/Actress,New York,United States,46,22,Eliminated Week 7,8,1,"[7.0, 6.0, 7.0]",20.0,6.666666666666667,6.0,7.0,3,0.4714045207910317,8.0,12,8.438818565400844,False,False,0.6666666666666666,0.25,3.0,,percentage,False
Kim Fields,Sasha Farber,Actor/Actress,New York,United States,46,22,Eliminated Week 7,8,2,"[7.0, 6.0, 6.0]",19.0,6.333333333333333,6.0,7.0,3,0.4714045207910317,9.0,12,8.050847457627118,False,False,0.75,-0.6666666666666679,5.0,20.0,percentage,False
Kim Fields,Sasha Farber,Actor/Actress,New York,United States,46,22,Eliminated Week 7,8,3,"[8.0, 7.0, 7.0]",22.0,7.333333333333333,7.0,8.0,3,0.4714045207910317,5.0,11,9.282700421940929,False,False,0.45454545454545453,0.45454545454545325,3.0,19.5,percentage,False
Kim Fields,Sasha Farber,Actor/Actress,New York,United States,46,22,Eliminated Week 7,8,4,"[8.0, 8.0, 8.0, 8.0]",32.0,8.0,8.0,8.0,4,0.0,6.0,10,10.031347962382444,False,False,0.6,0.10000000000000142,4.0,20.333333333333332,percentage,False
Kim Fields,Sasha Farber,Actor/Actress,New York,United States,46,22,Eliminated Week 7,8,5,"[8.0, 6.0, 6.0, 8.0]",28.0,7.0,6.0,8.0,4,1.0,7.0,9,10.144927536231885,False,False,0.7777777777777778,-2.666666666666668,9.0,23.25,percentage,False
Kim Fields,Sasha Farber,Actor/Actress,New York,United States,46,22,Eliminated Week 7,8,6,"[8.0, 8.0, 8.0]",24.0,8.0,8.0,8.0,3,0.0,6.0,9,10.572687224669604,False,False,0.6666666666666666,-1.2222222222222214,5.0,24.2,percentage,False
Kim Fields,Sasha Farber,Actor/Actress,New York,United States,46,22,Eliminated Week 7,8,7,"[8.5, 8.5, 9.0]",26.0,8.666666666666666,8.5,9.0,3,0.23570226039551584,5.0,8,12.149532710280374,True,True,0.625,-0.75,2.0,24.166666666666668,percentage,False
Marla Maples,Tony Dovolani,TV Personality,Georgia,United States,52,22,Eliminated Week 4,10,1,"[7.0, 7.0, 7.0]",21.0,7.0,7.0,7.0,3,0.0,4.0,12,8.860759493670885,False,False,0.3333333333333333,1.25,2.0,,percentage,False
Marla Maples,Tony Dovolani,TV Personality,Georgia,United States,52,22,Eliminated Week 4,10,2,"[7.0, 6.0, 7.0]",20.0,6.666666666666667,6.0,7.0,3,0.4714045207910317,5.0,12,8.47457627118644,False,False,0.4166666666666667,0.33333333333333215,4.0,21.0,percentage,False
Marla Maples,Tony Dovolani,TV Personality,Georgia,United States,52,22,Eliminated Week 4,10,3,"[7.0, 7.0, 7.0]",21.0,7.0,7.0,7.0,3,0.0,6.0,11,8.860759493670885,False,False,0.5454545454545454,-0.5454545454545467,4.0,20.5,percentage,False
Marla Maples,Tony Dovolani,TV Personality,Georgia,United States,52,22,Eliminated Week 4,10,4,"[7.0, 7.0, 7.0, 7.0]",28.0,7.0,7.0,7.0,4,0.0,8.0,10,8.77742946708464,True,True,0.8,-3.8999999999999986,8.0,20.666666666666668,percentage,False
Mischa Barton,Artem Chigvintsev,Actor/Actress,Non-US,England,30,22,Eliminated Week 3,11,1,"[5.0, 5.0, 6.0]",16.0,5.333333333333333,5.0,6.0,3,0.4714045207910317,10.0,12,6.751054852320674,False,False,0.8333333333333334,-3.75,7.0,,percentage,False
Mischa Barton,Artem Chigvintsev,Actor/Actress,Non-US,England,30,22,Eliminated Week 3,11,2,"[5.0, 5.0, 5.0]",15.0,5.0,5.0,5.0,3,0.0,11.0,12,6.3559322033898304,False,False,0.9166666666666666,-4.666666666666668,9.0,16.0,percentage,False
Mischa Barton,Artem Chigvintsev,Actor/Actress,Non-US,England,30,22,Eliminated Week 3,11,3,"[6.0, 6.0, 6.0]",18.0,6.0,6.0,6.0,3,0.0,11.0,11,7.59493670886076,True,True,1.0,-3.5454545454545467,7.0,15.5,percentage,False
Nyle DiMarco,Peta Murgatroyd,Model,New York,United States,26,22,1st Place,1,1,"[8.0, 7.0, 8.0]",23.0,7.666666666666667,7.0,8.0,3,0.4714045207910317,1.0,12,9.70464135021097,False,False,0.08333333333333333,3.25,0.0,,percentage,False
Nyle DiMarco,Peta Murgatroyd,Model,New York,United States,26,22,1st Place,1,2,"[7.0, 6.0, 7.0]",20.0,6.666666666666667,6.0,7.0,3,0.4714045207910317,5.0,12,8.47457627118644,False,False,0.4166666666666667,0.33333333333333215,4.0,23.0,percentage,False
Nyle DiMarco,Peta Murgatroyd,Model,New York,United States,26,22,1st Place,1,3,"[8.0, 8.0, 9.0]",25.0,8.333333333333334,8.0,9.0,3,0.4714045207910317,1.0,11,10.548523206751055,False,False,0.09090909090909091,3.4545454545454533,0.0,21.5,percentage,False
Nyle DiMarco,Peta Murgatroyd,Model,New York,United States,26,22,1st Place,1,4,"[8.0, 8.0, 9.0, 9.0]",34.0,8.5,8.0,9.0,4,0.5,5.0,10,10.658307210031348,False,False,0.5,2.1000000000000014,2.0,22.666666666666668,percentage,False
Nyle DiMarco,Peta Murgatroyd,Model,New York,United States,26,22,1st Place,1,5,"[9.0, 10.0, 9.0, 9.0]",37.0,9.25,9.0,10.0,4,0.4330127018922193,1.0,9,13.405797101449277,False,False,0.1111111111111111,6.333333333333332,0.0,25.5,percentage,False
Nyle DiMarco,Peta Murgatroyd,Model,New York,United States,26,22,1st Place,1,6,"[8.0, 8.0, 9.0]",25.0,8.333333333333334,8.0,9.0,3,0.4714045207910317,4.0,9,11.013215859030836,False,False,0.4444444444444444,-0.22222222222222143,4.0,27.8,percentage,False
Nyle DiMarco,Peta Murgatroyd,Model,New York,United States,26,22,1st Place,1,7,"[9.5, 9.0, 9.5]",28.0,9.333333333333334,9.0,9.5,3,0.23570226039551584,1.0,8,13.084112149532709,False,False,0.125,1.25,0.0,27.333333333333332,percentage,False
Nyle DiMarco,Peta Murgatroyd,Model,New York,United States,26,22,1st Place,1,8,"[10.0, 9.0, 10.0]",29.0,9.666666666666666,9.0,10.0,3,0.4714045207910317,3.0,6,17.159763313609467,False,False,0.5,0.8333333333333321,1.0,27.428571428571427,percentage,False
Nyle DiMarco,Peta Murgatroyd,Model,New York,United States,26,22,1st Place,1,9,"[9.5, 9.5, 9.5]",28.5,9.5,9.5,9.5,3,0.0,3.0,5,19.860627177700348,False,False,0.6,-0.1999999999999993,1.5,27.625,percentage,False
Nyle DiMarco,Peta Murgatroyd,Model,New York,United States,26,22,1st Place,1,10,"[9.6666, 9.6666, 9.6666]",28.9998,9.6666,9.6666,9.6666,3,0.0,2.0,3,33.333256704628525,True,False,0.6666666666666666,-6.666666666532706e-05,0.6668000000000021,27.72222222222222,percentage,False
Paige VanZant,Mark Ballas,Athlete,Oregon,United States,22,22,2nd Place,2,1,"[7.0, 7.0, 7.0]",21.0,7.0,7.0,7.0,3,0.0,4.0,12,8.860759493670885,False,False,0.3333333333333333,1.25,2.0,,percentage,False
Paige VanZant,Mark Ballas,Athlete,Oregon,United States,22,22,2nd Place,2,2,"[8.0, 8.0, 8.0]",24.0,8.0,8.0,8.0,3,0.0,1.0,12,10.16949152542373,False,False,0.08333333333333333,4.333333333333332,0.0,21.0,percentage,False
Paige VanZant,Mark Ballas,Athlete,Oregon,United States,22,22,2nd Place,2,3,"[8.0, 7.0, 8.0]",23.0,7.666666666666667,7.0,8.0,3,0.4714045207910317,3.0,11,9.70464135021097,False,False,0.2727272727272727,1.4545454545454533,2.0,22.5,percentage,False
Paige VanZant,Mark Ballas,Athlete,Oregon,United States,22,22,2nd Place,2,4,"[9.0, 9.0, 9.0, 9.0]",36.0,9.0,9.0,9.0,4,0.0,1.0,10,11.285266457680251,False,False,0.1,4.100000000000001,0.0,22.666666666666668,percentage,False
Paige VanZant,Mark Ballas,Athlete,Oregon,United States,22,22,2nd Place,2,5,"[8.0, 8.0, 7.0, 8.0]",31.0,7.75,7.0,8.0,4,0.4330127018922193,4.0,9,11.231884057971014,False,False,0.4444444444444444,0.33333333333333215,6.0,26.0,percentage,False
Paige VanZant,Mark Ballas,Athlete,Oregon,United States,22,22,2nd Place,2,6,"[9.0, 10.0, 9.0]",28.0,9.333333333333334,9.0,10.0,3,0.4714045207910317,2.0,9,12.334801762114537,False,False,0.2222222222222222,2.7777777777777786,1.0,27.0,percentage,False
Paige VanZant,Mark Ballas,Athlete,Oregon,United States,22,22,2nd Place,2,7,"[9.0, 9.0, 9.5]",27.5,9.166666666666666,9.0,9.5,3,0.23570226039551584,2.0,8,12.850467289719624,False,False,0.25,0.75,0.5,27.166666666666668,percentage,False
Paige VanZant,Mark Ballas,Athlete,Oregon,United States,22,22,2nd Place,2,8,"[10.0, 9.0, 9.0]",28.0,9.333333333333334,9.0,10.0,3,0.4714045207910317,4.0,6,16.56804733727811,False,False,0.6666666666666666,-0.16666666666666785,2.0,27.214285714285715,percentage,False
Paige VanZant,Mark Ballas,Athlete,Oregon,United States,22,22,2nd Place,2,9,"[10.0, 9.5, 10.0]",29.5,9.833333333333334,9.5,10.0,3,0.23570226039551584,2.0,5,20.557491289198605,False,False,0.4,0.8000000000000007,0.5,27.3125,percentage,False
Paige VanZant,Mark Ballas,Athlete,Oregon,United States,22,22,2nd Place,2,10,"[10.0, 9.6666, 10.0]",29.666600000000003,9.888866666666667,9.6666,10.0,3,0.1571662672317296,1.0,3,34.099697010101195,True,False,0.3333333333333333,0.6667333333333367,0.0,27.555555555555557,percentage,False
Von Miller,Witney Carson,Athlete,Texas,United States,27,22,Eliminated Week 7,7,1,"[8.0, 6.0, 7.0]",21.0,7.0,6.0,8.0,3,0.816496580927726,4.0,12,8.860759493670885,False,False,0.3333333333333333,1.25,2.0,,percentage,False
Von Miller,Witney Carson,Athlete,Texas,United States,27,22,Eliminated Week 7,7,2,"[7.0, 6.0, 7.0]",20.0,6.666666666666667,6.0,7.0,3,0.4714045207910317,5.0,12,8.47457627118644,False,False,0.4166666666666667,0.33333333333333215,4.0,21.0,percentage,False
Von Miller,Witney Carson,Athlete,Texas,United States,27,22,Eliminated Week 7,7,3,"[7.0, 6.0, 7.0]",20.0,6.666666666666667,6.0,7.0,3,0.4714045207910317,8.0,11,8.438818565400844,False,False,0.7272727272727273,-1.5454545454545467,5.0,20.5,percentage,False
Von Miller,Witney Carson,Athlete,Texas,United States,27,22,Eliminated Week 7,7,4,"[8.0, 8.0, 8.0, 8.0]",32.0,8.0,8.0,8.0,4,0.0,6.0,10,10.031347962382444,False,False,0.6,0.10000000000000142,4.0,20.333333333333332,percentage,False
Von Miller,Witney Carson,Athlete,Texas,United States,27,22,Eliminated Week 7,7,5,"[8.0, 7.0, 7.0, 7.0]",29.0,7.25,7.0,8.0,4,0.4330127018922193,6.0,9,10.507246376811594,False,False,0.6666666666666666,-1.6666666666666679,8.0,23.25,percentage,False
Von Miller,Witney Carson,Athlete,Texas,United States,27,22,Eliminated Week 7,7,6,"[8.0, 8.0, 8.0]",24.0,8.0,8.0,8.0,3,0.0,6.0,9,10.572687224669604,False,False,0.6666666666666666,-1.2222222222222214,5.0,24.4,percentage,False
Von Miller,Witney Carson,Athlete,Texas,United States,27,22,Eliminated Week 7,7,7,"[8.5, 8.5, 9.0]",26.0,8.666666666666666,8.5,9.0,3,0.23570226039551584,5.0,8,12.149532710280374,True,True,0.625,-0.75,2.0,24.333333333333332,percentage,False
Wanya Morris,Lindsay Arnold,Singer/Rapper,Pennsylvania,United States,42,22,Eliminated Week 9,4,1,"[8.0, 7.0, 8.0]",23.0,7.666666666666667,7.0,8.0,3,0.4714045207910317,1.0,12,9.70464135021097,False,False,0.08333333333333333,3.25,0.0,,percentage,False
Wanya Morris,Lindsay Arnold,Singer/Rapper,Pennsylvania,United States,42,22,Eliminated Week 9,4,2,"[8.0, 8.0, 8.0]",24.0,8.0,8.0,8.0,3,0.0,1.0,12,10.16949152542373,False,False,0.08333333333333333,4.333333333333332,0.0,23.0,percentage,False
Wanya Morris,Lindsay Arnold,Singer/Rapper,Pennsylvania,United States,42,22,Eliminated Week 9,4,3,"[8.0, 8.0, 8.0]",24.0,8.0,8.0,8.0,3,0.0,2.0,11,10.126582278481013,False,False,0.18181818181818182,2.4545454545454533,1.0,23.5,percentage,False
Wanya Morris,Lindsay Arnold,Singer/Rapper,Pennsylvania,United States,42,22,Eliminated Week 9,4,4,"[8.0, 9.0, 9.0, 9.0]",35.0,8.75,8.0,9.0,4,0.4330127018922193,3.0,10,10.9717868338558,False,False,0.3,3.1000000000000014,1.0,23.666666666666668,percentage,False
Wanya Morris,Lindsay Arnold,Singer/Rapper,Pennsylvania,United States,42,22,Eliminated Week 9,4,5,"[8.0, 7.0, 7.0, 8.0]",30.0,7.5,7.0,8.0,4,0.5,5.0,9,10.869565217391305,False,False,0.5555555555555556,-0.6666666666666679,7.0,26.5,percentage,False
Wanya Morris,Lindsay Arnold,Singer/Rapper,Pennsylvania,United States,42,22,Eliminated Week 9,4,6,"[10.0, 9.0, 10.0]",29.0,9.666666666666666,9.0,10.0,3,0.4714045207910317,1.0,9,12.77533039647577,False,False,0.1111111111111111,3.7777777777777786,0.0,27.2,percentage,False
Wanya Morris,Lindsay Arnold,Singer/Rapper,Pennsylvania,United States,42,22,Eliminated Week 9,4,7,"[9.0, 9.0, 9.5]",27.5,9.166666666666666,9.0,9.5,3,0.23570226039551584,2.0,8,12.850467289719624,False,False,0.25,0.75,0.5,27.5,percentage,False
Wanya Morris,Lindsay Arnold,Singer/Rapper,Pennsylvania,United States,42,22,Eliminated Week 9,4,8,"[8.0, 8.0, 9.0]",25.0,8.333333333333334,8.0,9.0,3,0.4714045207910317,6.0,6,14.792899408284024,False,False,1.0,-3.166666666666668,5.0,27.5,percentage,False
Wanya Morris,Lindsay Arnold,Singer/Rapper,Pennsylvania,United States,42,22,Eliminated Week 9,4,9,"[10.0, 10.0, 10.0]",30.0,10.0,10.0,10.0,3,0.0,1.0,5,20.905923344947734,True,True,0.2,1.3000000000000007,0.0,27.1875,percentage,False
Amber Rose,Maksim Chmerkoskiy,Model,Pennsylvania,United States,32,23,Eliminated Week 6,9,1,"[6.0, 6.0, 6.0, 6.0]",24.0,6.0,6.0,6.0,4,0.0,9.0,13,7.2727272727272725,False,False,0.6923076923076923,-1.3846153846153832,7.0,,percentage,False
Amber Rose,Maksim Chmerkoskiy,Model,Pennsylvania,United States,32,23,Eliminated Week 6,9,2,"[6.0, 6.0, 6.0, 6.0]",24.0,6.0,6.0,6.0,4,0.0,10.0,13,6.8181818181818175,False,False,0.7692307692307693,-3.0769230769230766,8.0,24.0,percentage,False
Amber Rose,Maksim Chmerkoskiy,Model,Pennsylvania,United States,32,23,Eliminated Week 6,9,3,"[7.0, 6.0, 6.0, 6.0]",25.0,6.25,6.0,7.0,4,0.4330127018922193,8.0,12,7.6923076923076925,False,False,0.6666666666666666,-2.083333333333332,7.0,24.0,percentage,False
Amber Rose,Maksim Chmerkoskiy,Model,Pennsylvania,United States,32,23,Eliminated Week 6,9,4,"[8.0, 8.0, 8.0]",24.0,8.0,8.0,8.0,3,0.0,4.0,11,9.195402298850574,False,False,0.36363636363636365,0.2727272727272734,6.0,24.333333333333332,percentage,False
Amber Rose,Maksim Chmerkoskiy,Model,Pennsylvania,United States,32,23,Eliminated Week 6,9,5,"[8.0, 8.0, 8.0]",24.0,8.0,8.0,8.0,3,0.0,6.0,9,10.434782608695652,False,False,0.6666666666666666,-1.5555555555555571,5.0,24.25,percentage,False
Amber Rose,Maksim Chmerkoskiy,Model,Pennsylvania,United States,32,23,Eliminated Week 6,9,6,"[7.0, 7.0, 7.0, 7.0]",28.0,7.0,7.0,7.0,4,0.0,9.0,9,9.180327868852459,True,True,1.0,-5.888888888888886,12.0,24.2,percentage,False
Babyface,Allison Holker,Singer/Rapper,Indiana,United States,57,23,Eliminated Week 4,11,1,"[7.0, 6.0, 6.0, 7.0]",26.0,6.5,6.0,7.0,4,0.5,5.0,13,7.878787878787878,False,False,0.38461538461538464,0.6153846153846168,5.0,,percentage,False
Babyface,Allison Holker,Singer/Rapper,Indiana,United States,57,23,Eliminated Week 4,11,2,"[8.0, 7.0, 7.0, 8.0]",30.0,7.5,7.0,8.0,4,0.5,3.0,13,8.522727272727272,False,False,0.23076923076923078,2.9230769230769234,2.0,26.0,percentage,False
Babyface,Allison Holker,Singer/Rapper,Indiana,United States,57,23,Eliminated Week 4,11,3,"[7.0, 6.0, 6.0, 6.0]",25.0,6.25,6.0,7.0,4,0.4330127018922193,8.0,12,7.6923076923076925,False,False,0.6666666666666666,-2.083333333333332,7.0,28.0,percentage,False
Babyface,Allison Holker,Singer/Rapper,Indiana,United States,57,23,Eliminated Week 4,11,4,"[6.0, 6.0, 6.0]",18.0,6.0,6.0,6.0,3,0.0,11.0,11,6.896551724137931,True,True,1.0,-5.727272727272727,12.0,27.0,percentage,False
Calvin Johnson Jr.,Lindsay Arnold,Athlete,Georgia,United States,30,23,3rd Place,3,1,"[7.0, 6.0, 6.0, 7.0]",26.0,6.5,6.0,7.0,4,0.5,5.0,13,7.878787878787878,False,False,0.38461538461538464,0.6153846153846168,5.0,,percentage,False
Calvin Johnson Jr.,Lindsay Arnold,Athlete,Georgia,United States,30,23,3rd Place,3,2,"[7.0, 7.0, 7.0, 7.0]",28.0,7.0,7.0,7.0,4,0.0,6.0,13,7.954545454545454,False,False,0.46153846153846156,0.9230769230769234,4.0,26.0,percentage,False
Calvin Johnson Jr.,Lindsay Arnold,Athlete,Georgia,United States,30,23,3rd Place,3,3,"[8.0, 8.0, 8.0, 8.0]",32.0,8.0,8.0,8.0,4,0.0,1.0,12,9.846153846153847,False,False,0.08333333333333333,4.916666666666668,0.0,27.0,percentage,False
Calvin Johnson Jr.,Lindsay Arnold,Athlete,Georgia,United States,30,23,3rd Place,3,4,"[8.0, 7.0, 8.0]",23.0,7.666666666666667,7.0,8.0,3,0.4714045207910317,6.0,11,8.812260536398467,False,False,0.5454545454545454,-0.7272727272727266,7.0,28.666666666666668,percentage,False
Calvin Johnson Jr.,Lindsay Arnold,Athlete,Georgia,United States,30,23,3rd Place,3,5,"[8.0, 8.0, 8.0]",24.0,8.0,8.0,8.0,3,0.0,6.0,9,10.434782608695652,False,False,0.6666666666666666,-1.5555555555555571,5.0,27.25,percentage,False
Calvin Johnson Jr.,Lindsay Arnold,Athlete,Georgia,United States,30,23,3rd Place,3,6,"[9.0, 10.0, 9.0, 9.0]",37.0,9.25,9.0,10.0,4,0.4330127018922193,3.0,9,12.131147540983607,False,False,0.3333333333333333,3.1111111111111143,3.0,26.6,percentage,False
Calvin Johnson Jr.,Lindsay Arnold,Athlete,Georgia,United States,30,23,3rd Place,3,7,"[9.5, 9.0, 9.0, 9.5]",37.0,9.25,9.0,9.5,4,0.25,1.0,8,13.430127041742287,False,False,0.125,2.5625,0.0,28.333333333333332,percentage,False
Calvin Johnson Jr.,Lindsay Arnold,Athlete,Georgia,United States,30,23,3rd Place,3,8,"[10.0, 10.0, 10.0]",30.0,10.0,10.0,10.0,3,0.0,3.0,7,14.925387985460684,False,False,0.42857142857142855,1.285742857142857,4.9998000000000005,29.571428571428573,percentage,False
Calvin Johnson Jr.,Lindsay Arnold,Athlete,Georgia,United States,30,23,3rd Place,3,9,"[9.0, 9.0, 10.0, 9.0]",37.0,9.25,9.0,10.0,4,0.4330127018922193,4.0,6,16.299559471365637,False,False,0.6666666666666666,-0.8333333333333357,3.0,29.625,percentage,False
Calvin Johnson Jr.,Lindsay Arnold,Athlete,Georgia,United States,30,23,3rd Place,3,10,"[9.0, 9.5, 9.5]",28.0,9.333333333333334,9.0,9.5,3,0.23570226039551584,5.0,5,19.112627986348123,False,False,1.0,-1.3000000000000007,2.0,30.444444444444443,percentage,False
Calvin Johnson Jr.,Lindsay Arnold,Athlete,Georgia,United States,30,23,3rd Place,3,11,"[9.3333, 9.6666, 9.6666, 9.6666]",38.3331,9.583275,9.3333,9.6666,4,0.14432313354067725,3.0,4,25.191616266698034,True,False,0.75,0.2915750000000017,1.0001000000000033,30.2,percentage,False
Jake T. Austin,Jenna Johnson,Actor/Actress,New York,United States,21,23,Eliminated Week 2,13,1,"[5.0, 6.0, 5.0, 6.0]",22.0,5.5,5.0,6.0,4,0.5,11.0,13,6.666666666666667,False,False,0.8461538461538461,-3.3846153846153832,9.0,,percentage,False
Jake T. Austin,Jenna Johnson,Actor/Actress,New York,United States,21,23,Eliminated Week 2,13,2,"[6.0, 6.0, 6.0, 6.0]",24.0,6.0,6.0,6.0,4,0.0,10.0,13,6.8181818181818175,True,True,0.7692307692307693,-3.0769230769230766,8.0,22.0,percentage,False
James Hinchcliffe,Sharna Burgess,Racing Driver,Non-US,Canada,29,23,2nd Place,2,1,"[8.0, 8.0, 7.0, 8.0]",31.0,7.75,7.0,8.0,4,0.4330127018922193,1.0,13,9.393939393939393,False,False,0.07692307692307693,5.615384615384617,0.0,,percentage,False
James Hinchcliffe,Sharna Burgess,Racing Driver,Non-US,Canada,29,23,2nd Place,2,2,"[7.0, 7.0, 7.0, 8.0]",29.0,7.25,7.0,8.0,4,0.4330127018922193,4.0,13,8.238636363636363,False,False,0.3076923076923077,1.9230769230769234,3.0,31.0,percentage,False
James Hinchcliffe,Sharna Burgess,Racing Driver,Non-US,Canada,29,23,2nd Place,2,3,"[7.0, 7.0, 8.0, 7.0]",29.0,7.25,7.0,8.0,4,0.4330127018922193,4.0,12,8.923076923076923,False,False,0.3333333333333333,1.9166666666666679,3.0,30.0,percentage,False
James Hinchcliffe,Sharna Burgess,Racing Driver,Non-US,Canada,29,23,2nd Place,2,4,"[9.0, 9.0, 10.0]",28.0,9.333333333333334,9.0,10.0,3,0.4714045207910317,2.0,11,10.727969348659004,False,False,0.18181818181818182,4.272727272727273,2.0,29.666666666666668,percentage,False
James Hinchcliffe,Sharna Burgess,Racing Driver,Non-US,Canada,29,23,2nd Place,2,5,"[10.0, 9.0, 10.0]",29.0,9.666666666666666,9.0,10.0,3,0.4714045207910317,1.0,9,12.608695652173912,False,False,0.1111111111111111,3.444444444444443,0.0,29.25,percentage,False
James Hinchcliffe,Sharna Burgess,Racing Driver,Non-US,Canada,29,23,2nd Place,2,6,"[10.0, 9.0, 9.0, 10.0]",38.0,9.5,9.0,10.0,4,0.5,2.0,9,12.459016393442624,False,False,0.2222222222222222,4.111111111111114,2.0,29.2,percentage,False
James Hinchcliffe,Sharna Burgess,Racing Driver,Non-US,Canada,29,23,2nd Place,2,7,"[9.5, 9.0, 9.0, 9.5]",37.0,9.25,9.0,9.5,4,0.25,1.0,8,13.430127041742287,False,False,0.125,2.5625,0.0,30.666666666666668,percentage,False
James Hinchcliffe,Sharna Burgess,Racing Driver,Non-US,Canada,29,23,2nd Place,2,8,"[11.6666, 11.6666, 11.6666]",34.9998,11.6666,11.6666,11.6666,3,0.0,1.0,7,17.41285314711756,False,False,0.14285714285714285,6.2855428571428575,0.0,31.571428571428573,percentage,False
James Hinchcliffe,Sharna Burgess,Racing Driver,Non-US,Canada,29,23,2nd Place,2,9,"[9.0, 9.0, 9.0, 9.0]",36.0,9.0,9.0,9.0,4,0.0,5.0,6,15.859030837004406,False,False,0.8333333333333334,-1.8333333333333357,4.0,31.999975,percentage,False
James Hinchcliffe,Sharna Burgess,Racing Driver,Non-US,Canada,29,23,2nd Place,2,10,"[9.5, 10.0, 10.0]",29.5,9.833333333333334,9.5,10.0,3,0.23570226039551584,3.0,5,20.13651877133106,False,False,0.6,0.1999999999999993,0.5,32.44442222222222,percentage,False
James Hinchcliffe,Sharna Burgess,Racing Driver,Non-US,Canada,29,23,2nd Place,2,11,"[9.6666, 9.6666, 9.6666, 10.0]",38.9998,9.74995,9.6666,10.0,4,0.1443664348108656,2.0,4,25.629755904896033,True,False,0.5,0.9582750000000004,0.3334000000000046,32.14998,percentage,False
Jana Kramer,Gleb Savchenko,Singer/Rapper,Michigan,United States,32,23,Eliminated Week 11,4,1,"[7.0, 6.0, 6.0, 8.0]",27.0,6.75,6.0,8.0,4,0.82915619758885,3.0,13,8.181818181818182,False,False,0.23076923076923078,1.6153846153846168,4.0,,percentage,False
Jana Kramer,Gleb Savchenko,Singer/Rapper,Michigan,United States,32,23,Eliminated Week 11,4,2,"[7.0, 8.0, 7.0, 7.0]",29.0,7.25,7.0,8.0,4,0.4330127018922193,4.0,13,8.238636363636363,False,False,0.3076923076923077,1.9230769230769234,3.0,27.0,percentage,False
Jana Kramer,Gleb Savchenko,Singer/Rapper,Michigan,United States,32,23,Eliminated Week 11,4,3,"[6.0, 7.0, 6.0, 7.0]",26.0,6.5,6.0,7.0,4,0.5,7.0,12,8.0,False,False,0.5833333333333334,-1.0833333333333321,6.0,28.0,percentage,False
Jana Kramer,Gleb Savchenko,Singer/Rapper,Michigan,United States,32,23,Eliminated Week 11,4,4,"[8.0, 7.0, 8.0]",23.0,7.666666666666667,7.0,8.0,3,0.4714045207910317,6.0,11,8.812260536398467,False,False,0.5454545454545454,-0.7272727272727266,7.0,27.333333333333332,percentage,False
Jana Kramer,Gleb Savchenko,Singer/Rapper,Michigan,United States,32,23,Eliminated Week 11,4,5,"[9.0, 8.0, 9.0]",26.0,8.666666666666666,8.0,9.0,3,0.4714045207910317,4.0,9,11.304347826086957,False,False,0.4444444444444444,0.44444444444444287,3.0,26.25,percentage,False
Jana Kramer,Gleb Savchenko,Singer/Rapper,Michigan,United States,32,23,Eliminated Week 11,4,6,"[10.0, 10.0, 10.0, 10.0]",40.0,10.0,10.0,10.0,4,0.0,1.0,9,13.114754098360656,False,False,0.1111111111111111,6.111111111111114,0.0,26.2,percentage,False
Jana Kramer,Gleb Savchenko,Singer/Rapper,Michigan,United States,32,23,Eliminated Week 11,4,7,"[8.0, 8.5, 9.0, 9.0]",34.5,8.625,8.0,9.0,4,0.414578098794425,3.0,8,12.522686025408348,False,False,0.375,0.0625,2.5,28.5,percentage,False
Jana Kramer,Gleb Savchenko,Singer/Rapper,Michigan,United States,32,23,Eliminated Week 11,4,8,"[10.0, 10.0, 10.0]",30.0,10.0,10.0,10.0,3,0.0,3.0,7,14.925387985460684,False,False,0.42857142857142855,1.285742857142857,4.9998000000000005,29.357142857142858,percentage,False
Jana Kramer,Gleb Savchenko,Singer/Rapper,Michigan,United States,32,23,Eliminated Week 11,4,9,"[10.0, 10.0, 10.0, 10.0]",40.0,10.0,10.0,10.0,4,0.0,1.0,6,17.62114537444934,False,False,0.16666666666666666,2.1666666666666643,0.0,29.4375,percentage,False
Jana Kramer,Gleb Savchenko,Singer/Rapper,Michigan,United States,32,23,Eliminated Week 11,4,10,"[9.5, 9.5, 10.0]",29.0,9.666666666666666,9.5,10.0,3,0.23570226039551584,4.0,5,19.795221843003414,False,False,0.8,-0.3000000000000007,1.0,30.61111111111111,percentage,False
Jana Kramer,Gleb Savchenko,Singer/Rapper,Michigan,United States,32,23,Eliminated Week 11,4,11,"[8.5, 9.0, 9.0, 9.0]",35.5,8.875,8.5,9.0,4,0.21650635094610965,4.0,4,23.32976924558098,True,True,1.0,-2.541525,3.833200000000005,30.45,percentage,False
Laurie Hernandez,Valentin Chmerkovskiy,Athlete,New Jersey,United States,16,23,1st Place,1,1,"[8.0, 8.0, 7.0, 8.0]",31.0,7.75,7.0,8.0,4,0.4330127018922193,1.0,13,9.393939393939393,False,False,0.07692307692307693,5.615384615384617,0.0,,percentage,False
Laurie Hernandez,Valentin Chmerkovskiy,Athlete,New Jersey,United States,16,23,1st Place,1,2,"[8.0, 8.0, 8.0, 8.0]",32.0,8.0,8.0,8.0,4,0.0,1.0,13,9.090909090909092,False,False,0.07692307692307693,4.923076923076923,0.0,31.0,percentage,False
Laurie Hernandez,Valentin Chmerkovskiy,Athlete,New Jersey,United States,16,23,1st Place,1,3,"[7.0, 8.0, 8.0, 8.0]",31.0,7.75,7.0,8.0,4,0.4330127018922193,2.0,12,9.538461538461538,False,False,0.16666666666666666,3.916666666666668,1.0,31.5,percentage,False
Laurie Hernandez,Valentin Chmerkovskiy,Athlete,New Jersey,United States,16,23,1st Place,1,4,"[10.0, 10.0, 10.0]",30.0,10.0,10.0,10.0,3,0.0,1.0,11,11.494252873563218,False,False,0.09090909090909091,6.272727272727273,0.0,31.333333333333332,percentage,False
Laurie Hernandez,Valentin Chmerkovskiy,Athlete,New Jersey,United States,16,23,1st Place,1,5,"[8.0, 9.0, 8.0]",25.0,8.333333333333334,8.0,9.0,3,0.4714045207910317,5.0,9,10.869565217391305,False,False,0.5555555555555556,-0.5555555555555571,4.0,31.0,percentage,False
Laurie Hernandez,Valentin Chmerkovskiy,Athlete,New Jersey,United States,16,23,1st Place,1,6,"[9.0, 9.0, 9.0, 10.0]",37.0,9.25,9.0,10.0,4,0.4330127018922193,3.0,9,12.131147540983607,False,False,0.3333333333333333,3.1111111111111143,3.0,29.8,percentage,False
Laurie Hernandez,Valentin Chmerkovskiy,Athlete,New Jersey,United States,16,23,1st Place,1,7,"[8.0, 8.5, 9.0, 9.0]",34.5,8.625,8.0,9.0,4,0.414578098794425,3.0,8,12.522686025408348,False,False,0.375,0.0625,2.5,31.0,percentage,False
Laurie Hernandez,Valentin Chmerkovskiy,Athlete,New Jersey,United States,16,23,1st Place,1,8,"[11.0, 11.0, 11.0]",33.0,11.0,11.0,11.0,3,0.0,2.0,7,16.41792678400675,False,False,0.2857142857142857,4.285742857142857,1.9998000000000005,31.5,percentage,False
Laurie Hernandez,Valentin Chmerkovskiy,Athlete,New Jersey,United States,16,23,1st Place,1,9,"[10.0, 10.0, 10.0, 10.0]",40.0,10.0,10.0,10.0,4,0.0,1.0,6,17.62114537444934,False,False,0.16666666666666666,2.1666666666666643,0.0,31.6875,percentage,False
Laurie Hernandez,Valentin Chmerkovskiy,Athlete,New Jersey,United States,16,23,1st Place,1,10,"[10.0, 10.0, 10.0]",30.0,10.0,10.0,10.0,3,0.0,1.0,5,20.477815699658702,False,False,0.2,0.6999999999999993,0.0,32.611111111111114,percentage,False
Laurie Hernandez,Valentin Chmerkovskiy,Athlete,New Jersey,United States,16,23,1st Place,1,11,"[9.6666, 10.0, 9.6666, 10.0]",39.333200000000005,9.833300000000001,9.6666,10.0,4,0.16669999999999963,1.0,4,25.848858582824956,True,False,0.25,1.291675000000005,0.0,32.35,percentage,False
Marilu Henner,Derek Hough,Actor/Actress,Illinois,United States,64,23,Eliminated Week 9,6,1,"[7.0, 7.0, 6.0, 7.0]",27.0,6.75,6.0,7.0,4,0.4330127018922193,3.0,13,8.181818181818182,False,False,0.23076923076923078,1.6153846153846168,4.0,,percentage,False
Marilu Henner,Derek Hough,Actor/Actress,Illinois,United States,64,23,Eliminated Week 9,6,2,"[7.0, 6.0, 7.0, 7.0]",27.0,6.75,6.0,7.0,4,0.4330127018922193,7.0,13,7.670454545454546,False,False,0.5384615384615384,-0.07692307692307665,5.0,27.0,percentage,False
Marilu Henner,Derek Hough,Actor/Actress,Illinois,United States,64,23,Eliminated Week 9,6,3,"[7.0, 7.0, 7.0, 7.0]",28.0,7.0,7.0,7.0,4,0.0,5.0,12,8.615384615384615,False,False,0.4166666666666667,0.9166666666666679,4.0,27.0,percentage,False
Marilu Henner,Derek Hough,Actor/Actress,Illinois,United States,64,23,Eliminated Week 9,6,4,"[7.0, 7.0, 7.0]",21.0,7.0,7.0,7.0,3,0.0,10.0,11,8.045977011494253,False,False,0.9090909090909091,-2.7272727272727266,9.0,27.333333333333332,percentage,False
Marilu Henner,Derek Hough,Actor/Actress,Illinois,United States,64,23,Eliminated Week 9,6,5,"[9.0, 9.0, 9.0]",27.0,9.0,9.0,9.0,3,0.0,2.0,9,11.73913043478261,False,False,0.2222222222222222,1.4444444444444429,2.0,25.75,percentage,False
Marilu Henner,Derek Hough,Actor/Actress,Illinois,United States,64,23,Eliminated Week 9,6,6,"[8.0, 9.0, 9.0, 8.0]",34.0,8.5,8.0,9.0,4,0.5,5.0,9,11.147540983606557,False,False,0.5555555555555556,0.11111111111111427,6.0,26.0,percentage,False
Marilu Henner,Derek Hough,Actor/Actress,Illinois,United States,64,23,Eliminated Week 9,6,7,"[7.5, 8.0, 8.5, 8.0]",32.0,8.0,7.5,8.5,4,0.3535533905932738,8.0,8,11.61524500907441,False,False,1.0,-2.4375,5.0,27.333333333333332,percentage,False
Marilu Henner,Derek Hough,Actor/Actress,Illinois,United States,64,23,Eliminated Week 9,6,8,"[7.0, 8.0, 8.0]",23.0,7.666666666666667,7.0,8.0,3,0.4714045207910317,7.0,7,11.442797455519857,False,False,1.0,-5.714257142857143,11.9998,28.0,percentage,False
Marilu Henner,Derek Hough,Actor/Actress,Illinois,United States,64,23,Eliminated Week 9,6,9,"[9.0, 9.0, 9.0, 9.0]",36.0,9.0,9.0,9.0,4,0.0,5.0,6,15.859030837004406,True,True,0.8333333333333334,-1.8333333333333357,4.0,27.375,percentage,False
Maureen McCormick,Artem Chigvintsev,Actor/Actress,California,United States,60,23,Eliminated Week 7,8,1,"[6.0, 5.0, 5.0, 6.0]",22.0,5.5,5.0,6.0,4,0.5,11.0,13,6.666666666666667,False,False,0.8461538461538461,-3.3846153846153832,9.0,,percentage,False
Maureen McCormick,Artem Chigvintsev,Actor/Actress,California,United States,60,23,Eliminated Week 7,8,2,"[7.0, 6.0, 6.0, 7.0]",26.0,6.5,6.0,7.0,4,0.5,8.0,13,7.386363636363637,False,False,0.6153846153846154,-1.0769230769230766,6.0,22.0,percentage,False
Maureen McCormick,Artem Chigvintsev,Actor/Actress,California,United States,60,23,Eliminated Week 7,8,3,"[7.0, 7.0, 7.0, 7.0]",28.0,7.0,7.0,7.0,4,0.0,5.0,12,8.615384615384615,False,False,0.4166666666666667,0.9166666666666679,4.0,24.0,percentage,False
Maureen McCormick,Artem Chigvintsev,Actor/Actress,California,United States,60,23,Eliminated Week 7,8,4,"[8.0, 8.0, 8.0]",24.0,8.0,8.0,8.0,3,0.0,4.0,11,9.195402298850574,False,False,0.36363636363636365,0.2727272727272734,6.0,25.333333333333332,percentage,False
Maureen McCormick,Artem Chigvintsev,Actor/Actress,California,United States,60,23,Eliminated Week 7,8,5,"[8.0, 8.0, 8.0]",24.0,8.0,8.0,8.0,3,0.0,6.0,9,10.434782608695652,False,False,0.6666666666666666,-1.5555555555555571,5.0,25.0,percentage,False
Maureen McCormick,Artem Chigvintsev,Actor/Actress,California,United States,60,23,Eliminated Week 7,8,6,"[8.0, 7.0, 8.0, 8.0]",31.0,7.75,7.0,8.0,4,0.4330127018922193,6.0,9,10.163934426229508,False,False,0.6666666666666666,-2.8888888888888857,9.0,24.8,percentage,False
Maureen McCormick,Artem Chigvintsev,Actor/Actress,California,United States,60,23,Eliminated Week 7,8,7,"[8.5, 8.0, 8.0, 8.5]",33.0,8.25,8.0,8.5,4,0.25,6.0,8,11.978221415607985,True,True,0.75,-1.4375,4.0,25.833333333333332,percentage,False
Rick Perry,Emma Slater,Politician,Texas,United States,66,23,Eliminated Week 3,12,1,"[5.0, 5.0, 5.0, 5.0]",20.0,5.0,5.0,5.0,4,0.0,13.0,13,6.0606060606060606,False,False,1.0,-5.384615384615383,11.0,,percentage,False
Rick Perry,Emma Slater,Politician,Texas,United States,66,23,Eliminated Week 3,12,2,"[6.0, 5.0, 6.0, 5.0]",22.0,5.5,5.0,6.0,4,0.5,13.0,13,6.25,False,False,1.0,-5.076923076923077,10.0,20.0,percentage,False
Rick Perry,Emma Slater,Politician,Texas,United States,66,23,Eliminated Week 3,12,3,"[6.0, 5.0, 6.0, 6.0]",23.0,5.75,5.0,6.0,4,0.4330127018922193,11.0,12,7.076923076923077,True,True,0.9166666666666666,-4.083333333333332,9.0,21.0,percentage,False
Ryan Lochte,Cheryl Burke,Athlete,New York,United States,32,23,Eliminated Week 8,7,1,"[6.0, 6.0, 6.0, 6.0]",24.0,6.0,6.0,6.0,4,0.0,9.0,13,7.2727272727272725,False,False,0.6923076923076923,-1.3846153846153832,7.0,,percentage,False
Ryan Lochte,Cheryl Burke,Athlete,New York,United States,32,23,Eliminated Week 8,7,2,"[6.0, 6.0, 6.0, 6.0]",24.0,6.0,6.0,6.0,4,0.0,10.0,13,6.8181818181818175,False,False,0.7692307692307693,-3.0769230769230766,8.0,24.0,percentage,False
Ryan Lochte,Cheryl Burke,Athlete,New York,United States,32,23,Eliminated Week 8,7,3,"[6.0, 7.0, 6.0, 6.0]",25.0,6.25,6.0,7.0,4,0.4330127018922193,8.0,12,7.6923076923076925,False,False,0.6666666666666666,-2.083333333333332,7.0,24.0,percentage,False
Ryan Lochte,Cheryl Burke,Athlete,New York,United States,32,23,Eliminated Week 8,7,4,"[7.0, 7.0, 8.0]",22.0,7.333333333333333,7.0,8.0,3,0.4714045207910317,9.0,11,8.42911877394636,False,False,0.8181818181818182,-1.7272727272727266,8.0,24.333333333333332,percentage,False
Ryan Lochte,Cheryl Burke,Athlete,New York,United States,32,23,Eliminated Week 8,7,5,"[8.0, 8.0, 8.0]",24.0,8.0,8.0,8.0,3,0.0,6.0,9,10.434782608695652,False,False,0.6666666666666666,-1.5555555555555571,5.0,23.75,percentage,False
Ryan Lochte,Cheryl Burke,Athlete,New York,United States,32,23,Eliminated Week 8,7,6,"[7.0, 8.0, 8.0, 7.0]",30.0,7.5,7.0,8.0,4,0.5,7.0,9,9.836065573770492,False,False,0.7777777777777778,-3.8888888888888857,10.0,23.8,percentage,False
Ryan Lochte,Cheryl Burke,Athlete,New York,United States,32,23,Eliminated Week 8,7,7,"[8.5, 8.0, 8.0, 8.5]",33.0,8.25,8.0,8.5,4,0.25,6.0,8,11.978221415607985,False,False,0.75,-1.4375,4.0,24.833333333333332,percentage,False
Ryan Lochte,Cheryl Burke,Athlete,New York,United States,32,23,Eliminated Week 8,7,8,"[8.0, 9.0, 9.0]",26.0,8.666666666666666,8.0,9.0,3,0.4714045207910317,5.0,7,12.935336254065923,True,True,0.7142857142857143,-2.714257142857143,8.9998,26.0,percentage,False
Terra Jole,Sasha Farber,TV Personality,Texas,United States,36,23,Eliminated Week 10,5,1,"[7.0, 6.0, 6.0, 6.0]",25.0,6.25,6.0,7.0,4,0.4330127018922193,7.0,13,7.575757575757576,False,False,0.5384615384615384,-0.38461538461538325,6.0,,percentage,False
Terra Jole,Sasha Farber,TV Personality,Texas,United States,36,23,Eliminated Week 10,5,2,"[8.0, 7.0, 8.0, 8.0]",31.0,7.75,7.0,8.0,4,0.4330127018922193,2.0,13,8.806818181818182,False,False,0.15384615384615385,3.9230769230769234,1.0,25.0,percentage,False
Terra Jole,Sasha Farber,TV Personality,Texas,United States,36,23,Eliminated Week 10,5,3,"[8.0, 7.0, 8.0, 7.0]",30.0,7.5,7.0,8.0,4,0.5,3.0,12,9.230769230769232,False,False,0.25,2.916666666666668,2.0,28.0,percentage,False
Terra Jole,Sasha Farber,TV Personality,Texas,United States,36,23,Eliminated Week 10,5,4,"[9.0, 8.0, 8.0]",25.0,8.333333333333334,8.0,9.0,3,0.4714045207910317,3.0,11,9.578544061302683,False,False,0.2727272727272727,1.2727272727272734,5.0,28.666666666666668,percentage,False
Terra Jole,Sasha Farber,TV Personality,Texas,United States,36,23,Eliminated Week 10,5,5,"[9.0, 9.0, 9.0]",27.0,9.0,9.0,9.0,3,0.0,2.0,9,11.73913043478261,False,False,0.2222222222222222,1.4444444444444429,2.0,27.75,percentage,False
Terra Jole,Sasha Farber,TV Personality,Texas,United States,36,23,Eliminated Week 10,5,6,"[7.0, 8.0, 8.0, 7.0]",30.0,7.5,7.0,8.0,4,0.5,7.0,9,9.836065573770492,False,False,0.7777777777777778,-3.8888888888888857,10.0,27.6,percentage,False
Terra Jole,Sasha Farber,TV Personality,Texas,United States,36,23,Eliminated Week 10,5,7,"[8.5, 8.5, 9.0, 8.5]",34.5,8.625,8.5,9.0,4,0.21650635094610965,3.0,8,12.522686025408348,False,False,0.375,0.0625,2.5,28.0,percentage,False
Terra Jole,Sasha Farber,TV Personality,Texas,United States,36,23,Eliminated Week 10,5,8,"[8.0, 8.0, 8.0]",24.0,8.0,8.0,8.0,3,0.0,6.0,7,11.940310388368545,False,False,0.8571428571428571,-4.714257142857143,10.9998,28.928571428571427,percentage,False
Terra Jole,Sasha Farber,TV Personality,Texas,United States,36,23,Eliminated Week 10,5,9,"[10.0, 10.0, 9.0, 9.0]",38.0,9.5,9.0,10.0,4,0.5,3.0,6,16.740088105726873,False,False,0.5,0.1666666666666643,2.0,28.3125,percentage,False
Terra Jole,Sasha Farber,TV Personality,Texas,United States,36,23,Eliminated Week 10,5,10,"[10.0, 10.0, 10.0]",30.0,10.0,10.0,10.0,3,0.0,1.0,5,20.477815699658702,True,True,0.2,0.6999999999999993,0.0,29.38888888888889,percentage,False
Vanilla Ice,Witney Carson,Singer/Rapper,Texas,United States,48,23,Eliminated Week 4,10,1,"[7.0, 5.0, 6.0, 7.0]",25.0,6.25,5.0,7.0,4,0.82915619758885,7.0,13,7.575757575757576,False,False,0.5384615384615384,-0.38461538461538325,6.0,,percentage,False
Vanilla Ice,Witney Carson,Singer/Rapper,Texas,United States,48,23,Eliminated Week 4,10,2,"[6.0, 7.0, 6.0, 7.0]",26.0,6.5,6.0,7.0,4,0.5,8.0,13,7.386363636363637,False,False,0.6153846153846154,-1.0769230769230766,6.0,25.0,percentage,False
Vanilla Ice,Witney Carson,Singer/Rapper,Texas,United States,48,23,Eliminated Week 4,10,3,"[6.0, 6.0, 5.0, 6.0]",23.0,5.75,5.0,6.0,4,0.4330127018922193,11.0,12,7.076923076923077,False,False,0.9166666666666666,-4.083333333333332,9.0,25.5,percentage,False
Vanilla Ice,Witney Carson,Singer/Rapper,Texas,United States,48,23,Eliminated Week 4,10,4,"[8.0, 7.0, 8.0]",23.0,7.666666666666667,7.0,8.0,3,0.4714045207910317,6.0,11,8.812260536398467,True,True,0.5454545454545454,-0.7272727272727266,7.0,24.666666666666668,percentage,False
Bonner Bolton,Sharna Burgess,Athlete,Texas,United States,29,24,Eliminated Week 8,5,1,"[6.0, 5.0, 5.0, 6.0]",22.0,5.5,5.0,6.0,4,0.5,9.0,12,7.28476821192053,False,False,0.75,-3.166666666666668,10.0,,percentage,False
Bonner Bolton,Sharna Burgess,Athlete,Texas,United States,29,24,Eliminated Week 8,5,2,"[8.0, 5.0, 8.0, 7.0]",28.0,7.0,5.0,8.0,4,1.224744871391589,5.0,12,8.536585365853659,False,False,0.4166666666666667,0.6666666666666679,4.0,22.0,percentage,False
Bonner Bolton,Sharna Burgess,Athlete,Texas,United States,29,24,Eliminated Week 8,5,3,"[6.0, 6.0, 6.0, 6.0]",24.0,6.0,6.0,6.0,4,0.0,9.0,11,7.6190476190476195,False,False,0.8181818181818182,-4.636363636363637,10.0,25.0,percentage,False
Bonner Bolton,Sharna Burgess,Athlete,Texas,United States,29,24,Eliminated Week 8,5,4,"[8.0, 8.0, 8.0, 8.0]",32.0,8.0,8.0,8.0,4,0.0,5.0,10,9.815950920245399,False,False,0.5,-0.6000000000000014,7.0,24.666666666666668,percentage,False
Bonner Bolton,Sharna Burgess,Athlete,Texas,United States,29,24,Eliminated Week 8,5,5,"[7.0, 8.0, 8.0, 7.0]",30.0,7.5,7.0,8.0,4,0.5,8.0,9,9.868421052631579,False,False,0.8888888888888888,-3.7777777777777786,9.0,26.5,percentage,False
Bonner Bolton,Sharna Burgess,Athlete,Texas,United States,29,24,Eliminated Week 8,5,6,"[8.0, 8.5, 7.5, 7.5]",31.5,7.875,7.5,8.5,4,0.414578098794425,6.0,8,11.71003717472119,False,False,0.75,-2.125,5.5,27.2,percentage,False
Bonner Bolton,Sharna Burgess,Athlete,Texas,United States,29,24,Eliminated Week 8,5,7,"[7.5, 7.5, 8.5, 7.5]",31.0,7.75,7.5,8.5,4,0.4330127018922193,7.0,7,12.25296442687747,False,False,1.0,-5.142857142857146,11.0,27.916666666666668,percentage,False
Bonner Bolton,Sharna Burgess,Athlete,Texas,United States,29,24,Eliminated Week 8,5,8,"[7.5, 7.0, 7.5, 7.0]",29.0,7.25,7.0,7.5,4,0.25,5.0,5,16.6189111747851,True,True,1.0,-5.899999999999999,10.5,28.357142857142858,percentage,False
Charo,Keo Motsepe,Actor/Actress,Non-US,Spain,66,24,Eliminated Week 3,11,1,"[6.0, 5.0, 5.0, 5.0]",21.0,5.25,5.0,6.0,4,0.4330127018922193,10.0,12,6.95364238410596,False,False,0.8333333333333334,-4.166666666666668,11.0,,percentage,False
Charo,Keo Motsepe,Actor/Actress,Non-US,Spain,66,24,Eliminated Week 3,11,2,"[6.0, 6.0, 7.0, 6.0]",25.0,6.25,6.0,7.0,4,0.4330127018922193,9.0,12,7.621951219512195,False,False,0.75,-2.333333333333332,7.0,21.0,percentage,False
Charo,Keo Motsepe,Actor/Actress,Non-US,Spain,66,24,Eliminated Week 3,11,3,"[6.0, 6.0, 6.0, 6.0]",24.0,6.0,6.0,6.0,4,0.0,9.0,11,7.6190476190476195,True,True,0.8181818181818182,-4.636363636363637,10.0,23.0,percentage,False
Chris Kattan,Witney Carson,Comedian,California,United States,46,24,Eliminated Week 2,12,1,"[5.0, 4.0, 4.0, 4.0]",17.0,4.25,4.0,5.0,4,0.4330127018922193,12.0,12,5.629139072847682,False,False,1.0,-8.166666666666668,15.0,,percentage,False
Chris Kattan,Witney Carson,Comedian,California,United States,46,24,Eliminated Week 2,12,2,"[6.0, 5.0, 6.0, 5.0]",22.0,5.5,5.0,6.0,4,0.5,11.0,12,6.707317073170732,True,True,0.9166666666666666,-5.333333333333332,10.0,17.0,percentage,False
David Ross,Lindsay Arnold,Athlete,Georgia,United States,40,24,2nd Place,2,1,"[7.0, 7.0, 7.0, 7.0]",28.0,7.0,7.0,7.0,4,0.0,3.0,12,9.271523178807946,False,False,0.25,2.833333333333332,4.0,,percentage,False
David Ross,Lindsay Arnold,Athlete,Georgia,United States,40,24,2nd Place,2,2,"[7.0, 6.0, 7.0, 7.0]",27.0,6.75,6.0,7.0,4,0.4330127018922193,8.0,12,8.231707317073171,False,False,0.6666666666666666,-0.33333333333333215,5.0,28.0,percentage,False
David Ross,Lindsay Arnold,Athlete,Georgia,United States,40,24,2nd Place,2,3,"[8.0, 7.0, 8.0, 8.0]",31.0,7.75,7.0,8.0,4,0.4330127018922193,5.0,11,9.841269841269842,False,False,0.45454545454545453,2.3636363636363633,3.0,27.5,percentage,False
David Ross,Lindsay Arnold,Athlete,Georgia,United States,40,24,2nd Place,2,4,"[7.0, 8.0, 8.0, 8.0]",31.0,7.75,7.0,8.0,4,0.4330127018922193,7.0,10,9.509202453987731,False,False,0.7,-1.6000000000000014,8.0,28.666666666666668,percentage,False
David Ross,Lindsay Arnold,Athlete,Georgia,United States,40,24,2nd Place,2,5,"[7.0, 7.0, 8.0, 7.0]",29.0,7.25,7.0,8.0,4,0.4330127018922193,9.0,9,9.539473684210527,False,False,1.0,-4.777777777777779,10.0,29.25,percentage,False
David Ross,Lindsay Arnold,Athlete,Georgia,United States,40,24,2nd Place,2,6,"[7.5, 8.5, 7.5, 7.5]",31.0,7.75,7.5,8.5,4,0.4330127018922193,7.0,8,11.524163568773234,False,False,0.875,-2.625,6.0,29.2,percentage,False
David Ross,Lindsay Arnold,Athlete,Georgia,United States,40,24,2nd Place,2,7,"[8.0, 8.0, 8.0, 8.0]",32.0,8.0,8.0,8.0,4,0.0,6.0,7,12.648221343873518,False,False,0.8571428571428571,-4.142857142857146,10.0,29.5,percentage,False
David Ross,Lindsay Arnold,Athlete,Georgia,United States,40,24,2nd Place,2,8,"[8.0, 8.0, 8.5, 8.0]",32.5,8.125,8.0,8.5,4,0.21650635094610965,4.0,5,18.624641833810887,False,False,0.8,-2.3999999999999986,7.0,29.857142857142858,percentage,False
David Ross,Lindsay Arnold,Athlete,Georgia,United States,40,24,2nd Place,2,9,"[9.0, 8.5, 9.0, 8.5]",35.0,8.75,8.5,9.0,4,0.25,4.0,4,23.1023102310231,False,False,1.0,-2.875,5.0,30.1875,percentage,False
David Ross,Lindsay Arnold,Athlete,Georgia,United States,40,24,2nd Place,2,10,"[9.0, 9.0, 9.3333, 9.0]",36.3333,9.083325,9.0,9.3333,4,0.14432313354067647,3.0,3,31.502925005917643,True,False,1.0,-2.111066666666666,3.3333000000000013,30.72222222222222,percentage,False
Erika Jayne,Gleb Savchenko,Singer/Rapper,Georgia,United States,45,24,Eliminated Week 5,9,1,"[6.0, 6.0, 6.0, 6.0]",24.0,6.0,6.0,6.0,4,0.0,7.0,12,7.9470198675496695,False,False,0.5833333333333334,-1.1666666666666679,8.0,,percentage,False
Erika Jayne,Gleb Savchenko,Singer/Rapper,Georgia,United States,45,24,Eliminated Week 5,9,2,"[7.0, 7.0, 7.0, 7.0]",28.0,7.0,7.0,7.0,4,0.0,5.0,12,8.536585365853659,False,False,0.4166666666666667,0.6666666666666679,4.0,24.0,percentage,False
Erika Jayne,Gleb Savchenko,Singer/Rapper,Georgia,United States,45,24,Eliminated Week 5,9,3,"[6.0, 7.0, 7.0, 6.0]",26.0,6.5,6.0,7.0,4,0.5,7.0,11,8.253968253968253,False,False,0.6363636363636364,-2.6363636363636367,8.0,26.0,percentage,False
Erika Jayne,Gleb Savchenko,Singer/Rapper,Georgia,United States,45,24,Eliminated Week 5,9,4,"[8.0, 7.0, 7.0, 8.0]",30.0,7.5,7.0,8.0,4,0.5,8.0,10,9.202453987730062,False,False,0.8,-2.6000000000000014,9.0,26.0,percentage,False
Erika Jayne,Gleb Savchenko,Singer/Rapper,Georgia,United States,45,24,Eliminated Week 5,9,5,"[8.0, 8.0, 8.0, 8.0]",32.0,8.0,8.0,8.0,4,0.0,6.0,9,10.526315789473683,True,True,0.6666666666666666,-1.7777777777777786,7.0,27.0,percentage,False
Heather Morris,Maksim Chmerkoskiy,Actor/Actress,California,United States,30,24,Eliminated Week 6,8,1,"[7.0, 7.0, 7.0, 7.0]",28.0,7.0,7.0,7.0,4,0.0,3.0,12,9.271523178807946,False,False,0.25,2.833333333333332,4.0,,percentage,False
Heather Morris,Maksim Chmerkoskiy,Actor/Actress,California,United States,30,24,Eliminated Week 6,8,2,"[8.0, 6.0, 8.0, 8.0]",30.0,7.5,6.0,8.0,4,0.8660254037844386,3.0,12,9.146341463414634,False,False,0.25,2.666666666666668,2.0,28.0,percentage,False
Heather Morris,Maksim Chmerkoskiy,Actor/Actress,California,United States,30,24,Eliminated Week 6,8,3,"[9.0, 8.0, 8.0, 8.0]",33.0,8.25,8.0,9.0,4,0.4330127018922193,2.0,11,10.476190476190476,False,False,0.18181818181818182,4.363636363636363,1.0,29.0,percentage,False
Heather Morris,Maksim Chmerkoskiy,Actor/Actress,California,United States,30,24,Eliminated Week 6,8,4,"[8.0, 9.0, 9.0, 9.0]",35.0,8.75,8.0,9.0,4,0.4330127018922193,3.0,10,10.736196319018406,False,False,0.3,2.3999999999999986,4.0,30.333333333333332,percentage,False
Heather Morris,Maksim Chmerkoskiy,Actor/Actress,California,United States,30,24,Eliminated Week 6,8,5,"[8.0, 8.0, 9.0, 9.0]",34.0,8.5,8.0,9.0,4,0.5,4.0,9,11.18421052631579,False,False,0.4444444444444444,0.22222222222222143,5.0,31.5,percentage,False
Heather Morris,Maksim Chmerkoskiy,Actor/Actress,California,United States,30,24,Eliminated Week 6,8,6,"[9.0, 9.5, 9.0, 9.5]",37.0,9.25,9.0,9.5,4,0.25,1.0,8,13.754646840148698,True,True,0.125,3.375,0.0,32.0,percentage,False
Mr. T,Kym Herjavec,Actor/Actress,Illinois,United States,64,24,Eliminated Week 4,10,1,"[5.0, 5.0, 5.0, 5.0]",20.0,5.0,5.0,5.0,4,0.0,11.0,12,6.622516556291391,False,False,0.9166666666666666,-5.166666666666668,12.0,,percentage,False
Mr. T,Kym Herjavec,Actor/Actress,Illinois,United States,64,24,Eliminated Week 4,10,2,"[6.0, 5.0, 6.0, 5.0]",22.0,5.5,5.0,6.0,4,0.5,11.0,12,6.707317073170732,False,False,0.9166666666666666,-5.333333333333332,10.0,20.0,percentage,False
Mr. T,Kym Herjavec,Actor/Actress,Illinois,United States,64,24,Eliminated Week 4,10,3,"[6.0, 6.0, 6.0, 6.0]",24.0,6.0,6.0,6.0,4,0.0,9.0,11,7.6190476190476195,False,False,0.8181818181818182,-4.636363636363637,10.0,21.0,percentage,False
Mr. T,Kym Herjavec,Actor/Actress,Illinois,United States,64,24,Eliminated Week 4,10,4,"[7.0, 7.0, 7.0, 7.0]",28.0,7.0,7.0,7.0,4,0.0,10.0,10,8.588957055214724,True,True,1.0,-4.600000000000001,11.0,22.0,percentage,False
Nancy Kerrigan,Artem Chigvintsev,Athlete,Massachusetts,United States,47,24,Eliminated Week 7,7,1,"[7.0, 7.0, 7.0, 7.0]",28.0,7.0,7.0,7.0,4,0.0,3.0,12,9.271523178807946,False,False,0.25,2.833333333333332,4.0,,percentage,False
Nancy Kerrigan,Artem Chigvintsev,Athlete,Massachusetts,United States,47,24,Eliminated Week 7,7,2,"[7.0, 7.0, 7.0, 7.0]",28.0,7.0,7.0,7.0,4,0.0,5.0,12,8.536585365853659,False,False,0.4166666666666667,0.6666666666666679,4.0,28.0,percentage,False
Nancy Kerrigan,Artem Chigvintsev,Athlete,Massachusetts,United States,47,24,Eliminated Week 7,7,3,"[8.0, 9.0, 8.0, 8.0]",33.0,8.25,8.0,9.0,4,0.4330127018922193,2.0,11,10.476190476190476,False,False,0.18181818181818182,4.363636363636363,1.0,28.0,percentage,False
Nancy Kerrigan,Artem Chigvintsev,Athlete,Massachusetts,United States,47,24,Eliminated Week 7,7,4,"[8.0, 9.0, 8.0, 8.0]",33.0,8.25,8.0,9.0,4,0.4330127018922193,4.0,10,10.122699386503067,False,False,0.4,0.3999999999999986,6.0,29.666666666666668,percentage,False
Nancy Kerrigan,Artem Chigvintsev,Athlete,Massachusetts,United States,47,24,Eliminated Week 7,7,5,"[9.0, 9.0, 9.0, 9.0]",36.0,9.0,9.0,9.0,4,0.0,3.0,9,11.842105263157894,False,False,0.3333333333333333,2.2222222222222214,3.0,30.5,percentage,False
Nancy Kerrigan,Artem Chigvintsev,Athlete,Massachusetts,United States,47,24,Eliminated Week 7,7,6,"[8.5, 8.5, 8.0, 8.5]",33.5,8.375,8.0,8.5,4,0.21650635094610965,5.0,8,12.453531598513012,False,False,0.625,-0.125,3.5,31.6,percentage,False
Nancy Kerrigan,Artem Chigvintsev,Athlete,Massachusetts,United States,47,24,Eliminated Week 7,7,7,"[9.0, 9.0, 9.0, 9.0]",36.0,9.0,9.0,9.0,4,0.0,4.0,7,14.229249011857709,True,True,0.5714285714285714,-0.1428571428571459,6.0,31.916666666666668,percentage,False
Nick Viall,Peta Murgatroyd,TV Personality,Wisconsin,United States,36,24,Eliminated Week 7,6,1,"[6.0, 6.0, 6.0, 6.0]",24.0,6.0,6.0,6.0,4,0.0,7.0,12,7.9470198675496695,False,False,0.5833333333333334,-1.1666666666666679,8.0,,percentage,False
Nick Viall,Peta Murgatroyd,TV Personality,Wisconsin,United States,36,24,Eliminated Week 7,6,2,"[7.0, 5.0, 7.0, 6.0]",25.0,6.25,5.0,7.0,4,0.82915619758885,9.0,12,7.621951219512195,False,False,0.75,-2.333333333333332,7.0,24.0,percentage,False
Nick Viall,Peta Murgatroyd,TV Personality,Wisconsin,United States,36,24,Eliminated Week 7,6,3,"[7.0, 6.0, 7.0, 6.0]",26.0,6.5,6.0,7.0,4,0.5,7.0,11,8.253968253968253,False,False,0.6363636363636364,-2.6363636363636367,8.0,24.5,percentage,False
Nick Viall,Peta Murgatroyd,TV Personality,Wisconsin,United States,36,24,Eliminated Week 7,6,4,"[8.0, 7.0, 8.0, 7.0]",30.0,7.5,7.0,8.0,4,0.5,8.0,10,9.202453987730062,False,False,0.8,-2.6000000000000014,9.0,25.0,percentage,False
Nick Viall,Peta Murgatroyd,TV Personality,Wisconsin,United States,36,24,Eliminated Week 7,6,5,"[9.0, 8.0, 9.0, 8.0]",34.0,8.5,8.0,9.0,4,0.5,4.0,9,11.18421052631579,False,False,0.4444444444444444,0.22222222222222143,5.0,26.25,percentage,False
Nick Viall,Peta Murgatroyd,TV Personality,Wisconsin,United States,36,24,Eliminated Week 7,6,6,"[7.5, 8.0, 7.5, 7.5]",30.5,7.625,7.5,8.0,4,0.21650635094610965,8.0,8,11.338289962825279,False,False,1.0,-3.125,6.5,27.8,percentage,False
Nick Viall,Peta Murgatroyd,TV Personality,Wisconsin,United States,36,24,Eliminated Week 7,6,7,"[8.0, 8.0, 9.0, 9.0]",34.0,8.5,8.0,9.0,4,0.5,5.0,7,13.438735177865613,True,True,0.7142857142857143,-2.142857142857146,8.0,28.25,percentage,False
Normani,Valentin Chmerkovskiy,Singer/Rapper,Georgia,United States,20,24,3rd Place,3,1,"[7.0, 6.0, 7.0, 7.0]",27.0,6.75,6.0,7.0,4,0.4330127018922193,6.0,12,8.940397350993377,False,False,0.5,1.8333333333333321,5.0,,percentage,False
Normani,Valentin Chmerkovskiy,Singer/Rapper,Georgia,United States,20,24,3rd Place,3,2,"[8.0, 8.0, 8.0, 8.0]",32.0,8.0,8.0,8.0,4,0.0,1.0,12,9.75609756097561,False,False,0.08333333333333333,4.666666666666668,0.0,27.0,percentage,False
Normani,Valentin Chmerkovskiy,Singer/Rapper,Georgia,United States,20,24,3rd Place,3,3,"[8.0, 8.0, 9.0, 9.0]",34.0,8.5,8.0,9.0,4,0.5,1.0,11,10.793650793650794,False,False,0.09090909090909091,5.363636363636363,0.0,29.5,percentage,False
Normani,Valentin Chmerkovskiy,Singer/Rapper,Georgia,United States,20,24,3rd Place,3,4,"[8.0, 7.0, 8.0, 9.0]",32.0,8.0,7.0,9.0,4,0.7071067811865476,5.0,10,9.815950920245399,False,False,0.5,-0.6000000000000014,7.0,31.0,percentage,False
Normani,Valentin Chmerkovskiy,Singer/Rapper,Georgia,United States,20,24,3rd Place,3,5,"[10.0, 9.0, 10.0, 10.0]",39.0,9.75,9.0,10.0,4,0.4330127018922193,1.0,9,12.828947368421053,False,False,0.1111111111111111,5.222222222222221,0.0,31.25,percentage,False
Normani,Valentin Chmerkovskiy,Singer/Rapper,Georgia,United States,20,24,3rd Place,3,6,"[9.0, 9.5, 8.0, 9.5]",36.0,9.0,8.0,9.5,4,0.6123724356957945,2.0,8,13.382899628252787,False,False,0.25,2.375,1.0,32.8,percentage,False
Normani,Valentin Chmerkovskiy,Singer/Rapper,Georgia,United States,20,24,3rd Place,3,7,"[10.5, 10.5, 10.5, 10.5]",42.0,10.5,10.5,10.5,4,0.0,1.0,7,16.600790513833992,False,False,0.14285714285714285,5.857142857142854,0.0,33.333333333333336,percentage,False
Normani,Valentin Chmerkovskiy,Singer/Rapper,Georgia,United States,20,24,3rd Place,3,8,"[10.0, 9.5, 10.0, 10.0]",39.5,9.875,9.5,10.0,4,0.21650635094610965,1.0,5,22.636103151862464,False,False,0.2,4.600000000000001,0.0,34.57142857142857,percentage,False
Normani,Valentin Chmerkovskiy,Singer/Rapper,Georgia,United States,20,24,3rd Place,3,9,"[9.5, 9.5, 9.5, 9.5]",38.0,9.5,9.5,9.5,4,0.0,3.0,4,25.082508250825082,False,False,0.75,0.125,2.0,35.1875,percentage,False
Normani,Valentin Chmerkovskiy,Singer/Rapper,Georgia,United States,20,24,3rd Place,3,10,"[10.0, 9.6666, 9.6666, 10.0]",39.333200000000005,9.833300000000001,9.6666,10.0,4,0.16669999999999963,2.0,3,34.1039996323692,True,False,0.6666666666666666,0.8888333333333378,0.3333999999999975,35.5,percentage,False
Rashad Jennings,Emma Slater,Athlete,Virginia,United States,32,24,1st Place,1,1,"[8.0, 7.0, 8.0, 8.0]",31.0,7.75,7.0,8.0,4,0.4330127018922193,2.0,12,10.264900662251655,False,False,0.16666666666666666,5.833333333333332,1.0,,percentage,False
Rashad Jennings,Emma Slater,Athlete,Virginia,United States,32,24,1st Place,1,2,"[8.0, 8.0, 8.0, 8.0]",32.0,8.0,8.0,8.0,4,0.0,1.0,12,9.75609756097561,False,False,0.08333333333333333,4.666666666666668,0.0,31.0,percentage,False
Rashad Jennings,Emma Slater,Athlete,Virginia,United States,32,24,1st Place,1,3,"[7.0, 7.0, 7.0, 7.0]",28.0,7.0,7.0,7.0,4,0.0,6.0,11,8.88888888888889,False,False,0.5454545454545454,-0.6363636363636367,6.0,31.5,percentage,False
Rashad Jennings,Emma Slater,Athlete,Virginia,United States,32,24,1st Place,1,4,"[10.0, 9.0, 10.0, 10.0]",39.0,9.75,9.0,10.0,4,0.4330127018922193,1.0,10,11.96319018404908,False,False,0.1,6.399999999999999,0.0,30.333333333333332,percentage,False
Rashad Jennings,Emma Slater,Athlete,Virginia,United States,32,24,1st Place,1,5,"[7.0, 8.0, 9.0, 8.0]",32.0,8.0,7.0,9.0,4,0.7071067811865476,6.0,9,10.526315789473683,False,False,0.6666666666666666,-1.7777777777777786,7.0,32.5,percentage,False
Rashad Jennings,Emma Slater,Athlete,Virginia,United States,32,24,1st Place,1,6,"[8.5, 9.5, 8.5, 8.5]",35.0,8.75,8.5,9.5,4,0.4330127018922193,3.0,8,13.011152416356877,False,False,0.375,1.375,2.0,32.4,percentage,False
Rashad Jennings,Emma Slater,Athlete,Virginia,United States,32,24,1st Place,1,7,"[9.5, 9.5, 10.5, 9.5]",39.0,9.75,9.5,10.5,4,0.4330127018922193,2.0,7,15.41501976284585,False,False,0.2857142857142857,2.857142857142854,3.0,32.833333333333336,percentage,False
Rashad Jennings,Emma Slater,Athlete,Virginia,United States,32,24,1st Place,1,8,"[9.5, 9.0, 9.5, 9.5]",37.5,9.375,9.0,9.5,4,0.21650635094610965,2.0,5,21.48997134670487,False,False,0.4,2.6000000000000014,2.0,33.714285714285715,percentage,False
Rashad Jennings,Emma Slater,Athlete,Virginia,United States,32,24,1st Place,1,9,"[9.5, 9.0, 10.0, 10.0]",38.5,9.625,9.0,10.0,4,0.414578098794425,2.0,4,25.412541254125415,False,False,0.5,0.625,1.5,34.1875,percentage,False
Rashad Jennings,Emma Slater,Athlete,Virginia,United States,32,24,1st Place,1,10,"[10.0, 9.6666, 10.0, 10.0]",39.6666,9.91665,9.6666,10.0,4,0.14436643481086558,1.0,3,34.39307536171316,True,False,0.3333333333333333,1.2222333333333353,0.0,34.666666666666664,percentage,False
Simone Biles,Sasha Farber,Athlete,Ohio,United States,20,24,Eliminated Week 9,4,1,"[8.0, 8.0, 8.0, 8.0]",32.0,8.0,8.0,8.0,4,0.0,1.0,12,10.596026490066226,False,False,0.08333333333333333,6.833333333333332,0.0,,percentage,False
Simone Biles,Sasha Farber,Athlete,Ohio,United States,20,24,Eliminated Week 9,4,2,"[7.0, 7.0, 7.0, 8.0]",29.0,7.25,7.0,8.0,4,0.4330127018922193,4.0,12,8.841463414634147,False,False,0.3333333333333333,1.6666666666666679,3.0,32.0,percentage,False
Simone Biles,Sasha Farber,Athlete,Ohio,United States,20,24,Eliminated Week 9,4,3,"[7.0, 8.0, 9.0, 8.0]",32.0,8.0,7.0,9.0,4,0.7071067811865476,4.0,11,10.158730158730158,False,False,0.36363636363636365,3.3636363636363633,2.0,30.5,percentage,False
Simone Biles,Sasha Farber,Athlete,Ohio,United States,20,24,Eliminated Week 9,4,4,"[9.0, 9.0, 9.0, 9.0]",36.0,9.0,9.0,9.0,4,0.0,2.0,10,11.042944785276074,False,False,0.2,3.3999999999999986,3.0,31.0,percentage,False
Simone Biles,Sasha Farber,Athlete,Ohio,United States,20,24,Eliminated Week 9,4,5,"[9.0, 9.0, 10.0, 10.0]",38.0,9.5,9.0,10.0,4,0.5,2.0,9,12.5,False,False,0.2222222222222222,4.222222222222221,1.0,32.25,percentage,False
Simone Biles,Sasha Farber,Athlete,Ohio,United States,20,24,Eliminated Week 9,4,6,"[8.5, 8.5, 8.5, 9.0]",34.5,8.625,8.5,9.0,4,0.21650635094610965,4.0,8,12.825278810408921,False,False,0.5,0.875,2.5,33.4,percentage,False
Simone Biles,Sasha Farber,Athlete,Ohio,United States,20,24,Eliminated Week 9,4,7,"[10.5, 9.5, 9.5, 9.5]",39.0,9.75,9.5,10.5,4,0.4330127018922193,2.0,7,15.41501976284585,False,False,0.2857142857142857,2.857142857142854,3.0,33.583333333333336,percentage,False
Simone Biles,Sasha Farber,Athlete,Ohio,United States,20,24,Eliminated Week 9,4,8,"[9.0, 9.0, 9.0, 9.0]",36.0,9.0,9.0,9.0,4,0.0,3.0,5,20.630372492836678,False,False,0.6,1.1000000000000014,3.5,34.357142857142854,percentage,False
Simone Biles,Sasha Farber,Athlete,Ohio,United States,20,24,Eliminated Week 9,4,9,"[10.0, 10.0, 10.0, 10.0]",40.0,10.0,10.0,10.0,4,0.0,1.0,4,26.4026402640264,True,True,0.25,2.125,0.0,34.5625,percentage,False
Barbara Corcoran,Keo Motsepe,Entrepreneur,New Jersey,United States,68,25,Eliminated Week 2,13,1,"[5.0, 4.0, 5.0]",14.0,4.666666666666667,4.0,5.0,3,0.4714045207910317,13.0,13,5.857740585774058,False,False,1.0,-4.384615384615383,8.0,,percentage,False
Barbara Corcoran,Keo Motsepe,Entrepreneur,New Jersey,United States,68,25,Eliminated Week 2,13,2,"[6.0, 5.0, 6.0]",17.0,5.666666666666667,5.0,6.0,3,0.4714045207910317,13.0,13,6.2157221206581355,True,True,1.0,-4.03846153846154,7.0,14.0,percentage,False
Debbie Gibson,Alan Bersten,Singer/Rapper,New York,United States,47,25,Eliminated Week 2,12,1,"[6.0, 5.0, 6.0]",17.0,5.666666666666667,5.0,6.0,3,0.4714045207910317,10.0,13,7.112970711297072,False,False,0.7692307692307693,-1.3846153846153832,5.0,,percentage,False
Debbie Gibson,Alan Bersten,Singer/Rapper,New York,United States,47,25,Eliminated Week 2,12,2,"[7.0, 6.5, 7.0]",20.5,6.833333333333333,6.5,7.0,3,0.23570226039551584,7.0,13,7.495429616087751,True,True,0.5384615384615384,-0.5384615384615401,3.5,17.0,percentage,False
Derek Fisher,Sharna Burgess,Athlete,Arkansas,United States,43,25,Eliminated Week 4,11,1,"[6.0, 6.0, 6.0]",18.0,6.0,6.0,6.0,3,0.0,7.0,13,7.531380753138076,False,False,0.5384615384615384,-0.38461538461538325,4.0,,percentage,False
Derek Fisher,Sharna Burgess,Athlete,Arkansas,United States,43,25,Eliminated Week 4,11,2,"[6.5, 6.0, 6.5]",19.0,6.333333333333333,6.0,6.5,3,0.23570226039551584,11.0,13,6.946983546617916,False,False,0.8461538461538461,-2.03846153846154,5.0,18.0,percentage,False
Derek Fisher,Sharna Burgess,Athlete,Arkansas,United States,43,25,Eliminated Week 4,11,3,"[7.0, 7.0, 7.0]",21.0,7.0,7.0,7.0,3,0.0,6.0,11,8.60655737704918,False,False,0.5454545454545454,-1.1818181818181834,6.0,18.5,percentage,False
Derek Fisher,Sharna Burgess,Athlete,Arkansas,United States,43,25,Eliminated Week 4,11,4,"[7.0, 8.0, 8.0]",23.0,7.666666666666667,7.0,8.0,3,0.4714045207910317,10.0,11,8.487084870848708,True,True,0.9090909090909091,-1.6363636363636367,6.0,19.333333333333332,percentage,False
Drew Scott,Emma Slater,TV Personality,Non-US,Canada,39,25,Eliminated Week 10,4,1,"[6.0, 5.0, 5.0]",16.0,5.333333333333333,5.0,6.0,3,0.4714045207910317,11.0,13,6.694560669456067,False,False,0.8461538461538461,-2.3846153846153832,6.0,,percentage,False
Drew Scott,Emma Slater,TV Personality,Non-US,Canada,39,25,Eliminated Week 10,4,2,"[7.0, 6.5, 7.0]",20.5,6.833333333333333,6.5,7.0,3,0.23570226039551584,7.0,13,7.495429616087751,False,False,0.5384615384615384,-0.5384615384615401,3.5,16.0,percentage,False
Drew Scott,Emma Slater,TV Personality,Non-US,Canada,39,25,Eliminated Week 10,4,3,"[8.0, 7.0, 8.0]",23.0,7.666666666666667,7.0,8.0,3,0.4714045207910317,3.0,11,9.426229508196721,False,False,0.2727272727272727,0.8181818181818166,4.0,18.25,percentage,False
Drew Scott,Emma Slater,TV Personality,Non-US,Canada,39,25,Eliminated Week 10,4,4,"[8.0, 8.0, 8.0]",24.0,8.0,8.0,8.0,3,0.0,4.0,11,8.856088560885608,False,False,0.36363636363636365,-0.6363636363636367,5.0,19.833333333333332,percentage,False
Drew Scott,Emma Slater,TV Personality,Non-US,Canada,39,25,Eliminated Week 10,4,5,"[9.0, 8.0, 8.0]",25.0,8.333333333333334,8.0,9.0,3,0.4714045207910317,6.0,10,9.578544061302683,False,False,0.6,-1.1000000000000014,5.0,20.875,percentage,False
Drew Scott,Emma Slater,TV Personality,Non-US,Canada,39,25,Eliminated Week 10,4,6,"[7.0, 7.0, 9.0, 7.0]",30.0,7.5,7.0,9.0,4,0.8660254037844386,8.0,9,9.803921568627452,False,False,0.8888888888888888,-4.0,10.0,21.7,percentage,False
Drew Scott,Emma Slater,TV Personality,Non-US,Canada,39,25,Eliminated Week 10,4,7,"[9.5, 9.5, 9.5]",28.5,9.5,9.5,9.5,3,0.0,2.0,8,13.25581395348837,False,False,0.25,1.625,1.5,23.083333333333332,percentage,False
Drew Scott,Emma Slater,TV Personality,Non-US,Canada,39,25,Eliminated Week 10,4,8,"[8.0, 7.5, 8.0]",23.5,7.833333333333333,7.5,8.0,3,0.23570226039551584,6.0,6,15.015974440894569,False,False,1.0,-2.583333333333332,6.5,23.857142857142858,percentage,False
Drew Scott,Emma Slater,TV Personality,Non-US,Canada,39,25,Eliminated Week 10,4,9,"[8.0, 8.0, 8.0]",24.0,8.0,8.0,8.0,3,0.0,5.0,5,17.77777777777778,False,False,1.0,-3.0,5.0,23.8125,percentage,False
Drew Scott,Emma Slater,TV Personality,Non-US,Canada,39,25,Eliminated Week 10,4,10,"[9.0, 9.5, 9.5, 9.5]",37.5,9.375,9.0,9.5,4,0.21650635094610965,4.0,4,23.97871457464638,True,True,1.0,-1.597175,2.5,23.833333333333332,percentage,False
Frankie Muniz,Witney Carson,Actor/Actress,New Jersey,United States,31,25,3rd Place,3,1,"[7.0, 6.0, 6.0]",19.0,6.333333333333333,6.0,7.0,3,0.4714045207910317,5.0,13,7.949790794979079,False,False,0.38461538461538464,0.6153846153846168,3.0,,percentage,False
Frankie Muniz,Witney Carson,Actor/Actress,New Jersey,United States,31,25,3rd Place,3,2,"[8.0, 7.5, 8.5]",24.0,8.0,7.5,8.5,3,0.408248290463863,1.0,13,8.775137111517367,False,False,0.07692307692307693,2.96153846153846,0.0,19.0,percentage,False
Frankie Muniz,Witney Carson,Actor/Actress,New Jersey,United States,31,25,3rd Place,3,3,"[7.0, 7.0, 7.0]",21.0,7.0,7.0,7.0,3,0.0,6.0,11,8.60655737704918,False,False,0.5454545454545454,-1.1818181818181834,6.0,21.5,percentage,False
Frankie Muniz,Witney Carson,Actor/Actress,New Jersey,United States,31,25,3rd Place,3,4,"[8.0, 8.0, 8.0]",24.0,8.0,8.0,8.0,3,0.0,4.0,11,8.856088560885608,False,False,0.36363636363636365,-0.6363636363636367,5.0,21.333333333333332,percentage,False
Frankie Muniz,Witney Carson,Actor/Actress,New Jersey,United States,31,25,3rd Place,3,5,"[10.0, 9.0, 10.0]",29.0,9.666666666666666,9.0,10.0,3,0.4714045207910317,2.0,10,11.11111111111111,False,False,0.2,2.8999999999999986,1.0,22.0,percentage,False
Frankie Muniz,Witney Carson,Actor/Actress,New Jersey,United States,31,25,3rd Place,3,6,"[7.0, 8.0, 8.0, 8.0]",31.0,7.75,7.0,8.0,4,0.4330127018922193,6.0,9,10.130718954248366,False,False,0.6666666666666666,-3.0,9.0,23.4,percentage,False
Frankie Muniz,Witney Carson,Actor/Actress,New Jersey,United States,31,25,3rd Place,3,7,"[10.0, 10.0, 10.0]",30.0,10.0,10.0,10.0,3,0.0,1.0,8,13.953488372093023,False,False,0.125,3.125,0.0,24.666666666666668,percentage,False
Frankie Muniz,Witney Carson,Actor/Actress,New Jersey,United States,31,25,3rd Place,3,8,"[9.0, 8.5, 9.0]",26.5,8.833333333333334,8.5,9.0,3,0.23570226039551584,3.0,6,16.93290734824281,False,False,0.5,0.41666666666666785,3.5,25.428571428571427,percentage,False
Frankie Muniz,Witney Carson,Actor/Actress,New Jersey,United States,31,25,3rd Place,3,9,"[8.5, 8.0, 9.0]",25.5,8.5,8.0,9.0,3,0.408248290463863,4.0,5,18.88888888888889,False,False,0.8,-1.5,3.5,25.5625,percentage,False
Frankie Muniz,Witney Carson,Actor/Actress,New Jersey,United States,31,25,3rd Place,3,10,"[9.7777, 9.3333, 9.7777, 10.0]",38.8887,9.722175,9.3333,10.0,4,0.24216551545379056,3.0,4,24.86669433277468,True,False,0.75,-0.20847499999999997,1.1113,25.555555555555557,percentage,False
Jordan Fisher,Lindsay Arnold,Actor/Actress,Alabama,United States,23,25,1st Place,1,1,"[8.0, 7.0, 7.0]",22.0,7.333333333333333,7.0,8.0,3,0.4714045207910317,1.0,13,9.205020920502092,False,False,0.07692307692307693,3.6153846153846168,0.0,,percentage,False
Jordan Fisher,Lindsay Arnold,Actor/Actress,Alabama,United States,23,25,1st Place,1,2,"[8.0, 8.0, 8.0]",24.0,8.0,8.0,8.0,3,0.0,1.0,13,8.775137111517367,False,False,0.07692307692307693,2.96153846153846,0.0,22.0,percentage,False
Jordan Fisher,Lindsay Arnold,Actor/Actress,Alabama,United States,23,25,1st Place,1,3,"[9.0, 7.0, 9.0]",25.0,8.333333333333334,7.0,9.0,3,0.9428090415820634,2.0,11,10.245901639344263,False,False,0.18181818181818182,2.8181818181818166,2.0,23.0,percentage,False
Jordan Fisher,Lindsay Arnold,Actor/Actress,Alabama,United States,23,25,1st Place,1,4,"[10.0, 9.0, 10.0]",29.0,9.666666666666666,9.0,10.0,3,0.4714045207910317,1.0,11,10.70110701107011,False,False,0.09090909090909091,4.363636363636363,0.0,23.666666666666668,percentage,False
Jordan Fisher,Lindsay Arnold,Actor/Actress,Alabama,United States,23,25,1st Place,1,5,"[10.0, 10.0, 10.0]",30.0,10.0,10.0,10.0,3,0.0,1.0,10,11.494252873563218,False,False,0.1,3.8999999999999986,0.0,25.0,percentage,False
Jordan Fisher,Lindsay Arnold,Actor/Actress,Alabama,United States,23,25,1st Place,1,6,"[10.0, 9.0, 10.0, 10.0]",39.0,9.75,9.0,10.0,4,0.4330127018922193,2.0,9,12.745098039215685,False,False,0.2222222222222222,5.0,1.0,26.0,percentage,False
Jordan Fisher,Lindsay Arnold,Actor/Actress,Alabama,United States,23,25,1st Place,1,7,"[9.0, 9.0, 9.0]",27.0,9.0,9.0,9.0,3,0.0,4.0,8,12.558139534883722,False,False,0.5,0.125,3.0,28.166666666666668,percentage,False
Jordan Fisher,Lindsay Arnold,Actor/Actress,Alabama,United States,23,25,1st Place,1,8,"[10.0, 10.0, 10.0]",30.0,10.0,10.0,10.0,3,0.0,1.0,6,19.169329073482427,False,False,0.16666666666666666,3.916666666666668,0.0,28.0,percentage,False
Jordan Fisher,Lindsay Arnold,Actor/Actress,Alabama,United States,23,25,1st Place,1,9,"[9.5, 9.5, 10.0]",29.0,9.666666666666666,9.5,10.0,3,0.23570226039551584,1.0,5,21.48148148148148,False,False,0.2,2.0,0.0,28.25,percentage,False
Jordan Fisher,Lindsay Arnold,Actor/Actress,Alabama,United States,23,25,1st Place,1,10,"[10.0, 10.0, 10.0, 10.0]",40.0,10.0,10.0,10.0,4,0.0,1.0,4,25.57729554628947,True,False,0.25,0.902825,0.0,28.333333333333332,percentage,False
Lindsey Stirling,Mark Ballas,Musician,California,United States,31,25,2nd Place,2,1,"[7.0, 8.0, 7.0]",22.0,7.333333333333333,7.0,8.0,3,0.4714045207910317,1.0,13,9.205020920502092,False,False,0.07692307692307693,3.6153846153846168,0.0,,percentage,False
Lindsey Stirling,Mark Ballas,Musician,California,United States,31,25,2nd Place,2,2,"[7.5, 7.5, 7.5]",22.5,7.5,7.5,7.5,3,0.0,4.0,13,8.226691042047532,False,False,0.3076923076923077,1.46153846153846,1.5,22.0,percentage,False
Lindsey Stirling,Mark Ballas,Musician,California,United States,31,25,2nd Place,2,3,"[9.0, 9.0, 9.0]",27.0,9.0,9.0,9.0,3,0.0,1.0,11,11.065573770491802,False,False,0.09090909090909091,4.818181818181817,0.0,22.25,percentage,False
Lindsey Stirling,Mark Ballas,Musician,California,United States,31,25,2nd Place,2,4,"[9.0, 8.0, 9.0]",26.0,8.666666666666666,8.0,9.0,3,0.4714045207910317,3.0,11,9.59409594095941,False,False,0.2727272727272727,1.3636363636363633,3.0,23.833333333333332,percentage,False
Lindsey Stirling,Mark Ballas,Musician,California,United States,31,25,2nd Place,2,5,"[9.0, 10.0, 9.0]",28.0,9.333333333333334,9.0,10.0,3,0.4714045207910317,3.0,10,10.727969348659004,False,False,0.3,1.8999999999999986,2.0,24.375,percentage,False
Lindsey Stirling,Mark Ballas,Musician,California,United States,31,25,2nd Place,2,6,"[10.0, 10.0, 10.0, 10.0]",40.0,10.0,10.0,10.0,4,0.0,1.0,9,13.071895424836603,False,False,0.1111111111111111,6.0,0.0,25.1,percentage,False
Lindsey Stirling,Mark Ballas,Musician,California,United States,31,25,2nd Place,2,7,"[8.5, 8.5, 8.5]",25.5,8.5,8.5,8.5,3,0.0,6.0,8,11.86046511627907,False,False,0.75,-1.375,4.5,27.583333333333332,percentage,False
Lindsey Stirling,Mark Ballas,Musician,California,United States,31,25,2nd Place,2,8,"[9.5, 8.5, 9.0]",27.0,9.0,8.5,9.5,3,0.408248290463863,2.0,6,17.252396166134183,False,False,0.3333333333333333,0.9166666666666679,3.0,27.285714285714285,percentage,False
Lindsey Stirling,Mark Ballas,Musician,California,United States,31,25,2nd Place,2,9,"[9.5, 9.0, 10.0]",28.5,9.5,9.0,10.0,3,0.408248290463863,2.0,5,21.11111111111111,False,False,0.4,1.5,0.5,27.25,percentage,False
Lindsey Stirling,Mark Ballas,Musician,California,United States,31,25,2nd Place,2,10,"[10.0, 10.0, 10.0, 10.0]",40.0,10.0,10.0,10.0,4,0.0,1.0,4,25.57729554628947,True,False,0.25,0.902825,0.0,27.38888888888889,percentage,False
Nick Lachey,Peta Murgatroyd,Singer/Rapper,Kentucky,United States,43,25,Eliminated Week 6,9,1,"[6.0, 6.0, 6.0]",18.0,6.0,6.0,6.0,3,0.0,7.0,13,7.531380753138076,False,False,0.5384615384615384,-0.38461538461538325,4.0,,percentage,False
Nick Lachey,Peta Murgatroyd,Singer/Rapper,Kentucky,United States,43,25,Eliminated Week 6,9,2,"[7.0, 6.0, 6.0]",19.0,6.333333333333333,6.0,7.0,3,0.4714045207910317,11.0,13,6.946983546617916,False,False,0.8461538461538461,-2.03846153846154,5.0,18.0,percentage,False
Nick Lachey,Peta Murgatroyd,Singer/Rapper,Kentucky,United States,43,25,Eliminated Week 6,9,3,"[7.0, 7.0, 7.0]",21.0,7.0,7.0,7.0,3,0.0,6.0,11,8.60655737704918,False,False,0.5454545454545454,-1.1818181818181834,6.0,18.5,percentage,False
Nick Lachey,Peta Murgatroyd,Singer/Rapper,Kentucky,United States,43,25,Eliminated Week 6,9,4,"[8.0, 7.0, 7.0]",22.0,7.333333333333333,7.0,8.0,3,0.4714045207910317,11.0,11,8.118081180811808,False,False,1.0,-2.6363636363636367,7.0,19.333333333333332,percentage,False
Nick Lachey,Peta Murgatroyd,Singer/Rapper,Kentucky,United States,43,25,Eliminated Week 6,9,5,"[7.0, 8.0, 7.0]",22.0,7.333333333333333,7.0,8.0,3,0.4714045207910317,10.0,10,8.42911877394636,False,False,1.0,-4.100000000000001,8.0,20.0,percentage,False
Nick Lachey,Peta Murgatroyd,Singer/Rapper,Kentucky,United States,43,25,Eliminated Week 6,9,6,"[7.0, 6.0, 7.0, 6.0]",26.0,6.5,6.0,7.0,4,0.5,9.0,9,8.49673202614379,True,True,1.0,-8.0,14.0,20.4,percentage,False
Nikki Bella,Artem Chigvintsev,Athlete,California,United States,33,25,Eliminated Week 7,8,1,"[7.0, 7.0, 6.0]",20.0,6.666666666666667,6.0,7.0,3,0.4714045207910317,4.0,13,8.368200836820083,False,False,0.3076923076923077,1.6153846153846168,2.0,,percentage,False
Nikki Bella,Artem Chigvintsev,Athlete,California,United States,33,25,Eliminated Week 7,8,2,"[6.5, 6.5, 6.5]",19.5,6.5,6.5,6.5,3,0.0,9.0,13,7.129798903107861,False,False,0.6923076923076923,-1.53846153846154,4.5,20.0,percentage,False
Nikki Bella,Artem Chigvintsev,Athlete,California,United States,33,25,Eliminated Week 7,8,3,"[7.0, 7.0, 7.0]",21.0,7.0,7.0,7.0,3,0.0,6.0,11,8.60655737704918,False,False,0.5454545454545454,-1.1818181818181834,6.0,19.75,percentage,False
Nikki Bella,Artem Chigvintsev,Athlete,California,United States,33,25,Eliminated Week 7,8,4,"[8.0, 8.0, 8.0]",24.0,8.0,8.0,8.0,3,0.0,4.0,11,8.856088560885608,False,False,0.36363636363636365,-0.6363636363636367,5.0,20.166666666666668,percentage,False
Nikki Bella,Artem Chigvintsev,Athlete,California,United States,33,25,Eliminated Week 7,8,5,"[9.0, 9.0, 9.0]",27.0,9.0,9.0,9.0,3,0.0,4.0,10,10.344827586206897,False,False,0.4,0.8999999999999986,3.0,21.125,percentage,False
Nikki Bella,Artem Chigvintsev,Athlete,California,United States,33,25,Eliminated Week 7,8,6,"[9.0, 9.0, 9.0, 9.0]",36.0,9.0,9.0,9.0,4,0.0,4.0,9,11.76470588235294,False,False,0.4444444444444444,2.0,4.0,22.3,percentage,False
Nikki Bella,Artem Chigvintsev,Athlete,California,United States,33,25,Eliminated Week 7,8,7,"[8.0, 8.0, 8.0]",24.0,8.0,8.0,8.0,3,0.0,8.0,8,11.162790697674419,True,True,1.0,-2.875,6.0,24.583333333333332,percentage,False
Sasha Pieterse,Gleb Savchenko,Actor/Actress,Non-US,South Africa,21,25,Eliminated Week 5,10,1,"[6.0, 6.0, 6.0]",18.0,6.0,6.0,6.0,3,0.0,7.0,13,7.531380753138076,False,False,0.5384615384615384,-0.38461538461538325,4.0,,percentage,False
Sasha Pieterse,Gleb Savchenko,Actor/Actress,Non-US,South Africa,21,25,Eliminated Week 5,10,2,"[8.0, 7.5, 7.0]",22.5,7.5,7.0,8.0,3,0.408248290463863,4.0,13,8.226691042047532,False,False,0.3076923076923077,1.46153846153846,1.5,18.0,percentage,False
Sasha Pieterse,Gleb Savchenko,Actor/Actress,Non-US,South Africa,21,25,Eliminated Week 5,10,3,"[7.0, 6.0, 6.0]",19.0,6.333333333333333,6.0,7.0,3,0.4714045207910317,11.0,11,7.786885245901639,False,False,1.0,-3.1818181818181834,8.0,20.25,percentage,False
Sasha Pieterse,Gleb Savchenko,Actor/Actress,Non-US,South Africa,21,25,Eliminated Week 5,10,4,"[8.0, 8.0, 8.0]",24.0,8.0,8.0,8.0,3,0.0,4.0,11,8.856088560885608,False,False,0.36363636363636365,-0.6363636363636367,5.0,19.833333333333332,percentage,False
Sasha Pieterse,Gleb Savchenko,Actor/Actress,Non-US,South Africa,21,25,Eliminated Week 5,10,5,"[8.0, 8.0, 8.0]",24.0,8.0,8.0,8.0,3,0.0,8.0,10,9.195402298850574,True,True,0.8,-2.1000000000000014,6.0,20.875,percentage,False
Terrell Owens,Cheryl Burke,Athlete,Alabama,United States,43,25,Eliminated Week 8,6,1,"[5.0, 5.0, 5.0]",15.0,5.0,5.0,5.0,3,0.0,12.0,13,6.2761506276150625,False,False,0.9230769230769231,-3.3846153846153832,7.0,,percentage,False
Terrell Owens,Cheryl Burke,Athlete,Alabama,United States,43,25,Eliminated Week 8,6,2,"[6.5, 6.0, 7.0]",19.5,6.5,6.0,7.0,3,0.408248290463863,9.0,13,7.129798903107861,False,False,0.6923076923076923,-1.53846153846154,4.5,15.0,percentage,False
Terrell Owens,Cheryl Burke,Athlete,Alabama,United States,43,25,Eliminated Week 8,6,3,"[7.0, 7.0, 7.0]",21.0,7.0,7.0,7.0,3,0.0,6.0,11,8.60655737704918,False,False,0.5454545454545454,-1.1818181818181834,6.0,17.25,percentage,False
Terrell Owens,Cheryl Burke,Athlete,Alabama,United States,43,25,Eliminated Week 8,6,4,"[8.0, 8.0, 8.0]",24.0,8.0,8.0,8.0,3,0.0,4.0,11,8.856088560885608,False,False,0.36363636363636365,-0.6363636363636367,5.0,18.5,percentage,False
Terrell Owens,Cheryl Burke,Athlete,Alabama,United States,43,25,Eliminated Week 8,6,5,"[9.0, 8.0, 8.0]",25.0,8.333333333333334,8.0,9.0,3,0.4714045207910317,6.0,10,9.578544061302683,False,False,0.6,-1.1000000000000014,5.0,19.875,percentage,False
Terrell Owens,Cheryl Burke,Athlete,Alabama,United States,43,25,Eliminated Week 8,6,6,"[9.0, 9.0, 10.0, 9.0]",37.0,9.25,9.0,10.0,4,0.4330127018922193,3.0,9,12.091503267973856,False,False,0.3333333333333333,3.0,3.0,20.9,percentage,False
Terrell Owens,Cheryl Burke,Athlete,Alabama,United States,43,25,Eliminated Week 8,6,7,"[8.0, 8.0, 8.5]",24.5,8.166666666666666,8.0,8.5,3,0.23570226039551584,7.0,8,11.395348837209303,False,False,0.875,-2.375,5.5,23.583333333333332,percentage,False
Terrell Owens,Cheryl Burke,Athlete,Alabama,United States,43,25,Eliminated Week 8,6,8,"[8.5, 8.5, 8.5]",25.5,8.5,8.5,8.5,3,0.0,4.0,6,16.293929712460063,True,True,0.6666666666666666,-0.5833333333333321,4.5,23.714285714285715,percentage,False
Vanessa Lachey,Maksim Chmerkoskiy,TV Personality,Non-US,Philippines,36,25,Eliminated Week 7,7,1,"[7.0, 7.0, 7.0]",21.0,7.0,7.0,7.0,3,0.0,3.0,13,8.786610878661087,False,False,0.23076923076923078,2.6153846153846168,1.0,,percentage,False
Vanessa Lachey,Maksim Chmerkoskiy,TV Personality,Non-US,Philippines,36,25,Eliminated Week 7,7,2,"[8.0, 8.0, 7.5]",23.5,7.833333333333333,7.5,8.0,3,0.23570226039551584,3.0,13,8.592321755027422,False,False,0.23076923076923078,2.46153846153846,0.5,21.0,percentage,False
Vanessa Lachey,Maksim Chmerkoskiy,TV Personality,Non-US,Philippines,36,25,Eliminated Week 7,7,3,"[7.0, 8.0, 8.0]",23.0,7.666666666666667,7.0,8.0,3,0.4714045207910317,3.0,11,9.426229508196721,False,False,0.2727272727272727,0.8181818181818166,4.0,22.25,percentage,False
Vanessa Lachey,Maksim Chmerkoskiy,TV Personality,Non-US,Philippines,36,25,Eliminated Week 7,7,4,"[8.0, 8.0, 8.0]",24.0,8.0,8.0,8.0,3,0.0,4.0,11,8.856088560885608,False,False,0.36363636363636365,-0.6363636363636367,5.0,22.5,percentage,False
Vanessa Lachey,Maksim Chmerkoskiy,TV Personality,Non-US,Philippines,36,25,Eliminated Week 7,7,5,"[8.0, 8.0, 8.0]",24.0,8.0,8.0,8.0,3,0.0,8.0,10,9.195402298850574,False,False,0.8,-2.1000000000000014,6.0,22.875,percentage,False
Vanessa Lachey,Maksim Chmerkoskiy,TV Personality,Non-US,Philippines,36,25,Eliminated Week 7,7,6,"[9.0, 9.0, 9.0, 9.0]",36.0,9.0,9.0,9.0,4,0.0,4.0,9,11.76470588235294,False,False,0.4444444444444444,2.0,4.0,23.1,percentage,False
Vanessa Lachey,Maksim Chmerkoskiy,TV Personality,Non-US,Philippines,36,25,Eliminated Week 7,7,7,"[9.0, 9.0, 9.0]",27.0,9.0,9.0,9.0,3,0.0,4.0,8,12.558139534883722,True,True,0.5,0.125,3.0,25.25,percentage,False
Victoria Arlen,Valentin Chmerkovskiy,Athlete,New Hamshire,United States,22,25,Eliminated Week 9,5,1,"[7.0, 6.0, 6.0]",19.0,6.333333333333333,6.0,7.0,3,0.4714045207910317,5.0,13,7.949790794979079,False,False,0.38461538461538464,0.6153846153846168,3.0,,percentage,False
Victoria Arlen,Valentin Chmerkovskiy,Athlete,New Hamshire,United States,22,25,Eliminated Week 9,5,2,"[7.5, 7.0, 7.5]",22.0,7.333333333333333,7.0,7.5,3,0.23570226039551584,6.0,13,8.043875685557587,False,False,0.46153846153846156,0.9615384615384599,2.0,19.0,percentage,False
Victoria Arlen,Valentin Chmerkovskiy,Athlete,New Hamshire,United States,22,25,Eliminated Week 9,5,3,"[8.0, 7.0, 7.0]",22.0,7.333333333333333,7.0,8.0,3,0.4714045207910317,5.0,11,9.01639344262295,False,False,0.45454545454545453,-0.18181818181818343,5.0,20.5,percentage,False
Victoria Arlen,Valentin Chmerkovskiy,Athlete,New Hamshire,United States,22,25,Eliminated Week 9,5,4,"[9.0, 9.0, 9.0]",27.0,9.0,9.0,9.0,3,0.0,2.0,11,9.96309963099631,False,False,0.18181818181818182,2.3636363636363633,2.0,21.0,percentage,False
Victoria Arlen,Valentin Chmerkovskiy,Athlete,New Hamshire,United States,22,25,Eliminated Week 9,5,5,"[9.0, 9.0, 9.0]",27.0,9.0,9.0,9.0,3,0.0,4.0,10,10.344827586206897,False,False,0.4,0.8999999999999986,3.0,22.5,percentage,False
Victoria Arlen,Valentin Chmerkovskiy,Athlete,New Hamshire,United States,22,25,Eliminated Week 9,5,6,"[8.0, 8.0, 7.0, 8.0]",31.0,7.75,7.0,8.0,4,0.4330127018922193,6.0,9,10.130718954248366,False,False,0.6666666666666666,-3.0,9.0,23.4,percentage,False
Victoria Arlen,Valentin Chmerkovskiy,Athlete,New Hamshire,United States,22,25,Eliminated Week 9,5,7,"[9.5, 9.5, 9.5]",28.5,9.5,9.5,9.5,3,0.0,2.0,8,13.25581395348837,False,False,0.25,1.625,1.5,24.666666666666668,percentage,False
Victoria Arlen,Valentin Chmerkovskiy,Athlete,New Hamshire,United States,22,25,Eliminated Week 9,5,8,"[8.0, 8.0, 8.0]",24.0,8.0,8.0,8.0,3,0.0,5.0,6,15.335463258785943,False,False,0.8333333333333334,-2.083333333333332,6.0,25.214285714285715,percentage,False
Victoria Arlen,Valentin Chmerkovskiy,Athlete,New Hamshire,United States,22,25,Eliminated Week 9,5,9,"[9.0, 9.5, 9.5]",28.0,9.333333333333334,9.0,9.5,3,0.23570226039551584,3.0,5,20.74074074074074,True,True,0.6,1.0,1.0,25.0625,percentage,False
Adam Rippon,Jenna Johnson,Athlete,Pennsylvania,United States,28,26,1st Place,1,1,"[8.0, 8.0, 8.0]",24.0,8.0,8.0,8.0,3,0.0,1.0,10,11.428571428571429,False,False,0.1,3.0,0.0,,percentage,False
Adam Rippon,Jenna Johnson,Athlete,Pennsylvania,United States,28,26,1st Place,1,2,"[9.0, 9.5, 9.0, 9.5]",37.0,9.25,9.0,9.5,4,0.25,1.0,8,13.831775700934578,False,False,0.125,3.5625,0.0,24.0,percentage,False
Adam Rippon,Jenna Johnson,Athlete,Pennsylvania,United States,28,26,1st Place,1,3,"[10.5, 10.5, 9.5, 10.5]",41.0,10.25,9.5,10.5,4,0.4330127018922193,1.0,6,19.431279620853083,False,False,0.16666666666666666,5.833333333333336,0.0,30.5,percentage,False
Adam Rippon,Jenna Johnson,Athlete,Pennsylvania,United States,28,26,1st Place,1,4,"[9.5, 9.5, 10.0]",29.0,9.666666666666666,9.5,10.0,3,0.23570226039551584,1.0,3,33.91812865497076,True,False,0.3333333333333333,0.5,0.0,34.0,percentage,False
Arike Ogunbowale,Gleb Savchenko,Athlete,Wisconsin,United States,21,26,Eliminated Week 2,7,1,"[7.0, 6.0, 7.0]",20.0,6.666666666666667,6.0,7.0,3,0.4714045207910317,7.0,10,9.523809523809524,False,False,0.7,-1.0,4.0,,percentage,False
Arike Ogunbowale,Gleb Savchenko,Athlete,Wisconsin,United States,21,26,Eliminated Week 2,7,2,"[8.5, 9.5, 8.5, 8.5]",35.0,8.75,8.5,9.5,4,0.4330127018922193,3.0,8,13.084112149532709,True,True,0.375,1.5625,2.0,20.0,percentage,False
Chris Mazdzer,Witney Carson,Athlete,Massachusetts,United States,29,26,Eliminated Week 3,5,1,"[7.0, 7.0, 7.0]",21.0,7.0,7.0,7.0,3,0.0,5.0,10,10.0,False,False,0.5,0.0,3.0,,percentage,False
Chris Mazdzer,Witney Carson,Athlete,Massachusetts,United States,29,26,Eliminated Week 3,5,2,"[8.5, 8.5, 8.0, 8.0]",33.0,8.25,8.0,8.5,4,0.25,4.0,8,12.33644859813084,False,False,0.5,-0.4375,4.0,21.0,percentage,False
Chris Mazdzer,Witney Carson,Athlete,Massachusetts,United States,29,26,Eliminated Week 3,5,3,"[8.0, 9.0, 7.0, 9.0]",33.0,8.25,7.0,9.0,4,0.82915619758885,5.0,6,15.639810426540285,True,True,0.8333333333333334,-2.1666666666666643,8.0,27.0,percentage,False
Jamie Anderson,Artem Chigvintsev,Athlete,California,United States,27,26,Eliminated Week 1,10,1,"[6.0, 7.0, 6.0]",19.0,6.333333333333333,6.0,7.0,3,0.4714045207910317,8.0,10,9.047619047619047,True,True,0.8,-2.0,5.0,,percentage,False
Jennie Finch Daigle,Keo Motsepe,Athlete,California,United States,37,26,Eliminated Week 3,6,1,"[7.0, 7.0, 7.0]",21.0,7.0,7.0,7.0,3,0.0,5.0,10,10.0,False,False,0.5,0.0,3.0,,percentage,False
Jennie Finch Daigle,Keo Motsepe,Athlete,California,United States,37,26,Eliminated Week 3,6,2,"[7.5, 8.5, 8.0, 7.5]",31.5,7.875,7.5,8.5,4,0.414578098794425,6.0,8,11.775700934579438,False,False,0.75,-1.9375,5.5,21.0,percentage,False
Jennie Finch Daigle,Keo Motsepe,Athlete,California,United States,37,26,Eliminated Week 3,6,3,"[7.0, 8.0, 7.0, 7.0]",29.0,7.25,7.0,8.0,4,0.4330127018922193,6.0,6,13.744075829383887,True,True,1.0,-6.166666666666664,12.0,26.25,percentage,False
Johnny Damon,Emma Slater,Athlete,Kansas,United States,44,26,Eliminated Week 1,9,1,"[6.0, 6.0, 6.0]",18.0,6.0,6.0,6.0,3,0.0,9.0,10,8.571428571428571,True,True,0.9,-3.0,6.0,,percentage,False
Josh Norman,Sharna Burgess,Athlete,South Carolina,United States,30,26,2nd Place,2,1,"[8.0, 8.0, 8.0]",24.0,8.0,8.0,8.0,3,0.0,1.0,10,11.428571428571429,False,False,0.1,3.0,0.0,,percentage,False
Josh Norman,Sharna Burgess,Athlete,South Carolina,United States,30,26,2nd Place,2,2,"[7.5, 8.0, 8.0, 8.0]",31.5,7.875,7.5,8.0,4,0.21650635094610965,6.0,8,11.775700934579438,False,False,0.75,-1.9375,5.5,24.0,percentage,False
Josh Norman,Sharna Burgess,Athlete,South Carolina,United States,30,26,2nd Place,2,3,"[9.5, 9.5, 9.5, 9.5]",38.0,9.5,9.5,9.5,4,0.0,2.0,6,18.009478672985782,False,False,0.3333333333333333,2.8333333333333357,3.0,27.75,percentage,False
Josh Norman,Sharna Burgess,Athlete,South Carolina,United States,30,26,2nd Place,2,4,"[9.5, 9.5, 9.5]",28.5,9.5,9.5,9.5,3,0.0,2.0,3,33.33333333333333,True,False,0.6666666666666666,0.0,0.5,31.166666666666668,percentage,False
Kareem Abdul-Jabbar,Lindsay Arnold,Athlete,New York,United States,71,26,Eliminated Week 2,8,1,"[6.0, 5.0, 6.0]",17.0,5.666666666666667,5.0,6.0,3,0.4714045207910317,10.0,10,8.095238095238095,False,False,1.0,-4.0,7.0,,percentage,False
Kareem Abdul-Jabbar,Lindsay Arnold,Athlete,New York,United States,71,26,Eliminated Week 2,8,2,"[7.5, 8.0, 7.0, 7.0]",29.5,7.375,7.0,8.0,4,0.414578098794425,8.0,8,11.02803738317757,True,True,1.0,-3.9375,7.5,17.0,percentage,False
Mirai Nagasu,Alan Bersten,Athlete,California,United States,25,26,Eliminated Week 3,4,1,"[7.0, 8.0, 8.0]",23.0,7.666666666666667,7.0,8.0,3,0.4714045207910317,3.0,10,10.952380952380953,False,False,0.3,2.0,1.0,,percentage,False
Mirai Nagasu,Alan Bersten,Athlete,California,United States,25,26,Eliminated Week 3,4,2,"[9.0, 10.0, 9.0, 9.0]",37.0,9.25,9.0,10.0,4,0.4330127018922193,1.0,8,13.831775700934578,False,False,0.125,3.5625,0.0,23.0,percentage,False
Mirai Nagasu,Alan Bersten,Athlete,California,United States,25,26,Eliminated Week 3,4,3,"[9.0, 9.0, 8.0, 9.0]",35.0,8.75,8.0,9.0,4,0.4330127018922193,3.0,6,16.587677725118482,True,True,0.5,-0.1666666666666643,6.0,30.0,percentage,False
Tonya Harding,Sasha Farber,Athlete,Oregon,United States,47,26,3rd Place,3,1,"[8.0, 8.0, 7.0]",23.0,7.666666666666667,7.0,8.0,3,0.4714045207910317,3.0,10,10.952380952380953,False,False,0.3,2.0,1.0,,percentage,False
Tonya Harding,Sasha Farber,Athlete,Oregon,United States,47,26,3rd Place,3,2,"[8.0, 9.0, 8.0, 8.0]",33.0,8.25,8.0,9.0,4,0.4330127018922193,4.0,8,12.33644859813084,False,False,0.5,-0.4375,4.0,23.0,percentage,False
Tonya Harding,Sasha Farber,Athlete,Oregon,United States,47,26,3rd Place,3,3,"[8.5, 9.5, 8.5, 8.5]",35.0,8.75,8.5,9.5,4,0.4330127018922193,3.0,6,16.587677725118482,False,False,0.5,-0.1666666666666643,6.0,28.0,percentage,False
Tonya Harding,Sasha Farber,Athlete,Oregon,United States,47,26,3rd Place,3,4,"[9.0, 9.5, 9.5]",28.0,9.333333333333334,9.0,9.5,3,0.23570226039551584,3.0,3,32.748538011695906,True,False,1.0,-0.5,1.0,30.333333333333332,percentage,False
Alexis Ren,Alan Bersten,Social Media Personality,California,United States,21,27,4th Place,4,1,"[7.0, 7.5, 7.5]",22.0,7.333333333333333,7.0,7.5,3,0.23570226039551584,3.0,13,8.627450980392156,False,False,0.23076923076923078,2.3846153846153832,1.0,,percentage,False
Alexis Ren,Alan Bersten,Social Media Personality,California,United States,21,27,4th Place,4,2,"[8.0, 8.5, 8.0]",24.5,8.166666666666666,8.0,8.5,3,0.23570226039551584,4.0,12,9.057301293900185,False,False,0.3333333333333333,1.9583333333333321,1.5,22.0,percentage,False
Alexis Ren,Alan Bersten,Social Media Personality,California,United States,21,27,4th Place,4,3,"[9.0, 8.0, 9.0]",26.0,8.666666666666666,8.0,9.0,3,0.4714045207910317,5.0,11,9.59409594095941,False,False,0.45454545454545453,1.3636363636363633,4.0,23.25,percentage,False
Alexis Ren,Alan Bersten,Social Media Personality,California,United States,21,27,4th Place,4,4,"[8.0, 8.0, 9.0]",25.0,8.333333333333334,8.0,9.0,3,0.4714045207910317,4.0,10,10.775862068965516,False,False,0.4,1.8000000000000007,4.0,24.166666666666668,percentage,False
Alexis Ren,Alan Bersten,Social Media Personality,California,United States,21,27,4th Place,4,5,"[10.0, 9.0, 10.0]",29.0,9.666666666666666,9.0,10.0,3,0.4714045207910317,1.0,9,13.063063063063062,False,False,0.1111111111111111,4.333333333333332,0.0,24.375,percentage,False
Alexis Ren,Alan Bersten,Social Media Personality,California,United States,21,27,4th Place,4,6,"[9.0, 9.0, 9.0]",27.0,9.0,9.0,9.0,3,0.0,4.0,9,11.790393013100436,False,False,0.4444444444444444,1.5555555555555571,3.0,25.3,percentage,False
Alexis Ren,Alan Bersten,Social Media Personality,California,United States,21,27,4th Place,4,7,"[9.0, 9.0, 9.5]",27.5,9.166666666666666,9.0,9.5,3,0.23570226039551584,4.0,8,12.643678160919542,False,False,0.5,0.3125,2.0,25.583333333333332,percentage,False
Alexis Ren,Alan Bersten,Social Media Personality,California,United States,21,27,4th Place,4,8,"[9.5, 9.5, 10.0]",29.0,9.666666666666666,9.5,10.0,3,0.23570226039551584,2.0,6,18.012422360248447,False,False,0.3333333333333333,2.166666666666668,1.0,25.857142857142858,percentage,False
Alexis Ren,Alan Bersten,Social Media Personality,California,United States,21,27,4th Place,4,9,"[9.5, 9.5, 9.5]",28.5,9.5,9.5,9.5,3,0.0,3.0,4,24.675324675324674,True,True,0.75,-0.375,1.5,26.25,percentage,False
Bobby Bones,Sharna Burgess,Radio Personality,Arkansas,United States,38,27,1st Place,1,1,"[7.0, 6.0, 7.0]",20.0,6.666666666666667,6.0,7.0,3,0.4714045207910317,5.0,13,7.8431372549019605,False,False,0.38461538461538464,0.38461538461538325,3.0,,percentage,True
Bobby Bones,Sharna Burgess,Radio Personality,Arkansas,United States,38,27,1st Place,1,2,"[7.0, 6.0, 6.5]",19.5,6.5,6.0,7.0,3,0.408248290463863,10.0,12,7.208872458410351,False,False,0.8333333333333334,-3.041666666666668,6.5,20.0,percentage,True
Bobby Bones,Sharna Burgess,Radio Personality,Arkansas,United States,38,27,1st Place,1,3,"[8.0, 7.0, 8.0]",23.0,7.666666666666667,7.0,8.0,3,0.4714045207910317,8.0,11,8.487084870848708,False,False,0.7272727272727273,-1.6363636363636367,7.0,19.75,percentage,True
Bobby Bones,Sharna Burgess,Radio Personality,Arkansas,United States,38,27,1st Place,1,4,"[7.0, 6.0, 7.0]",20.0,6.666666666666667,6.0,7.0,3,0.4714045207910317,9.0,10,8.620689655172415,False,False,0.9,-3.1999999999999993,9.0,20.833333333333332,percentage,True
Bobby Bones,Sharna Burgess,Radio Personality,Arkansas,United States,38,27,1st Place,1,5,"[7.0, 7.0, 7.0]",21.0,7.0,7.0,7.0,3,0.0,8.0,9,9.45945945945946,False,False,0.8888888888888888,-3.666666666666668,8.0,20.625,percentage,True
Bobby Bones,Sharna Burgess,Radio Personality,Arkansas,United States,38,27,1st Place,1,6,"[8.0, 7.0, 7.0]",22.0,7.333333333333333,7.0,8.0,3,0.4714045207910317,7.0,9,9.606986899563319,False,False,0.7777777777777778,-3.444444444444443,8.0,20.7,percentage,True
Bobby Bones,Sharna Burgess,Radio Personality,Arkansas,United States,38,27,1st Place,1,7,"[9.0, 8.5, 9.0]",26.5,8.833333333333334,8.5,9.0,3,0.23570226039551584,6.0,8,12.183908045977011,False,False,0.75,-0.6875,3.0,20.916666666666668,percentage,True
Bobby Bones,Sharna Burgess,Radio Personality,Arkansas,United States,38,27,1st Place,1,8,"[7.5, 7.5, 7.5]",22.5,7.5,7.5,7.5,3,0.0,6.0,6,13.975155279503104,False,False,1.0,-4.333333333333332,7.5,21.714285714285715,percentage,True
Bobby Bones,Sharna Burgess,Radio Personality,Arkansas,United States,38,27,1st Place,1,9,"[9.0, 9.0, 9.0]",27.0,9.0,9.0,9.0,3,0.0,4.0,4,23.376623376623375,True,False,1.0,-1.875,3.0,21.8125,percentage,True
Danelle Umstead,Artem Chigvintsev,Athlete,New Mexico,United States,46,27,Eliminated Week 2,12,1,"[6.0, 6.0, 6.0]",18.0,6.0,6.0,6.0,3,0.0,9.0,13,7.0588235294117645,False,False,0.6923076923076923,-1.6153846153846168,5.0,,percentage,False
Danelle Umstead,Artem Chigvintsev,Athlete,New Mexico,United States,46,27,Eliminated Week 2,12,2,"[6.5, 6.0, 6.0]",18.5,6.166666666666667,6.0,6.5,3,0.23570226039551584,11.0,12,6.839186691312385,True,True,0.9166666666666666,-4.041666666666668,7.5,18.0,percentage,False
DeMarcus Ware,Lindsay Arnold,Athlete,Alabama,United States,36,27,Eliminated Week 7,7,1,"[8.0, 7.0, 8.0]",23.0,7.666666666666667,7.0,8.0,3,0.4714045207910317,1.0,13,9.019607843137255,False,False,0.07692307692307693,3.3846153846153832,0.0,,percentage,False
DeMarcus Ware,Lindsay Arnold,Athlete,Alabama,United States,36,27,Eliminated Week 7,7,2,"[8.0, 7.5, 8.0]",23.5,7.833333333333333,7.5,8.0,3,0.23570226039551584,6.0,12,8.687615526802219,False,False,0.5,0.9583333333333321,2.5,23.0,percentage,False
DeMarcus Ware,Lindsay Arnold,Athlete,Alabama,United States,36,27,Eliminated Week 7,7,3,"[9.0, 8.0, 9.0]",26.0,8.666666666666666,8.0,9.0,3,0.4714045207910317,5.0,11,9.59409594095941,False,False,0.45454545454545453,1.3636363636363633,4.0,23.25,percentage,False
DeMarcus Ware,Lindsay Arnold,Athlete,Alabama,United States,36,27,Eliminated Week 7,7,4,"[7.0, 7.0, 8.0]",22.0,7.333333333333333,7.0,8.0,3,0.4714045207910317,7.0,10,9.482758620689655,False,False,0.7,-1.1999999999999993,7.0,24.166666666666668,percentage,False
DeMarcus Ware,Lindsay Arnold,Athlete,Alabama,United States,36,27,Eliminated Week 7,7,5,"[9.0, 8.0, 9.0]",26.0,8.666666666666666,8.0,9.0,3,0.4714045207910317,4.0,9,11.711711711711711,False,False,0.4444444444444444,1.3333333333333321,3.0,23.625,percentage,False
DeMarcus Ware,Lindsay Arnold,Athlete,Alabama,United States,36,27,Eliminated Week 7,7,6,"[8.0, 9.0, 9.0]",26.0,8.666666666666666,8.0,9.0,3,0.4714045207910317,5.0,9,11.353711790393014,False,False,0.5555555555555556,0.5555555555555571,4.0,24.1,percentage,False
DeMarcus Ware,Lindsay Arnold,Athlete,Alabama,United States,36,27,Eliminated Week 7,7,7,"[9.0, 8.5, 9.0]",26.5,8.833333333333334,8.5,9.0,3,0.23570226039551584,6.0,8,12.183908045977011,True,True,0.75,-0.6875,3.0,24.416666666666668,percentage,False
Evanna Lynch,Keo Motsepe,Actor/Actress,Non-US,Ireland,27,27,3rd Place,3,1,"[7.0, 5.0, 6.0]",18.0,6.0,5.0,7.0,3,0.816496580927726,9.0,13,7.0588235294117645,False,False,0.6923076923076923,-1.6153846153846168,5.0,,percentage,False
Evanna Lynch,Keo Motsepe,Actor/Actress,Non-US,Ireland,27,27,3rd Place,3,2,"[8.0, 8.0, 8.0]",24.0,8.0,8.0,8.0,3,0.0,5.0,12,8.872458410351202,False,False,0.4166666666666667,1.4583333333333321,2.0,18.0,percentage,False
Evanna Lynch,Keo Motsepe,Actor/Actress,Non-US,Ireland,27,27,3rd Place,3,3,"[9.0, 9.0, 9.0]",27.0,9.0,9.0,9.0,3,0.0,2.0,11,9.96309963099631,False,False,0.18181818181818182,2.3636363636363633,3.0,21.0,percentage,False
Evanna Lynch,Keo Motsepe,Actor/Actress,Non-US,Ireland,27,27,3rd Place,3,4,"[8.0, 8.0, 8.0]",24.0,8.0,8.0,8.0,3,0.0,5.0,10,10.344827586206897,False,False,0.5,0.8000000000000007,5.0,23.0,percentage,False
Evanna Lynch,Keo Motsepe,Actor/Actress,Non-US,Ireland,27,27,3rd Place,3,5,"[8.0, 8.0, 8.0]",24.0,8.0,8.0,8.0,3,0.0,6.0,9,10.81081081081081,False,False,0.6666666666666666,-0.6666666666666679,5.0,23.25,percentage,False
Evanna Lynch,Keo Motsepe,Actor/Actress,Non-US,Ireland,27,27,3rd Place,3,6,"[10.0, 9.0, 10.0]",29.0,9.666666666666666,9.0,10.0,3,0.4714045207910317,3.0,9,12.663755458515283,False,False,0.3333333333333333,3.555555555555557,1.0,23.4,percentage,False
Evanna Lynch,Keo Motsepe,Actor/Actress,Non-US,Ireland,27,27,3rd Place,3,7,"[10.0, 9.5, 10.0]",29.5,9.833333333333334,9.5,10.0,3,0.23570226039551584,1.0,8,13.563218390804598,False,False,0.125,2.3125,0.0,24.333333333333332,percentage,False
Evanna Lynch,Keo Motsepe,Actor/Actress,Non-US,Ireland,27,27,3rd Place,3,8,"[10.0, 9.5, 9.5]",29.0,9.666666666666666,9.5,10.0,3,0.23570226039551584,2.0,6,18.012422360248447,False,False,0.3333333333333333,2.166666666666668,1.0,25.071428571428573,percentage,False
Evanna Lynch,Keo Motsepe,Actor/Actress,Non-US,Ireland,27,27,3rd Place,3,9,"[10.0, 10.0, 10.0]",30.0,10.0,10.0,10.0,3,0.0,1.0,4,25.97402597402597,True,False,0.25,1.125,0.0,25.5625,percentage,False
Joe Amabile,Jenna Johnson,TV Personality,Illinois,United States,32,27,Eliminated Week 8,6,1,"[5.0, 4.0, 5.0]",14.0,4.666666666666667,4.0,5.0,3,0.4714045207910317,13.0,13,5.490196078431373,False,False,1.0,-5.615384615384617,9.0,,percentage,False
Joe Amabile,Jenna Johnson,TV Personality,Illinois,United States,32,27,Eliminated Week 8,6,2,"[5.5, 6.0, 6.0]",17.5,5.833333333333333,5.5,6.0,3,0.23570226039551584,12.0,12,6.469500924214418,False,False,1.0,-5.041666666666668,8.5,14.0,percentage,False
Joe Amabile,Jenna Johnson,TV Personality,Illinois,United States,32,27,Eliminated Week 8,6,3,"[6.0, 6.0, 6.0]",18.0,6.0,6.0,6.0,3,0.0,11.0,11,6.642066420664207,False,False,1.0,-6.636363636363637,12.0,15.75,percentage,False
Joe Amabile,Jenna Johnson,TV Personality,Illinois,United States,32,27,Eliminated Week 8,6,4,"[5.0, 5.0, 5.0]",15.0,5.0,5.0,5.0,3,0.0,10.0,10,6.4655172413793105,False,False,1.0,-8.2,14.0,16.5,percentage,False
Joe Amabile,Jenna Johnson,TV Personality,Illinois,United States,32,27,Eliminated Week 8,6,5,"[6.0, 5.0, 6.0]",17.0,5.666666666666667,5.0,6.0,3,0.4714045207910317,9.0,9,7.657657657657657,False,False,1.0,-7.666666666666668,12.0,16.125,percentage,False
Joe Amabile,Jenna Johnson,TV Personality,Illinois,United States,32,27,Eliminated Week 8,6,6,"[8.0, 7.0, 7.0]",22.0,7.333333333333333,7.0,8.0,3,0.4714045207910317,7.0,9,9.606986899563319,False,False,0.7777777777777778,-3.444444444444443,8.0,16.3,percentage,False
Joe Amabile,Jenna Johnson,TV Personality,Illinois,United States,32,27,Eliminated Week 8,6,7,"[8.0, 7.5, 8.0]",23.5,7.833333333333333,7.5,8.0,3,0.23570226039551584,8.0,8,10.804597701149426,False,False,1.0,-3.6875,6.0,17.25,percentage,False
Joe Amabile,Jenna Johnson,TV Personality,Illinois,United States,32,27,Eliminated Week 8,6,8,"[8.0, 7.5, 7.5]",23.0,7.666666666666667,7.5,8.0,3,0.23570226039551584,5.0,6,14.285714285714285,True,True,0.8333333333333334,-3.833333333333332,7.0,18.142857142857142,percentage,False
John Schneider,Emma Slater,Actor/Actress,New York,United States,58,27,Eliminated Week 7,8,1,"[7.0, 5.0, 6.0]",18.0,6.0,5.0,7.0,3,0.816496580927726,9.0,13,7.0588235294117645,False,False,0.6923076923076923,-1.6153846153846168,5.0,,percentage,False
John Schneider,Emma Slater,Actor/Actress,New York,United States,58,27,Eliminated Week 7,8,2,"[7.5, 6.5, 7.5]",21.5,7.166666666666667,6.5,7.5,3,0.4714045207910317,8.0,12,7.948243992606285,False,False,0.6666666666666666,-1.0416666666666679,4.5,18.0,percentage,False
John Schneider,Emma Slater,Actor/Actress,New York,United States,58,27,Eliminated Week 7,8,3,"[7.0, 7.0, 7.0]",21.0,7.0,7.0,7.0,3,0.0,10.0,11,7.7490774907749085,False,False,0.9090909090909091,-3.6363636363636367,9.0,19.75,percentage,False
John Schneider,Emma Slater,Actor/Actress,New York,United States,58,27,Eliminated Week 7,8,4,"[7.0, 7.0, 7.0]",21.0,7.0,7.0,7.0,3,0.0,8.0,10,9.051724137931034,False,False,0.8,-2.1999999999999993,8.0,20.166666666666668,percentage,False
John Schneider,Emma Slater,Actor/Actress,New York,United States,58,27,Eliminated Week 7,8,5,"[8.0, 8.0, 8.0]",24.0,8.0,8.0,8.0,3,0.0,6.0,9,10.81081081081081,False,False,0.6666666666666666,-0.6666666666666679,5.0,20.375,percentage,False
John Schneider,Emma Slater,Actor/Actress,New York,United States,58,27,Eliminated Week 7,8,6,"[6.0, 7.0, 6.0]",19.0,6.333333333333333,6.0,7.0,3,0.4714045207910317,9.0,9,8.296943231441048,False,False,1.0,-6.444444444444443,11.0,21.1,percentage,False
John Schneider,Emma Slater,Actor/Actress,New York,United States,58,27,Eliminated Week 7,8,7,"[9.0, 9.0, 9.0]",27.0,9.0,9.0,9.0,3,0.0,5.0,8,12.413793103448276,True,True,0.625,-0.1875,2.5,20.75,percentage,False
Juan Pablo Di Pace,Cheryl Burke,Actor/Actress,Non-US,Argentina,39,27,Eliminated Week 8,5,1,"[7.0, 7.0, 8.0]",22.0,7.333333333333333,7.0,8.0,3,0.4714045207910317,3.0,13,8.627450980392156,False,False,0.23076923076923078,2.3846153846153832,1.0,,percentage,False
Juan Pablo Di Pace,Cheryl Burke,Actor/Actress,Non-US,Argentina,39,27,Eliminated Week 8,5,2,"[9.0, 8.0, 9.0]",26.0,8.666666666666666,8.0,9.0,3,0.4714045207910317,1.0,12,9.611829944547134,False,False,0.08333333333333333,3.458333333333332,0.0,22.0,percentage,False
Juan Pablo Di Pace,Cheryl Burke,Actor/Actress,Non-US,Argentina,39,27,Eliminated Week 8,5,3,"[10.0, 10.0, 10.0]",30.0,10.0,10.0,10.0,3,0.0,1.0,11,11.07011070110701,False,False,0.09090909090909091,5.363636363636363,0.0,24.0,percentage,False
Juan Pablo Di Pace,Cheryl Burke,Actor/Actress,Non-US,Argentina,39,27,Eliminated Week 8,5,4,"[8.0, 8.0, 8.0]",24.0,8.0,8.0,8.0,3,0.0,5.0,10,10.344827586206897,False,False,0.5,0.8000000000000007,5.0,26.0,percentage,False
Juan Pablo Di Pace,Cheryl Burke,Actor/Actress,Non-US,Argentina,39,27,Eliminated Week 8,5,5,"[10.0, 9.0, 10.0]",29.0,9.666666666666666,9.0,10.0,3,0.4714045207910317,1.0,9,13.063063063063062,False,False,0.1111111111111111,4.333333333333332,0.0,25.5,percentage,False
Juan Pablo Di Pace,Cheryl Burke,Actor/Actress,Non-US,Argentina,39,27,Eliminated Week 8,5,6,"[10.0, 10.0, 10.0]",30.0,10.0,10.0,10.0,3,0.0,1.0,9,13.100436681222707,False,False,0.1111111111111111,4.555555555555557,0.0,26.2,percentage,False
Juan Pablo Di Pace,Cheryl Burke,Actor/Actress,Non-US,Argentina,39,27,Eliminated Week 8,5,7,"[9.5, 9.0, 9.5]",28.0,9.333333333333334,9.0,9.5,3,0.23570226039551584,3.0,8,12.873563218390805,False,False,0.375,0.8125,1.5,26.833333333333332,percentage,False
Juan Pablo Di Pace,Cheryl Burke,Actor/Actress,Non-US,Argentina,39,27,Eliminated Week 8,5,8,"[10.0, 10.0, 10.0]",30.0,10.0,10.0,10.0,3,0.0,1.0,6,18.633540372670808,True,True,0.16666666666666666,3.166666666666668,0.0,27.0,percentage,False
Mary Lou Retton,Sasha Farber,Athlete,West Virginia,United States,50,27,Eliminated Week 6,9,1,"[6.5, 7.0, 6.5]",20.0,6.666666666666667,6.5,7.0,3,0.23570226039551584,5.0,13,7.8431372549019605,False,False,0.38461538461538464,0.38461538461538325,3.0,,percentage,False
Mary Lou Retton,Sasha Farber,Athlete,West Virginia,United States,50,27,Eliminated Week 6,9,2,"[8.0, 7.5, 7.5]",23.0,7.666666666666667,7.5,8.0,3,0.23570226039551584,7.0,12,8.502772643253234,False,False,0.5833333333333334,0.45833333333333215,3.0,20.0,percentage,False
Mary Lou Retton,Sasha Farber,Athlete,West Virginia,United States,50,27,Eliminated Week 6,9,3,"[8.0, 8.0, 8.0]",24.0,8.0,8.0,8.0,3,0.0,7.0,11,8.856088560885608,False,False,0.6363636363636364,-0.6363636363636367,6.0,21.5,percentage,False
Mary Lou Retton,Sasha Farber,Athlete,West Virginia,United States,50,27,Eliminated Week 6,9,4,"[9.0, 8.0, 9.0]",26.0,8.666666666666666,8.0,9.0,3,0.4714045207910317,2.0,10,11.206896551724139,False,False,0.2,2.8000000000000007,3.0,22.333333333333332,percentage,False
Mary Lou Retton,Sasha Farber,Athlete,West Virginia,United States,50,27,Eliminated Week 6,9,5,"[9.0, 8.0, 8.0]",25.0,8.333333333333334,8.0,9.0,3,0.4714045207910317,5.0,9,11.26126126126126,False,False,0.5555555555555556,0.33333333333333215,4.0,23.25,percentage,False
Mary Lou Retton,Sasha Farber,Athlete,West Virginia,United States,50,27,Eliminated Week 6,9,6,"[8.0, 8.0, 8.0]",24.0,8.0,8.0,8.0,3,0.0,6.0,9,10.480349344978166,True,True,0.6666666666666666,-1.4444444444444429,6.0,23.6,percentage,False
Milo Manheim,Witney Carson,Actor/Actress,California,United States,17,27,2nd Place,2,1,"[7.0, 6.0, 7.0]",20.0,6.666666666666667,6.0,7.0,3,0.4714045207910317,5.0,13,7.8431372549019605,False,False,0.38461538461538464,0.38461538461538325,3.0,,percentage,False
Milo Manheim,Witney Carson,Actor/Actress,California,United States,17,27,2nd Place,2,2,"[9.0, 8.0, 9.0]",26.0,8.666666666666666,8.0,9.0,3,0.4714045207910317,1.0,12,9.611829944547134,False,False,0.08333333333333333,3.458333333333332,0.0,20.0,percentage,False
Milo Manheim,Witney Carson,Actor/Actress,California,United States,17,27,2nd Place,2,3,"[9.0, 9.0, 9.0]",27.0,9.0,9.0,9.0,3,0.0,2.0,11,9.96309963099631,False,False,0.18181818181818182,2.3636363636363633,3.0,23.0,percentage,False
Milo Manheim,Witney Carson,Actor/Actress,California,United States,17,27,2nd Place,2,4,"[10.0, 9.0, 10.0]",29.0,9.666666666666666,9.0,10.0,3,0.4714045207910317,1.0,10,12.5,False,False,0.1,5.800000000000001,0.0,24.333333333333332,percentage,False
Milo Manheim,Witney Carson,Actor/Actress,California,United States,17,27,2nd Place,2,5,"[9.0, 8.0, 10.0]",27.0,9.0,8.0,10.0,3,0.816496580927726,3.0,9,12.162162162162163,False,False,0.3333333333333333,2.333333333333332,2.0,25.5,percentage,False
Milo Manheim,Witney Carson,Actor/Actress,California,United States,17,27,2nd Place,2,6,"[10.0, 10.0, 10.0]",30.0,10.0,10.0,10.0,3,0.0,1.0,9,13.100436681222707,False,False,0.1111111111111111,4.555555555555557,0.0,25.8,percentage,False
Milo Manheim,Witney Carson,Actor/Actress,California,United States,17,27,2nd Place,2,7,"[10.0, 9.0, 10.0]",29.0,9.666666666666666,9.0,10.0,3,0.4714045207910317,2.0,8,13.333333333333334,False,False,0.25,1.8125,0.5,26.5,percentage,False
Milo Manheim,Witney Carson,Actor/Actress,California,United States,17,27,2nd Place,2,8,"[9.0, 9.0, 9.5]",27.5,9.166666666666666,9.0,9.5,3,0.23570226039551584,4.0,6,17.080745341614907,False,False,0.6666666666666666,0.6666666666666679,2.5,26.857142857142858,percentage,False
Milo Manheim,Witney Carson,Actor/Actress,California,United States,17,27,2nd Place,2,9,"[10.0, 10.0, 10.0]",30.0,10.0,10.0,10.0,3,0.0,1.0,4,25.97402597402597,True,False,0.25,1.125,0.0,26.9375,percentage,False
Nancy McKeon,Valentin Chmerkovskiy,Actor/Actress,New York,United States,52,27,Eliminated Week 3,11,1,"[6.5, 6.5, 6.5]",19.5,6.5,6.5,6.5,3,0.0,8.0,13,7.647058823529412,False,False,0.6153846153846154,-0.11538461538461675,3.5,,percentage,False
Nancy McKeon,Valentin Chmerkovskiy,Actor/Actress,New York,United States,52,27,Eliminated Week 3,11,2,"[7.0, 6.5, 7.0]",20.5,6.833333333333333,6.5,7.0,3,0.23570226039551584,9.0,12,7.578558225508318,False,False,0.75,-2.041666666666668,5.5,19.5,percentage,False
Nancy McKeon,Valentin Chmerkovskiy,Actor/Actress,New York,United States,52,27,Eliminated Week 3,11,3,"[8.0, 7.0, 7.0]",22.0,7.333333333333333,7.0,8.0,3,0.4714045207910317,9.0,11,8.118081180811808,True,True,0.8181818181818182,-2.6363636363636367,8.0,20.0,percentage,False
Nikki Glaser,Gleb Savchenko,Comedian,Ohio,United States,34,27,Eliminated Week 1,13,1,"[6.0, 5.5, 6.0]",17.5,5.833333333333333,5.5,6.0,3,0.23570226039551584,12.0,13,6.862745098039216,True,True,0.9230769230769231,-2.1153846153846168,5.5,,percentage,False
Tinashe,Brandon Armstrong,Singer/Rapper,Kentucky,United States,25,27,Eliminated Week 4,10,1,"[8.0, 7.0, 8.0]",23.0,7.666666666666667,7.0,8.0,3,0.4714045207910317,1.0,13,9.019607843137255,False,False,0.07692307692307693,3.3846153846153832,0.0,,percentage,False
Tinashe,Brandon Armstrong,Singer/Rapper,Kentucky,United States,25,27,Eliminated Week 4,10,2,"[9.0, 8.0, 9.0]",26.0,8.666666666666666,8.0,9.0,3,0.4714045207910317,1.0,12,9.611829944547134,False,False,0.08333333333333333,3.458333333333332,0.0,23.0,percentage,False
Tinashe,Brandon Armstrong,Singer/Rapper,Kentucky,United States,25,27,Eliminated Week 4,10,3,"[9.0, 9.0, 9.0]",27.0,9.0,9.0,9.0,3,0.0,2.0,11,9.96309963099631,False,False,0.18181818181818182,2.3636363636363633,3.0,24.5,percentage,False
Tinashe,Brandon Armstrong,Singer/Rapper,Kentucky,United States,25,27,Eliminated Week 4,10,4,"[9.0, 8.0, 9.0]",26.0,8.666666666666666,8.0,9.0,3,0.4714045207910317,2.0,10,11.206896551724139,True,True,0.2,2.8000000000000007,3.0,25.333333333333332,percentage,False
Ally Brooke,Sasha Farber,Singer/Rapper,Texas,United States,26,28,3rd Place,3,1,"[5.0, 5.0, 6.0]",16.0,5.333333333333333,5.0,6.0,3,0.4714045207910317,7.0,12,8.121827411167512,False,False,0.5833333333333334,-0.41666666666666785,5.0,,rank,False
Ally Brooke,Sasha Farber,Singer/Rapper,Texas,United States,26,28,3rd Place,3,2,"[7.0, 6.0, 7.0]",20.0,6.666666666666667,6.0,7.0,3,0.4714045207910317,3.0,12,9.1324200913242,False,False,0.25,1.75,4.0,16.0,rank,False
Ally Brooke,Sasha Farber,Singer/Rapper,Texas,United States,26,28,3rd Place,3,3,"[8.0, 8.0, 8.0]",24.0,8.0,8.0,8.0,3,0.0,1.0,10,12.121212121212121,False,False,0.1,4.199999999999999,0.0,18.0,rank,False
Ally Brooke,Sasha Farber,Singer/Rapper,Texas,United States,26,28,3rd Place,3,4,"[8.0, 8.0, 8.0, 8.0]",32.0,8.0,8.0,8.0,4,0.0,1.0,10,11.347517730496454,False,False,0.1,3.8000000000000007,0.0,20.0,rank,False
Ally Brooke,Sasha Farber,Singer/Rapper,Texas,United States,26,28,3rd Place,3,5,"[9.0, 9.0, 9.0]",27.0,9.0,9.0,9.0,3,0.0,1.0,9,12.558139534883722,False,False,0.1111111111111111,3.1111111111111107,0.0,23.0,rank,False
Ally Brooke,Sasha Farber,Singer/Rapper,Texas,United States,26,28,3rd Place,3,6,"[8.0, 9.0, 8.0]",25.0,8.333333333333334,8.0,9.0,3,0.4714045207910317,6.0,9,10.964912280701753,False,False,0.6666666666666666,-0.33333333333333215,2.0,23.8,rank,False
Ally Brooke,Sasha Farber,Singer/Rapper,Texas,United States,26,28,3rd Place,3,7,"[9.0, 9.0, 9.0]",27.0,9.0,9.0,9.0,3,0.0,1.0,8,13.366336633663368,False,False,0.125,1.75,0.0,24.0,rank,False
Ally Brooke,Sasha Farber,Singer/Rapper,Texas,United States,26,28,3rd Place,3,8,"[10.0, 10.0, 10.0]",30.0,10.0,10.0,10.0,3,0.0,3.0,7,15.544105882304175,False,False,0.42857142857142855,2.428685714285713,1.9998000000000005,24.428571428571427,rank,False
Ally Brooke,Sasha Farber,Singer/Rapper,Texas,United States,26,28,3rd Place,3,9,"[10.0, 10.0, 10.0, 10.0]",40.0,10.0,10.0,10.0,4,0.0,1.0,6,19.18465227817746,False,False,0.16666666666666666,5.25,0.0,25.125,rank,False
Ally Brooke,Sasha Farber,Singer/Rapper,Texas,United States,26,28,3rd Place,3,10,"[10.0, 9.5, 10.0]",29.5,9.833333333333334,9.5,10.0,3,0.23570226039551584,1.0,5,21.454545454545453,False,False,0.2,2.0,0.0,26.77777777777778,rank,False
Ally Brooke,Sasha Farber,Singer/Rapper,Texas,United States,26,28,3rd Place,3,11,"[10.0, 10.0, 10.0]",30.0,10.0,10.0,10.0,3,0.0,1.0,4,25.64102564102564,True,False,0.25,0.75,0.0,27.05,rank,False
Hannah Brown,Alan Bersten,TV Personality,Alabama,United States,24,28,1st Place,1,1,"[7.0, 7.0, 6.0]",20.0,6.666666666666667,6.0,7.0,3,0.4714045207910317,2.0,12,10.152284263959391,False,False,0.16666666666666666,3.583333333333332,1.0,,rank,False
Hannah Brown,Alan Bersten,TV Personality,Alabama,United States,24,28,1st Place,1,2,"[8.0, 8.0, 8.0]",24.0,8.0,8.0,8.0,3,0.0,1.0,12,10.95890410958904,False,False,0.08333333333333333,5.75,0.0,20.0,rank,False
Hannah Brown,Alan Bersten,TV Personality,Alabama,United States,24,28,1st Place,1,3,"[7.0, 7.0, 7.0]",21.0,7.0,7.0,7.0,3,0.0,5.0,10,10.606060606060606,False,False,0.5,1.1999999999999993,3.0,22.0,rank,False
Hannah Brown,Alan Bersten,TV Personality,Alabama,United States,24,28,1st Place,1,4,"[8.0, 8.0, 8.0, 8.0]",32.0,8.0,8.0,8.0,4,0.0,1.0,10,11.347517730496454,False,False,0.1,3.8000000000000007,0.0,21.666666666666668,rank,False
Hannah Brown,Alan Bersten,TV Personality,Alabama,United States,24,28,1st Place,1,5,"[9.0, 7.0, 9.0]",25.0,8.333333333333334,7.0,9.0,3,0.9428090415820634,4.0,9,11.627906976744185,False,False,0.4444444444444444,1.1111111111111107,2.0,24.25,rank,False
Hannah Brown,Alan Bersten,TV Personality,Alabama,United States,24,28,1st Place,1,6,"[8.0, 8.0, 8.0]",24.0,8.0,8.0,8.0,3,0.0,8.0,9,10.526315789473683,False,False,0.8888888888888888,-1.3333333333333321,3.0,24.4,rank,False
Hannah Brown,Alan Bersten,TV Personality,Alabama,United States,24,28,1st Place,1,7,"[8.5, 9.0, 8.5]",26.0,8.666666666666666,8.5,9.0,3,0.23570226039551584,4.0,8,12.871287128712872,False,False,0.5,0.75,1.0,24.333333333333332,rank,False
Hannah Brown,Alan Bersten,TV Personality,Alabama,United States,24,28,1st Place,1,8,"[10.6666, 9.6666, 10.6666]",30.9998,10.333266666666667,9.6666,10.6666,3,0.4714045207910317,2.0,7,16.062139117675102,False,False,0.2857142857142857,3.4284857142857135,1.0,24.571428571428573,rank,False
Hannah Brown,Alan Bersten,TV Personality,Alabama,United States,24,28,1st Place,1,9,"[9.0, 8.5, 9.0, 9.0]",35.5,8.875,8.5,9.0,4,0.21650635094610965,4.0,6,17.026378896882495,False,False,0.6666666666666666,0.75,4.5,25.374975,rank,False
Hannah Brown,Alan Bersten,TV Personality,Alabama,United States,24,28,1st Place,1,10,"[9.0, 9.0, 9.0]",27.0,9.0,9.0,9.0,3,0.0,3.0,5,19.636363636363637,False,False,0.6,-0.5,2.5,26.499977777777776,rank,False
Hannah Brown,Alan Bersten,TV Personality,Alabama,United States,24,28,1st Place,1,11,"[10.0, 9.5, 9.5]",29.0,9.666666666666666,9.5,10.0,3,0.23570226039551584,3.0,4,24.786324786324787,True,False,0.75,-0.25,1.0,26.549979999999998,rank,False
James Van Der Beek,Emma Slater,Actor/Actress,Connecticut,United States,42,28,Eliminated Week 10,5,1,"[7.0, 7.0, 7.0]",21.0,7.0,7.0,7.0,3,0.0,1.0,12,10.65989847715736,False,False,0.08333333333333333,4.583333333333332,0.0,,rank,False
James Van Der Beek,Emma Slater,Actor/Actress,Connecticut,United States,42,28,Eliminated Week 10,5,2,"[7.0, 6.0, 7.0]",20.0,6.666666666666667,6.0,7.0,3,0.4714045207910317,3.0,12,9.1324200913242,False,False,0.25,1.75,4.0,21.0,rank,False
James Van Der Beek,Emma Slater,Actor/Actress,Connecticut,United States,42,28,Eliminated Week 10,5,3,"[8.0, 7.0, 8.0]",23.0,7.666666666666667,7.0,8.0,3,0.4714045207910317,3.0,10,11.616161616161616,False,False,0.3,3.1999999999999993,1.0,20.5,rank,False
James Van Der Beek,Emma Slater,Actor/Actress,Connecticut,United States,42,28,Eliminated Week 10,5,4,"[7.0, 7.0, 7.0, 7.0]",28.0,7.0,7.0,7.0,4,0.0,6.0,10,9.929078014184398,False,False,0.6,-0.1999999999999993,4.0,21.333333333333332,rank,False
James Van Der Beek,Emma Slater,Actor/Actress,Connecticut,United States,42,28,Eliminated Week 10,5,5,"[9.0, 8.0, 9.0]",26.0,8.666666666666666,8.0,9.0,3,0.4714045207910317,2.0,9,12.093023255813954,False,False,0.2222222222222222,2.1111111111111107,1.0,23.0,rank,False
James Van Der Beek,Emma Slater,Actor/Actress,Connecticut,United States,42,28,Eliminated Week 10,5,6,"[9.0, 9.0, 9.0]",27.0,9.0,9.0,9.0,3,0.0,1.0,9,11.842105263157894,False,False,0.1111111111111111,1.6666666666666679,0.0,23.6,rank,False
James Van Der Beek,Emma Slater,Actor/Actress,Connecticut,United States,42,28,Eliminated Week 10,5,7,"[9.0, 9.0, 9.0]",27.0,9.0,9.0,9.0,3,0.0,1.0,8,13.366336633663368,False,False,0.125,1.75,0.0,24.166666666666668,rank,False
James Van Der Beek,Emma Slater,Actor/Actress,Connecticut,United States,42,28,Eliminated Week 10,5,8,"[10.6666, 10.6666, 10.6666]",31.9998,10.6666,10.6666,10.6666,3,0.0,1.0,7,16.58027598041857,False,False,0.14285714285714285,4.4284857142857135,0.0,24.571428571428573,rank,False
James Van Der Beek,Emma Slater,Actor/Actress,Connecticut,United States,42,28,Eliminated Week 10,5,9,"[9.0, 8.5, 9.5, 9.0]",36.0,9.0,8.5,9.5,4,0.3535533905932738,3.0,6,17.26618705035971,False,False,0.5,1.25,4.0,25.499975,rank,False
James Van Der Beek,Emma Slater,Actor/Actress,Connecticut,United States,42,28,Eliminated Week 10,5,10,"[8.5, 8.5, 8.5]",25.5,8.5,8.5,8.5,3,0.0,5.0,5,18.545454545454547,True,True,1.0,-2.0,4.0,26.666644444444444,rank,False
Karamo Brown,Jenna Johnson,TV Personality,Texas,United States,38,28,Eliminated Week 7,8,1,"[6.0, 5.0, 6.0]",17.0,5.666666666666667,5.0,6.0,3,0.4714045207910317,5.0,12,8.629441624365482,False,False,0.4166666666666667,0.5833333333333321,4.0,,rank,False
Karamo Brown,Jenna Johnson,TV Personality,Texas,United States,38,28,Eliminated Week 7,8,2,"[7.0, 5.0, 7.0]",19.0,6.333333333333333,5.0,7.0,3,0.9428090415820634,6.0,12,8.67579908675799,False,False,0.5,0.75,5.0,17.0,rank,False
Karamo Brown,Jenna Johnson,TV Personality,Texas,United States,38,28,Eliminated Week 7,8,3,"[5.0, 5.0, 6.0]",16.0,5.333333333333333,5.0,6.0,3,0.4714045207910317,8.0,10,8.080808080808081,False,False,0.8,-3.8000000000000007,8.0,18.0,rank,False
Karamo Brown,Jenna Johnson,TV Personality,Texas,United States,38,28,Eliminated Week 7,8,4,"[7.0, 7.0, 7.0, 7.0]",28.0,7.0,7.0,7.0,4,0.0,6.0,10,9.929078014184398,False,False,0.6,-0.1999999999999993,4.0,17.333333333333332,rank,False
Karamo Brown,Jenna Johnson,TV Personality,Texas,United States,38,28,Eliminated Week 7,8,5,"[7.0, 7.0, 7.0]",21.0,7.0,7.0,7.0,3,0.0,8.0,9,9.767441860465116,False,False,0.8888888888888888,-2.8888888888888893,6.0,20.0,rank,False
Karamo Brown,Jenna Johnson,TV Personality,Texas,United States,38,28,Eliminated Week 7,8,6,"[9.0, 8.0, 8.0]",25.0,8.333333333333334,8.0,9.0,3,0.4714045207910317,6.0,9,10.964912280701753,False,False,0.6666666666666666,-0.33333333333333215,2.0,20.2,rank,False
Karamo Brown,Jenna Johnson,TV Personality,Texas,United States,38,28,Eliminated Week 7,8,7,"[8.5, 8.0, 8.0]",24.5,8.166666666666666,8.0,8.5,3,0.23570226039551584,6.0,8,12.128712871287128,True,True,0.75,-0.75,2.5,21.0,rank,False
Kate Flannery,Pasha Pashkov,Actor/Actress,Pennsylvania,United States,55,28,Eliminated Week 8,7,1,"[5.0, 5.0, 5.0]",15.0,5.0,5.0,5.0,3,0.0,9.0,12,7.614213197969544,False,False,0.75,-1.4166666666666679,6.0,,rank,False
Kate Flannery,Pasha Pashkov,Actor/Actress,Pennsylvania,United States,55,28,Eliminated Week 8,7,2,"[7.0, 7.0, 7.0]",21.0,7.0,7.0,7.0,3,0.0,2.0,12,9.58904109589041,False,False,0.16666666666666666,2.75,3.0,15.0,rank,False
Kate Flannery,Pasha Pashkov,Actor/Actress,Pennsylvania,United States,55,28,Eliminated Week 8,7,3,"[8.0, 8.0, 8.0]",24.0,8.0,8.0,8.0,3,0.0,1.0,10,12.121212121212121,False,False,0.1,4.199999999999999,0.0,18.0,rank,False
Kate Flannery,Pasha Pashkov,Actor/Actress,Pennsylvania,United States,55,28,Eliminated Week 8,7,4,"[7.0, 7.0, 6.0, 6.0]",26.0,6.5,6.0,7.0,4,0.5,8.0,10,9.219858156028367,False,False,0.8,-2.1999999999999993,6.0,20.0,rank,False
Kate Flannery,Pasha Pashkov,Actor/Actress,Pennsylvania,United States,55,28,Eliminated Week 8,7,5,"[8.0, 8.0, 8.0]",24.0,8.0,8.0,8.0,3,0.0,5.0,9,11.162790697674419,False,False,0.5555555555555556,0.11111111111111072,3.0,21.5,rank,False
Kate Flannery,Pasha Pashkov,Actor/Actress,Pennsylvania,United States,55,28,Eliminated Week 8,7,6,"[9.0, 9.0, 9.0]",27.0,9.0,9.0,9.0,3,0.0,1.0,9,11.842105263157894,False,False,0.1111111111111111,1.6666666666666679,0.0,22.0,rank,False
Kate Flannery,Pasha Pashkov,Actor/Actress,Pennsylvania,United States,55,28,Eliminated Week 8,7,7,"[8.0, 8.0, 8.0]",24.0,8.0,8.0,8.0,3,0.0,7.0,8,11.881188118811881,False,False,0.875,-1.25,3.0,22.833333333333332,rank,False
Kate Flannery,Pasha Pashkov,Actor/Actress,Pennsylvania,United States,55,28,Eliminated Week 8,7,8,"[8.6666, 8.6666, 8.6666]",25.9998,8.6666,8.6666,8.6666,3,0.0,5.0,7,13.471454803957736,True,True,0.7142857142857143,-1.5715142857142865,6.0,23.0,rank,False
Kel Mitchell,Witney Carson,Actor/Actress,Illinois,United States,41,28,2nd Place,2,1,"[6.0, 5.0, 5.0]",16.0,5.333333333333333,5.0,6.0,3,0.4714045207910317,7.0,12,8.121827411167512,False,False,0.5833333333333334,-0.41666666666666785,5.0,,rank,False
Kel Mitchell,Witney Carson,Actor/Actress,Illinois,United States,41,28,2nd Place,2,2,"[7.0, 6.0, 7.0]",20.0,6.666666666666667,6.0,7.0,3,0.4714045207910317,3.0,12,9.1324200913242,False,False,0.25,1.75,4.0,16.0,rank,False
Kel Mitchell,Witney Carson,Actor/Actress,Illinois,United States,41,28,2nd Place,2,3,"[7.0, 6.0, 7.0]",20.0,6.666666666666667,6.0,7.0,3,0.4714045207910317,6.0,10,10.1010101010101,False,False,0.6,0.1999999999999993,4.0,18.0,rank,False
Kel Mitchell,Witney Carson,Actor/Actress,Illinois,United States,41,28,2nd Place,2,4,"[8.0, 8.0, 8.0, 8.0]",32.0,8.0,8.0,8.0,4,0.0,1.0,10,11.347517730496454,False,False,0.1,3.8000000000000007,0.0,18.666666666666668,rank,False
Kel Mitchell,Witney Carson,Actor/Actress,Illinois,United States,41,28,2nd Place,2,5,"[9.0, 8.0, 9.0]",26.0,8.666666666666666,8.0,9.0,3,0.4714045207910317,2.0,9,12.093023255813954,False,False,0.2222222222222222,2.1111111111111107,1.0,22.0,rank,False
Kel Mitchell,Witney Carson,Actor/Actress,Illinois,United States,41,28,2nd Place,2,6,"[9.0, 8.0, 9.0]",26.0,8.666666666666666,8.0,9.0,3,0.4714045207910317,4.0,9,11.403508771929824,False,False,0.4444444444444444,0.6666666666666679,1.0,22.8,rank,False
Kel Mitchell,Witney Carson,Actor/Actress,Illinois,United States,41,28,2nd Place,2,7,"[8.5, 8.5, 8.5]",25.5,8.5,8.5,8.5,3,0.0,5.0,8,12.623762376237623,False,False,0.625,0.25,1.5,23.333333333333332,rank,False
Kel Mitchell,Witney Carson,Actor/Actress,Illinois,United States,41,28,2nd Place,2,8,"[9.6666, 9.6666, 10.6666]",29.9998,9.999933333333333,9.6666,10.6666,3,0.4714045207910317,4.0,7,15.544002254931627,False,False,0.5714285714285714,2.4284857142857135,2.0,23.642857142857142,rank,False
Kel Mitchell,Witney Carson,Actor/Actress,Illinois,United States,41,28,2nd Place,2,9,"[9.0, 9.0, 9.5, 9.5]",37.0,9.25,9.0,9.5,4,0.25,2.0,6,17.74580335731415,False,False,0.3333333333333333,2.25,3.0,24.437475,rank,False
Kel Mitchell,Witney Carson,Actor/Actress,Illinois,United States,41,28,2nd Place,2,10,"[9.5, 9.5, 9.5]",28.5,9.5,9.5,9.5,3,0.0,2.0,5,20.727272727272727,False,False,0.4,1.0,1.0,25.83331111111111,rank,False
Kel Mitchell,Witney Carson,Actor/Actress,Illinois,United States,41,28,2nd Place,2,11,"[10.0, 9.5, 10.0]",29.5,9.833333333333334,9.5,10.0,3,0.23570226039551584,2.0,4,25.213675213675213,True,False,0.5,0.25,0.5,26.09998,rank,False
Lamar Odom,Peta Murgatroyd,Athlete,New York,United States,39,28,Eliminated Week 4,10,1,"[5.0, 3.0, 3.0]",11.0,3.6666666666666665,3.0,5.0,3,0.9428090415820634,12.0,12,5.583756345177665,False,False,1.0,-5.416666666666668,10.0,,rank,False
Lamar Odom,Peta Murgatroyd,Athlete,New York,United States,39,28,Eliminated Week 4,10,2,"[4.0, 4.0, 4.0]",12.0,4.0,4.0,4.0,3,0.0,12.0,12,5.47945205479452,False,False,1.0,-6.25,12.0,11.0,rank,False
Lamar Odom,Peta Murgatroyd,Athlete,New York,United States,39,28,Eliminated Week 4,10,3,"[4.0, 4.0, 4.0]",12.0,4.0,4.0,4.0,3,0.0,10.0,10,6.0606060606060606,False,False,1.0,-7.800000000000001,12.0,11.5,rank,False
Lamar Odom,Peta Murgatroyd,Athlete,New York,United States,39,28,Eliminated Week 4,10,4,"[5.0, 7.0, 4.0, 4.0]",20.0,5.0,4.0,7.0,4,1.224744871391589,10.0,10,7.092198581560284,True,True,1.0,-8.2,12.0,11.666666666666666,rank,False
Lauren Alaina,Gleb Savchenko,Singer/Rapper,Georgia,United States,24,28,4th Place,4,1,"[7.0, 6.0, 6.0]",19.0,6.333333333333333,6.0,7.0,3,0.4714045207910317,3.0,12,9.644670050761421,False,False,0.25,2.583333333333332,2.0,,rank,False
Lauren Alaina,Gleb Savchenko,Singer/Rapper,Georgia,United States,24,28,4th Place,4,2,"[6.0, 6.0, 7.0]",19.0,6.333333333333333,6.0,7.0,3,0.4714045207910317,6.0,12,8.67579908675799,False,False,0.5,0.75,5.0,19.0,rank,False
Lauren Alaina,Gleb Savchenko,Singer/Rapper,Georgia,United States,24,28,4th Place,4,3,"[6.0, 7.0, 7.0]",20.0,6.666666666666667,6.0,7.0,3,0.4714045207910317,6.0,10,10.1010101010101,False,False,0.6,0.1999999999999993,4.0,19.0,rank,False
Lauren Alaina,Gleb Savchenko,Singer/Rapper,Georgia,United States,24,28,4th Place,4,4,"[8.0, 8.0, 8.0, 8.0]",32.0,8.0,8.0,8.0,4,0.0,1.0,10,11.347517730496454,False,False,0.1,3.8000000000000007,0.0,19.333333333333332,rank,False
Lauren Alaina,Gleb Savchenko,Singer/Rapper,Georgia,United States,24,28,4th Place,4,5,"[8.0, 7.0, 8.0]",23.0,7.666666666666667,7.0,8.0,3,0.4714045207910317,7.0,9,10.69767441860465,False,False,0.7777777777777778,-0.8888888888888893,4.0,22.5,rank,False
Lauren Alaina,Gleb Savchenko,Singer/Rapper,Georgia,United States,24,28,4th Place,4,6,"[9.0, 8.0, 9.0]",26.0,8.666666666666666,8.0,9.0,3,0.4714045207910317,4.0,9,11.403508771929824,False,False,0.4444444444444444,0.6666666666666679,1.0,22.6,rank,False
Lauren Alaina,Gleb Savchenko,Singer/Rapper,Georgia,United States,24,28,4th Place,4,7,"[9.0, 9.0, 9.0]",27.0,9.0,9.0,9.0,3,0.0,1.0,8,13.366336633663368,False,False,0.125,1.75,0.0,23.166666666666668,rank,False
Lauren Alaina,Gleb Savchenko,Singer/Rapper,Georgia,United States,24,28,4th Place,4,8,"[8.0, 8.0, 8.0]",24.0,8.0,8.0,8.0,3,0.0,6.0,7,12.43528470584334,False,False,0.8571428571428571,-3.571314285714287,7.9998000000000005,23.714285714285715,rank,False
Lauren Alaina,Gleb Savchenko,Singer/Rapper,Georgia,United States,24,28,4th Place,4,9,"[9.0, 9.0, 8.5, 8.5]",35.0,8.75,8.5,9.0,4,0.25,5.0,6,16.786570743405278,False,False,0.8333333333333334,0.25,5.0,23.75,rank,False
Lauren Alaina,Gleb Savchenko,Singer/Rapper,Georgia,United States,24,28,4th Place,4,10,"[9.0, 9.0, 9.0]",27.0,9.0,9.0,9.0,3,0.0,3.0,5,19.636363636363637,False,False,0.6,-0.5,2.5,25.0,rank,False
Lauren Alaina,Gleb Savchenko,Singer/Rapper,Georgia,United States,24,28,4th Place,4,11,"[9.5, 9.5, 9.5]",28.5,9.5,9.5,9.5,3,0.0,4.0,4,24.358974358974358,True,True,1.0,-0.75,1.5,25.2,rank,False
Mary Wilson,Brandon Armstrong,Singer/Rapper,Nevada,United States,75,28,Eliminated Week 2,12,1,"[6.0, 5.0, 6.0]",17.0,5.666666666666667,5.0,6.0,3,0.4714045207910317,5.0,12,8.629441624365482,False,False,0.4166666666666667,0.5833333333333321,4.0,,rank,False
Mary Wilson,Brandon Armstrong,Singer/Rapper,Nevada,United States,75,28,Eliminated Week 2,12,2,"[5.0, 5.0, 5.0]",15.0,5.0,5.0,5.0,3,0.0,10.0,12,6.8493150684931505,True,True,0.8333333333333334,-3.25,9.0,17.0,rank,False
Ray Lewis,Cheryl Burke,Athlete,Florida,United States,44,28,Withdrew,11,1,"[5.0, 5.0, 5.0]",15.0,5.0,5.0,5.0,3,0.0,9.0,12,7.614213197969544,False,False,0.75,-1.4166666666666679,6.0,,rank,False
Ray Lewis,Cheryl Burke,Athlete,Florida,United States,44,28,Withdrew,11,2,"[5.0, 5.0, 5.0]",15.0,5.0,5.0,5.0,3,0.0,10.0,12,6.8493150684931505,True,True,0.8333333333333334,-3.25,9.0,15.0,rank,False
Sailor Brinkley-Cook,Valentin Chmerkovskiy,Model,New York,United States,21,28,Eliminated Week 6,9,1,"[6.0, 6.0, 6.0]",18.0,6.0,6.0,6.0,3,0.0,4.0,12,9.137055837563452,False,False,0.3333333333333333,1.5833333333333321,3.0,,rank,False
Sailor Brinkley-Cook,Valentin Chmerkovskiy,Model,New York,United States,21,28,Eliminated Week 6,9,2,"[6.0, 6.0, 6.0]",18.0,6.0,6.0,6.0,3,0.0,8.0,12,8.21917808219178,False,False,0.6666666666666666,-0.25,6.0,18.0,rank,False
Sailor Brinkley-Cook,Valentin Chmerkovskiy,Model,New York,United States,21,28,Eliminated Week 6,9,3,"[7.0, 8.0, 8.0]",23.0,7.666666666666667,7.0,8.0,3,0.4714045207910317,3.0,10,11.616161616161616,False,False,0.3,3.1999999999999993,1.0,18.0,rank,False
Sailor Brinkley-Cook,Valentin Chmerkovskiy,Model,New York,United States,21,28,Eliminated Week 6,9,4,"[7.0, 8.0, 8.0, 8.0]",31.0,7.75,7.0,8.0,4,0.4330127018922193,5.0,10,10.99290780141844,False,False,0.5,2.8000000000000007,1.0,19.666666666666668,rank,False
Sailor Brinkley-Cook,Valentin Chmerkovskiy,Model,New York,United States,21,28,Eliminated Week 6,9,5,"[8.0, 8.0, 8.0]",24.0,8.0,8.0,8.0,3,0.0,5.0,9,11.162790697674419,False,False,0.5555555555555556,0.11111111111111072,3.0,22.5,rank,False
Sailor Brinkley-Cook,Valentin Chmerkovskiy,Model,New York,United States,21,28,Eliminated Week 6,9,6,"[9.0, 9.0, 9.0]",27.0,9.0,9.0,9.0,3,0.0,1.0,9,11.842105263157894,True,True,0.1111111111111111,1.6666666666666679,0.0,22.8,rank,False
Sean Spicer,Lindsay Arnold,Politician,New York,United States,48,28,Eliminated Week 9,6,1,"[4.0, 4.0, 4.0]",12.0,4.0,4.0,4.0,3,0.0,11.0,12,6.091370558375635,False,False,0.9166666666666666,-4.416666666666668,9.0,,rank,False
Sean Spicer,Lindsay Arnold,Politician,New York,United States,48,28,Eliminated Week 9,6,2,"[6.0, 5.0, 5.0]",16.0,5.333333333333333,5.0,6.0,3,0.4714045207910317,9.0,12,7.30593607305936,False,False,0.75,-2.25,8.0,12.0,rank,False
Sean Spicer,Lindsay Arnold,Politician,New York,United States,48,28,Eliminated Week 9,6,3,"[5.0, 5.0, 5.0]",15.0,5.0,5.0,5.0,3,0.0,9.0,10,7.575757575757576,False,False,0.9,-4.800000000000001,9.0,14.0,rank,False
Sean Spicer,Lindsay Arnold,Politician,New York,United States,48,28,Eliminated Week 9,6,4,"[5.0, 6.0, 5.0, 5.0]",21.0,5.25,5.0,6.0,4,0.4330127018922193,9.0,10,7.446808510638298,False,False,0.9,-7.199999999999999,11.0,14.333333333333334,rank,False
Sean Spicer,Lindsay Arnold,Politician,New York,United States,48,28,Eliminated Week 9,6,5,"[7.0, 6.0, 6.0]",19.0,6.333333333333333,6.0,7.0,3,0.4714045207910317,9.0,9,8.837209302325581,False,False,1.0,-4.888888888888889,8.0,16.0,rank,False
Sean Spicer,Lindsay Arnold,Politician,New York,United States,48,28,Eliminated Week 9,6,6,"[7.0, 7.0, 7.0]",21.0,7.0,7.0,7.0,3,0.0,9.0,9,9.210526315789473,False,False,1.0,-4.333333333333332,6.0,16.6,rank,False
Sean Spicer,Lindsay Arnold,Politician,New York,United States,48,28,Eliminated Week 9,6,7,"[7.0, 7.0, 7.0]",21.0,7.0,7.0,7.0,3,0.0,8.0,8,10.396039603960396,False,False,1.0,-4.25,6.0,17.333333333333332,rank,False
Sean Spicer,Lindsay Arnold,Politician,New York,United States,48,28,Eliminated Week 9,6,8,"[7.0, 7.0, 6.0]",20.0,6.666666666666667,6.0,7.0,3,0.4714045207910317,7.0,7,10.362737254869451,False,False,1.0,-7.571314285714287,11.9998,17.857142857142858,rank,False
Sean Spicer,Lindsay Arnold,Politician,New York,United States,48,28,Eliminated Week 9,6,9,"[6.5, 6.0, 6.5, 6.0]",25.0,6.25,6.0,6.5,4,0.25,6.0,6,11.990407673860911,True,True,1.0,-9.75,15.0,18.125,rank,False
AJ McLean,Cheryl Burke,Singer/Rapper,Florida,United States,42,29,Eliminated Week 9,7,1,"[6.0, 6.0, 6.0]",18.0,6.0,6.0,6.0,3,0.0,6.0,15,6.923076923076923,False,False,0.4,0.6666666666666679,3.0,,rank,False
AJ McLean,Cheryl Burke,Singer/Rapper,Florida,United States,42,29,Eliminated Week 9,7,2,"[7.0, 6.0, 6.0]",19.0,6.333333333333333,6.0,7.0,3,0.4714045207910317,5.0,15,6.95970695970696,False,False,0.3333333333333333,0.8000000000000007,3.0,18.0,rank,False
AJ McLean,Cheryl Burke,Singer/Rapper,Florida,United States,42,29,Eliminated Week 9,7,3,"[7.0, 7.0, 7.0]",21.0,7.0,7.0,7.0,3,0.0,7.0,14,7.473309608540925,False,False,0.5,0.928571428571427,3.0,18.5,rank,False
AJ McLean,Cheryl Burke,Singer/Rapper,Florida,United States,42,29,Eliminated Week 9,7,4,"[8.0, 8.0, 8.0]",24.0,8.0,8.0,8.0,3,0.0,3.0,13,7.973421926910299,False,False,0.23076923076923078,0.8461538461538467,4.0,19.333333333333332,rank,False
AJ McLean,Cheryl Burke,Singer/Rapper,Florida,United States,42,29,Eliminated Week 9,7,5,"[8.0, 8.0, 8.0]",24.0,8.0,8.0,8.0,3,0.0,5.0,12,8.362369337979095,False,False,0.4166666666666667,0.08333333333333215,5.0,20.5,rank,False
AJ McLean,Cheryl Burke,Singer/Rapper,Florida,United States,42,29,Eliminated Week 9,7,6,"[9.0, 9.0, 9.0]",27.0,9.0,9.0,9.0,3,0.0,1.0,11,10.074626865671641,False,False,0.09090909090909091,2.6363636363636367,0.0,21.2,rank,False
AJ McLean,Cheryl Burke,Singer/Rapper,Florida,United States,42,29,Eliminated Week 9,7,7,"[9.0, 8.0, 9.0]",26.0,8.666666666666666,8.0,9.0,3,0.4714045207910317,5.0,10,10.0,False,False,0.5,0.0,4.0,22.166666666666668,rank,False
AJ McLean,Cheryl Burke,Singer/Rapper,Florida,United States,42,29,Eliminated Week 9,7,8,"[9.0, 9.0, 9.0]",27.0,9.0,9.0,9.0,3,0.0,5.0,8,12.162184076007344,False,False,0.625,-0.7499499999999983,3.0,22.714285714285715,rank,False
AJ McLean,Cheryl Burke,Singer/Rapper,Florida,United States,42,29,Eliminated Week 9,7,9,"[7.6666, 8.6666, 8.6666]",24.9998,8.333266666666667,7.6666,8.6666,3,0.4714045207910321,6.0,7,12.953317941214266,True,True,0.8571428571428571,-2.5715142857142865,5.0001999999999995,23.25,rank,False
Anne Heche,Keo Motsepe,Actor/Actress,Ohio,United States,51,29,Eliminated Week 4,13,1,"[6.0, 6.0, 6.0]",18.0,6.0,6.0,6.0,3,0.0,6.0,15,6.923076923076923,False,False,0.4,0.6666666666666679,3.0,,rank,False
Anne Heche,Keo Motsepe,Actor/Actress,Ohio,United States,51,29,Eliminated Week 4,13,2,"[6.0, 6.0, 6.0]",18.0,6.0,6.0,6.0,3,0.0,6.0,15,6.593406593406594,False,False,0.4,-0.1999999999999993,4.0,18.0,rank,False
Anne Heche,Keo Motsepe,Actor/Actress,Ohio,United States,51,29,Eliminated Week 4,13,3,"[5.0, 5.0, 5.0]",15.0,5.0,5.0,5.0,3,0.0,13.0,14,5.338078291814947,False,False,0.9285714285714286,-5.071428571428573,9.0,18.0,rank,False
Anne Heche,Keo Motsepe,Actor/Actress,Ohio,United States,51,29,Eliminated Week 4,13,4,"[7.0, 7.0, 7.0]",21.0,7.0,7.0,7.0,3,0.0,10.0,13,6.976744186046512,True,True,0.7692307692307693,-2.1538461538461533,7.0,17.0,rank,False
Carole Baskin,Pasha Pashkov,TV Personality,Texas,United States,59,29,Eliminated Week 3,14,1,"[4.0, 4.0, 3.0]",11.0,3.6666666666666665,3.0,4.0,3,0.4714045207910317,15.0,15,4.230769230769231,False,False,1.0,-6.333333333333332,10.0,,rank,False
Carole Baskin,Pasha Pashkov,TV Personality,Texas,United States,59,29,Eliminated Week 3,14,2,"[6.0, 5.0, 5.0]",16.0,5.333333333333333,5.0,6.0,3,0.4714045207910317,12.0,15,5.86080586080586,False,False,0.8,-2.1999999999999993,6.0,11.0,rank,False
Carole Baskin,Pasha Pashkov,TV Personality,Texas,United States,59,29,Eliminated Week 3,14,3,"[5.0, 4.0, 3.0]",12.0,4.0,3.0,5.0,3,0.816496580927726,14.0,14,4.270462633451958,True,True,1.0,-8.071428571428573,12.0,13.5,rank,False
Charles Oakley,Emma Slater,Athlete,Ohio,United States,56,29,Eliminated Week 2,15,1,"[4.0, 4.0, 4.0]",12.0,4.0,4.0,4.0,3,0.0,14.0,15,4.615384615384616,False,False,0.9333333333333333,-5.333333333333332,9.0,,rank,False
Charles Oakley,Emma Slater,Athlete,Ohio,United States,56,29,Eliminated Week 2,15,2,"[5.0, 5.0, 5.0]",15.0,5.0,5.0,5.0,3,0.0,14.0,15,5.4945054945054945,True,True,0.9333333333333333,-3.1999999999999993,7.0,12.0,rank,False
Chrishell Stause,Gleb Savchenko,Actor/Actress,Kentucky,United States,39,29,Eliminated Week 8,8,1,"[4.0, 5.0, 4.0]",13.0,4.333333333333333,4.0,5.0,3,0.4714045207910317,13.0,15,5.0,False,False,0.8666666666666667,-4.333333333333332,8.0,,rank,False
Chrishell Stause,Gleb Savchenko,Actor/Actress,Kentucky,United States,39,29,Eliminated Week 8,8,2,"[6.0, 6.0, 6.0]",18.0,6.0,6.0,6.0,3,0.0,6.0,15,6.593406593406594,False,False,0.4,-0.1999999999999993,4.0,13.0,rank,False
Chrishell Stause,Gleb Savchenko,Actor/Actress,Kentucky,United States,39,29,Eliminated Week 8,8,3,"[7.0, 7.0, 8.0]",22.0,7.333333333333333,7.0,8.0,3,0.4714045207910317,4.0,14,7.829181494661921,False,False,0.2857142857142857,1.928571428571427,2.0,15.5,rank,False
Chrishell Stause,Gleb Savchenko,Actor/Actress,Kentucky,United States,39,29,Eliminated Week 8,8,4,"[7.0, 8.0, 7.0]",22.0,7.333333333333333,7.0,8.0,3,0.4714045207910317,8.0,13,7.308970099667775,False,False,0.6153846153846154,-1.1538461538461533,6.0,17.666666666666668,rank,False
Chrishell Stause,Gleb Savchenko,Actor/Actress,Kentucky,United States,39,29,Eliminated Week 8,8,5,"[6.0, 6.0, 7.0]",19.0,6.333333333333333,6.0,7.0,3,0.4714045207910317,11.0,12,6.620209059233449,False,False,0.9166666666666666,-4.916666666666668,10.0,18.75,rank,False
Chrishell Stause,Gleb Savchenko,Actor/Actress,Kentucky,United States,39,29,Eliminated Week 8,8,6,"[8.0, 8.0, 8.0]",24.0,8.0,8.0,8.0,3,0.0,7.0,11,8.955223880597014,False,False,0.6363636363636364,-0.3636363636363633,3.0,18.8,rank,False
Chrishell Stause,Gleb Savchenko,Actor/Actress,Kentucky,United States,39,29,Eliminated Week 8,8,7,"[9.0, 9.0, 8.0]",26.0,8.666666666666666,8.0,9.0,3,0.4714045207910317,5.0,10,10.0,False,False,0.5,0.0,4.0,19.666666666666668,rank,False
Chrishell Stause,Gleb Savchenko,Actor/Actress,Kentucky,United States,39,29,Eliminated Week 8,8,8,"[9.0, 9.0, 9.0]",27.0,9.0,9.0,9.0,3,0.0,5.0,8,12.162184076007344,True,True,0.625,-0.7499499999999983,3.0,20.571428571428573,rank,False
Jeannie Mai,Brandon Armstrong,TV Personality,California,United States,41,29,Withdrew,9,1,"[6.0, 6.0, 6.0]",18.0,6.0,6.0,6.0,3,0.0,6.0,15,6.923076923076923,False,False,0.4,0.6666666666666679,3.0,,rank,False
Jeannie Mai,Brandon Armstrong,TV Personality,California,United States,41,29,Withdrew,9,2,"[6.0, 6.0, 6.0]",18.0,6.0,6.0,6.0,3,0.0,6.0,15,6.593406593406594,False,False,0.4,-0.1999999999999993,4.0,18.0,rank,False
Jeannie Mai,Brandon Armstrong,TV Personality,California,United States,41,29,Withdrew,9,3,"[7.0, 7.0, 8.0]",22.0,7.333333333333333,7.0,8.0,3,0.4714045207910317,4.0,14,7.829181494661921,False,False,0.2857142857142857,1.928571428571427,2.0,18.0,rank,False
Jeannie Mai,Brandon Armstrong,TV Personality,California,United States,41,29,Withdrew,9,4,"[7.0, 7.0, 7.0]",21.0,7.0,7.0,7.0,3,0.0,10.0,13,6.976744186046512,False,False,0.7692307692307693,-2.1538461538461533,7.0,19.333333333333332,rank,False
Jeannie Mai,Brandon Armstrong,TV Personality,California,United States,41,29,Withdrew,9,5,"[8.0, 8.0, 8.0]",24.0,8.0,8.0,8.0,3,0.0,5.0,12,8.362369337979095,False,False,0.4166666666666667,0.08333333333333215,5.0,19.75,rank,False
Jeannie Mai,Brandon Armstrong,TV Personality,California,United States,41,29,Withdrew,9,6,"[8.0, 8.0, 9.0]",25.0,8.333333333333334,8.0,9.0,3,0.4714045207910317,6.0,11,9.328358208955224,False,False,0.5454545454545454,0.6363636363636367,2.0,20.6,rank,False
Jeannie Mai,Brandon Armstrong,TV Personality,California,United States,41,29,Withdrew,9,7,"[8.0, 9.0, 8.0]",25.0,8.333333333333334,8.0,9.0,3,0.4714045207910317,8.0,10,9.615384615384617,True,True,0.8,-1.0,5.0,21.333333333333332,rank,False
Jesse Metcalfe,Sharna Burgess,Actor/Actress,California,United States,41,29,Eliminated Week 5,12,1,"[6.0, 6.0, 6.0]",18.0,6.0,6.0,6.0,3,0.0,6.0,15,6.923076923076923,False,False,0.4,0.6666666666666679,3.0,,rank,False
Jesse Metcalfe,Sharna Burgess,Actor/Actress,California,United States,41,29,Eliminated Week 5,12,2,"[7.0, 7.0, 6.0]",20.0,6.666666666666667,6.0,7.0,3,0.4714045207910317,4.0,15,7.326007326007327,False,False,0.26666666666666666,1.8000000000000007,2.0,18.0,rank,False
Jesse Metcalfe,Sharna Burgess,Actor/Actress,California,United States,41,29,Eliminated Week 5,12,3,"[7.0, 6.0, 7.0]",20.0,6.666666666666667,6.0,7.0,3,0.4714045207910317,9.0,14,7.11743772241993,False,False,0.6428571428571429,-0.07142857142857295,4.0,19.0,rank,False
Jesse Metcalfe,Sharna Burgess,Actor/Actress,California,United States,41,29,Eliminated Week 5,12,4,"[7.0, 7.0, 7.0]",21.0,7.0,7.0,7.0,3,0.0,10.0,13,6.976744186046512,False,False,0.7692307692307693,-2.1538461538461533,7.0,19.333333333333332,rank,False
Jesse Metcalfe,Sharna Burgess,Actor/Actress,California,United States,41,29,Eliminated Week 5,12,5,"[7.0, 6.0, 6.0]",19.0,6.333333333333333,6.0,7.0,3,0.4714045207910317,11.0,12,6.620209059233449,True,True,0.9166666666666666,-4.916666666666668,10.0,19.75,rank,False
Johnny Weir,Britt Stewart,Athlete,Pennsylvania,United States,36,29,Eliminated Week 10,6,1,"[6.0, 6.0, 6.0]",18.0,6.0,6.0,6.0,3,0.0,6.0,15,6.923076923076923,False,False,0.4,0.6666666666666679,3.0,,rank,False
Johnny Weir,Britt Stewart,Athlete,Pennsylvania,United States,36,29,Eliminated Week 10,6,2,"[6.0, 6.0, 6.0]",18.0,6.0,6.0,6.0,3,0.0,6.0,15,6.593406593406594,False,False,0.4,-0.1999999999999993,4.0,18.0,rank,False
Johnny Weir,Britt Stewart,Athlete,Pennsylvania,United States,36,29,Eliminated Week 10,6,3,"[8.0, 8.0, 8.0]",24.0,8.0,8.0,8.0,3,0.0,1.0,14,8.540925266903916,False,False,0.07142857142857142,3.928571428571427,0.0,18.0,rank,False
Johnny Weir,Britt Stewart,Athlete,Pennsylvania,United States,36,29,Eliminated Week 10,6,4,"[8.0, 8.0, 8.0]",24.0,8.0,8.0,8.0,3,0.0,3.0,13,7.973421926910299,False,False,0.23076923076923078,0.8461538461538467,4.0,20.0,rank,False
Johnny Weir,Britt Stewart,Athlete,Pennsylvania,United States,36,29,Eliminated Week 10,6,5,"[10.0, 10.0, 9.0]",29.0,9.666666666666666,9.0,10.0,3,0.4714045207910317,1.0,12,10.104529616724738,False,False,0.08333333333333333,5.083333333333332,0.0,21.0,rank,False
Johnny Weir,Britt Stewart,Athlete,Pennsylvania,United States,36,29,Eliminated Week 10,6,6,"[7.0, 8.0, 7.0]",22.0,7.333333333333333,7.0,8.0,3,0.4714045207910317,9.0,11,8.208955223880597,False,False,0.8181818181818182,-2.3636363636363633,5.0,22.6,rank,False
Johnny Weir,Britt Stewart,Athlete,Pennsylvania,United States,36,29,Eliminated Week 10,6,7,"[9.0, 9.0, 9.0]",27.0,9.0,9.0,9.0,3,0.0,2.0,10,10.384615384615385,False,False,0.2,1.0,3.0,22.5,rank,False
Johnny Weir,Britt Stewart,Athlete,Pennsylvania,United States,36,29,Eliminated Week 10,6,8,"[10.0, 10.0, 10.0]",30.0,10.0,10.0,10.0,3,0.0,1.0,8,13.513537862230383,False,False,0.125,2.2500500000000017,0.0,23.142857142857142,rank,False
Johnny Weir,Britt Stewart,Athlete,Pennsylvania,United States,36,29,Eliminated Week 10,6,9,"[10.0, 10.0, 10.0]",30.0,10.0,10.0,10.0,3,0.0,1.0,7,15.544105882304175,False,False,0.14285714285714285,2.428685714285713,0.0,24.0,rank,False
Johnny Weir,Britt Stewart,Athlete,Pennsylvania,United States,36,29,Eliminated Week 10,6,10,"[9.5, 9.5, 9.5]",28.5,9.5,9.5,9.5,3,0.0,4.0,6,16.379310344827587,True,True,0.6666666666666666,-0.5,1.5,24.666666666666668,rank,False
Justina Machado,Sasha Farber,Actor/Actress,Illinois,United States,48,29,4th Place,4,1,"[7.0, 7.0, 7.0]",21.0,7.0,7.0,7.0,3,0.0,1.0,15,8.076923076923077,False,False,0.06666666666666667,3.666666666666668,0.0,,rank,False
Justina Machado,Sasha Farber,Actor/Actress,Illinois,United States,48,29,4th Place,4,2,"[7.0, 7.0, 7.0]",21.0,7.0,7.0,7.0,3,0.0,2.0,15,7.6923076923076925,False,False,0.13333333333333333,2.8000000000000007,1.0,21.0,rank,False
Justina Machado,Sasha Farber,Actor/Actress,Illinois,United States,48,29,4th Place,4,3,"[7.0, 6.0, 6.0]",19.0,6.333333333333333,6.0,7.0,3,0.4714045207910317,10.0,14,6.761565836298933,False,False,0.7142857142857143,-1.071428571428573,5.0,21.0,rank,False
Justina Machado,Sasha Farber,Actor/Actress,Illinois,United States,48,29,4th Place,4,4,"[8.0, 8.0, 8.0]",24.0,8.0,8.0,8.0,3,0.0,3.0,13,7.973421926910299,False,False,0.23076923076923078,0.8461538461538467,4.0,20.333333333333332,rank,False
Justina Machado,Sasha Farber,Actor/Actress,Illinois,United States,48,29,4th Place,4,5,"[8.0, 8.0, 8.0]",24.0,8.0,8.0,8.0,3,0.0,5.0,12,8.362369337979095,False,False,0.4166666666666667,0.08333333333333215,5.0,21.25,rank,False
Justina Machado,Sasha Farber,Actor/Actress,Illinois,United States,48,29,4th Place,4,6,"[9.0, 9.0, 9.0]",27.0,9.0,9.0,9.0,3,0.0,1.0,11,10.074626865671641,False,False,0.09090909090909091,2.6363636363636367,0.0,21.8,rank,False
Justina Machado,Sasha Farber,Actor/Actress,Illinois,United States,48,29,4th Place,4,7,"[9.0, 9.0, 8.0]",26.0,8.666666666666666,8.0,9.0,3,0.4714045207910317,5.0,10,10.0,False,False,0.5,0.0,4.0,22.666666666666668,rank,False
Justina Machado,Sasha Farber,Actor/Actress,Illinois,United States,48,29,4th Place,4,8,"[9.6666, 9.6666, 9.6666]",28.9998,9.6666,9.6666,9.6666,3,0.0,3.0,8,13.062996509903623,False,False,0.375,1.2498500000000021,1.0001999999999995,23.142857142857142,rank,False
Justina Machado,Sasha Farber,Actor/Actress,Illinois,United States,48,29,4th Place,4,9,"[8.6666, 8.6666, 8.6666]",25.9998,8.6666,8.6666,8.6666,3,0.0,5.0,7,13.471454803957736,False,False,0.7142857142857143,-1.5715142857142865,4.0001999999999995,23.874975,rank,False
Justina Machado,Sasha Farber,Actor/Actress,Illinois,United States,48,29,4th Place,4,10,"[9.5, 10.0, 9.5]",29.0,9.666666666666666,9.5,10.0,3,0.23570226039551584,3.0,6,16.666666666666664,False,False,0.5,0.0,1.0,24.111066666666666,rank,False
Justina Machado,Sasha Farber,Actor/Actress,Illinois,United States,48,29,4th Place,4,11,"[10.0, 10.0, 10.0]",30.0,10.0,10.0,10.0,3,0.0,1.0,4,25.31645569620253,True,True,0.25,0.375,0.0,24.59996,rank,False
Kaitlyn Bristowe,Artem Chigvintsev,TV Personality,Non-US,Canada,35,29,1st Place,1,1,"[6.0, 7.0, 7.0]",20.0,6.666666666666667,6.0,7.0,3,0.4714045207910317,3.0,15,7.6923076923076925,False,False,0.2,2.666666666666668,1.0,,rank,False
Kaitlyn Bristowe,Artem Chigvintsev,TV Personality,Non-US,Canada,35,29,1st Place,1,2,"[7.0, 8.0, 7.0]",22.0,7.333333333333333,7.0,8.0,3,0.4714045207910317,1.0,15,8.058608058608058,False,False,0.06666666666666667,3.8000000000000007,0.0,20.0,rank,False
Kaitlyn Bristowe,Artem Chigvintsev,TV Personality,Non-US,Canada,35,29,1st Place,1,3,"[8.0, 7.0, 8.0]",23.0,7.666666666666667,7.0,8.0,3,0.4714045207910317,3.0,14,8.185053380782918,False,False,0.21428571428571427,2.928571428571427,1.0,21.0,rank,False
Kaitlyn Bristowe,Artem Chigvintsev,TV Personality,Non-US,Canada,35,29,1st Place,1,4,"[9.0, 8.0, 8.0]",25.0,8.333333333333334,8.0,9.0,3,0.4714045207910317,2.0,13,8.305647840531561,False,False,0.15384615384615385,1.8461538461538467,3.0,21.666666666666668,rank,False
Kaitlyn Bristowe,Artem Chigvintsev,TV Personality,Non-US,Canada,35,29,1st Place,1,5,"[9.0, 9.0, 9.0]",27.0,9.0,9.0,9.0,3,0.0,2.0,12,9.40766550522648,False,False,0.16666666666666666,3.083333333333332,2.0,22.5,rank,False
Kaitlyn Bristowe,Artem Chigvintsev,TV Personality,Non-US,Canada,35,29,1st Place,1,6,"[9.0, 9.0, 9.0]",27.0,9.0,9.0,9.0,3,0.0,1.0,11,10.074626865671641,False,False,0.09090909090909091,2.6363636363636367,0.0,23.4,rank,False
Kaitlyn Bristowe,Artem Chigvintsev,TV Personality,Non-US,Canada,35,29,1st Place,1,7,"[7.0, 9.0, 8.0]",24.0,8.0,7.0,9.0,3,0.816496580927726,9.0,10,9.230769230769232,False,False,0.9,-2.0,6.0,24.0,rank,False
Kaitlyn Bristowe,Artem Chigvintsev,TV Personality,Non-US,Canada,35,29,1st Place,1,8,"[9.0, 10.0, 9.0]",28.0,9.333333333333334,9.0,10.0,3,0.4714045207910317,4.0,8,12.61263533808169,False,False,0.5,0.25005000000000166,2.0,24.0,rank,False
Kaitlyn Bristowe,Artem Chigvintsev,TV Personality,Non-US,Canada,35,29,1st Place,1,9,"[10.0, 10.0, 10.0]",30.0,10.0,10.0,10.0,3,0.0,1.0,7,15.544105882304175,False,False,0.14285714285714285,2.428685714285713,0.0,24.5,rank,False
Kaitlyn Bristowe,Artem Chigvintsev,TV Personality,Non-US,Canada,35,29,1st Place,1,10,"[10.0, 10.0, 10.0]",30.0,10.0,10.0,10.0,3,0.0,1.0,6,17.24137931034483,False,False,0.16666666666666666,1.0,0.0,25.11111111111111,rank,False
Kaitlyn Bristowe,Artem Chigvintsev,TV Personality,Non-US,Canada,35,29,1st Place,1,11,"[10.0, 10.0, 10.0]",30.0,10.0,10.0,10.0,3,0.0,1.0,4,25.31645569620253,True,False,0.25,0.375,0.0,25.6,rank,False
Monica Aldama,Valentin Chmerkovskiy,TV Personality,Alabama,United States,48,29,Eliminated Week 7,10,1,"[6.0, 7.0, 6.0]",19.0,6.333333333333333,6.0,7.0,3,0.4714045207910317,5.0,15,7.307692307692308,False,False,0.3333333333333333,1.6666666666666679,2.0,,rank,False
Monica Aldama,Valentin Chmerkovskiy,TV Personality,Alabama,United States,48,29,Eliminated Week 7,10,2,"[5.0, 6.0, 5.0]",16.0,5.333333333333333,5.0,6.0,3,0.4714045207910317,12.0,15,5.86080586080586,False,False,0.8,-2.1999999999999993,6.0,19.0,rank,False
Monica Aldama,Valentin Chmerkovskiy,TV Personality,Alabama,United States,48,29,Eliminated Week 7,10,3,"[7.0, 7.0, 7.0]",21.0,7.0,7.0,7.0,3,0.0,7.0,14,7.473309608540925,False,False,0.5,0.928571428571427,3.0,17.5,rank,False
Monica Aldama,Valentin Chmerkovskiy,TV Personality,Alabama,United States,48,29,Eliminated Week 7,10,4,"[8.0, 8.0, 8.0]",24.0,8.0,8.0,8.0,3,0.0,3.0,13,7.973421926910299,False,False,0.23076923076923078,0.8461538461538467,4.0,18.666666666666668,rank,False
Monica Aldama,Valentin Chmerkovskiy,TV Personality,Alabama,United States,48,29,Eliminated Week 7,10,5,"[9.0, 9.0, 8.0]",26.0,8.666666666666666,8.0,9.0,3,0.4714045207910317,3.0,12,9.059233449477352,False,False,0.25,2.083333333333332,3.0,20.0,rank,False
Monica Aldama,Valentin Chmerkovskiy,TV Personality,Alabama,United States,48,29,Eliminated Week 7,10,6,"[9.0, 9.0, 9.0]",27.0,9.0,9.0,9.0,3,0.0,1.0,11,10.074626865671641,False,False,0.09090909090909091,2.6363636363636367,0.0,21.2,rank,False
Monica Aldama,Valentin Chmerkovskiy,TV Personality,Alabama,United States,48,29,Eliminated Week 7,10,7,"[7.0, 8.0, 7.0]",22.0,7.333333333333333,7.0,8.0,3,0.4714045207910317,10.0,10,8.461538461538462,True,True,1.0,-4.0,8.0,22.166666666666668,rank,False
Nelly,Daniella Karagach,Singer/Rapper,Texas,United States,45,29,3rd Place,3,1,"[5.0, 5.0, 6.0]",16.0,5.333333333333333,5.0,6.0,3,0.4714045207910317,12.0,15,6.153846153846154,False,False,0.8,-1.3333333333333321,5.0,,rank,False
Nelly,Daniella Karagach,Singer/Rapper,Texas,United States,45,29,3rd Place,3,2,"[6.0, 6.0, 6.0]",18.0,6.0,6.0,6.0,3,0.0,6.0,15,6.593406593406594,False,False,0.4,-0.1999999999999993,4.0,16.0,rank,False
Nelly,Daniella Karagach,Singer/Rapper,Texas,United States,45,29,3rd Place,3,3,"[6.0, 6.0, 6.0]",18.0,6.0,6.0,6.0,3,0.0,11.0,14,6.405693950177936,False,False,0.7857142857142857,-2.071428571428573,6.0,17.0,rank,False
Nelly,Daniella Karagach,Singer/Rapper,Texas,United States,45,29,3rd Place,3,4,"[7.0, 7.0, 7.0]",21.0,7.0,7.0,7.0,3,0.0,10.0,13,6.976744186046512,False,False,0.7692307692307693,-2.1538461538461533,7.0,17.333333333333332,rank,False
Nelly,Daniella Karagach,Singer/Rapper,Texas,United States,45,29,3rd Place,3,5,"[8.0, 8.0, 8.0]",24.0,8.0,8.0,8.0,3,0.0,5.0,12,8.362369337979095,False,False,0.4166666666666667,0.08333333333333215,5.0,18.25,rank,False
Nelly,Daniella Karagach,Singer/Rapper,Texas,United States,45,29,3rd Place,3,6,"[8.0, 8.0, 8.0]",24.0,8.0,8.0,8.0,3,0.0,7.0,11,8.955223880597014,False,False,0.6363636363636364,-0.3636363636363633,3.0,19.4,rank,False
Nelly,Daniella Karagach,Singer/Rapper,Texas,United States,45,29,3rd Place,3,7,"[9.0, 9.0, 9.0]",27.0,9.0,9.0,9.0,3,0.0,2.0,10,10.384615384615385,False,False,0.2,1.0,3.0,20.166666666666668,rank,False
Nelly,Daniella Karagach,Singer/Rapper,Texas,United States,45,29,3rd Place,3,8,"[8.0, 8.0, 8.0]",24.0,8.0,8.0,8.0,3,0.0,8.0,8,10.810830289784306,False,False,1.0,-3.7499499999999983,6.0,21.142857142857142,rank,False
Nelly,Daniella Karagach,Singer/Rapper,Texas,United States,45,29,3rd Place,3,9,"[8.0, 8.0, 8.0]",24.0,8.0,8.0,8.0,3,0.0,7.0,7,12.43528470584334,False,False,1.0,-3.571314285714287,6.0,21.5,rank,False
Nelly,Daniella Karagach,Singer/Rapper,Texas,United States,45,29,3rd Place,3,10,"[9.5, 9.0, 9.5]",28.0,9.333333333333334,9.0,9.5,3,0.23570226039551584,6.0,6,16.091954022988507,False,False,1.0,-1.0,2.0,21.77777777777778,rank,False
Nelly,Daniella Karagach,Singer/Rapper,Texas,United States,45,29,3rd Place,3,11,"[9.5, 9.5, 9.5]",28.5,9.5,9.5,9.5,3,0.0,4.0,4,24.050632911392405,True,False,1.0,-1.125,1.5,22.4,rank,False
Nev Schulman,Jenna Johnson,Producer,New York,United States,35,29,2nd Place,2,1,"[7.0, 7.0, 6.0]",20.0,6.666666666666667,6.0,7.0,3,0.4714045207910317,3.0,15,7.6923076923076925,False,False,0.2,2.666666666666668,1.0,,rank,False
Nev Schulman,Jenna Johnson,Producer,New York,United States,35,29,2nd Place,2,2,"[7.0, 7.0, 7.0]",21.0,7.0,7.0,7.0,3,0.0,2.0,15,7.6923076923076925,False,False,0.13333333333333333,2.8000000000000007,1.0,20.0,rank,False
Nev Schulman,Jenna Johnson,Producer,New York,United States,35,29,2nd Place,2,3,"[8.0, 8.0, 8.0]",24.0,8.0,8.0,8.0,3,0.0,1.0,14,8.540925266903916,False,False,0.07142857142857142,3.928571428571427,0.0,20.5,rank,False
Nev Schulman,Jenna Johnson,Producer,New York,United States,35,29,2nd Place,2,4,"[8.0, 8.0, 8.0]",24.0,8.0,8.0,8.0,3,0.0,3.0,13,7.973421926910299,False,False,0.23076923076923078,0.8461538461538467,4.0,21.666666666666668,rank,False
Nev Schulman,Jenna Johnson,Producer,New York,United States,35,29,2nd Place,2,5,"[8.0, 9.0, 9.0]",26.0,8.666666666666666,8.0,9.0,3,0.4714045207910317,3.0,12,9.059233449477352,False,False,0.25,2.083333333333332,3.0,22.25,rank,False
Nev Schulman,Jenna Johnson,Producer,New York,United States,35,29,2nd Place,2,6,"[9.0, 9.0, 8.0]",26.0,8.666666666666666,8.0,9.0,3,0.4714045207910317,5.0,11,9.701492537313433,False,False,0.45454545454545453,1.6363636363636367,1.0,23.0,rank,False
Nev Schulman,Jenna Johnson,Producer,New York,United States,35,29,2nd Place,2,7,"[10.0, 10.0, 10.0]",30.0,10.0,10.0,10.0,3,0.0,1.0,10,11.538461538461538,False,False,0.1,4.0,0.0,23.5,rank,False
Nev Schulman,Jenna Johnson,Producer,New York,United States,35,29,2nd Place,2,8,"[10.0, 10.0, 10.0]",30.0,10.0,10.0,10.0,3,0.0,1.0,8,13.513537862230383,False,False,0.125,2.2500500000000017,0.0,24.428571428571427,rank,False
Nev Schulman,Jenna Johnson,Producer,New York,United States,35,29,2nd Place,2,9,"[9.6666, 9.6666, 9.6666]",28.9998,9.6666,9.6666,9.6666,3,0.0,3.0,7,15.025865392188154,False,False,0.42857142857142855,1.4284857142857135,1.0001999999999995,25.125,rank,False
Nev Schulman,Jenna Johnson,Producer,New York,United States,35,29,2nd Place,2,10,"[10.0, 10.0, 10.0]",30.0,10.0,10.0,10.0,3,0.0,1.0,6,17.24137931034483,False,False,0.16666666666666666,1.0,0.0,25.555533333333333,rank,False
Nev Schulman,Jenna Johnson,Producer,New York,United States,35,29,2nd Place,2,11,"[10.0, 10.0, 10.0]",30.0,10.0,10.0,10.0,3,0.0,1.0,4,25.31645569620253,True,False,0.25,0.375,0.0,25.99998,rank,False
Skai Jackson,Alan Bersten,Actor/Actress,New York,United States,18,29,Eliminated Week 10,5,1,"[7.0, 7.0, 7.0]",21.0,7.0,7.0,7.0,3,0.0,1.0,15,8.076923076923077,False,False,0.06666666666666667,3.666666666666668,0.0,,rank,False
Skai Jackson,Alan Bersten,Actor/Actress,New York,United States,18,29,Eliminated Week 10,5,2,"[5.0, 5.0, 5.0]",15.0,5.0,5.0,5.0,3,0.0,14.0,15,5.4945054945054945,False,False,0.9333333333333333,-3.1999999999999993,7.0,21.0,rank,False
Skai Jackson,Alan Bersten,Actor/Actress,New York,United States,18,29,Eliminated Week 10,5,3,"[6.0, 6.0, 6.0]",18.0,6.0,6.0,6.0,3,0.0,11.0,14,6.405693950177936,False,False,0.7857142857142857,-2.071428571428573,6.0,18.0,rank,False
Skai Jackson,Alan Bersten,Actor/Actress,New York,United States,18,29,Eliminated Week 10,5,4,"[10.0, 9.0, 9.0]",28.0,9.333333333333334,9.0,10.0,3,0.4714045207910317,1.0,13,9.30232558139535,False,False,0.07692307692307693,4.846153846153847,0.0,18.0,rank,False
Skai Jackson,Alan Bersten,Actor/Actress,New York,United States,18,29,Eliminated Week 10,5,5,"[8.0, 8.0, 8.0]",24.0,8.0,8.0,8.0,3,0.0,5.0,12,8.362369337979095,False,False,0.4166666666666667,0.08333333333333215,5.0,20.5,rank,False
Skai Jackson,Alan Bersten,Actor/Actress,New York,United States,18,29,Eliminated Week 10,5,6,"[6.0, 6.0, 6.0]",18.0,6.0,6.0,6.0,3,0.0,11.0,11,6.7164179104477615,False,False,1.0,-6.363636363636363,9.0,21.2,rank,False
Skai Jackson,Alan Bersten,Actor/Actress,New York,United States,18,29,Eliminated Week 10,5,7,"[9.0, 9.0, 9.0]",27.0,9.0,9.0,9.0,3,0.0,2.0,10,10.384615384615385,False,False,0.2,1.0,3.0,20.666666666666668,rank,False
Skai Jackson,Alan Bersten,Actor/Actress,New York,United States,18,29,Eliminated Week 10,5,8,"[8.6666, 9.6666, 8.6666]",26.9998,8.999933333333333,8.6666,9.6666,3,0.4714045207910317,7.0,8,12.16209398575493,False,False,0.875,-0.7501499999999979,3.0001999999999995,21.571428571428573,rank,False
Skai Jackson,Alan Bersten,Actor/Actress,New York,United States,18,29,Eliminated Week 10,5,9,"[9.6666, 9.6666, 9.6666]",28.9998,9.6666,9.6666,9.6666,3,0.0,3.0,7,15.025865392188154,False,False,0.42857142857142855,1.4284857142857135,1.0001999999999995,22.249975,rank,False
Skai Jackson,Alan Bersten,Actor/Actress,New York,United States,18,29,Eliminated Week 10,5,10,"[9.5, 9.5, 9.5]",28.5,9.5,9.5,9.5,3,0.0,4.0,6,16.379310344827587,True,True,0.6666666666666666,-0.5,1.5,22.999955555555555,rank,False
Veron Davis,Peta Murgatroyd,Athlete,Washington D.C.,United States,36,29,Eliminated Week 6,11,1,"[5.0, 6.0, 6.0]",17.0,5.666666666666667,5.0,6.0,3,0.4714045207910317,11.0,15,6.538461538461539,False,False,0.7333333333333333,-0.33333333333333215,4.0,,rank,False
Veron Davis,Peta Murgatroyd,Athlete,Washington D.C.,United States,36,29,Eliminated Week 6,11,2,"[6.0, 6.0, 6.0]",18.0,6.0,6.0,6.0,3,0.0,6.0,15,6.593406593406594,False,False,0.4,-0.1999999999999993,4.0,17.0,rank,False
Veron Davis,Peta Murgatroyd,Athlete,Washington D.C.,United States,36,29,Eliminated Week 6,11,3,"[8.0, 7.0, 7.0]",22.0,7.333333333333333,7.0,8.0,3,0.4714045207910317,4.0,14,7.829181494661921,False,False,0.2857142857142857,1.928571428571427,2.0,17.5,rank,False
Veron Davis,Peta Murgatroyd,Athlete,Washington D.C.,United States,36,29,Eliminated Week 6,11,4,"[8.0, 7.0, 7.0]",22.0,7.333333333333333,7.0,8.0,3,0.4714045207910317,8.0,13,7.308970099667775,False,False,0.6153846153846154,-1.1538461538461533,6.0,19.0,rank,False
Veron Davis,Peta Murgatroyd,Athlete,Washington D.C.,United States,36,29,Eliminated Week 6,11,5,"[7.0, 7.0, 7.0]",21.0,7.0,7.0,7.0,3,0.0,10.0,12,7.317073170731707,False,False,0.8333333333333334,-2.916666666666668,8.0,19.75,rank,False
Veron Davis,Peta Murgatroyd,Athlete,Washington D.C.,United States,36,29,Eliminated Week 6,11,6,"[7.0, 7.0, 7.0]",21.0,7.0,7.0,7.0,3,0.0,10.0,11,7.835820895522389,True,True,0.9090909090909091,-3.3636363636363633,6.0,20.0,rank,False
Amanda Kloots,Alan Bersten,TV Personality,Ohio,United States,39,30,4th Place,4,1,"[7.0, 7.0, 7.0, 7.0]",28.0,7.0,7.0,7.0,4,0.0,2.0,15,7.650273224043716,False,False,0.13333333333333333,3.6000000000000014,1.0,,rank,False
Amanda Kloots,Alan Bersten,TV Personality,Ohio,United States,39,30,4th Place,4,2,"[8.0, 8.0, 8.0, 8.0]",32.0,8.0,8.0,8.0,4,0.0,1.0,15,8.311688311688311,False,False,0.06666666666666667,6.333333333333332,0.0,28.0,rank,False
Amanda Kloots,Alan Bersten,TV Personality,Ohio,United States,39,30,4th Place,4,3,"[8.0, 8.0, 8.0]",24.0,8.0,8.0,8.0,3,0.0,1.0,14,8.053691275167784,False,False,0.07142857142857142,2.7142857142857153,0.0,30.0,rank,False
Amanda Kloots,Alan Bersten,TV Personality,Ohio,United States,39,30,4th Place,4,4,"[8.5, 8.5, 8.5, 8.5]",34.0,8.5,8.5,8.5,4,0.0,4.0,13,8.15347721822542,False,False,0.3076923076923077,1.9230769230769198,2.5,28.0,rank,False
Amanda Kloots,Alan Bersten,TV Personality,Ohio,United States,39,30,4th Place,4,5,"[10.0, 10.0, 9.0, 10.0]",39.0,9.75,9.0,10.0,4,0.4330127018922193,2.0,11,10.129870129870131,False,False,0.18181818181818182,4.0,1.0,29.5,rank,False
Amanda Kloots,Alan Bersten,TV Personality,Ohio,United States,39,30,4th Place,4,6,"[9.0, 9.0, 10.0, 10.0]",38.0,9.5,9.0,10.0,4,0.5,3.0,10,10.43956043956044,False,False,0.3,1.6000000000000014,2.0,31.4,rank,False
Amanda Kloots,Alan Bersten,TV Personality,Ohio,United States,39,30,4th Place,4,7,"[8.25, 8.25, 8.25, 9.25]",34.0,8.5,8.25,9.25,4,0.4330127018922193,6.0,9,10.397553516819572,False,False,0.6666666666666666,-2.3333333333333357,8.0,32.5,rank,False
Amanda Kloots,Alan Bersten,TV Personality,Ohio,United States,39,30,4th Place,4,8,"[10.5, 10.5, 10.5, 10.5]",42.0,10.5,10.5,10.5,4,0.0,1.0,8,13.636363636363635,False,False,0.125,3.5,0.0,32.714285714285715,rank,False
Amanda Kloots,Alan Bersten,TV Personality,Ohio,United States,39,30,4th Place,4,9,"[9.5, 10.0, 10.0, 10.0]",39.5,9.875,9.5,10.0,4,0.21650635094610965,2.0,6,17.47787610619469,False,False,0.3333333333333333,1.8333333333333357,0.5,33.875,rank,False
Amanda Kloots,Alan Bersten,TV Personality,Ohio,United States,39,30,4th Place,4,10,"[9.5, 10.0, 9.5, 10.0]",39.0,9.75,9.5,10.0,4,0.25,3.0,4,24.840764331210192,True,True,0.75,-0.25,1.0,34.5,rank,False
Brian Austin Green,Sharna Burgess,Actor/Actress,California,United States,48,30,Eliminated Week 4,13,1,"[6.0, 6.0, 6.0, 6.0]",24.0,6.0,6.0,6.0,4,0.0,9.0,15,6.557377049180328,False,False,0.6,-0.3999999999999986,5.0,,rank,False
Brian Austin Green,Sharna Burgess,Actor/Actress,California,United States,48,30,Eliminated Week 4,13,2,"[6.0, 5.0, 6.0, 6.0]",23.0,5.75,5.0,6.0,4,0.4330127018922193,13.0,15,5.974025974025974,False,False,0.8666666666666667,-2.666666666666668,9.0,24.0,rank,False
Brian Austin Green,Sharna Burgess,Actor/Actress,California,United States,48,30,Eliminated Week 4,13,3,"[7.0, 6.0, 6.0]",19.0,6.333333333333333,6.0,7.0,3,0.4714045207910317,12.0,14,6.375838926174497,False,False,0.8571428571428571,-2.2857142857142847,5.0,23.5,rank,False
Brian Austin Green,Sharna Burgess,Actor/Actress,California,United States,48,30,Eliminated Week 4,13,4,"[6.5, 6.0, 7.0, 6.5]",26.0,6.5,6.0,7.0,4,0.3535533905932738,13.0,13,6.235011990407674,True,True,1.0,-6.07692307692308,10.5,22.0,rank,False
Christine Chiu,Pasha Pashkov,TV Personality,Non-US,Taiwan China,38,30,Eliminated Week 3,14,1,"[6.0, 7.0, 6.0, 6.0]",25.0,6.25,6.0,7.0,4,0.4330127018922193,7.0,15,6.830601092896176,False,False,0.4666666666666667,0.6000000000000014,4.0,,rank,False
Christine Chiu,Pasha Pashkov,TV Personality,Non-US,Taiwan China,38,30,Eliminated Week 3,14,2,"[6.0, 6.0, 6.0, 6.0]",24.0,6.0,6.0,6.0,4,0.0,10.0,15,6.233766233766234,False,False,0.6666666666666666,-1.6666666666666679,8.0,25.0,rank,False
Christine Chiu,Pasha Pashkov,TV Personality,Non-US,Taiwan China,38,30,Eliminated Week 3,14,3,"[7.0, 7.0, 7.0]",21.0,7.0,7.0,7.0,3,0.0,7.0,14,7.046979865771812,True,True,0.5,-0.2857142857142847,3.0,24.5,rank,False
Cody Rigsby,Cheryl Burke,Fitness Instructor,California,United States,34,30,3rd Place,3,1,"[6.0, 6.0, 6.0, 6.0]",24.0,6.0,6.0,6.0,4,0.0,9.0,15,6.557377049180328,False,False,0.6,-0.3999999999999986,5.0,,rank,False
Cody Rigsby,Cheryl Burke,Fitness Instructor,California,United States,34,30,3rd Place,3,2,"[6.0, 6.0, 6.0, 6.0]",24.0,6.0,6.0,6.0,4,0.0,10.0,15,6.233766233766234,False,False,0.6666666666666666,-1.6666666666666679,8.0,24.0,rank,False
Cody Rigsby,Cheryl Burke,Fitness Instructor,California,United States,34,30,3rd Place,3,3,"[6.0, 6.0, 6.0]",18.0,6.0,6.0,6.0,3,0.0,14.0,14,6.0402684563758395,False,False,1.0,-3.2857142857142847,6.0,24.0,rank,False
Cody Rigsby,Cheryl Burke,Fitness Instructor,California,United States,34,30,3rd Place,3,4,"[7.5, 6.5, 7.5, 7.5]",29.0,7.25,6.5,7.5,4,0.4330127018922193,11.0,13,6.954436450839328,False,False,0.8461538461538461,-3.07692307692308,7.5,22.0,rank,False
Cody Rigsby,Cheryl Burke,Fitness Instructor,California,United States,34,30,3rd Place,3,5,"[8.0, 8.0, 8.0, 8.0]",32.0,8.0,8.0,8.0,4,0.0,9.0,11,8.311688311688311,False,False,0.8181818181818182,-3.0,8.0,23.75,rank,False
Cody Rigsby,Cheryl Burke,Fitness Instructor,California,United States,34,30,3rd Place,3,6,"[9.0, 9.0, 9.0, 9.0]",36.0,9.0,9.0,9.0,4,0.0,5.0,10,9.89010989010989,False,False,0.5,-0.3999999999999986,4.0,25.4,rank,False
Cody Rigsby,Cheryl Burke,Fitness Instructor,California,United States,34,30,3rd Place,3,7,"[8.5, 8.5, 9.5, 9.5]",36.0,9.0,8.5,9.5,4,0.5,5.0,9,11.009174311926607,False,False,0.5555555555555556,-0.3333333333333357,6.0,27.166666666666668,rank,False
Cody Rigsby,Cheryl Burke,Fitness Instructor,California,United States,34,30,3rd Place,3,8,"[10.0, 10.0, 9.0, 9.0]",38.0,9.5,9.0,10.0,4,0.5,5.0,8,12.337662337662337,False,False,0.625,-0.5,4.0,28.428571428571427,rank,False
Cody Rigsby,Cheryl Burke,Fitness Instructor,California,United States,34,30,3rd Place,3,9,"[9.0, 9.0, 8.5, 9.0]",35.5,8.875,8.5,9.0,4,0.21650635094610965,6.0,6,15.70796460176991,False,False,1.0,-2.1666666666666643,4.5,29.625,rank,False
Cody Rigsby,Cheryl Burke,Fitness Instructor,California,United States,34,30,3rd Place,3,10,"[9.5, 9.5, 9.5, 9.5]",38.0,9.5,9.5,9.5,4,0.0,4.0,4,24.203821656050955,True,False,1.0,-1.25,2.0,30.27777777777778,rank,False
Iman Shumpert,Daniella Karagach,Athlete,Illinois,United States,31,30,1st Place,1,1,"[7.0, 4.0, 5.0, 5.0]",21.0,5.25,4.0,7.0,4,1.0897247358851685,14.0,15,5.737704918032787,False,False,0.9333333333333333,-3.3999999999999986,8.0,,rank,False
Iman Shumpert,Daniella Karagach,Athlete,Illinois,United States,31,30,1st Place,1,2,"[7.0, 6.0, 6.0, 6.0]",25.0,6.25,6.0,7.0,4,0.4330127018922193,9.0,15,6.493506493506493,False,False,0.6,-0.6666666666666679,7.0,21.0,rank,False
Iman Shumpert,Daniella Karagach,Athlete,Illinois,United States,31,30,1st Place,1,3,"[7.0, 6.0, 6.0]",19.0,6.333333333333333,6.0,7.0,3,0.4714045207910317,12.0,14,6.375838926174497,False,False,0.8571428571428571,-2.2857142857142847,5.0,23.0,rank,False
Iman Shumpert,Daniella Karagach,Athlete,Illinois,United States,31,30,1st Place,1,4,"[8.5, 6.5, 8.5, 8.0]",31.5,7.875,6.5,8.5,4,0.81967981553775,9.0,13,7.553956834532374,False,False,0.6923076923076923,-0.5769230769230802,5.0,21.666666666666668,rank,False
Iman Shumpert,Daniella Karagach,Athlete,Illinois,United States,31,30,1st Place,1,5,"[7.0, 7.0, 7.0, 7.0]",28.0,7.0,7.0,7.0,4,0.0,11.0,11,7.2727272727272725,False,False,1.0,-7.0,12.0,24.125,rank,False
Iman Shumpert,Daniella Karagach,Athlete,Illinois,United States,31,30,1st Place,1,6,"[10.0, 10.0, 10.0, 10.0]",40.0,10.0,10.0,10.0,4,0.0,1.0,10,10.989010989010989,False,False,0.1,3.6000000000000014,0.0,24.9,rank,False
Iman Shumpert,Daniella Karagach,Athlete,Illinois,United States,31,30,1st Place,1,7,"[9.5, 7.5, 8.5, 8.5]",34.0,8.5,7.5,9.5,4,0.7071067811865476,6.0,9,10.397553516819572,False,False,0.6666666666666666,-2.3333333333333357,8.0,27.416666666666668,rank,False
Iman Shumpert,Daniella Karagach,Athlete,Illinois,United States,31,30,1st Place,1,8,"[9.0, 8.0, 9.0, 9.0]",35.0,8.75,8.0,9.0,4,0.4330127018922193,7.0,8,11.363636363636363,False,False,0.875,-3.5,7.0,28.357142857142858,rank,False
Iman Shumpert,Daniella Karagach,Athlete,Illinois,United States,31,30,1st Place,1,9,"[9.5, 9.0, 10.0, 9.0]",37.5,9.375,9.0,10.0,4,0.414578098794425,3.0,6,16.5929203539823,False,False,0.5,-0.1666666666666643,2.5,29.1875,rank,False
Iman Shumpert,Daniella Karagach,Athlete,Illinois,United States,31,30,1st Place,1,10,"[10.0, 10.0, 10.0, 10.0]",40.0,10.0,10.0,10.0,4,0.0,1.0,4,25.477707006369428,True,False,0.25,0.75,0.0,30.11111111111111,rank,False
Jimmie Allen,Emma Slater,Singer/Rapper,Delaware,United States,36,30,Eliminated Week 8,7,1,"[6.0, 5.0, 6.0, 5.0]",22.0,5.5,5.0,6.0,4,0.5,13.0,15,6.0109289617486334,False,False,0.8666666666666667,-2.3999999999999986,7.0,,rank,False
Jimmie Allen,Emma Slater,Singer/Rapper,Delaware,United States,36,30,Eliminated Week 8,7,2,"[7.0, 6.0, 7.0, 7.0]",27.0,6.75,6.0,7.0,4,0.4330127018922193,5.0,15,7.012987012987012,False,False,0.3333333333333333,1.3333333333333321,5.0,22.0,rank,False
Jimmie Allen,Emma Slater,Singer/Rapper,Delaware,United States,36,30,Eliminated Week 8,7,3,"[6.0, 6.0, 8.0]",20.0,6.666666666666667,6.0,8.0,3,0.9428090415820634,10.0,14,6.7114093959731544,False,False,0.7142857142857143,-1.2857142857142847,4.0,24.5,rank,False
Jimmie Allen,Emma Slater,Singer/Rapper,Delaware,United States,36,30,Eliminated Week 8,7,4,"[8.5, 7.5, 8.5, 8.0]",32.5,8.125,7.5,8.5,4,0.414578098794425,7.0,13,7.793764988009593,False,False,0.5384615384615384,0.4230769230769198,4.0,23.0,rank,False
Jimmie Allen,Emma Slater,Singer/Rapper,Delaware,United States,36,30,Eliminated Week 8,7,5,"[8.0, 8.0, 9.0, 9.0]",34.0,8.5,8.0,9.0,4,0.5,8.0,11,8.831168831168831,False,False,0.7272727272727273,-1.0,6.0,25.375,rank,False
Jimmie Allen,Emma Slater,Singer/Rapper,Delaware,United States,36,30,Eliminated Week 8,7,6,"[10.0, 9.0, 10.0, 9.0]",38.0,9.5,9.0,10.0,4,0.5,3.0,10,10.43956043956044,False,False,0.3,1.6000000000000014,2.0,27.1,rank,False
Jimmie Allen,Emma Slater,Singer/Rapper,Delaware,United States,36,30,Eliminated Week 8,7,7,"[9.0, 9.0, 10.0, 10.0]",38.0,9.5,9.0,10.0,4,0.5,3.0,9,11.62079510703364,False,False,0.3333333333333333,1.6666666666666643,4.0,28.916666666666668,rank,False
Jimmie Allen,Emma Slater,Singer/Rapper,Delaware,United States,36,30,Eliminated Week 8,7,8,"[8.0, 8.0, 8.0, 8.0]",32.0,8.0,8.0,8.0,4,0.0,8.0,8,10.38961038961039,True,True,1.0,-6.5,10.0,30.214285714285715,rank,False
JoJo Siwa,Jenna Johnson,Social Media Personality,Nebraska,United States,18,30,2nd Place,2,1,"[8.0, 7.0, 7.0, 7.0]",29.0,7.25,7.0,8.0,4,0.4330127018922193,1.0,15,7.923497267759563,False,False,0.06666666666666667,4.600000000000001,0.0,,rank,False
JoJo Siwa,Jenna Johnson,Social Media Personality,Nebraska,United States,18,30,2nd Place,2,2,"[8.0, 8.0, 7.0, 8.0]",31.0,7.75,7.0,8.0,4,0.4330127018922193,2.0,15,8.051948051948052,False,False,0.13333333333333333,5.333333333333332,1.0,29.0,rank,False
JoJo Siwa,Jenna Johnson,Social Media Personality,Nebraska,United States,18,30,2nd Place,2,3,"[8.0, 8.0, 8.0]",24.0,8.0,8.0,8.0,3,0.0,1.0,14,8.053691275167784,False,False,0.07142857142857142,2.7142857142857153,0.0,30.0,rank,False
JoJo Siwa,Jenna Johnson,Social Media Personality,Nebraska,United States,18,30,2nd Place,2,4,"[8.5, 8.5, 9.0, 9.0]",35.0,8.75,8.5,9.0,4,0.25,2.0,13,8.393285371702639,False,False,0.15384615384615385,2.92307692307692,1.5,28.0,rank,False
JoJo Siwa,Jenna Johnson,Social Media Personality,Nebraska,United States,18,30,2nd Place,2,5,"[10.0, 10.0, 10.0, 10.0]",40.0,10.0,10.0,10.0,4,0.0,1.0,11,10.38961038961039,False,False,0.09090909090909091,5.0,0.0,29.75,rank,False
JoJo Siwa,Jenna Johnson,Social Media Personality,Nebraska,United States,18,30,2nd Place,2,6,"[10.0, 10.0, 10.0, 10.0]",40.0,10.0,10.0,10.0,4,0.0,1.0,10,10.989010989010989,False,False,0.1,3.6000000000000014,0.0,31.8,rank,False
JoJo Siwa,Jenna Johnson,Social Media Personality,Nebraska,United States,18,30,2nd Place,2,7,"[10.0, 9.0, 10.0, 10.0]",39.0,9.75,9.0,10.0,4,0.4330127018922193,2.0,9,11.926605504587156,False,False,0.2222222222222222,2.6666666666666643,3.0,33.166666666666664,rank,False
JoJo Siwa,Jenna Johnson,Social Media Personality,Nebraska,United States,18,30,2nd Place,2,8,"[10.5, 9.5, 10.5, 10.5]",41.0,10.25,9.5,10.5,4,0.4330127018922193,4.0,8,13.311688311688311,False,False,0.5,2.5,1.0,34.0,rank,False
JoJo Siwa,Jenna Johnson,Social Media Personality,Nebraska,United States,18,30,2nd Place,2,9,"[10.0, 10.0, 10.0, 10.0]",40.0,10.0,10.0,10.0,4,0.0,1.0,6,17.699115044247787,False,False,0.16666666666666666,2.3333333333333357,0.0,34.875,rank,False
JoJo Siwa,Jenna Johnson,Social Media Personality,Nebraska,United States,18,30,2nd Place,2,10,"[10.0, 10.0, 10.0, 10.0]",40.0,10.0,10.0,10.0,4,0.0,1.0,4,25.477707006369428,True,False,0.25,0.75,0.0,35.44444444444444,rank,False
Kenya Moore,Brandon Armstrong,TV Personality,Michigan,United States,50,30,Eliminated Week 6,10,1,"[7.0, 6.0, 6.0, 7.0]",26.0,6.5,6.0,7.0,4,0.5,5.0,15,7.103825136612022,False,False,0.3333333333333333,1.6000000000000014,3.0,,rank,False
Kenya Moore,Brandon Armstrong,TV Personality,Michigan,United States,50,30,Eliminated Week 6,10,2,"[6.0, 6.0, 6.0, 6.0]",24.0,6.0,6.0,6.0,4,0.0,10.0,15,6.233766233766234,False,False,0.6666666666666666,-1.6666666666666679,8.0,26.0,rank,False
Kenya Moore,Brandon Armstrong,TV Personality,Michigan,United States,50,30,Eliminated Week 6,10,3,"[7.0, 7.0, 7.0]",21.0,7.0,7.0,7.0,3,0.0,7.0,14,7.046979865771812,False,False,0.5,-0.2857142857142847,3.0,25.0,rank,False
Kenya Moore,Brandon Armstrong,TV Personality,Michigan,United States,50,30,Eliminated Week 6,10,4,"[7.0, 7.0, 8.0, 7.5]",29.5,7.375,7.0,8.0,4,0.414578098794425,10.0,13,7.074340527577938,False,False,0.7692307692307693,-2.57692307692308,7.0,23.666666666666668,rank,False
Kenya Moore,Brandon Armstrong,TV Personality,Michigan,United States,50,30,Eliminated Week 6,10,5,"[9.0, 9.0, 9.0, 9.0]",36.0,9.0,9.0,9.0,4,0.0,3.0,11,9.35064935064935,False,False,0.2727272727272727,1.0,4.0,25.125,rank,False
Kenya Moore,Brandon Armstrong,TV Personality,Michigan,United States,50,30,Eliminated Week 6,10,6,"[8.0, 8.0, 8.0, 8.0]",32.0,8.0,8.0,8.0,4,0.0,10.0,10,8.791208791208792,True,True,1.0,-4.399999999999999,8.0,27.3,rank,False
Martin Kove,Britt Stewart,Actor/Actress,New York,United States,75,30,Eliminated Week 2,15,1,"[4.0, 3.0, 3.0, 3.0]",13.0,3.25,3.0,4.0,4,0.4330127018922193,15.0,15,3.551912568306011,False,False,1.0,-11.399999999999999,16.0,,rank,False
Martin Kove,Britt Stewart,Actor/Actress,New York,United States,75,30,Eliminated Week 2,15,2,"[4.0, 3.0, 4.0, 4.0]",15.0,3.75,3.0,4.0,4,0.4330127018922193,15.0,15,3.896103896103896,True,True,1.0,-10.666666666666668,17.0,13.0,rank,False
Matt James,Lindsay Arnold,Athlete,North Carolina,United States,29,30,Eliminated Week 4,12,1,"[6.0, 6.0, 6.0, 6.0]",24.0,6.0,6.0,6.0,4,0.0,9.0,15,6.557377049180328,False,False,0.6,-0.3999999999999986,5.0,,rank,False
Matt James,Lindsay Arnold,Athlete,North Carolina,United States,29,30,Eliminated Week 4,12,2,"[5.0, 5.0, 6.0, 6.0]",22.0,5.5,5.0,6.0,4,0.5,14.0,15,5.714285714285714,False,False,0.9333333333333333,-3.666666666666668,10.0,24.0,rank,False
Matt James,Lindsay Arnold,Athlete,North Carolina,United States,29,30,Eliminated Week 4,12,3,"[7.0, 6.0, 7.0]",20.0,6.666666666666667,6.0,7.0,3,0.4714045207910317,10.0,14,6.7114093959731544,False,False,0.7142857142857143,-1.2857142857142847,4.0,23.0,rank,False
Matt James,Lindsay Arnold,Athlete,North Carolina,United States,29,30,Eliminated Week 4,12,4,"[7.0, 6.5, 7.5, 7.5]",28.5,7.125,6.5,7.5,4,0.414578098794425,12.0,13,6.83453237410072,True,True,0.9230769230769231,-3.57692307692308,8.0,22.0,rank,False
Melanie C,Gleb Savchenko,Singer/Rapper,Non-US,England,47,30,Eliminated Week 5,11,1,"[7.0, 7.0, 6.0, 7.0]",27.0,6.75,6.0,7.0,4,0.4330127018922193,4.0,15,7.377049180327869,False,False,0.26666666666666666,2.6000000000000014,2.0,,rank,False
Melanie C,Gleb Savchenko,Singer/Rapper,Non-US,England,47,30,Eliminated Week 5,11,2,"[7.0, 7.0, 8.0, 8.0]",30.0,7.5,7.0,8.0,4,0.5,3.0,15,7.792207792207792,False,False,0.2,4.333333333333332,2.0,27.0,rank,False
Melanie C,Gleb Savchenko,Singer/Rapper,Non-US,England,47,30,Eliminated Week 5,11,3,"[7.0, 7.0, 8.0]",22.0,7.333333333333333,7.0,8.0,3,0.4714045207910317,5.0,14,7.38255033557047,False,False,0.35714285714285715,0.7142857142857153,2.0,28.5,rank,False
Melanie C,Gleb Savchenko,Singer/Rapper,Non-US,England,47,30,Eliminated Week 5,11,4,"[8.0, 8.0, 8.5, 8.5]",33.0,8.25,8.0,8.5,4,0.25,6.0,13,7.913669064748201,False,False,0.46153846153846156,0.9230769230769198,3.5,26.333333333333332,rank,False
Melanie C,Gleb Savchenko,Singer/Rapper,Non-US,England,47,30,Eliminated Week 5,11,5,"[9.0, 9.0, 9.0, 9.0]",36.0,9.0,9.0,9.0,4,0.0,3.0,11,9.35064935064935,True,True,0.2727272727272727,1.0,4.0,28.0,rank,False
Melora Hardin,Artem Chigvintsev,Actor/Actress,Texas,United States,54,30,Eliminated Week 9,6,1,"[7.0, 6.0, 7.0, 6.0]",26.0,6.5,6.0,7.0,4,0.5,5.0,15,7.103825136612022,False,False,0.3333333333333333,1.6000000000000014,3.0,,rank,False
Melora Hardin,Artem Chigvintsev,Actor/Actress,Texas,United States,54,30,Eliminated Week 9,6,2,"[7.0, 6.0, 7.0, 7.0]",27.0,6.75,6.0,7.0,4,0.4330127018922193,5.0,15,7.012987012987012,False,False,0.3333333333333333,1.3333333333333321,5.0,26.0,rank,False
Melora Hardin,Artem Chigvintsev,Actor/Actress,Texas,United States,54,30,Eliminated Week 9,6,3,"[8.0, 7.0, 8.0]",23.0,7.666666666666667,7.0,8.0,3,0.4714045207910317,4.0,14,7.718120805369128,False,False,0.2857142857142857,1.7142857142857153,1.0,26.5,rank,False
Melora Hardin,Artem Chigvintsev,Actor/Actress,Texas,United States,54,30,Eliminated Week 9,6,4,"[9.0, 9.5, 9.0, 9.0]",36.5,9.125,9.0,9.5,4,0.21650635094610965,1.0,13,8.752997601918464,False,False,0.07692307692307693,4.42307692307692,0.0,25.333333333333332,rank,False
Melora Hardin,Artem Chigvintsev,Actor/Actress,Texas,United States,54,30,Eliminated Week 9,6,5,"[9.0, 9.0, 9.0, 9.0]",36.0,9.0,9.0,9.0,4,0.0,3.0,11,9.35064935064935,False,False,0.2727272727272727,1.0,4.0,28.125,rank,False
Melora Hardin,Artem Chigvintsev,Actor/Actress,Texas,United States,54,30,Eliminated Week 9,6,6,"[8.0, 9.0, 8.0, 9.0]",34.0,8.5,8.0,9.0,4,0.5,8.0,10,9.340659340659341,False,False,0.8,-2.3999999999999986,6.0,29.7,rank,False
Melora Hardin,Artem Chigvintsev,Actor/Actress,Texas,United States,54,30,Eliminated Week 9,6,7,"[9.5, 9.5, 9.5, 9.5]",38.0,9.5,9.5,9.5,4,0.0,3.0,9,11.62079510703364,False,False,0.3333333333333333,1.6666666666666643,4.0,30.416666666666668,rank,False
Melora Hardin,Artem Chigvintsev,Actor/Actress,Texas,United States,54,30,Eliminated Week 9,6,8,"[10.5, 10.5, 10.5, 10.5]",42.0,10.5,10.5,10.5,4,0.0,1.0,8,13.636363636363635,False,False,0.125,3.5,0.0,31.5,rank,False
Melora Hardin,Artem Chigvintsev,Actor/Actress,Texas,United States,54,30,Eliminated Week 9,6,9,"[8.5, 9.5, 9.0, 9.0]",36.0,9.0,8.5,9.5,4,0.3535533905932738,5.0,6,15.929203539823009,True,True,0.8333333333333334,-1.6666666666666643,4.0,32.8125,rank,False
"Mike ""The Miz"" Mizanin",Witney Carson,Athlete,Ohio,United States,40,30,Eliminated Week 7,9,1,"[6.0, 6.0, 6.0, 6.0]",24.0,6.0,6.0,6.0,4,0.0,9.0,15,6.557377049180328,False,False,0.6,-0.3999999999999986,5.0,,rank,False
"Mike ""The Miz"" Mizanin",Witney Carson,Athlete,Ohio,United States,40,30,Eliminated Week 7,9,2,"[7.0, 5.0, 7.0, 7.0]",26.0,6.5,5.0,7.0,4,0.8660254037844386,8.0,15,6.753246753246753,False,False,0.5333333333333333,0.33333333333333215,6.0,24.0,rank,False
"Mike ""The Miz"" Mizanin",Witney Carson,Athlete,Ohio,United States,40,30,Eliminated Week 7,9,3,"[7.0, 7.0, 8.0]",22.0,7.333333333333333,7.0,8.0,3,0.4714045207910317,5.0,14,7.38255033557047,False,False,0.35714285714285715,0.7142857142857153,2.0,25.0,rank,False
"Mike ""The Miz"" Mizanin",Witney Carson,Athlete,Ohio,United States,40,30,Eliminated Week 7,9,4,"[8.5, 7.5, 8.5, 8.0]",32.5,8.125,7.5,8.5,4,0.414578098794425,7.0,13,7.793764988009593,False,False,0.5384615384615384,0.4230769230769198,4.0,24.0,rank,False
"Mike ""The Miz"" Mizanin",Witney Carson,Athlete,Ohio,United States,40,30,Eliminated Week 7,9,5,"[8.0, 8.0, 8.0, 8.0]",32.0,8.0,8.0,8.0,4,0.0,9.0,11,8.311688311688311,False,False,0.8181818181818182,-3.0,8.0,26.125,rank,False
"Mike ""The Miz"" Mizanin",Witney Carson,Athlete,Ohio,United States,40,30,Eliminated Week 7,9,6,"[9.0, 8.0, 9.0, 8.0]",34.0,8.5,8.0,9.0,4,0.5,8.0,10,9.340659340659341,False,False,0.8,-2.3999999999999986,6.0,27.3,rank,False
"Mike ""The Miz"" Mizanin",Witney Carson,Athlete,Ohio,United States,40,30,Eliminated Week 7,9,7,"[8.0, 8.0, 8.0, 8.0]",32.0,8.0,8.0,8.0,4,0.0,9.0,9,9.785932721712538,True,True,1.0,-4.333333333333336,10.0,28.416666666666668,rank,False
Olivia Jade,Valentin Chmerkovskiy,Social Media Personality,California,United States,21,30,Eliminated Week 8,8,1,"[7.0, 6.0, 6.0, 6.0]",25.0,6.25,6.0,7.0,4,0.4330127018922193,7.0,15,6.830601092896176,False,False,0.4666666666666667,0.6000000000000014,4.0,,rank,False
Olivia Jade,Valentin Chmerkovskiy,Social Media Personality,California,United States,21,30,Eliminated Week 8,8,2,"[7.0, 6.0, 7.0, 7.0]",27.0,6.75,6.0,7.0,4,0.4330127018922193,5.0,15,7.012987012987012,False,False,0.3333333333333333,1.3333333333333321,5.0,25.0,rank,False
Olivia Jade,Valentin Chmerkovskiy,Social Media Personality,California,United States,21,30,Eliminated Week 8,8,3,"[8.0, 8.0, 8.0]",24.0,8.0,8.0,8.0,3,0.0,1.0,14,8.053691275167784,False,False,0.07142857142857142,2.7142857142857153,0.0,26.0,rank,False
Olivia Jade,Valentin Chmerkovskiy,Social Media Personality,California,United States,21,30,Eliminated Week 8,8,4,"[8.0, 9.0, 9.0, 9.0]",35.0,8.75,8.0,9.0,4,0.4330127018922193,2.0,13,8.393285371702639,False,False,0.15384615384615385,2.92307692307692,1.5,25.333333333333332,rank,False
Olivia Jade,Valentin Chmerkovskiy,Social Media Personality,California,United States,21,30,Eliminated Week 8,8,5,"[9.0, 9.0, 9.0, 9.0]",36.0,9.0,9.0,9.0,4,0.0,3.0,11,9.35064935064935,False,False,0.2727272727272727,1.0,4.0,27.75,rank,False
Olivia Jade,Valentin Chmerkovskiy,Social Media Personality,California,United States,21,30,Eliminated Week 8,8,6,"[9.0, 9.0, 9.0, 9.0]",36.0,9.0,9.0,9.0,4,0.0,5.0,10,9.89010989010989,False,False,0.5,-0.3999999999999986,4.0,29.4,rank,False
Olivia Jade,Valentin Chmerkovskiy,Social Media Personality,California,United States,21,30,Eliminated Week 8,8,7,"[11.0, 9.0, 11.0, 11.0]",42.0,10.5,9.0,11.0,4,0.8660254037844386,1.0,9,12.844036697247708,False,False,0.1111111111111111,5.666666666666664,0.0,30.5,rank,False
Olivia Jade,Valentin Chmerkovskiy,Social Media Personality,California,United States,21,30,Eliminated Week 8,8,8,"[9.0, 9.0, 9.0, 9.0]",36.0,9.0,9.0,9.0,4,0.0,6.0,8,11.688311688311687,True,True,0.75,-2.5,6.0,32.142857142857146,rank,False
Suni Lee,Sasha Farber,Athlete,Minnesota,United States,18,30,Eliminated Week 9,5,1,"[7.0, 7.0, 7.0, 7.0]",28.0,7.0,7.0,7.0,4,0.0,2.0,15,7.650273224043716,False,False,0.13333333333333333,3.6000000000000014,1.0,,rank,False
Suni Lee,Sasha Farber,Athlete,Minnesota,United States,18,30,Eliminated Week 9,5,2,"[7.0, 7.0, 7.0, 7.0]",28.0,7.0,7.0,7.0,4,0.0,4.0,15,7.2727272727272725,False,False,0.26666666666666666,2.333333333333332,4.0,28.0,rank,False
Suni Lee,Sasha Farber,Athlete,Minnesota,United States,18,30,Eliminated Week 9,5,3,"[7.0, 7.0, 7.0]",21.0,7.0,7.0,7.0,3,0.0,7.0,14,7.046979865771812,False,False,0.5,-0.2857142857142847,3.0,28.0,rank,False
Suni Lee,Sasha Farber,Athlete,Minnesota,United States,18,30,Eliminated Week 9,5,4,"[8.5, 8.0, 9.0, 8.5]",34.0,8.5,8.0,9.0,4,0.3535533905932738,4.0,13,8.15347721822542,False,False,0.3076923076923077,1.9230769230769198,2.5,25.666666666666668,rank,False
Suni Lee,Sasha Farber,Athlete,Minnesota,United States,18,30,Eliminated Week 9,5,5,"[9.0, 9.0, 9.0, 9.0]",36.0,9.0,9.0,9.0,4,0.0,3.0,11,9.35064935064935,False,False,0.2727272727272727,1.0,4.0,27.75,rank,False
Suni Lee,Sasha Farber,Athlete,Minnesota,United States,18,30,Eliminated Week 9,5,6,"[9.0, 9.0, 9.0, 9.0]",36.0,9.0,9.0,9.0,4,0.0,5.0,10,9.89010989010989,False,False,0.5,-0.3999999999999986,4.0,29.4,rank,False
Suni Lee,Sasha Farber,Athlete,Minnesota,United States,18,30,Eliminated Week 9,5,7,"[8.25, 8.25, 8.25, 9.25]",34.0,8.5,8.25,9.25,4,0.4330127018922193,6.0,9,10.397553516819572,False,False,0.6666666666666666,-2.3333333333333357,8.0,30.5,rank,False
Suni Lee,Sasha Farber,Athlete,Minnesota,United States,18,30,Eliminated Week 9,5,8,"[10.5, 10.5, 10.5, 10.5]",42.0,10.5,10.5,10.5,4,0.0,1.0,8,13.636363636363635,False,False,0.125,3.5,0.0,31.0,rank,False
Suni Lee,Sasha Farber,Athlete,Minnesota,United States,18,30,Eliminated Week 9,5,9,"[10.0, 9.0, 9.5, 9.0]",37.5,9.375,9.0,10.0,4,0.414578098794425,3.0,6,16.5929203539823,True,True,0.5,-0.1666666666666643,2.5,32.375,rank,False
Charli D'Amelio,Mark Ballas,Social Media Personality,Connecticut,United States,18,31,1st Place,1,1,"[8.0, 8.0, 8.0, 8.0]",32.0,8.0,8.0,8.0,4,0.0,1.0,16,8.37696335078534,False,False,0.0625,8.125,0.0,,rank,False
Charli D'Amelio,Mark Ballas,Social Media Personality,Connecticut,United States,18,31,1st Place,1,2,"[8.0, 8.0, 8.0, 8.0]",32.0,8.0,8.0,8.0,4,0.0,1.0,15,7.766990291262135,False,False,0.06666666666666667,4.533333333333335,0.0,32.0,rank,False
Charli D'Amelio,Mark Ballas,Social Media Personality,Connecticut,United States,18,31,1st Place,1,3,"[8.0, 8.0, 8.0, 9.0]",33.0,8.25,8.0,9.0,4,0.4330127018922193,1.0,14,8.188585607940446,False,False,0.07142857142857142,4.214285714285715,0.0,32.0,rank,False
Charli D'Amelio,Mark Ballas,Social Media Personality,Connecticut,United States,18,31,1st Place,1,4,"[9.0, 9.0, 9.0, 9.0]",36.0,9.0,9.0,9.0,4,0.0,1.0,13,8.780487804878048,False,False,0.07692307692307693,4.46153846153846,0.0,32.333333333333336,rank,False
Charli D'Amelio,Mark Ballas,Social Media Personality,Connecticut,United States,18,31,1st Place,1,5,"[10.375, 10.375, 10.375, 10.875]",42.0,10.5,10.375,10.875,4,0.21650635094610965,1.0,12,9.364548494983277,False,False,0.08333333333333333,4.625,0.0,33.25,rank,False
Charli D'Amelio,Mark Ballas,Social Media Personality,Connecticut,United States,18,31,1st Place,1,6,"[10.0, 10.0, 10.0, 10.0]",40.0,10.0,10.0,10.0,4,0.0,1.0,10,11.594202898550725,False,False,0.1,5.5,0.0,35.0,rank,False
Charli D'Amelio,Mark Ballas,Social Media Personality,Connecticut,United States,18,31,1st Place,1,7,"[9.5, 9.5, 10.0, 10.0]",39.0,9.75,9.5,10.0,4,0.25,1.0,9,11.981566820276496,False,False,0.1111111111111111,2.8333333333333357,0.0,35.833333333333336,rank,False
Charli D'Amelio,Mark Ballas,Social Media Personality,Connecticut,United States,18,31,1st Place,1,8,"[11.25, 11.25, 11.25, 11.25]",45.0,11.25,11.25,11.25,4,0.0,1.0,8,14.331210191082802,False,False,0.125,5.75,0.0,36.285714285714285,rank,False
Charli D'Amelio,Mark Ballas,Social Media Personality,Connecticut,United States,18,31,1st Place,1,9,"[10.0, 10.0, 10.0, 10.0]",40.0,10.0,10.0,10.0,4,0.0,1.0,6,18.181818181818183,False,False,0.16666666666666666,3.3333333333333357,0.0,37.375,rank,False
Charli D'Amelio,Mark Ballas,Social Media Personality,Connecticut,United States,18,31,1st Place,1,10,"[10.0, 10.0, 10.0, 10.0]",40.0,10.0,10.0,10.0,4,0.0,1.0,4,25.64102564102564,True,False,0.25,1.0,0.0,37.666666666666664,rank,False
Cheryl Ladd,Louis van Amstel,Actor/Actress,South Dakota,United States,71,31,Eliminated Week 3,14,1,"[6.0, 5.0, 5.0, 5.0]",21.0,5.25,5.0,6.0,4,0.4330127018922193,10.0,16,5.49738219895288,False,False,0.625,-2.875,11.0,,rank,False
Cheryl Ladd,Louis van Amstel,Actor/Actress,South Dakota,United States,71,31,Eliminated Week 3,14,2,"[5.0, 6.0, 5.0, 5.0]",21.0,5.25,5.0,6.0,4,0.4330127018922193,15.0,15,5.097087378640777,False,False,1.0,-6.466666666666665,11.0,21.0,rank,False
Cheryl Ladd,Louis van Amstel,Actor/Actress,South Dakota,United States,71,31,Eliminated Week 3,14,3,"[6.0, 6.0, 6.0, 6.0]",24.0,6.0,6.0,6.0,4,0.0,13.0,14,5.955334987593052,True,True,0.9285714285714286,-4.785714285714285,9.0,21.0,rank,False
Daniel Durant,Britt Stewart,Actor/Actress,Michigan,United States,32,31,Eliminated Week 9,5,1,"[7.0, 6.0, 7.0, 7.0]",27.0,6.75,6.0,7.0,4,0.4330127018922193,6.0,16,7.068062827225131,False,False,0.375,3.125,5.0,,rank,False
Daniel Durant,Britt Stewart,Actor/Actress,Michigan,United States,32,31,Eliminated Week 9,5,2,"[7.0, 7.0, 7.0, 8.0]",29.0,7.25,7.0,8.0,4,0.4330127018922193,5.0,15,7.038834951456311,False,False,0.3333333333333333,1.533333333333335,3.0,27.0,rank,False
Daniel Durant,Britt Stewart,Actor/Actress,Michigan,United States,32,31,Eliminated Week 9,5,3,"[8.0, 7.0, 8.0, 8.0]",31.0,7.75,7.0,8.0,4,0.4330127018922193,5.0,14,7.6923076923076925,False,False,0.35714285714285715,2.2142857142857153,2.0,28.0,rank,False
Daniel Durant,Britt Stewart,Actor/Actress,Michigan,United States,32,31,Eliminated Week 9,5,4,"[7.0, 7.0, 7.0, 8.0]",29.0,7.25,7.0,8.0,4,0.4330127018922193,9.0,13,7.073170731707316,False,False,0.6923076923076923,-2.53846153846154,7.0,29.0,rank,False
Daniel Durant,Britt Stewart,Actor/Actress,Michigan,United States,32,31,Eliminated Week 9,5,5,"[8.125, 8.125, 8.625, 8.625]",33.5,8.375,8.125,8.625,4,0.25,11.0,12,7.469342251950947,False,False,0.9166666666666666,-3.875,8.5,29.0,rank,False
Daniel Durant,Britt Stewart,Actor/Actress,Michigan,United States,32,31,Eliminated Week 9,5,6,"[9.0, 8.0, 8.0, 9.0]",34.0,8.5,8.0,9.0,4,0.5,5.0,10,9.855072463768117,False,False,0.5,-0.5,6.0,29.9,rank,False
Daniel Durant,Britt Stewart,Actor/Actress,Michigan,United States,32,31,Eliminated Week 9,5,7,"[9.0, 8.5, 9.5, 9.5]",36.5,9.125,8.5,9.5,4,0.414578098794425,4.0,9,11.213517665130567,False,False,0.4444444444444444,0.3333333333333357,2.5,30.583333333333332,rank,False
Daniel Durant,Britt Stewart,Actor/Actress,Michigan,United States,32,31,Eliminated Week 9,5,8,"[10.0, 9.0, 10.0, 10.0]",39.0,9.75,9.0,10.0,4,0.4330127018922193,5.0,8,12.420382165605096,False,False,0.625,-0.25,6.0,31.428571428571427,rank,False
Daniel Durant,Britt Stewart,Actor/Actress,Michigan,United States,32,31,Eliminated Week 9,5,9,"[9.0, 8.0, 9.0, 8.5]",34.5,8.625,8.0,9.0,4,0.414578098794425,5.0,6,15.681818181818183,True,True,0.8333333333333334,-2.1666666666666643,5.5,32.375,rank,False
Gabby Windey,Valentin Chmerkovskiy,TV Personality,Illinois,United States,31,31,2nd Place,2,1,"[7.0, 7.0, 7.0, 7.0]",28.0,7.0,7.0,7.0,4,0.0,3.0,16,7.329842931937172,False,False,0.1875,4.125,4.0,,rank,False
Gabby Windey,Valentin Chmerkovskiy,TV Personality,Illinois,United States,31,31,2nd Place,2,2,"[8.0, 8.0, 8.0, 8.0]",32.0,8.0,8.0,8.0,4,0.0,1.0,15,7.766990291262135,False,False,0.06666666666666667,4.533333333333335,0.0,28.0,rank,False
Gabby Windey,Valentin Chmerkovskiy,TV Personality,Illinois,United States,31,31,2nd Place,2,3,"[8.0, 8.0, 8.0, 9.0]",33.0,8.25,8.0,9.0,4,0.4330127018922193,1.0,14,8.188585607940446,False,False,0.07142857142857142,4.214285714285715,0.0,30.0,rank,False
Gabby Windey,Valentin Chmerkovskiy,TV Personality,Illinois,United States,31,31,2nd Place,2,4,"[9.0, 9.0, 9.0, 9.0]",36.0,9.0,9.0,9.0,4,0.0,1.0,13,8.780487804878048,False,False,0.07692307692307693,4.46153846153846,0.0,31.0,rank,False
Gabby Windey,Valentin Chmerkovskiy,TV Personality,Illinois,United States,31,31,2nd Place,2,5,"[10.25, 10.25, 10.25, 10.25]",41.0,10.25,10.25,10.25,4,0.0,2.0,12,9.141583054626533,False,False,0.16666666666666666,3.625,1.0,32.25,rank,False
Gabby Windey,Valentin Chmerkovskiy,TV Personality,Illinois,United States,31,31,2nd Place,2,6,"[9.0, 9.0, 9.0, 10.0]",37.0,9.25,9.0,10.0,4,0.4330127018922193,2.0,10,10.72463768115942,False,False,0.2,2.5,3.0,34.0,rank,False
Gabby Windey,Valentin Chmerkovskiy,TV Personality,Illinois,United States,31,31,2nd Place,2,7,"[9.0, 9.0, 8.5, 9.0]",35.5,8.875,8.5,9.0,4,0.21650635094610965,6.0,9,10.906298003072196,False,False,0.6666666666666666,-0.6666666666666643,3.5,34.5,rank,False
Gabby Windey,Valentin Chmerkovskiy,TV Personality,Illinois,United States,31,31,2nd Place,2,8,"[10.0, 10.0, 10.0, 10.0]",40.0,10.0,10.0,10.0,4,0.0,4.0,8,12.738853503184714,False,False,0.5,0.75,5.0,34.642857142857146,rank,False
Gabby Windey,Valentin Chmerkovskiy,TV Personality,Illinois,United States,31,31,2nd Place,2,9,"[10.0, 10.0, 10.0, 10.0]",40.0,10.0,10.0,10.0,4,0.0,1.0,6,18.181818181818183,False,False,0.16666666666666666,3.3333333333333357,0.0,35.3125,rank,False
Gabby Windey,Valentin Chmerkovskiy,TV Personality,Illinois,United States,31,31,2nd Place,2,10,"[10.0, 10.0, 10.0, 10.0]",40.0,10.0,10.0,10.0,4,0.0,1.0,4,25.64102564102564,True,False,0.25,1.0,0.0,35.833333333333336,rank,False
Heidi D'Amelio,Artem Chigvintsev,Social Media Personality,Louisiana,United States,50,31,Eliminated Week 8,8,1,"[6.0, 6.0, 6.0, 6.0]",24.0,6.0,6.0,6.0,4,0.0,8.0,16,6.282722513089005,False,False,0.5,0.125,8.0,,rank,False
Heidi D'Amelio,Artem Chigvintsev,Social Media Personality,Louisiana,United States,50,31,Eliminated Week 8,8,2,"[7.0, 7.0, 7.0, 7.0]",28.0,7.0,7.0,7.0,4,0.0,6.0,15,6.796116504854369,False,False,0.4,0.533333333333335,4.0,24.0,rank,False
Heidi D'Amelio,Artem Chigvintsev,Social Media Personality,Louisiana,United States,50,31,Eliminated Week 8,8,3,"[8.0, 8.0, 8.0, 8.0]",32.0,8.0,8.0,8.0,4,0.0,4.0,14,7.94044665012407,False,False,0.2857142857142857,3.2142857142857153,1.0,26.0,rank,False
Heidi D'Amelio,Artem Chigvintsev,Social Media Personality,Louisiana,United States,50,31,Eliminated Week 8,8,4,"[9.0, 8.0, 8.0, 9.0]",34.0,8.5,8.0,9.0,4,0.5,4.0,13,8.292682926829269,False,False,0.3076923076923077,2.46153846153846,2.0,28.0,rank,False
Heidi D'Amelio,Artem Chigvintsev,Social Media Personality,Louisiana,United States,50,31,Eliminated Week 8,8,5,"[9.625, 10.125, 9.625, 9.625]",39.0,9.75,9.625,10.125,4,0.21650635094610965,5.0,12,8.695652173913043,False,False,0.4166666666666667,1.625,3.0,29.5,rank,False
Heidi D'Amelio,Artem Chigvintsev,Social Media Personality,Louisiana,United States,50,31,Eliminated Week 8,8,6,"[9.0, 9.0, 9.0, 9.0]",36.0,9.0,9.0,9.0,4,0.0,3.0,10,10.434782608695652,False,False,0.3,1.5,4.0,31.4,rank,False
Heidi D'Amelio,Artem Chigvintsev,Social Media Personality,Louisiana,United States,50,31,Eliminated Week 8,8,7,"[8.5, 9.0, 9.0, 8.5]",35.0,8.75,8.5,9.0,4,0.25,7.0,9,10.75268817204301,False,False,0.7777777777777778,-1.1666666666666643,4.0,32.166666666666664,rank,False
Heidi D'Amelio,Artem Chigvintsev,Social Media Personality,Louisiana,United States,50,31,Eliminated Week 8,8,8,"[9.0, 8.0, 9.0, 9.0]",35.0,8.75,8.0,9.0,4,0.4330127018922193,7.0,8,11.146496815286625,True,True,0.875,-4.25,10.0,32.57142857142857,rank,False
Jason Lewis,Peta Murgatroyd,Actor/Actress,California,United States,51,31,Eliminated Week 1,16,1,"[5.0, 4.0, 4.0, 5.0]",18.0,4.5,4.0,5.0,4,0.5,15.0,16,4.712041884816754,True,True,0.9375,-5.875,14.0,,rank,False
Jessie James Decker,Alan Bersten,Singer/Rapper,Non-US,Italy,34,31,Eliminated Week 6,10,1,"[5.0, 5.0, 5.0, 5.0]",20.0,5.0,5.0,5.0,4,0.0,12.0,16,5.2356020942408374,False,False,0.75,-3.875,12.0,,rank,False
Jessie James Decker,Alan Bersten,Singer/Rapper,Non-US,Italy,34,31,Eliminated Week 6,10,2,"[7.0, 6.0, 6.0, 6.0]",25.0,6.25,6.0,7.0,4,0.4330127018922193,12.0,15,6.067961165048544,False,False,0.8,-2.466666666666665,7.0,20.0,rank,False
Jessie James Decker,Alan Bersten,Singer/Rapper,Non-US,Italy,34,31,Eliminated Week 6,10,3,"[6.0, 6.0, 7.0, 7.0]",26.0,6.5,6.0,7.0,4,0.5,11.0,14,6.451612903225806,False,False,0.7857142857142857,-2.7857142857142847,7.0,22.5,rank,False
Jessie James Decker,Alan Bersten,Singer/Rapper,Non-US,Italy,34,31,Eliminated Week 6,10,4,"[8.0, 7.0, 8.0, 8.0]",31.0,7.75,7.0,8.0,4,0.4330127018922193,8.0,13,7.560975609756097,False,False,0.6153846153846154,-0.5384615384615401,5.0,23.666666666666668,rank,False
Jessie James Decker,Alan Bersten,Singer/Rapper,Non-US,Italy,34,31,Eliminated Week 6,10,5,"[8.875, 8.875, 9.375, 8.875]",36.0,9.0,8.875,9.375,4,0.21650635094610965,7.0,12,8.02675585284281,False,False,0.5833333333333334,-1.375,6.0,25.5,rank,False
Jessie James Decker,Alan Bersten,Singer/Rapper,Non-US,Italy,34,31,Eliminated Week 6,10,6,"[8.0, 8.0, 8.0, 8.0]",32.0,8.0,8.0,8.0,4,0.0,9.0,10,9.27536231884058,True,True,0.9,-2.5,8.0,27.6,rank,False
Jordin Sparks,Brandon Armstrong,Singer/Rapper,Arizona,United States,32,31,Eliminated Week 7,9,1,"[7.0, 6.0, 6.0, 7.0]",26.0,6.5,6.0,7.0,4,0.5,7.0,16,6.806282722513089,False,False,0.4375,2.125,6.0,,rank,False
Jordin Sparks,Brandon Armstrong,Singer/Rapper,Arizona,United States,32,31,Eliminated Week 7,9,2,"[7.0, 6.0, 7.0, 7.0]",27.0,6.75,6.0,7.0,4,0.4330127018922193,9.0,15,6.553398058252427,False,False,0.6,-0.466666666666665,5.0,26.0,rank,False
Jordin Sparks,Brandon Armstrong,Singer/Rapper,Arizona,United States,32,31,Eliminated Week 7,9,3,"[7.0, 7.0, 7.0, 8.0]",29.0,7.25,7.0,8.0,4,0.4330127018922193,7.0,14,7.196029776674938,False,False,0.5,0.2142857142857153,4.0,26.5,rank,False
Jordin Sparks,Brandon Armstrong,Singer/Rapper,Arizona,United States,32,31,Eliminated Week 7,9,4,"[9.0, 8.0, 8.0, 9.0]",34.0,8.5,8.0,9.0,4,0.5,4.0,13,8.292682926829269,False,False,0.3076923076923077,2.46153846153846,2.0,27.333333333333332,rank,False
Jordin Sparks,Brandon Armstrong,Singer/Rapper,Arizona,United States,32,31,Eliminated Week 7,9,5,"[8.875, 8.375, 8.875, 9.375]",35.5,8.875,8.375,9.375,4,0.3535533905932738,9.0,12,7.915273132664437,False,False,0.75,-1.875,6.5,29.0,rank,False
Jordin Sparks,Brandon Armstrong,Singer/Rapper,Arizona,United States,32,31,Eliminated Week 7,9,6,"[9.0, 8.0, 8.0, 9.0]",34.0,8.5,8.0,9.0,4,0.5,5.0,10,9.855072463768117,False,False,0.5,-0.5,6.0,30.3,rank,False
Jordin Sparks,Brandon Armstrong,Singer/Rapper,Arizona,United States,32,31,Eliminated Week 7,9,7,"[8.5, 9.0, 8.5, 8.5]",34.5,8.625,8.5,9.0,4,0.21650635094610965,8.0,9,10.599078341013826,True,True,0.8888888888888888,-1.6666666666666643,4.5,30.916666666666668,rank,False
Joseph Baena,Daniella Karagach,Actor/Actress,California,United States,24,31,Eliminated Week 5,11,1,"[6.0, 5.0, 6.0, 6.0]",23.0,5.75,5.0,6.0,4,0.4330127018922193,9.0,16,6.020942408376963,False,False,0.5625,-0.875,9.0,,rank,False
Joseph Baena,Daniella Karagach,Actor/Actress,California,United States,24,31,Eliminated Week 5,11,2,"[6.0, 6.0, 6.0, 6.0]",24.0,6.0,6.0,6.0,4,0.0,13.0,15,5.825242718446602,False,False,0.8666666666666667,-3.466666666666665,8.0,23.0,rank,False
Joseph Baena,Daniella Karagach,Actor/Actress,California,United States,24,31,Eliminated Week 5,11,3,"[8.0, 7.0, 7.0, 7.0]",29.0,7.25,7.0,8.0,4,0.4330127018922193,7.0,14,7.196029776674938,False,False,0.5,0.2142857142857153,4.0,23.5,rank,False
Joseph Baena,Daniella Karagach,Actor/Actress,California,United States,24,31,Eliminated Week 5,11,4,"[7.0, 7.0, 7.0, 7.0]",28.0,7.0,7.0,7.0,4,0.0,11.0,13,6.829268292682928,False,False,0.8461538461538461,-3.53846153846154,8.0,25.333333333333332,rank,False
Joseph Baena,Daniella Karagach,Actor/Actress,California,United States,24,31,Eliminated Week 5,11,5,"[9.0, 8.5, 9.0, 8.5]",35.0,8.75,8.5,9.0,4,0.25,10.0,12,7.803790412486064,True,True,0.8333333333333334,-2.375,7.0,26.0,rank,False
Sam Champion,Cheryl Burke,News Anchor,Kentucky,United States,61,31,Eliminated Week 4,13,1,"[5.0, 5.0, 5.0, 5.0]",20.0,5.0,5.0,5.0,4,0.0,12.0,16,5.2356020942408374,False,False,0.75,-3.875,12.0,,rank,False
Sam Champion,Cheryl Burke,News Anchor,Kentucky,United States,61,31,Eliminated Week 4,13,2,"[6.0, 6.0, 7.0, 7.0]",26.0,6.5,6.0,7.0,4,0.5,11.0,15,6.310679611650485,False,False,0.7333333333333333,-1.466666666666665,6.0,20.0,rank,False
Sam Champion,Cheryl Burke,News Anchor,Kentucky,United States,61,31,Eliminated Week 4,13,3,"[6.0, 6.0, 6.0, 7.0]",25.0,6.25,6.0,7.0,4,0.4330127018922193,12.0,14,6.20347394540943,False,False,0.8571428571428571,-3.7857142857142847,8.0,23.0,rank,False
Sam Champion,Cheryl Burke,News Anchor,Kentucky,United States,61,31,Eliminated Week 4,13,4,"[7.0, 6.0, 6.0, 6.0]",25.0,6.25,6.0,7.0,4,0.4330127018922193,13.0,13,6.097560975609756,True,True,1.0,-6.53846153846154,11.0,23.666666666666668,rank,False
Selma Blair,Sasha Farber,Actor/Actress,Michigan,United States,50,31,Withdrew,12,1,"[7.0, 7.0, 7.0, 7.0]",28.0,7.0,7.0,7.0,4,0.0,3.0,16,7.329842931937172,False,False,0.1875,4.125,4.0,,rank,False
Selma Blair,Sasha Farber,Actor/Actress,Michigan,United States,50,31,Withdrew,12,2,"[7.0, 7.0, 7.0, 7.0]",28.0,7.0,7.0,7.0,4,0.0,6.0,15,6.796116504854369,False,False,0.4,0.533333333333335,4.0,28.0,rank,False
Selma Blair,Sasha Farber,Actor/Actress,Michigan,United States,50,31,Withdrew,12,3,"[7.0, 7.0, 7.0, 7.0]",28.0,7.0,7.0,7.0,4,0.0,9.0,14,6.9478908188585615,False,False,0.6428571428571429,-0.7857142857142847,5.0,28.0,rank,False
Selma Blair,Sasha Farber,Actor/Actress,Michigan,United States,50,31,Withdrew,12,4,"[8.0, 8.0, 8.0, 8.0]",32.0,8.0,8.0,8.0,4,0.0,6.0,13,7.804878048780488,False,False,0.46153846153846156,0.4615384615384599,4.0,28.0,rank,False
Selma Blair,Sasha Farber,Actor/Actress,Michigan,United States,50,31,Withdrew,12,5,"[10.0, 10.0, 10.0, 10.0]",40.0,10.0,10.0,10.0,4,0.0,4.0,12,8.918617614269788,True,True,0.3333333333333333,2.625,2.0,29.0,rank,False
Shangela,Gleb Savchenko,TV Personality,Texas,United States,40,31,4th Place,4,1,"[7.0, 7.0, 7.0, 7.0]",28.0,7.0,7.0,7.0,4,0.0,3.0,16,7.329842931937172,False,False,0.1875,4.125,4.0,,rank,False
Shangela,Gleb Savchenko,TV Personality,Texas,United States,40,31,4th Place,4,2,"[7.0, 7.0, 7.0, 7.0]",28.0,7.0,7.0,7.0,4,0.0,6.0,15,6.796116504854369,False,False,0.4,0.533333333333335,4.0,28.0,rank,False
Shangela,Gleb Savchenko,TV Personality,Texas,United States,40,31,4th Place,4,3,"[8.0, 7.0, 7.0, 8.0]",30.0,7.5,7.0,8.0,4,0.5,6.0,14,7.444168734491314,False,False,0.42857142857142855,1.2142857142857153,3.0,28.0,rank,False
Shangela,Gleb Savchenko,TV Personality,Texas,United States,40,31,4th Place,4,4,"[8.0, 8.0, 8.0, 8.0]",32.0,8.0,8.0,8.0,4,0.0,6.0,13,7.804878048780488,False,False,0.46153846153846156,0.4615384615384599,4.0,28.666666666666668,rank,False
Shangela,Gleb Savchenko,TV Personality,Texas,United States,40,31,4th Place,4,5,"[9.75, 9.25, 9.75, 9.75]",38.5,9.625,9.25,9.75,4,0.21650635094610965,6.0,12,8.58416945373467,False,False,0.5,1.125,3.5,29.5,rank,False
Shangela,Gleb Savchenko,TV Personality,Texas,United States,40,31,4th Place,4,6,"[9.0, 9.0, 9.0, 9.0]",36.0,9.0,9.0,9.0,4,0.0,3.0,10,10.434782608695652,False,False,0.3,1.5,4.0,31.3,rank,False
Shangela,Gleb Savchenko,TV Personality,Texas,United States,40,31,4th Place,4,7,"[9.0, 9.5, 9.0, 9.0]",36.5,9.125,9.0,9.5,4,0.21650635094610965,4.0,9,11.213517665130567,False,False,0.4444444444444444,0.3333333333333357,2.5,32.083333333333336,rank,False
Shangela,Gleb Savchenko,TV Personality,Texas,United States,40,31,4th Place,4,8,"[11.25, 10.25, 10.25, 10.25]",42.0,10.5,10.25,11.25,4,0.4330127018922193,3.0,8,13.375796178343949,False,False,0.375,2.75,3.0,32.714285714285715,rank,False
Shangela,Gleb Savchenko,TV Personality,Texas,United States,40,31,4th Place,4,9,"[9.5, 9.0, 9.0, 9.0]",36.5,9.125,9.0,9.5,4,0.21650635094610965,3.0,6,16.590909090909093,False,False,0.5,-0.1666666666666643,3.5,33.875,rank,False
Shangela,Gleb Savchenko,TV Personality,Texas,United States,40,31,4th Place,4,10,"[9.5, 9.5, 9.5, 9.5]",38.0,9.5,9.5,9.5,4,0.0,3.0,4,24.358974358974358,True,True,0.75,-1.0,2.0,34.166666666666664,rank,False
Teresa Giudice,Pasha Pashkov,TV Personality,New Jersey,United States,50,31,Eliminated Week 2,15,1,"[5.0, 5.0, 5.0, 5.0]",20.0,5.0,5.0,5.0,4,0.0,12.0,16,5.2356020942408374,False,False,0.75,-3.875,12.0,,rank,False
Teresa Giudice,Pasha Pashkov,TV Personality,New Jersey,United States,50,31,Eliminated Week 2,15,2,"[6.0, 5.0, 6.0, 6.0]",23.0,5.75,5.0,6.0,4,0.4330127018922193,14.0,15,5.582524271844661,True,True,0.9333333333333333,-4.466666666666665,9.0,20.0,rank,False
Trevor Donovan,Emma Slater,Actor/Actress,California,United States,39,31,Eliminated Week 9,6,1,"[5.0, 5.0, 5.0, 6.0]",21.0,5.25,5.0,6.0,4,0.4330127018922193,10.0,16,5.49738219895288,False,False,0.625,-2.875,11.0,,rank,False
Trevor Donovan,Emma Slater,Actor/Actress,California,United States,39,31,Eliminated Week 9,6,2,"[7.0, 7.0, 8.0, 8.0]",30.0,7.5,7.0,8.0,4,0.5,4.0,15,7.281553398058252,False,False,0.26666666666666666,2.533333333333335,2.0,21.0,rank,False
Trevor Donovan,Emma Slater,Actor/Actress,California,United States,39,31,Eliminated Week 9,6,3,"[7.0, 6.0, 7.0, 7.0]",27.0,6.75,6.0,7.0,4,0.4330127018922193,10.0,14,6.699751861042183,False,False,0.7142857142857143,-1.7857142857142847,6.0,25.5,rank,False
Trevor Donovan,Emma Slater,Actor/Actress,California,United States,39,31,Eliminated Week 9,6,4,"[7.0, 7.0, 7.0, 7.0]",28.0,7.0,7.0,7.0,4,0.0,11.0,13,6.829268292682928,False,False,0.8461538461538461,-3.53846153846154,8.0,26.0,rank,False
Trevor Donovan,Emma Slater,Actor/Actress,California,United States,39,31,Eliminated Week 9,6,5,"[9.0, 9.0, 9.0, 9.0]",36.0,9.0,9.0,9.0,4,0.0,7.0,12,8.02675585284281,False,False,0.5833333333333334,-1.375,6.0,26.5,rank,False
Trevor Donovan,Emma Slater,Actor/Actress,California,United States,39,31,Eliminated Week 9,6,6,"[9.0, 8.0, 8.0, 9.0]",34.0,8.5,8.0,9.0,4,0.5,5.0,10,9.855072463768117,False,False,0.5,-0.5,6.0,28.4,rank,False
Trevor Donovan,Emma Slater,Actor/Actress,California,United States,39,31,Eliminated Week 9,6,7,"[10.0, 9.0, 10.0, 10.0]",39.0,9.75,9.0,10.0,4,0.4330127018922193,1.0,9,11.981566820276496,False,False,0.1111111111111111,2.8333333333333357,0.0,29.333333333333332,rank,False
Trevor Donovan,Emma Slater,Actor/Actress,California,United States,39,31,Eliminated Week 9,6,8,"[9.25, 10.25, 9.25, 10.25]",39.0,9.75,9.25,10.25,4,0.5,5.0,8,12.420382165605096,False,False,0.625,-0.25,6.0,30.714285714285715,rank,False
Trevor Donovan,Emma Slater,Actor/Actress,California,United States,39,31,Eliminated Week 9,6,9,"[8.5, 8.0, 8.0, 8.0]",32.5,8.125,8.0,8.5,4,0.21650635094610965,6.0,6,14.772727272727273,True,True,1.0,-4.166666666666664,7.5,31.75,rank,False
Vinny Guadagnino,Koko Iwasaki,TV Personality,New York,United States,34,31,Eliminated Week 8,7,1,"[4.0, 4.0, 5.0, 4.0]",17.0,4.25,4.0,5.0,4,0.4330127018922193,16.0,16,4.450261780104712,False,False,1.0,-6.875,15.0,,rank,False
Vinny Guadagnino,Koko Iwasaki,TV Personality,New York,United States,34,31,Eliminated Week 8,7,2,"[7.0, 6.0, 7.0, 7.0]",27.0,6.75,6.0,7.0,4,0.4330127018922193,9.0,15,6.553398058252427,False,False,0.6,-0.466666666666665,5.0,17.0,rank,False
Vinny Guadagnino,Koko Iwasaki,TV Personality,New York,United States,34,31,Eliminated Week 8,7,3,"[6.0, 5.0, 6.0, 6.0]",23.0,5.75,5.0,6.0,4,0.4330127018922193,14.0,14,5.707196029776675,False,False,1.0,-5.785714285714285,10.0,22.0,rank,False
Vinny Guadagnino,Koko Iwasaki,TV Personality,New York,United States,34,31,Eliminated Week 8,7,4,"[8.0, 7.0, 7.0, 7.0]",29.0,7.25,7.0,8.0,4,0.4330127018922193,9.0,13,7.073170731707316,False,False,0.6923076923076923,-2.53846153846154,7.0,22.333333333333332,rank,False
Vinny Guadagnino,Koko Iwasaki,TV Personality,New York,United States,34,31,Eliminated Week 8,7,5,"[7.75, 7.75, 7.75, 7.75]",31.0,7.75,7.75,7.75,4,0.0,12.0,12,6.911928651059086,False,False,1.0,-6.375,11.0,24.0,rank,False
Vinny Guadagnino,Koko Iwasaki,TV Personality,New York,United States,34,31,Eliminated Week 8,7,6,"[7.0, 7.0, 7.0, 7.0]",28.0,7.0,7.0,7.0,4,0.0,10.0,10,8.115942028985506,False,False,1.0,-6.5,12.0,25.4,rank,False
Vinny Guadagnino,Koko Iwasaki,TV Personality,New York,United States,34,31,Eliminated Week 8,7,7,"[7.5, 8.0, 8.0, 8.0]",31.5,7.875,7.5,8.0,4,0.21650635094610965,9.0,9,9.67741935483871,False,False,1.0,-4.666666666666664,7.5,25.833333333333332,rank,False
Vinny Guadagnino,Koko Iwasaki,TV Personality,New York,United States,34,31,Eliminated Week 8,7,8,"[8.0, 7.0, 7.0, 7.0]",29.0,7.25,7.0,8.0,4,0.4330127018922193,8.0,8,9.235668789808917,True,True,1.0,-10.25,16.0,26.642857142857142,rank,False
Wayne Brady,Witney Carson,Comedian,Georgia,United States,50,31,3rd Place,3,1,"[7.0, 7.0, 7.0, 8.0]",29.0,7.25,7.0,8.0,4,0.4330127018922193,2.0,16,7.591623036649215,False,False,0.125,5.125,3.0,,rank,False
Wayne Brady,Witney Carson,Comedian,Georgia,United States,50,31,3rd Place,3,2,"[8.0, 8.0, 8.0, 8.0]",32.0,8.0,8.0,8.0,4,0.0,1.0,15,7.766990291262135,False,False,0.06666666666666667,4.533333333333335,0.0,29.0,rank,False
Wayne Brady,Witney Carson,Comedian,Georgia,United States,50,31,3rd Place,3,3,"[8.0, 8.0, 8.0, 9.0]",33.0,8.25,8.0,9.0,4,0.4330127018922193,1.0,14,8.188585607940446,False,False,0.07142857142857142,4.214285714285715,0.0,30.5,rank,False
Wayne Brady,Witney Carson,Comedian,Georgia,United States,50,31,3rd Place,3,4,"[9.0, 9.0, 9.0, 9.0]",36.0,9.0,9.0,9.0,4,0.0,1.0,13,8.780487804878048,False,False,0.07692307692307693,4.46153846153846,0.0,31.333333333333332,rank,False
Wayne Brady,Witney Carson,Comedian,Georgia,United States,50,31,3rd Place,3,5,"[10.125, 10.125, 10.125, 10.625]",41.0,10.25,10.125,10.625,4,0.21650635094610965,2.0,12,9.141583054626533,False,False,0.16666666666666666,3.625,1.0,32.5,rank,False
Wayne Brady,Witney Carson,Comedian,Georgia,United States,50,31,3rd Place,3,6,"[8.0, 9.0, 8.0, 9.0]",34.0,8.5,8.0,9.0,4,0.5,5.0,10,9.855072463768117,False,False,0.5,-0.5,6.0,34.2,rank,False
Wayne Brady,Witney Carson,Comedian,Georgia,United States,50,31,3rd Place,3,7,"[9.5, 9.0, 9.5, 10.0]",38.0,9.5,9.0,10.0,4,0.3535533905932738,3.0,9,11.674347158218126,False,False,0.3333333333333333,1.8333333333333357,1.0,34.166666666666664,rank,False
Wayne Brady,Witney Carson,Comedian,Georgia,United States,50,31,3rd Place,3,8,"[11.25, 11.25, 11.25, 11.25]",45.0,11.25,11.25,11.25,4,0.0,1.0,8,14.331210191082802,False,False,0.125,5.75,0.0,34.714285714285715,rank,False
Wayne Brady,Witney Carson,Comedian,Georgia,United States,50,31,3rd Place,3,9,"[9.5, 9.0, 9.0, 9.0]",36.5,9.125,9.0,9.5,4,0.21650635094610965,3.0,6,16.590909090909093,False,False,0.5,-0.1666666666666643,3.5,36.0,rank,False
Wayne Brady,Witney Carson,Comedian,Georgia,United States,50,31,3rd Place,3,10,"[9.5, 9.5, 9.5, 9.5]",38.0,9.5,9.5,9.5,4,0.0,3.0,4,24.358974358974358,True,False,0.75,-1.0,2.0,36.05555555555556,rank,False
Adrian Peterson,Britt Stewart,Athlete,Texas,United States,38,32,Eliminated Week 4,11,1,"[6.0, 6.0, 6.0]",18.0,6.0,6.0,6.0,3,0.0,5.0,14,7.792207792207792,False,False,0.35714285714285715,1.5,4.0,,rank,False
Adrian Peterson,Britt Stewart,Athlete,Texas,United States,38,32,Eliminated Week 4,11,2,"[5.0, 5.0, 5.0]",15.0,5.0,5.0,5.0,3,0.0,10.0,13,6.302521008403361,False,False,0.7692307692307693,-3.3076923076923066,9.0,18.0,rank,False
Adrian Peterson,Britt Stewart,Athlete,Texas,United States,38,32,Eliminated Week 4,11,3,"[5.0, 5.0, 6.0, 6.0]",22.0,5.5,5.0,6.0,4,0.5,11.0,12,6.811145510835913,False,False,0.9166666666666666,-4.916666666666668,12.0,16.5,rank,False
Adrian Peterson,Britt Stewart,Athlete,Texas,United States,38,32,Eliminated Week 4,11,4,"[7.0, 7.0, 7.0]",21.0,7.0,7.0,7.0,3,0.0,6.0,11,8.75,True,True,0.5454545454545454,-0.8181818181818166,6.0,18.333333333333332,rank,False
Alyson Hannigan,Sasha Farber,Actor/Actress,Washington D.C.,United States,49,32,5th Place,5,1,"[5.0, 4.0, 4.0]",13.0,4.333333333333333,4.0,5.0,3,0.4714045207910317,11.0,14,5.627705627705628,False,False,0.7857142857142857,-3.5,9.0,,rank,False
Alyson Hannigan,Sasha Farber,Actor/Actress,Washington D.C.,United States,49,32,5th Place,5,2,"[7.0, 6.0, 6.0]",19.0,6.333333333333333,6.0,7.0,3,0.4714045207910317,6.0,13,7.9831932773109235,False,False,0.46153846153846156,0.6923076923076934,5.0,13.0,rank,False
Alyson Hannigan,Sasha Farber,Actor/Actress,Washington D.C.,United States,49,32,5th Place,5,3,"[6.0, 6.0, 6.0, 6.0]",24.0,6.0,6.0,6.0,4,0.0,8.0,12,7.430340557275541,False,False,0.6666666666666666,-2.916666666666668,10.0,16.0,rank,False
Alyson Hannigan,Sasha Farber,Actor/Actress,Washington D.C.,United States,49,32,5th Place,5,4,"[6.0, 6.0, 6.0]",18.0,6.0,6.0,6.0,3,0.0,10.0,11,7.5,False,False,0.9090909090909091,-3.8181818181818166,9.0,18.666666666666668,rank,False
Alyson Hannigan,Sasha Farber,Actor/Actress,Washington D.C.,United States,49,32,5th Place,5,5,"[7.0, 7.0, 7.0]",21.0,7.0,7.0,7.0,3,0.0,9.0,10,8.75,False,False,0.9,-3.0,7.0,18.5,rank,False
Alyson Hannigan,Sasha Farber,Actor/Actress,Washington D.C.,United States,49,32,5th Place,5,6,"[7.5, 7.5, 7.5, 8.5]",31.0,7.75,7.5,8.5,4,0.4330127018922193,8.0,9,9.627329192546584,False,False,0.8888888888888888,-4.777777777777779,11.0,19.0,rank,False
Alyson Hannigan,Sasha Farber,Actor/Actress,Washington D.C.,United States,49,32,5th Place,5,7,"[8.5, 8.5, 9.5, 8.5]",35.0,8.75,8.5,9.5,4,0.4330127018922193,6.0,8,12.411347517730496,False,False,0.75,-0.25,2.0,21.0,rank,False
Alyson Hannigan,Sasha Farber,Actor/Actress,Washington D.C.,United States,49,32,5th Place,5,8,"[8.75, 8.75, 9.75, 8.75]",36.0,9.0,8.75,9.75,4,0.4330127018922193,4.0,7,14.229249011857709,False,False,0.5714285714285714,-0.1428571428571459,6.0,23.0,rank,False
Alyson Hannigan,Sasha Farber,Actor/Actress,Washington D.C.,United States,49,32,5th Place,5,9,"[7.75, 7.75, 8.75, 7.75]",32.0,8.0,7.75,8.75,4,0.4330127018922193,5.0,6,14.479638009049776,False,False,0.8333333333333334,-4.833333333333336,11.0,24.625,rank,False
Alyson Hannigan,Sasha Farber,Actor/Actress,Washington D.C.,United States,49,32,5th Place,5,10,"[8.5, 8.5, 8.5]",25.5,8.5,8.5,8.5,3,0.0,5.0,5,17.894736842105264,False,False,1.0,-3.0,4.5,25.444444444444443,rank,False
Alyson Hannigan,Sasha Farber,Actor/Actress,Washington D.C.,United States,49,32,5th Place,5,11,"[9.0, 8.5, 9.0]",26.5,8.833333333333334,8.5,9.0,3,0.23570226039551584,5.0,5,18.213058419243985,True,True,1.0,-2.6000000000000014,3.5,25.45,rank,False
Ariana Madix,Pasha Pashkov,TV Personality,Florida,United States,38,32,3rd Place,3,1,"[7.0, 7.0, 7.0]",21.0,7.0,7.0,7.0,3,0.0,2.0,14,9.090909090909092,False,False,0.14285714285714285,4.5,1.0,,rank,False
Ariana Madix,Pasha Pashkov,TV Personality,Florida,United States,38,32,3rd Place,3,2,"[6.0, 7.0, 7.0]",20.0,6.666666666666667,6.0,7.0,3,0.4714045207910317,5.0,13,8.403361344537815,False,False,0.38461538461538464,1.6923076923076934,4.0,21.0,rank,False
Ariana Madix,Pasha Pashkov,TV Personality,Florida,United States,38,32,3rd Place,3,3,"[9.0, 8.0, 9.0, 8.0]",34.0,8.5,8.0,9.0,4,0.5,1.0,12,10.526315789473683,False,False,0.08333333333333333,7.083333333333332,0.0,20.5,rank,False
Ariana Madix,Pasha Pashkov,TV Personality,Florida,United States,38,32,3rd Place,3,4,"[8.0, 9.0, 8.0]",25.0,8.333333333333334,8.0,9.0,3,0.4714045207910317,2.0,11,10.416666666666668,False,False,0.18181818181818182,3.1818181818181834,2.0,25.0,rank,False
Ariana Madix,Pasha Pashkov,TV Personality,Florida,United States,38,32,3rd Place,3,5,"[8.0, 8.0, 8.0]",24.0,8.0,8.0,8.0,3,0.0,4.0,10,10.0,False,False,0.4,0.0,4.0,25.0,rank,False
Ariana Madix,Pasha Pashkov,TV Personality,Florida,United States,38,32,3rd Place,3,6,"[10.0, 10.0, 10.0, 11.0]",41.0,10.25,10.0,11.0,4,0.4330127018922193,2.0,9,12.732919254658384,False,False,0.2222222222222222,5.222222222222221,1.0,24.8,rank,False
Ariana Madix,Pasha Pashkov,TV Personality,Florida,United States,38,32,3rd Place,3,7,"[9.0, 9.0, 10.0, 9.0]",37.0,9.25,9.0,10.0,4,0.4330127018922193,1.0,8,13.120567375886525,False,False,0.125,1.75,0.0,27.5,rank,False
Ariana Madix,Pasha Pashkov,TV Personality,Florida,United States,38,32,3rd Place,3,8,"[9.75, 10.75, 10.75, 10.75]",42.0,10.5,9.75,10.75,4,0.4330127018922193,1.0,7,16.600790513833992,False,False,0.14285714285714285,5.857142857142854,0.0,28.857142857142858,rank,False
Ariana Madix,Pasha Pashkov,TV Personality,Florida,United States,38,32,3rd Place,3,9,"[9.0, 9.0, 9.0, 10.0]",37.0,9.25,9.0,10.0,4,0.4330127018922193,4.0,6,16.7420814479638,False,False,0.6666666666666666,0.1666666666666643,6.0,30.5,rank,False
Ariana Madix,Pasha Pashkov,TV Personality,Florida,United States,38,32,3rd Place,3,10,"[9.5, 9.5, 10.0]",29.0,9.666666666666666,9.5,10.0,3,0.23570226039551584,3.0,5,20.350877192982455,False,False,0.6,0.5,1.0,31.22222222222222,rank,False
Ariana Madix,Pasha Pashkov,TV Personality,Florida,United States,38,32,3rd Place,3,11,"[9.5, 10.0, 10.0]",29.5,9.833333333333334,9.5,10.0,3,0.23570226039551584,3.0,5,20.274914089347078,True,False,0.6,0.3999999999999986,0.5,31.0,rank,False
Barry Williams,Peta Murgatroyd,Actor/Actress,California,United States,68,32,Eliminated Week 8,7,1,"[6.0, 5.0, 5.0]",16.0,5.333333333333333,5.0,6.0,3,0.4714045207910317,8.0,14,6.926406926406926,False,False,0.5714285714285714,-0.5,6.0,,rank,False
Barry Williams,Peta Murgatroyd,Actor/Actress,California,United States,68,32,Eliminated Week 8,7,2,"[5.0, 5.0, 5.0]",15.0,5.0,5.0,5.0,3,0.0,10.0,13,6.302521008403361,False,False,0.7692307692307693,-3.3076923076923066,9.0,16.0,rank,False
Barry Williams,Peta Murgatroyd,Actor/Actress,California,United States,68,32,Eliminated Week 8,7,3,"[6.0, 6.0, 7.0, 6.0]",25.0,6.25,6.0,7.0,4,0.4330127018922193,7.0,12,7.739938080495357,False,False,0.5833333333333334,-1.9166666666666679,9.0,15.5,rank,False
Barry Williams,Peta Murgatroyd,Actor/Actress,California,United States,68,32,Eliminated Week 8,7,4,"[6.0, 6.0, 6.0]",18.0,6.0,6.0,6.0,3,0.0,10.0,11,7.5,False,False,0.9090909090909091,-3.8181818181818166,9.0,18.666666666666668,rank,False
Barry Williams,Peta Murgatroyd,Actor/Actress,California,United States,68,32,Eliminated Week 8,7,5,"[8.0, 8.0, 8.0]",24.0,8.0,8.0,8.0,3,0.0,4.0,10,10.0,False,False,0.4,0.0,4.0,18.5,rank,False
Barry Williams,Peta Murgatroyd,Actor/Actress,California,United States,68,32,Eliminated Week 8,7,6,"[8.25, 7.25, 8.25, 8.25]",32.0,8.0,7.25,8.25,4,0.4330127018922193,7.0,9,9.937888198757763,False,False,0.7777777777777778,-3.7777777777777786,10.0,19.6,rank,False
Barry Williams,Peta Murgatroyd,Actor/Actress,California,United States,68,32,Eliminated Week 8,7,7,"[8.0, 8.0, 8.5, 8.0]",32.5,8.125,8.0,8.5,4,0.21650635094610965,7.0,8,11.52482269503546,False,False,0.875,-2.75,4.5,21.666666666666668,rank,False
Barry Williams,Peta Murgatroyd,Actor/Actress,California,United States,68,32,Eliminated Week 8,7,8,"[8.75, 8.75, 8.75, 8.75]",35.0,8.75,8.75,8.75,4,0.0,5.0,7,13.83399209486166,True,True,0.7142857142857143,-1.142857142857146,7.0,23.214285714285715,rank,False
Charity Lawson,Artem Chigvintsev,TV Personality,Georgia,United States,27,32,4th Place,4,1,"[7.0, 7.0, 8.0]",22.0,7.333333333333333,7.0,8.0,3,0.4714045207910317,1.0,14,9.523809523809524,False,False,0.07142857142857142,5.5,0.0,,rank,False
Charity Lawson,Artem Chigvintsev,TV Personality,Georgia,United States,27,32,4th Place,4,2,"[7.0, 7.0, 7.0]",21.0,7.0,7.0,7.0,3,0.0,3.0,13,8.823529411764707,False,False,0.23076923076923078,2.6923076923076934,3.0,22.0,rank,False
Charity Lawson,Artem Chigvintsev,TV Personality,Georgia,United States,27,32,4th Place,4,3,"[8.0, 8.0, 8.0, 8.0]",32.0,8.0,8.0,8.0,4,0.0,3.0,12,9.907120743034056,False,False,0.25,5.083333333333332,2.0,21.5,rank,False
Charity Lawson,Artem Chigvintsev,TV Personality,Georgia,United States,27,32,4th Place,4,4,"[8.0, 8.0, 8.0]",24.0,8.0,8.0,8.0,3,0.0,3.0,11,10.0,False,False,0.2727272727272727,2.1818181818181834,3.0,25.0,rank,False
Charity Lawson,Artem Chigvintsev,TV Personality,Georgia,United States,27,32,4th Place,4,5,"[10.0, 9.0, 9.0]",28.0,9.333333333333334,9.0,10.0,3,0.4714045207910317,1.0,10,11.666666666666666,False,False,0.1,4.0,0.0,24.75,rank,False
Charity Lawson,Artem Chigvintsev,TV Personality,Georgia,United States,27,32,4th Place,4,6,"[9.75, 9.75, 8.75, 9.75]",38.0,9.5,8.75,9.75,4,0.4330127018922193,4.0,9,11.801242236024844,False,False,0.4444444444444444,2.2222222222222214,4.0,25.4,rank,False
Charity Lawson,Artem Chigvintsev,TV Personality,Georgia,United States,27,32,4th Place,4,7,"[9.0, 9.0, 9.0, 9.0]",36.0,9.0,9.0,9.0,4,0.0,4.0,8,12.76595744680851,False,False,0.5,0.75,1.0,27.5,rank,False
Charity Lawson,Artem Chigvintsev,TV Personality,Georgia,United States,27,32,4th Place,4,8,"[9.75, 9.75, 9.75, 9.75]",39.0,9.75,9.75,9.75,4,0.0,3.0,7,15.41501976284585,False,False,0.42857142857142855,2.857142857142854,3.0,28.714285714285715,rank,False
Charity Lawson,Artem Chigvintsev,TV Personality,Georgia,United States,27,32,4th Place,4,9,"[9.0, 10.0, 9.0, 10.0]",38.0,9.5,9.0,10.0,4,0.5,3.0,6,17.194570135746606,False,False,0.5,1.1666666666666643,5.0,30.0,rank,False
Charity Lawson,Artem Chigvintsev,TV Personality,Georgia,United States,27,32,4th Place,4,10,"[10.0, 9.5, 10.0]",29.5,9.833333333333334,9.5,10.0,3,0.23570226039551584,2.0,5,20.701754385964914,False,False,0.4,1.0,0.5,30.88888888888889,rank,False
Charity Lawson,Artem Chigvintsev,TV Personality,Georgia,United States,27,32,4th Place,4,11,"[9.5, 10.0, 10.0]",29.5,9.833333333333334,9.5,10.0,3,0.23570226039551584,3.0,5,20.274914089347078,True,True,0.6,0.3999999999999986,0.5,30.75,rank,False
Harry Jowsey,Rylee Arnold,TV Personality,Non-US,Australia,26,32,Eliminated Week 9,6,1,"[4.0, 4.0, 4.0]",12.0,4.0,4.0,4.0,3,0.0,12.0,14,5.194805194805195,False,False,0.8571428571428571,-4.5,10.0,,rank,False
Harry Jowsey,Rylee Arnold,TV Personality,Non-US,Australia,26,32,Eliminated Week 9,6,2,"[5.0, 5.0, 5.0]",15.0,5.0,5.0,5.0,3,0.0,10.0,13,6.302521008403361,False,False,0.7692307692307693,-3.3076923076923066,9.0,12.0,rank,False
Harry Jowsey,Rylee Arnold,TV Personality,Non-US,Australia,26,32,Eliminated Week 9,6,3,"[6.0, 5.0, 7.0, 6.0]",24.0,6.0,5.0,7.0,4,0.7071067811865476,8.0,12,7.430340557275541,False,False,0.6666666666666666,-2.916666666666668,10.0,13.5,rank,False
Harry Jowsey,Rylee Arnold,TV Personality,Non-US,Australia,26,32,Eliminated Week 9,6,4,"[7.0, 7.0, 7.0]",21.0,7.0,7.0,7.0,3,0.0,6.0,11,8.75,False,False,0.5454545454545454,-0.8181818181818166,6.0,17.0,rank,False
Harry Jowsey,Rylee Arnold,TV Personality,Non-US,Australia,26,32,Eliminated Week 9,6,5,"[6.0, 6.0, 6.0]",18.0,6.0,6.0,6.0,3,0.0,10.0,10,7.5,False,False,1.0,-6.0,10.0,18.0,rank,False
Harry Jowsey,Rylee Arnold,TV Personality,Non-US,Australia,26,32,Eliminated Week 9,6,6,"[7.25, 7.25, 7.25, 7.25]",29.0,7.25,7.25,7.25,4,0.0,9.0,9,9.006211180124224,False,False,1.0,-6.777777777777779,13.0,18.0,rank,False
Harry Jowsey,Rylee Arnold,TV Personality,Non-US,Australia,26,32,Eliminated Week 9,6,7,"[8.0, 8.0, 8.0, 8.0]",32.0,8.0,8.0,8.0,4,0.0,8.0,8,11.347517730496454,False,False,1.0,-3.25,5.0,19.833333333333332,rank,False
Harry Jowsey,Rylee Arnold,TV Personality,Non-US,Australia,26,32,Eliminated Week 9,6,8,"[7.0, 7.0, 7.0, 7.0]",28.0,7.0,7.0,7.0,4,0.0,7.0,7,11.067193675889328,False,False,1.0,-8.142857142857146,14.0,21.571428571428573,rank,False
Harry Jowsey,Rylee Arnold,TV Personality,Non-US,Australia,26,32,Eliminated Week 9,6,9,"[8.0, 7.0, 8.0, 7.0]",30.0,7.5,7.0,8.0,4,0.5,6.0,6,13.574660633484163,True,True,1.0,-6.833333333333336,13.0,22.375,rank,False
Jamie Lynn Spears,Alan Bersten,Actor/Actress,Mississippi,United States,32,32,Eliminated Week 2,13,1,"[5.0, 5.0, 5.0]",15.0,5.0,5.0,5.0,3,0.0,9.0,14,6.493506493506493,False,False,0.6428571428571429,-1.5,7.0,,rank,False
Jamie Lynn Spears,Alan Bersten,Actor/Actress,Mississippi,United States,32,32,Eliminated Week 2,13,2,"[6.0, 5.0, 5.0]",16.0,5.333333333333333,5.0,6.0,3,0.4714045207910317,9.0,13,6.722689075630252,True,True,0.6923076923076923,-2.3076923076923066,8.0,15.0,rank,False
Jason Mraz,Daniella Karagach,Singer/Rapper,Virginia,United States,46,32,2nd Place,2,1,"[7.0, 7.0, 7.0]",21.0,7.0,7.0,7.0,3,0.0,2.0,14,9.090909090909092,False,False,0.14285714285714285,4.5,1.0,,rank,False
Jason Mraz,Daniella Karagach,Singer/Rapper,Virginia,United States,46,32,2nd Place,2,2,"[8.0, 8.0, 8.0]",24.0,8.0,8.0,8.0,3,0.0,1.0,13,10.084033613445378,False,False,0.07692307692307693,5.692307692307693,0.0,21.0,rank,False
Jason Mraz,Daniella Karagach,Singer/Rapper,Virginia,United States,46,32,2nd Place,2,3,"[9.0, 8.0, 9.0, 8.0]",34.0,8.5,8.0,9.0,4,0.5,1.0,12,10.526315789473683,False,False,0.08333333333333333,7.083333333333332,0.0,22.5,rank,False
Jason Mraz,Daniella Karagach,Singer/Rapper,Virginia,United States,46,32,2nd Place,2,4,"[8.0, 8.0, 8.0]",24.0,8.0,8.0,8.0,3,0.0,3.0,11,10.0,False,False,0.2727272727272727,2.1818181818181834,3.0,26.333333333333332,rank,False
Jason Mraz,Daniella Karagach,Singer/Rapper,Virginia,United States,46,32,2nd Place,2,5,"[9.0, 9.0, 9.0]",27.0,9.0,9.0,9.0,3,0.0,3.0,10,11.25,False,False,0.3,3.0,1.0,25.75,rank,False
Jason Mraz,Daniella Karagach,Singer/Rapper,Virginia,United States,46,32,2nd Place,2,6,"[9.75, 9.75, 9.75, 9.75]",39.0,9.75,9.75,9.75,4,0.0,3.0,9,12.111801242236025,False,False,0.3333333333333333,3.2222222222222214,3.0,26.0,rank,False
Jason Mraz,Daniella Karagach,Singer/Rapper,Virginia,United States,46,32,2nd Place,2,7,"[8.5, 8.5, 10.0, 9.0]",36.0,9.0,8.5,10.0,4,0.6123724356957945,4.0,8,12.76595744680851,False,False,0.5,0.75,1.0,28.166666666666668,rank,False
Jason Mraz,Daniella Karagach,Singer/Rapper,Virginia,United States,46,32,2nd Place,2,8,"[8.0, 9.0, 8.0, 8.0]",33.0,8.25,8.0,9.0,4,0.4330127018922193,6.0,7,13.043478260869565,False,False,0.8571428571428571,-3.142857142857146,9.0,29.285714285714285,rank,False
Jason Mraz,Daniella Karagach,Singer/Rapper,Virginia,United States,46,32,2nd Place,2,9,"[10.75, 10.75, 10.75, 10.75]",43.0,10.75,10.75,10.75,4,0.0,1.0,6,19.457013574660635,False,False,0.16666666666666666,6.166666666666664,0.0,29.75,rank,False
Jason Mraz,Daniella Karagach,Singer/Rapper,Virginia,United States,46,32,2nd Place,2,10,"[9.5, 9.5, 9.5]",28.5,9.5,9.5,9.5,3,0.0,4.0,5,20.0,False,False,0.8,0.0,1.5,31.22222222222222,rank,False
Jason Mraz,Daniella Karagach,Singer/Rapper,Virginia,United States,46,32,2nd Place,2,11,"[10.0, 10.0, 10.0]",30.0,10.0,10.0,10.0,3,0.0,1.0,5,20.618556701030926,True,False,0.2,0.8999999999999986,0.0,30.95,rank,False
Lele Pons,Brandon Armstrong,Social Media Personality,Non-US,Venezuela,27,32,Eliminated Week 7,8,1,"[6.0, 7.0, 6.0]",19.0,6.333333333333333,6.0,7.0,3,0.4714045207910317,4.0,14,8.225108225108226,False,False,0.2857142857142857,2.5,3.0,,rank,False
Lele Pons,Brandon Armstrong,Social Media Personality,Non-US,Venezuela,27,32,Eliminated Week 7,8,2,"[7.0, 7.0, 7.0]",21.0,7.0,7.0,7.0,3,0.0,3.0,13,8.823529411764707,False,False,0.23076923076923078,2.6923076923076934,3.0,19.0,rank,False
Lele Pons,Brandon Armstrong,Social Media Personality,Non-US,Venezuela,27,32,Eliminated Week 7,8,3,"[7.0, 6.0, 7.0, 7.0]",27.0,6.75,6.0,7.0,4,0.4330127018922193,5.0,12,8.359133126934983,False,False,0.4166666666666667,0.08333333333333215,7.0,20.0,rank,False
Lele Pons,Brandon Armstrong,Social Media Personality,Non-US,Venezuela,27,32,Eliminated Week 7,8,4,"[7.0, 7.0, 8.0]",22.0,7.333333333333333,7.0,8.0,3,0.4714045207910317,5.0,11,9.166666666666666,False,False,0.45454545454545453,0.18181818181818343,5.0,22.333333333333332,rank,False
Lele Pons,Brandon Armstrong,Social Media Personality,Non-US,Venezuela,27,32,Eliminated Week 7,8,5,"[8.0, 8.0, 8.0]",24.0,8.0,8.0,8.0,3,0.0,4.0,10,10.0,False,False,0.4,0.0,4.0,22.25,rank,False
Lele Pons,Brandon Armstrong,Social Media Personality,Non-US,Venezuela,27,32,Eliminated Week 7,8,6,"[9.0, 9.0, 9.0, 10.0]",37.0,9.25,9.0,10.0,4,0.4330127018922193,5.0,9,11.490683229813664,False,False,0.5555555555555556,1.2222222222222214,5.0,22.6,rank,False
Lele Pons,Brandon Armstrong,Social Media Personality,Non-US,Venezuela,27,32,Eliminated Week 7,8,7,"[9.5, 9.0, 9.0, 9.0]",36.5,9.125,9.0,9.5,4,0.21650635094610965,3.0,8,12.943262411347517,True,True,0.375,1.25,0.5,25.0,rank,False
Matt Walsh,Koko Iwasaki,Comedian,Illinois,United States,58,32,Eliminated Week 1,14,1,"[4.0, 4.0, 4.0]",12.0,4.0,4.0,4.0,3,0.0,12.0,14,5.194805194805195,True,True,0.8571428571428571,-4.5,10.0,,rank,False
Mauricio Umansky,Emma Slater,TV Personality,Non-US,Mexico,53,32,Eliminated Week 6,9,1,"[5.0, 5.0, 5.0]",15.0,5.0,5.0,5.0,3,0.0,9.0,14,6.493506493506493,False,False,0.6428571428571429,-1.5,7.0,,rank,False
Mauricio Umansky,Emma Slater,TV Personality,Non-US,Mexico,53,32,Eliminated Week 6,9,2,"[4.0, 4.0, 4.0]",12.0,4.0,4.0,4.0,3,0.0,13.0,13,5.042016806722689,False,False,1.0,-6.307692307692307,12.0,15.0,rank,False
Mauricio Umansky,Emma Slater,TV Personality,Non-US,Mexico,53,32,Eliminated Week 6,9,3,"[7.0, 5.0, 6.0, 5.0]",23.0,5.75,5.0,7.0,4,0.82915619758885,10.0,12,7.120743034055728,False,False,0.8333333333333334,-3.916666666666668,11.0,13.5,rank,False
Mauricio Umansky,Emma Slater,TV Personality,Non-US,Mexico,53,32,Eliminated Week 6,9,4,"[7.0, 6.0, 6.0]",19.0,6.333333333333333,6.0,7.0,3,0.4714045207910317,9.0,11,7.916666666666666,False,False,0.8181818181818182,-2.8181818181818166,8.0,16.666666666666668,rank,False
Mauricio Umansky,Emma Slater,TV Personality,Non-US,Mexico,53,32,Eliminated Week 6,9,5,"[8.0, 8.0, 8.0]",24.0,8.0,8.0,8.0,3,0.0,4.0,10,10.0,False,False,0.4,0.0,4.0,17.25,rank,False
Mauricio Umansky,Emma Slater,TV Personality,Non-US,Mexico,53,32,Eliminated Week 6,9,6,"[8.5, 8.5, 7.5, 8.5]",33.0,8.25,7.5,8.5,4,0.4330127018922193,6.0,9,10.248447204968944,True,True,0.6666666666666666,-2.7777777777777786,9.0,18.6,rank,False
Mira Sorvino,Gleb Savchenko,Actor/Actress,New York,United States,55,32,Eliminated Week 5,10,1,"[6.0, 5.0, 6.0]",17.0,5.666666666666667,5.0,6.0,3,0.4714045207910317,7.0,14,7.35930735930736,False,False,0.5,0.5,5.0,,rank,False
Mira Sorvino,Gleb Savchenko,Actor/Actress,New York,United States,55,32,Eliminated Week 5,10,2,"[6.0, 6.0, 6.0]",18.0,6.0,6.0,6.0,3,0.0,7.0,13,7.563025210084033,False,False,0.5384615384615384,-0.3076923076923066,6.0,17.0,rank,False
Mira Sorvino,Gleb Savchenko,Actor/Actress,New York,United States,55,32,Eliminated Week 5,10,3,"[6.0, 6.0, 7.0, 7.0]",26.0,6.5,6.0,7.0,4,0.5,6.0,12,8.04953560371517,False,False,0.5,-0.9166666666666679,8.0,17.5,rank,False
Mira Sorvino,Gleb Savchenko,Actor/Actress,New York,United States,55,32,Eliminated Week 5,10,4,"[7.0, 7.0, 7.0]",21.0,7.0,7.0,7.0,3,0.0,6.0,11,8.75,False,False,0.5454545454545454,-0.8181818181818166,6.0,20.333333333333332,rank,False
Mira Sorvino,Gleb Savchenko,Actor/Actress,New York,United States,55,32,Eliminated Week 5,10,5,"[7.0, 8.0, 7.0]",22.0,7.333333333333333,7.0,8.0,3,0.4714045207910317,8.0,10,9.166666666666666,True,True,0.8,-2.0,6.0,20.5,rank,False
Tyson Beckford,Jenna Johnson,Model,New York,United States,52,32,Eliminated Week 3,12,1,"[4.0, 4.0, 4.0]",12.0,4.0,4.0,4.0,3,0.0,12.0,14,5.194805194805195,False,False,0.8571428571428571,-4.5,10.0,,rank,False
Tyson Beckford,Jenna Johnson,Model,New York,United States,52,32,Eliminated Week 3,12,2,"[6.0, 6.0, 6.0]",18.0,6.0,6.0,6.0,3,0.0,7.0,13,7.563025210084033,False,False,0.5384615384615384,-0.3076923076923066,6.0,12.0,rank,False
Tyson Beckford,Jenna Johnson,Model,New York,United States,52,32,Eliminated Week 3,12,3,"[5.0, 5.0, 5.0, 5.0]",20.0,5.0,5.0,5.0,4,0.0,12.0,12,6.191950464396285,True,True,1.0,-6.916666666666668,14.0,15.0,rank,False
Xochitl Gomez,Valentin Chmerkovskiy,Actor/Actress,California,United States,17,32,1st Place,1,1,"[6.0, 6.0, 6.0]",18.0,6.0,6.0,6.0,3,0.0,5.0,14,7.792207792207792,False,False,0.35714285714285715,1.5,4.0,,rank,False
Xochitl Gomez,Valentin Chmerkovskiy,Actor/Actress,California,United States,17,32,1st Place,1,2,"[8.0, 8.0, 8.0]",24.0,8.0,8.0,8.0,3,0.0,1.0,13,10.084033613445378,False,False,0.07692307692307693,5.692307692307693,0.0,18.0,rank,False
Xochitl Gomez,Valentin Chmerkovskiy,Actor/Actress,California,United States,17,32,1st Place,1,3,"[8.0, 8.0, 8.0, 8.0]",32.0,8.0,8.0,8.0,4,0.0,3.0,12,9.907120743034056,False,False,0.25,5.083333333333332,2.0,21.0,rank,False
Xochitl Gomez,Valentin Chmerkovskiy,Actor/Actress,California,United States,17,32,1st Place,1,4,"[9.0, 9.0, 9.0]",27.0,9.0,9.0,9.0,3,0.0,1.0,11,11.25,False,False,0.09090909090909091,5.181818181818183,0.0,24.666666666666668,rank,False
Xochitl Gomez,Valentin Chmerkovskiy,Actor/Actress,California,United States,17,32,1st Place,1,5,"[9.0, 10.0, 9.0]",28.0,9.333333333333334,9.0,10.0,3,0.4714045207910317,1.0,10,11.666666666666666,False,False,0.1,4.0,0.0,25.25,rank,False
Xochitl Gomez,Valentin Chmerkovskiy,Actor/Actress,California,United States,17,32,1st Place,1,6,"[10.25, 10.25, 11.25, 10.25]",42.0,10.5,10.25,11.25,4,0.4330127018922193,1.0,9,13.043478260869565,False,False,0.1111111111111111,6.222222222222221,0.0,25.8,rank,False
Xochitl Gomez,Valentin Chmerkovskiy,Actor/Actress,California,United States,17,32,1st Place,1,7,"[9.5, 9.0, 9.5, 9.0]",37.0,9.25,9.0,9.5,4,0.25,1.0,8,13.120567375886525,False,False,0.125,1.75,0.0,28.5,rank,False
Xochitl Gomez,Valentin Chmerkovskiy,Actor/Actress,California,United States,17,32,1st Place,1,8,"[10.0, 10.0, 10.0, 10.0]",40.0,10.0,10.0,10.0,4,0.0,2.0,7,15.810276679841898,False,False,0.2857142857142857,3.857142857142854,2.0,29.714285714285715,rank,False
Xochitl Gomez,Valentin Chmerkovskiy,Actor/Actress,California,United States,17,32,1st Place,1,9,"[9.75, 9.75, 10.75, 10.75]",41.0,10.25,9.75,10.75,4,0.5,2.0,6,18.552036199095024,False,False,0.3333333333333333,4.166666666666664,2.0,31.0,rank,False
Xochitl Gomez,Valentin Chmerkovskiy,Actor/Actress,California,United States,17,32,1st Place,1,10,"[10.0, 10.0, 10.0]",30.0,10.0,10.0,10.0,3,0.0,1.0,5,21.052631578947366,False,False,0.2,1.5,0.0,32.111111111111114,rank,False
Xochitl Gomez,Valentin Chmerkovskiy,Actor/Actress,California,United States,17,32,1st Place,1,11,"[10.0, 10.0, 10.0]",30.0,10.0,10.0,10.0,3,0.0,1.0,5,20.618556701030926,True,False,0.2,0.8999999999999986,0.0,31.9,rank,False
Anna Delvey,Ezra Sosa,Con artist,Non-US,Russia,33,33,Eliminated Week 2,12,1,"[6.0, 6.0, 6.0]",18.0,6.0,6.0,6.0,3,0.0,8.0,13,7.28744939271255,False,False,0.6153846153846154,-1.0,5.0,,rank,False
Anna Delvey,Ezra Sosa,Con artist,Non-US,Russia,33,33,Eliminated Week 2,12,2,"[6.0, 5.0, 6.0]",17.0,5.666666666666667,5.0,6.0,3,0.4714045207910317,11.0,13,6.5891472868217065,True,True,0.8461538461538461,-2.8461538461538467,7.0,18.0,rank,False
Brooks Nader,Gleb Savchenko,Model,New York,United States,27,33,Eliminated Week 4,9,1,"[6.0, 6.0, 6.0]",18.0,6.0,6.0,6.0,3,0.0,8.0,13,7.28744939271255,False,False,0.6153846153846154,-1.0,5.0,,rank,False
Brooks Nader,Gleb Savchenko,Model,New York,United States,27,33,Eliminated Week 4,9,2,"[7.0, 6.0, 7.0]",20.0,6.666666666666667,6.0,7.0,3,0.4714045207910317,8.0,13,7.751937984496124,False,False,0.6153846153846154,0.1538461538461533,4.0,18.0,rank,False
Brooks Nader,Gleb Savchenko,Model,New York,United States,27,33,Eliminated Week 4,9,3,"[7.5, 7.5, 8.0, 7.5]",30.5,7.625,7.5,8.0,4,0.21650635094610965,5.0,11,9.59119496855346,False,False,0.45454545454545453,1.59090909090909,4.5,19.0,rank,False
Brooks Nader,Gleb Savchenko,Model,New York,United States,27,33,Eliminated Week 4,9,4,"[8.0, 8.0, 8.0, 8.0]",32.0,8.0,8.0,8.0,4,0.0,4.0,9,10.884353741496598,True,True,0.4444444444444444,-0.6666666666666643,4.0,22.833333333333332,rank,False
Chandler Kinney,Brandon Armstrong,Actor/Actress,California,United States,24,33,3rd Place,3,1,"[8.0, 7.0, 8.0]",23.0,7.666666666666667,7.0,8.0,3,0.4714045207910317,1.0,13,9.31174089068826,False,False,0.07692307692307693,4.0,0.0,,rank,False
Chandler Kinney,Brandon Armstrong,Actor/Actress,California,United States,24,33,3rd Place,3,2,"[8.0, 8.0, 8.0]",24.0,8.0,8.0,8.0,3,0.0,1.0,13,9.30232558139535,False,False,0.07692307692307693,4.153846153846153,0.0,23.0,rank,False
Chandler Kinney,Brandon Armstrong,Actor/Actress,California,United States,24,33,3rd Place,3,3,"[8.5, 8.5, 9.0, 8.5]",34.5,8.625,8.5,9.0,4,0.21650635094610965,2.0,11,10.849056603773585,False,False,0.18181818181818182,5.59090909090909,0.5,23.5,rank,False
Chandler Kinney,Brandon Armstrong,Actor/Actress,California,United States,24,33,3rd Place,3,4,"[8.0, 8.0, 8.0, 8.0]",32.0,8.0,8.0,8.0,4,0.0,4.0,9,10.884353741496598,False,False,0.4444444444444444,-0.6666666666666643,4.0,27.166666666666668,rank,False
Chandler Kinney,Brandon Armstrong,Actor/Actress,California,United States,24,33,3rd Place,3,5,"[9.0, 9.0, 9.0]",27.0,9.0,9.0,9.0,3,0.0,1.0,8,13.366336633663368,False,False,0.125,1.75,0.0,28.375,rank,False
Chandler Kinney,Brandon Armstrong,Actor/Actress,California,United States,24,33,3rd Place,3,6,"[10.0, 11.0, 11.0]",32.0,10.666666666666666,10.0,11.0,3,0.4714045207910317,1.0,7,15.53398058252427,False,False,0.14285714285714285,2.571428571428573,0.0,28.1,rank,False
Chandler Kinney,Brandon Armstrong,Actor/Actress,California,United States,24,33,3rd Place,3,7,"[10.0, 10.0, 10.0]",30.0,10.0,10.0,10.0,3,0.0,1.0,6,18.75,False,False,0.16666666666666666,3.333333333333332,0.0,28.75,rank,False
Chandler Kinney,Brandon Armstrong,Actor/Actress,California,United States,24,33,3rd Place,3,8,"[9.5, 9.5, 10.0]",29.0,9.666666666666666,9.5,10.0,3,0.23570226039551584,1.0,5,20.714285714285715,False,False,0.2,1.0,0.0,28.928571428571427,rank,False
Chandler Kinney,Brandon Armstrong,Actor/Actress,California,United States,24,33,3rd Place,3,9,"[10.0, 10.0, 10.0]",30.0,10.0,10.0,10.0,3,0.0,1.0,5,20.618556701030926,True,False,0.2,0.8999999999999986,0.0,28.9375,rank,False
Danny Amendola,Witney Carson,Athlete,Texas,United States,39,33,5th Place,5,1,"[7.0, 6.0, 7.0]",20.0,6.666666666666667,6.0,7.0,3,0.4714045207910317,5.0,13,8.097165991902834,False,False,0.38461538461538464,1.0,3.0,,rank,False
Danny Amendola,Witney Carson,Athlete,Texas,United States,39,33,5th Place,5,2,"[7.0, 7.0, 7.0]",21.0,7.0,7.0,7.0,3,0.0,5.0,13,8.13953488372093,False,False,0.38461538461538464,1.1538461538461533,3.0,20.0,rank,False
Danny Amendola,Witney Carson,Athlete,Texas,United States,39,33,5th Place,5,3,"[7.5, 7.5, 8.0, 7.0]",30.0,7.5,7.0,8.0,4,0.3535533905932738,6.0,11,9.433962264150944,False,False,0.5454545454545454,1.09090909090909,5.0,20.5,rank,False
Danny Amendola,Witney Carson,Athlete,Texas,United States,39,33,5th Place,5,4,"[9.0, 9.0, 9.0, 9.0]",36.0,9.0,9.0,9.0,4,0.0,1.0,9,12.244897959183673,False,False,0.1111111111111111,3.3333333333333357,0.0,23.666666666666668,rank,False
Danny Amendola,Witney Carson,Athlete,Texas,United States,39,33,5th Place,5,5,"[8.5, 8.5, 8.5]",25.5,8.5,8.5,8.5,3,0.0,4.0,8,12.623762376237623,False,False,0.5,0.25,1.5,26.75,rank,False
Danny Amendola,Witney Carson,Athlete,Texas,United States,39,33,5th Place,5,6,"[10.0, 9.0, 9.0]",28.0,9.333333333333334,9.0,10.0,3,0.4714045207910317,5.0,7,13.592233009708737,False,False,0.7142857142857143,-1.428571428571427,4.0,26.5,rank,False
Danny Amendola,Witney Carson,Athlete,Texas,United States,39,33,5th Place,5,7,"[8.5, 8.5, 8.5]",25.5,8.5,8.5,8.5,3,0.0,5.0,6,15.937499999999998,False,False,0.8333333333333334,-1.1666666666666679,4.5,26.75,rank,False
Danny Amendola,Witney Carson,Athlete,Texas,United States,39,33,5th Place,5,8,"[9.0, 9.0, 9.0]",27.0,9.0,9.0,9.0,3,0.0,4.0,5,19.28571428571429,False,False,0.8,-1.0,2.0,26.571428571428573,rank,False
Danny Amendola,Witney Carson,Athlete,Texas,United States,39,33,5th Place,5,9,"[9.0, 9.5, 9.5]",28.0,9.333333333333334,9.0,9.5,3,0.23570226039551584,5.0,5,19.243986254295535,True,True,1.0,-1.1000000000000014,2.0,26.625,rank,False
Dwight Howard ,Daniella Karagach,Athlete,Georgia,United States,38,33,Eliminated Week 7,6,1,"[8.0, 7.0, 7.0]",22.0,7.333333333333333,7.0,8.0,3,0.4714045207910317,2.0,13,8.906882591093117,False,False,0.15384615384615385,3.0,1.0,,rank,False
Dwight Howard ,Daniella Karagach,Athlete,Georgia,United States,38,33,Eliminated Week 7,6,2,"[8.0, 7.0, 7.0]",22.0,7.333333333333333,7.0,8.0,3,0.4714045207910317,2.0,13,8.527131782945736,False,False,0.15384615384615385,2.1538461538461533,2.0,22.0,rank,False
Dwight Howard ,Daniella Karagach,Athlete,Georgia,United States,38,33,Eliminated Week 7,6,3,"[7.0, 6.5, 6.0, 6.5]",26.0,6.5,6.0,7.0,4,0.3535533905932738,9.0,11,8.176100628930817,False,False,0.8181818181818182,-2.90909090909091,9.0,22.0,rank,False
Dwight Howard ,Daniella Karagach,Athlete,Georgia,United States,38,33,Eliminated Week 7,6,4,"[7.0, 8.0, 7.0, 7.0]",29.0,7.25,7.0,8.0,4,0.4330127018922193,9.0,9,9.863945578231291,False,False,1.0,-3.6666666666666643,7.0,23.333333333333332,rank,False
Dwight Howard ,Daniella Karagach,Athlete,Georgia,United States,38,33,Eliminated Week 7,6,5,"[8.0, 8.0, 8.0]",24.0,8.0,8.0,8.0,3,0.0,6.0,8,11.881188118811881,False,False,0.75,-1.25,3.0,24.75,rank,False
Dwight Howard ,Daniella Karagach,Athlete,Georgia,United States,38,33,Eliminated Week 7,6,6,"[11.0, 10.0, 10.0]",31.0,10.333333333333334,10.0,11.0,3,0.4714045207910317,3.0,7,15.048543689320388,False,False,0.42857142857142855,1.571428571428573,1.0,24.6,rank,False
Dwight Howard ,Daniella Karagach,Athlete,Georgia,United States,38,33,Eliminated Week 7,6,7,"[8.0, 8.0, 8.0]",24.0,8.0,8.0,8.0,3,0.0,6.0,6,15.0,True,True,1.0,-2.666666666666668,6.0,25.666666666666668,rank,False
Eric Roberts,Britt Stewart,Actor/Actress,California,United States,68,33,Eliminated Week 3,10,1,"[5.0, 5.0, 5.0]",15.0,5.0,5.0,5.0,3,0.0,13.0,13,6.0728744939271255,False,False,1.0,-4.0,8.0,,rank,False
Eric Roberts,Britt Stewart,Actor/Actress,California,United States,68,33,Eliminated Week 3,10,2,"[6.0, 4.0, 5.0]",15.0,5.0,4.0,6.0,3,0.816496580927726,12.0,13,5.813953488372093,False,False,0.9230769230769231,-4.846153846153847,9.0,15.0,rank,False
Eric Roberts,Britt Stewart,Actor/Actress,California,United States,68,33,Eliminated Week 3,10,3,"[6.5, 5.5, 5.5, 5.5]",23.0,5.75,5.5,6.5,4,0.4330127018922193,10.0,11,7.232704402515723,True,True,0.9090909090909091,-5.90909090909091,12.0,15.0,rank,False
Ilona Maher,Alan Bersten,Athlete,California,United States,28,33,2nd Place,2,1,"[6.0, 6.0, 6.0]",18.0,6.0,6.0,6.0,3,0.0,8.0,13,7.28744939271255,False,False,0.6153846153846154,-1.0,5.0,,rank,False
Ilona Maher,Alan Bersten,Athlete,California,United States,28,33,2nd Place,2,2,"[7.0, 7.0, 7.0]",21.0,7.0,7.0,7.0,3,0.0,5.0,13,8.13953488372093,False,False,0.38461538461538464,1.1538461538461533,3.0,18.0,rank,False
Ilona Maher,Alan Bersten,Athlete,California,United States,28,33,2nd Place,2,3,"[7.5, 7.0, 7.0, 6.5]",28.0,7.0,6.5,7.5,4,0.3535533905932738,7.0,11,8.80503144654088,False,False,0.6363636363636364,-0.9090909090909101,7.0,19.5,rank,False
Ilona Maher,Alan Bersten,Athlete,California,United States,28,33,2nd Place,2,4,"[8.0, 8.0, 8.0, 8.0]",32.0,8.0,8.0,8.0,4,0.0,4.0,9,10.884353741496598,False,False,0.4444444444444444,-0.6666666666666643,4.0,22.333333333333332,rank,False
Ilona Maher,Alan Bersten,Athlete,California,United States,28,33,2nd Place,2,5,"[9.0, 8.5, 8.5]",26.0,8.666666666666666,8.5,9.0,3,0.23570226039551584,2.0,8,12.871287128712872,False,False,0.25,0.75,1.0,24.75,rank,False
Ilona Maher,Alan Bersten,Athlete,California,United States,28,33,2nd Place,2,6,"[8.0, 8.0, 8.0]",24.0,8.0,8.0,8.0,3,0.0,7.0,7,11.650485436893204,False,False,1.0,-5.428571428571427,8.0,25.0,rank,False
Ilona Maher,Alan Bersten,Athlete,California,United States,28,33,2nd Place,2,7,"[9.0, 8.5, 8.5]",26.0,8.666666666666666,8.5,9.0,3,0.23570226039551584,4.0,6,16.25,False,False,0.6666666666666666,-0.6666666666666679,4.0,24.833333333333332,rank,False
Ilona Maher,Alan Bersten,Athlete,California,United States,28,33,2nd Place,2,8,"[9.5, 9.5, 9.5]",28.5,9.5,9.5,9.5,3,0.0,3.0,5,20.357142857142858,False,False,0.6,0.5,0.5,25.0,rank,False
Ilona Maher,Alan Bersten,Athlete,California,United States,28,33,2nd Place,2,9,"[9.5, 9.5, 9.5]",28.5,9.5,9.5,9.5,3,0.0,4.0,5,19.587628865979383,True,False,0.8,-0.6000000000000014,1.5,25.4375,rank,False
Jenn Tran,Sasha Farber,TV Personality,Florida,United States,26,33,Eliminated Week 6,7,1,"[7.0, 6.0, 6.0]",19.0,6.333333333333333,6.0,7.0,3,0.4714045207910317,6.0,13,7.6923076923076925,False,False,0.46153846153846156,0.0,4.0,,rank,False
Jenn Tran,Sasha Farber,TV Personality,Florida,United States,26,33,Eliminated Week 6,7,2,"[6.0, 6.0, 7.0]",19.0,6.333333333333333,6.0,7.0,3,0.4714045207910317,9.0,13,7.3643410852713185,False,False,0.6923076923076923,-0.8461538461538467,5.0,19.0,rank,False
Jenn Tran,Sasha Farber,TV Personality,Florida,United States,26,33,Eliminated Week 6,7,3,"[8.0, 8.0, 7.0, 8.0]",31.0,7.75,7.0,8.0,4,0.4330127018922193,3.0,11,9.748427672955975,False,False,0.2727272727272727,2.09090909090909,4.0,19.0,rank,False
Jenn Tran,Sasha Farber,TV Personality,Florida,United States,26,33,Eliminated Week 6,7,4,"[8.0, 8.0, 8.0, 8.0]",32.0,8.0,8.0,8.0,4,0.0,4.0,9,10.884353741496598,False,False,0.4444444444444444,-0.6666666666666643,4.0,23.0,rank,False
Jenn Tran,Sasha Farber,TV Personality,Florida,United States,26,33,Eliminated Week 6,7,5,"[8.5, 8.5, 8.5]",25.5,8.5,8.5,8.5,3,0.0,4.0,8,12.623762376237623,False,False,0.5,0.25,1.5,25.25,rank,False
Jenn Tran,Sasha Farber,TV Personality,Florida,United States,26,33,Eliminated Week 6,7,6,"[11.0, 10.0, 10.0]",31.0,10.333333333333334,10.0,11.0,3,0.4714045207910317,3.0,7,15.048543689320388,True,True,0.42857142857142855,1.571428571428573,1.0,25.3,rank,False
Joey Graziadei,Jenna Johnson,TV Personality,Louisiana,United States,29,33,1st Place,1,1,"[7.0, 7.0, 7.0]",21.0,7.0,7.0,7.0,3,0.0,3.0,13,8.502024291497975,False,False,0.23076923076923078,2.0,2.0,,rank,False
Joey Graziadei,Jenna Johnson,TV Personality,Louisiana,United States,29,33,1st Place,1,2,"[8.0, 7.0, 7.0]",22.0,7.333333333333333,7.0,8.0,3,0.4714045207910317,2.0,13,8.527131782945736,False,False,0.15384615384615385,2.1538461538461533,2.0,21.0,rank,False
Joey Graziadei,Jenna Johnson,TV Personality,Louisiana,United States,29,33,1st Place,1,3,"[9.0, 9.0, 8.5, 8.5]",35.0,8.75,8.5,9.0,4,0.25,1.0,11,11.0062893081761,False,False,0.09090909090909091,6.09090909090909,0.0,21.5,rank,False
Joey Graziadei,Jenna Johnson,TV Personality,Louisiana,United States,29,33,1st Place,1,4,"[9.0, 9.0, 9.0, 9.0]",36.0,9.0,9.0,9.0,4,0.0,1.0,9,12.244897959183673,False,False,0.1111111111111111,3.3333333333333357,0.0,26.0,rank,False
Joey Graziadei,Jenna Johnson,TV Personality,Louisiana,United States,29,33,1st Place,1,5,"[8.5, 8.5, 9.0]",26.0,8.666666666666666,8.5,9.0,3,0.23570226039551584,2.0,8,12.871287128712872,False,False,0.25,0.75,1.0,28.5,rank,False
Joey Graziadei,Jenna Johnson,TV Personality,Louisiana,United States,29,33,1st Place,1,6,"[11.0, 10.0, 11.0]",32.0,10.666666666666666,10.0,11.0,3,0.4714045207910317,1.0,7,15.53398058252427,False,False,0.14285714285714285,2.571428571428573,0.0,28.0,rank,False
Joey Graziadei,Jenna Johnson,TV Personality,Louisiana,United States,29,33,1st Place,1,7,"[9.0, 9.5, 9.0]",27.5,9.166666666666666,9.0,9.5,3,0.23570226039551584,2.0,6,17.1875,False,False,0.3333333333333333,0.8333333333333321,2.5,28.666666666666668,rank,False
Joey Graziadei,Jenna Johnson,TV Personality,Louisiana,United States,29,33,1st Place,1,8,"[9.5, 10.0, 9.5]",29.0,9.666666666666666,9.5,10.0,3,0.23570226039551584,1.0,5,20.714285714285715,False,False,0.2,1.0,0.0,28.5,rank,False
Joey Graziadei,Jenna Johnson,TV Personality,Louisiana,United States,29,33,1st Place,1,9,"[9.5, 10.0, 10.0]",29.5,9.833333333333334,9.5,10.0,3,0.23570226039551584,2.0,5,20.274914089347078,True,False,0.4,0.3999999999999986,0.5,28.5625,rank,False
Phaedra Parks,Val Chmerkovskiy,TV Personality,Georgia,United States,51,33,Eliminated Week 5,8,1,"[7.0, 6.0, 6.0]",19.0,6.333333333333333,6.0,7.0,3,0.4714045207910317,6.0,13,7.6923076923076925,False,False,0.46153846153846156,0.0,4.0,,rank,False
Phaedra Parks,Val Chmerkovskiy,TV Personality,Georgia,United States,51,33,Eliminated Week 5,8,2,"[7.0, 7.0, 7.0]",21.0,7.0,7.0,7.0,3,0.0,5.0,13,8.13953488372093,False,False,0.38461538461538464,1.1538461538461533,3.0,19.0,rank,False
Phaedra Parks,Val Chmerkovskiy,TV Personality,Georgia,United States,51,33,Eliminated Week 5,8,3,"[7.5, 7.5, 6.0, 7.0]",28.0,7.0,6.0,7.5,4,0.6123724356957945,7.0,11,8.80503144654088,False,False,0.6363636363636364,-0.9090909090909101,7.0,20.0,rank,False
Phaedra Parks,Val Chmerkovskiy,TV Personality,Georgia,United States,51,33,Eliminated Week 5,8,4,"[8.0, 8.0, 8.0, 8.0]",32.0,8.0,8.0,8.0,4,0.0,4.0,9,10.884353741496598,False,False,0.4444444444444444,-0.6666666666666643,4.0,22.666666666666668,rank,False
Phaedra Parks,Val Chmerkovskiy,TV Personality,Georgia,United States,51,33,Eliminated Week 5,8,5,"[8.0, 8.0, 8.0]",24.0,8.0,8.0,8.0,3,0.0,6.0,8,11.881188118811881,True,True,0.75,-1.25,3.0,25.0,rank,False
Reginald VelJohnson,Emma Slater,Actor/Actress,New York,United States,74,33,Eliminated Week 3,10,1,"[6.0, 5.0, 5.0]",16.0,5.333333333333333,5.0,6.0,3,0.4714045207910317,12.0,13,6.477732793522267,False,False,0.9230769230769231,-3.0,7.0,,rank,False
Reginald VelJohnson,Emma Slater,Actor/Actress,New York,United States,74,33,Eliminated Week 3,10,2,"[6.0, 4.0, 5.0]",15.0,5.0,4.0,6.0,3,0.816496580927726,12.0,13,5.813953488372093,False,False,0.9230769230769231,-4.846153846153847,9.0,16.0,rank,False
Reginald VelJohnson,Emma Slater,Actor/Actress,New York,United States,74,33,Eliminated Week 3,10,3,"[6.0, 5.0, 5.0, 5.0]",21.0,5.25,5.0,6.0,4,0.4330127018922193,11.0,11,6.60377358490566,True,True,1.0,-7.90909090909091,14.0,15.5,rank,False
Stephen Nedoroscik,Rylee Arnold,Athlete,Florida,United States,26,33,4th Place,4,1,"[7.0, 7.0, 7.0]",21.0,7.0,7.0,7.0,3,0.0,3.0,13,8.502024291497975,False,False,0.23076923076923078,2.0,2.0,,rank,False
Stephen Nedoroscik,Rylee Arnold,Athlete,Florida,United States,26,33,4th Place,4,2,"[8.0, 7.0, 7.0]",22.0,7.333333333333333,7.0,8.0,3,0.4714045207910317,2.0,13,8.527131782945736,False,False,0.15384615384615385,2.1538461538461533,2.0,21.0,rank,False
Stephen Nedoroscik,Rylee Arnold,Athlete,Florida,United States,26,33,4th Place,4,3,"[8.0, 8.0, 7.5, 7.5]",31.0,7.75,7.5,8.0,4,0.25,3.0,11,9.748427672955975,False,False,0.2727272727272727,2.09090909090909,4.0,21.5,rank,False
Stephen Nedoroscik,Rylee Arnold,Athlete,Florida,United States,26,33,4th Place,4,4,"[8.0, 9.0, 8.0, 8.0]",33.0,8.25,8.0,9.0,4,0.4330127018922193,3.0,9,11.224489795918368,False,False,0.3333333333333333,0.3333333333333357,3.0,24.666666666666668,rank,False
Stephen Nedoroscik,Rylee Arnold,Athlete,Florida,United States,26,33,4th Place,4,5,"[8.0, 8.0, 8.0]",24.0,8.0,8.0,8.0,3,0.0,6.0,8,11.881188118811881,False,False,0.75,-1.25,3.0,26.75,rank,False
Stephen Nedoroscik,Rylee Arnold,Athlete,Florida,United States,26,33,4th Place,4,6,"[10.0, 9.0, 9.0]",28.0,9.333333333333334,9.0,10.0,3,0.4714045207910317,5.0,7,13.592233009708737,False,False,0.7142857142857143,-1.428571428571427,4.0,26.2,rank,False
Stephen Nedoroscik,Rylee Arnold,Athlete,Florida,United States,26,33,4th Place,4,7,"[9.5, 9.0, 8.5]",27.0,9.0,8.5,9.5,3,0.408248290463863,3.0,6,16.875,False,False,0.5,0.33333333333333215,3.0,26.5,rank,False
Stephen Nedoroscik,Rylee Arnold,Athlete,Florida,United States,26,33,4th Place,4,8,"[9.0, 8.5, 9.0]",26.5,8.833333333333334,8.5,9.0,3,0.23570226039551584,5.0,5,18.928571428571427,False,False,1.0,-1.5,2.5,26.571428571428573,rank,False
Stephen Nedoroscik,Rylee Arnold,Athlete,Florida,United States,26,33,4th Place,4,9,"[10.0, 9.5, 10.0]",29.5,9.833333333333334,9.5,10.0,3,0.23570226039551584,2.0,5,20.274914089347078,True,True,0.4,0.3999999999999986,0.5,26.5625,rank,False
Tori Spelling,Pasha Pashkov,Actor/Actress,California,United States,51,33,Eliminated Week 2,12,1,"[6.0, 6.0, 5.0]",17.0,5.666666666666667,5.0,6.0,3,0.4714045207910317,11.0,13,6.882591093117409,False,False,0.8461538461538461,-2.0,6.0,,rank,False
Tori Spelling,Pasha Pashkov,Actor/Actress,California,United States,51,33,Eliminated Week 2,12,2,"[7.0, 6.0, 6.0]",19.0,6.333333333333333,6.0,7.0,3,0.4714045207910317,9.0,13,7.3643410852713185,True,True,0.6923076923076923,-0.8461538461538467,5.0,17.0,rank,False
Alix Earle,Val Chmerkovskiy (Joey Graziadei week 9),Social media personality,Florida,United States,24,34,2nd Place,2,1,"[7.0, 6.0]",13.0,6.5,6.0,7.0,2,0.5,4.0,14,7.926829268292683,False,False,0.2857142857142857,1.2857142857142865,2.0,,rank,False
Alix Earle,Val Chmerkovskiy (Joey Graziadei week 9),Social media personality,Florida,United States,24,34,2nd Place,2,2,"[7.0, 7.0, 7.0]",21.0,7.0,7.0,7.0,3,0.0,5.0,14,7.553956834532374,False,False,0.35714285714285715,1.1428571428571423,1.0,13.0,rank,False
Alix Earle,Val Chmerkovskiy (Joey Graziadei week 9),Social media personality,Florida,United States,24,34,2nd Place,2,3,"[8.0, 7.0, 8.0]",23.0,7.666666666666667,7.0,8.0,3,0.4714045207910317,3.0,12,8.949416342412452,False,False,0.25,1.5833333333333321,1.0,17.0,rank,False
Alix Earle,Val Chmerkovskiy (Joey Graziadei week 9),Social media personality,Florida,United States,24,34,2nd Place,2,4,"[8.0, 8.0, 8.0]",24.0,8.0,8.0,8.0,3,0.0,2.0,11,9.67741935483871,False,False,0.18181818181818182,1.4545454545454533,1.0,19.0,rank,False
Alix Earle,Val Chmerkovskiy (Joey Graziadei week 9),Social media personality,Florida,United States,24,34,2nd Place,2,5,"[8.0, 9.0, 9.0, 9.0]",35.0,8.75,8.0,9.0,4,0.4330127018922193,2.0,10,11.182108626198083,False,False,0.2,3.6999999999999993,1.0,20.25,rank,False
Alix Earle,Val Chmerkovskiy (Joey Graziadei week 9),Social media personality,Florida,United States,24,34,2nd Place,2,6,"[9.0, 9.0, 8.0, 9.0]",35.0,8.75,8.0,9.0,4,0.4330127018922193,6.0,10,10.294117647058822,False,False,0.6,1.0,4.0,23.2,rank,False
Alix Earle,Val Chmerkovskiy (Joey Graziadei week 9),Social media personality,Florida,United States,24,34,2nd Place,2,7,"[11.0, 11.0, 10.0, 11.0]",43.0,10.75,10.0,11.0,4,0.4330127018922193,1.0,9,12.951807228915662,False,False,0.1111111111111111,6.111111111111114,0.0,25.166666666666668,rank,False
Alix Earle,Val Chmerkovskiy (Joey Graziadei week 9),Social media personality,Florida,United States,24,34,2nd Place,2,8,"[9.5, 10.0, 9.5, 9.5]",38.5,9.625,9.5,10.0,4,0.21650635094610965,3.0,8,12.769485903814262,False,False,0.375,0.8125,1.0,27.714285714285715,rank,False
Alix Earle,Val Chmerkovskiy (Joey Graziadei week 9),Social media personality,Florida,United States,24,34,2nd Place,2,9,"[10.0, 10.0, 10.0, 10.0]",40.0,10.0,10.0,10.0,4,0.0,4.0,7,14.814814814814813,False,False,0.5714285714285714,1.4285714285714306,2.0,29.0625,rank,False
Alix Earle,Val Chmerkovskiy (Joey Graziadei week 9),Social media personality,Florida,United States,24,34,2nd Place,2,10,"[9.5, 10.0, 9.5]",29.0,9.666666666666666,9.5,10.0,3,0.23570226039551584,2.0,6,16.86046511627907,False,False,0.3333333333333333,0.33333333333333215,0.5,30.27777777777778,rank,False
Alix Earle,Val Chmerkovskiy (Joey Graziadei week 9),Social media personality,Florida,United States,24,34,2nd Place,2,11,"[10.0, 10.0, 10.0]",30.0,10.0,10.0,10.0,3,0.0,1.0,5,20.31609129238783,True,False,0.2,0.46676000000000073,0.0,30.15,rank,False
Andy Richter,Emma Slater/Kaitlyn Bristowe (week 9),Comedian,California,United States,59,34,Eliminated Week 9,7,1,"[5.0, 4.0]",9.0,4.5,4.0,5.0,2,0.5,13.0,14,5.487804878048781,False,False,0.9285714285714286,-2.7142857142857135,6.0,,rank,False
Andy Richter,Emma Slater/Kaitlyn Bristowe (week 9),Comedian,California,United States,59,34,Eliminated Week 9,7,2,"[6.0, 5.0, 5.0]",16.0,5.333333333333333,5.0,6.0,3,0.4714045207910317,13.0,14,5.755395683453238,False,False,0.9285714285714286,-3.8571428571428577,6.0,9.0,rank,False
Andy Richter,Emma Slater/Kaitlyn Bristowe (week 9),Comedian,California,United States,59,34,Eliminated Week 9,7,3,"[6.0, 6.0, 6.0]",18.0,6.0,6.0,6.0,3,0.0,11.0,12,7.003891050583658,False,False,0.9166666666666666,-3.416666666666668,6.0,12.5,rank,False
Andy Richter,Emma Slater/Kaitlyn Bristowe (week 9),Comedian,California,United States,59,34,Eliminated Week 9,7,4,"[6.0, 6.0, 6.0]",18.0,6.0,6.0,6.0,3,0.0,11.0,11,7.258064516129033,False,False,1.0,-4.545454545454547,7.0,14.333333333333334,rank,False
Andy Richter,Emma Slater/Kaitlyn Bristowe (week 9),Comedian,California,United States,59,34,Eliminated Week 9,7,5,"[6.0, 6.0, 6.0, 6.0]",24.0,6.0,6.0,6.0,4,0.0,10.0,10,7.667731629392971,False,False,1.0,-7.300000000000001,12.0,15.25,rank,False
Andy Richter,Emma Slater/Kaitlyn Bristowe (week 9),Comedian,California,United States,59,34,Eliminated Week 9,7,6,"[7.0, 6.0, 7.0, 7.0]",27.0,6.75,6.0,7.0,4,0.4330127018922193,10.0,10,7.941176470588235,False,False,1.0,-7.0,12.0,17.0,rank,False
Andy Richter,Emma Slater/Kaitlyn Bristowe (week 9),Comedian,California,United States,59,34,Eliminated Week 9,7,7,"[7.25, 7.25, 7.25, 7.25]",29.0,7.25,7.25,7.25,4,0.0,9.0,9,8.734939759036145,False,False,1.0,-7.888888888888886,14.0,18.666666666666668,rank,False
Andy Richter,Emma Slater/Kaitlyn Bristowe (week 9),Comedian,California,United States,59,34,Eliminated Week 9,7,8,"[8.0, 8.5, 9.5, 8.0]",34.0,8.5,8.0,9.5,4,0.6123724356957945,8.0,8,11.276948590381426,False,False,1.0,-3.6875,5.5,20.142857142857142,rank,False
Andy Richter,Emma Slater/Kaitlyn Bristowe (week 9),Comedian,California,United States,59,34,Eliminated Week 9,7,9,"[8.0, 7.0, 7.0, 7.0]",29.0,7.25,7.0,8.0,4,0.4330127018922193,7.0,7,10.74074074074074,True,True,1.0,-9.57142857142857,13.0,21.875,rank,False
Baron Davis,Britt Stewart,Athlete,California,United States,46,34,Eliminated Week 2,13,1,"[5.0, 5.0]",10.0,5.0,5.0,5.0,2,0.0,9.0,14,6.097560975609756,False,False,0.6428571428571429,-1.7142857142857135,5.0,,rank,False
Baron Davis,Britt Stewart,Athlete,California,United States,46,34,Eliminated Week 2,13,2,"[6.0, 6.0, 6.0]",18.0,6.0,6.0,6.0,3,0.0,11.0,14,6.474820143884892,True,True,0.7857142857142857,-1.8571428571428577,4.0,10.0,rank,False
Corey Feldman,Jenna Johnson,Actor/Actress,California,United States,54,34,Eliminated Week 2,13,1,"[4.0, 5.0]",9.0,4.5,4.0,5.0,2,0.5,13.0,14,5.487804878048781,False,False,0.9285714285714286,-2.7142857142857135,6.0,,rank,False
Corey Feldman,Jenna Johnson,Actor/Actress,California,United States,54,34,Eliminated Week 2,13,2,"[5.0, 5.0, 5.0]",15.0,5.0,5.0,5.0,3,0.0,14.0,14,5.39568345323741,True,True,1.0,-4.857142857142858,7.0,9.0,rank,False
Danielle Fishel,Pasha Pashkov,Actor/Actress,California,United States,44,34,Eliminated Week 8,8,1,"[6.0, 6.0]",12.0,6.0,6.0,6.0,2,0.0,6.0,14,7.317073170731707,False,False,0.42857142857142855,0.2857142857142865,3.0,,rank,False
Danielle Fishel,Pasha Pashkov,Actor/Actress,California,United States,44,34,Eliminated Week 8,8,2,"[7.0, 6.0, 6.0]",19.0,6.333333333333333,6.0,7.0,3,0.4714045207910317,10.0,14,6.83453237410072,False,False,0.7142857142857143,-0.8571428571428577,3.0,12.0,rank,False
Danielle Fishel,Pasha Pashkov,Actor/Actress,California,United States,44,34,Eliminated Week 8,8,3,"[7.0, 7.0, 7.0]",21.0,7.0,7.0,7.0,3,0.0,8.0,12,8.171206225680933,False,False,0.6666666666666666,-0.41666666666666785,3.0,15.5,rank,False
Danielle Fishel,Pasha Pashkov,Actor/Actress,California,United States,44,34,Eliminated Week 8,8,4,"[7.0, 7.0, 7.0]",21.0,7.0,7.0,7.0,3,0.0,9.0,11,8.46774193548387,False,False,0.8181818181818182,-1.5454545454545467,4.0,17.333333333333332,rank,False
Danielle Fishel,Pasha Pashkov,Actor/Actress,California,United States,44,34,Eliminated Week 8,8,5,"[7.0, 7.0, 7.0, 8.0]",29.0,7.25,7.0,8.0,4,0.4330127018922193,8.0,10,9.26517571884984,False,False,0.8,-2.3000000000000007,7.0,18.25,rank,False
Danielle Fishel,Pasha Pashkov,Actor/Actress,California,United States,44,34,Eliminated Week 8,8,6,"[9.0, 9.0, 9.0, 9.0]",36.0,9.0,9.0,9.0,4,0.0,3.0,10,10.588235294117647,False,False,0.3,2.0,3.0,20.4,rank,False
Danielle Fishel,Pasha Pashkov,Actor/Actress,California,United States,44,34,Eliminated Week 8,8,7,"[8.5, 8.5, 8.5, 9.5]",35.0,8.75,8.5,9.5,4,0.4330127018922193,6.0,9,10.542168674698797,False,False,0.6666666666666666,-1.8888888888888857,8.0,23.0,rank,False
Danielle Fishel,Pasha Pashkov,Actor/Actress,California,United States,44,34,Eliminated Week 8,8,8,"[9.5, 9.0, 9.5, 9.0]",37.0,9.25,9.0,9.5,4,0.25,7.0,8,12.271973466003317,True,True,0.875,-0.6875,2.5,24.714285714285715,rank,False
Dylan Efron,Daniella Karagach (Rumer Willis week 9),TV Personality,California,United States,33,34,4th Place,4,1,"[5.0, 5.0]",10.0,5.0,5.0,5.0,2,0.0,9.0,14,6.097560975609756,False,False,0.6428571428571429,-1.7142857142857135,5.0,,rank,False
Dylan Efron,Daniella Karagach (Rumer Willis week 9),TV Personality,California,United States,33,34,4th Place,4,2,"[7.0, 6.0, 7.0]",20.0,6.666666666666667,6.0,7.0,3,0.4714045207910317,9.0,14,7.194244604316546,False,False,0.6428571428571429,0.14285714285714235,2.0,10.0,rank,False
Dylan Efron,Daniella Karagach (Rumer Willis week 9),TV Personality,California,United States,33,34,4th Place,4,3,"[7.0, 8.0, 8.0]",23.0,7.666666666666667,7.0,8.0,3,0.4714045207910317,3.0,12,8.949416342412452,False,False,0.25,1.5833333333333321,1.0,15.0,rank,False
Dylan Efron,Daniella Karagach (Rumer Willis week 9),TV Personality,California,United States,33,34,4th Place,4,4,"[7.0, 8.0, 8.0]",23.0,7.666666666666667,7.0,8.0,3,0.4714045207910317,5.0,11,9.274193548387096,False,False,0.45454545454545453,0.45454545454545325,2.0,17.666666666666668,rank,False
Dylan Efron,Daniella Karagach (Rumer Willis week 9),TV Personality,California,United States,33,34,4th Place,4,5,"[9.0, 9.0, 9.0, 9.0]",36.0,9.0,9.0,9.0,4,0.0,1.0,10,11.501597444089457,False,False,0.1,4.699999999999999,0.0,19.0,rank,False
Dylan Efron,Daniella Karagach (Rumer Willis week 9),TV Personality,California,United States,33,34,4th Place,4,6,"[8.0, 8.0, 8.0, 8.0]",32.0,8.0,8.0,8.0,4,0.0,7.0,10,9.411764705882353,False,False,0.7,-2.0,7.0,22.4,rank,False
Dylan Efron,Daniella Karagach (Rumer Willis week 9),TV Personality,California,United States,33,34,4th Place,4,7,"[9.75, 9.75, 8.75, 9.75]",38.0,9.5,8.75,9.75,4,0.4330127018922193,4.0,9,11.44578313253012,False,False,0.4444444444444444,1.1111111111111143,5.0,24.0,rank,False
Dylan Efron,Daniella Karagach (Rumer Willis week 9),TV Personality,California,United States,33,34,4th Place,4,8,"[9.0, 9.5, 10.0, 9.5]",38.0,9.5,9.0,10.0,4,0.3535533905932738,4.0,8,12.603648424543948,False,False,0.5,0.3125,1.5,26.0,rank,False
Dylan Efron,Daniella Karagach (Rumer Willis week 9),TV Personality,California,United States,33,34,4th Place,4,9,"[10.5, 10.5, 10.5, 10.5]",42.0,10.5,10.5,10.5,4,0.0,1.0,7,15.555555555555555,False,False,0.14285714285714285,3.4285714285714306,0.0,27.5,rank,False
Dylan Efron,Daniella Karagach (Rumer Willis week 9),TV Personality,California,United States,33,34,4th Place,4,10,"[9.0, 9.0, 9.5]",27.5,9.166666666666666,9.0,9.5,3,0.23570226039551584,6.0,6,15.988372093023257,False,False,1.0,-1.1666666666666679,2.0,29.11111111111111,rank,False
Dylan Efron,Daniella Karagach (Rumer Willis week 9),TV Personality,California,United States,33,34,4th Place,4,11,"[9.6666, 9.6666, 10.0]",29.3332,9.777733333333334,9.6666,10.0,3,0.1571662672317296,4.0,5,19.864532303262358,True,True,0.8,-0.20003999999999778,0.6667999999999985,28.95,rank,False
Elaine Hendrix,Alan Bersten (Rashad Jennings week 9),Actor/Actress,Georgia,United States,55,34,5th Place,5,1,"[6.0, 6.0]",12.0,6.0,6.0,6.0,2,0.0,6.0,14,7.317073170731707,False,False,0.42857142857142855,0.2857142857142865,3.0,,rank,False
Elaine Hendrix,Alan Bersten (Rashad Jennings week 9),Actor/Actress,Georgia,United States,55,34,5th Place,5,2,"[7.0, 7.0, 7.0]",21.0,7.0,7.0,7.0,3,0.0,5.0,14,7.553956834532374,False,False,0.35714285714285715,1.1428571428571423,1.0,12.0,rank,False
Elaine Hendrix,Alan Bersten (Rashad Jennings week 9),Actor/Actress,Georgia,United States,55,34,5th Place,5,3,"[7.0, 7.0, 7.0]",21.0,7.0,7.0,7.0,3,0.0,8.0,12,8.171206225680933,False,False,0.6666666666666666,-0.41666666666666785,3.0,16.5,rank,False
Elaine Hendrix,Alan Bersten (Rashad Jennings week 9),Actor/Actress,Georgia,United States,55,34,5th Place,5,4,"[8.0, 8.0, 8.0]",24.0,8.0,8.0,8.0,3,0.0,2.0,11,9.67741935483871,False,False,0.18181818181818182,1.4545454545454533,1.0,18.0,rank,False
Elaine Hendrix,Alan Bersten (Rashad Jennings week 9),Actor/Actress,Georgia,United States,55,34,5th Place,5,5,"[8.0, 7.0, 7.0, 8.0]",30.0,7.5,7.0,8.0,4,0.5,6.0,10,9.584664536741213,False,False,0.6,-1.3000000000000007,6.0,19.5,rank,False
Elaine Hendrix,Alan Bersten (Rashad Jennings week 9),Actor/Actress,Georgia,United States,55,34,5th Place,5,6,"[9.0, 9.0, 9.0, 9.0]",36.0,9.0,9.0,9.0,4,0.0,3.0,10,10.588235294117647,False,False,0.3,2.0,3.0,21.6,rank,False
Elaine Hendrix,Alan Bersten (Rashad Jennings week 9),Actor/Actress,Georgia,United States,55,34,5th Place,5,7,"[8.0, 8.0, 8.0, 8.0]",32.0,8.0,8.0,8.0,4,0.0,8.0,9,9.63855421686747,False,False,0.8888888888888888,-4.888888888888886,11.0,24.0,rank,False
Elaine Hendrix,Alan Bersten (Rashad Jennings week 9),Actor/Actress,Georgia,United States,55,34,5th Place,5,8,"[9.0, 9.5, 10.0, 9.0]",37.5,9.375,9.0,10.0,4,0.414578098794425,6.0,8,12.437810945273633,False,False,0.75,-0.1875,2.0,25.142857142857142,rank,False
Elaine Hendrix,Alan Bersten (Rashad Jennings week 9),Actor/Actress,Georgia,United States,55,34,5th Place,5,9,"[9.0, 9.0, 9.0, 9.0]",36.0,9.0,9.0,9.0,4,0.0,6.0,7,13.333333333333334,False,False,0.8571428571428571,-2.5714285714285694,6.0,26.6875,rank,False
Elaine Hendrix,Alan Bersten (Rashad Jennings week 9),Actor/Actress,Georgia,United States,55,34,5th Place,5,10,"[9.5, 9.5, 9.5]",28.5,9.5,9.5,9.5,3,0.0,4.0,6,16.569767441860463,False,False,0.6666666666666666,-0.16666666666666785,1.0,27.72222222222222,rank,False
Elaine Hendrix,Alan Bersten (Rashad Jennings week 9),Actor/Actress,Georgia,United States,55,34,5th Place,5,11,"[9.6666, 9.6666, 9.6666]",28.9998,9.6666,9.6666,9.6666,3,0.0,5.0,5,19.63875280869962,True,True,1.0,-0.5334399999999988,1.0001999999999995,27.8,rank,False
Hilaria Baldwin,Gleb Savchenko,Entrepreneur,New York,United States,41,34,Eliminated Week 4,11,1,"[7.0, 7.0]",14.0,7.0,7.0,7.0,2,0.0,3.0,14,8.536585365853659,False,False,0.21428571428571427,2.2857142857142865,1.0,,rank,False
Hilaria Baldwin,Gleb Savchenko,Entrepreneur,New York,United States,41,34,Eliminated Week 4,11,2,"[7.0, 7.0, 7.0]",21.0,7.0,7.0,7.0,3,0.0,5.0,14,7.553956834532374,False,False,0.35714285714285715,1.1428571428571423,1.0,14.0,rank,False
Hilaria Baldwin,Gleb Savchenko,Entrepreneur,New York,United States,41,34,Eliminated Week 4,11,3,"[7.0, 8.0, 7.0]",22.0,7.333333333333333,7.0,8.0,3,0.4714045207910317,5.0,12,8.560311284046692,False,False,0.4166666666666667,0.5833333333333321,2.0,17.5,rank,False
Hilaria Baldwin,Gleb Savchenko,Entrepreneur,New York,United States,41,34,Eliminated Week 4,11,4,"[8.0, 7.0, 8.0]",23.0,7.666666666666667,7.0,8.0,3,0.4714045207910317,5.0,11,9.274193548387096,True,True,0.45454545454545453,0.45454545454545325,2.0,19.0,rank,False
Jen Affleck,Jan Ravnik,TV Personality,Utah,United States,26,34,Eliminated Week 7,9,1,"[6.0, 6.0]",12.0,6.0,6.0,6.0,2,0.0,6.0,14,7.317073170731707,False,False,0.42857142857142855,0.2857142857142865,3.0,,rank,False
Jen Affleck,Jan Ravnik,TV Personality,Utah,United States,26,34,Eliminated Week 7,9,2,"[8.0, 7.0, 7.0]",22.0,7.333333333333333,7.0,8.0,3,0.4714045207910317,1.0,14,7.913669064748201,False,False,0.07142857142857142,2.1428571428571423,0.0,12.0,rank,False
Jen Affleck,Jan Ravnik,TV Personality,Utah,United States,26,34,Eliminated Week 7,9,3,"[7.0, 6.0, 6.0]",19.0,6.333333333333333,6.0,7.0,3,0.4714045207910317,10.0,12,7.392996108949417,False,False,0.8333333333333334,-2.416666666666668,5.0,17.0,rank,False
Jen Affleck,Jan Ravnik,TV Personality,Utah,United States,26,34,Eliminated Week 7,9,4,"[7.0, 8.0, 8.0]",23.0,7.666666666666667,7.0,8.0,3,0.4714045207910317,5.0,11,9.274193548387096,False,False,0.45454545454545453,0.45454545454545325,2.0,17.666666666666668,rank,False
Jen Affleck,Jan Ravnik,TV Personality,Utah,United States,26,34,Eliminated Week 7,9,5,"[8.0, 7.0, 7.0, 7.0]",29.0,7.25,7.0,8.0,4,0.4330127018922193,8.0,10,9.26517571884984,False,False,0.8,-2.3000000000000007,7.0,19.0,rank,False
Jen Affleck,Jan Ravnik,TV Personality,Utah,United States,26,34,Eliminated Week 7,9,6,"[8.0, 8.0, 8.0, 8.0]",32.0,8.0,8.0,8.0,4,0.0,7.0,10,9.411764705882353,False,False,0.7,-2.0,7.0,21.0,rank,False
Jen Affleck,Jan Ravnik,TV Personality,Utah,United States,26,34,Eliminated Week 7,9,7,"[8.5, 8.5, 8.5, 8.5]",34.0,8.5,8.5,8.5,4,0.0,7.0,9,10.240963855421686,True,True,0.7777777777777778,-2.8888888888888857,9.0,22.833333333333332,rank,False
Jordan Chiles,Ezra Sosa (Apolo Anton Ohno week 9),Athlete,Texas,United States,24,34,3rd Place,3,1,"[5.0, 5.0]",10.0,5.0,5.0,5.0,2,0.0,9.0,14,6.097560975609756,False,False,0.6428571428571429,-1.7142857142857135,5.0,,rank,False
Jordan Chiles,Ezra Sosa (Apolo Anton Ohno week 9),Athlete,Texas,United States,24,34,3rd Place,3,2,"[8.0, 7.0, 7.0]",22.0,7.333333333333333,7.0,8.0,3,0.4714045207910317,1.0,14,7.913669064748201,False,False,0.07142857142857142,2.1428571428571423,0.0,10.0,rank,False
Jordan Chiles,Ezra Sosa (Apolo Anton Ohno week 9),Athlete,Texas,United States,24,34,3rd Place,3,3,"[8.0, 8.0, 8.0]",24.0,8.0,8.0,8.0,3,0.0,1.0,12,9.33852140077821,False,False,0.08333333333333333,2.583333333333332,0.0,16.0,rank,False
Jordan Chiles,Ezra Sosa (Apolo Anton Ohno week 9),Athlete,Texas,United States,24,34,3rd Place,3,4,"[8.0, 8.0, 8.0]",24.0,8.0,8.0,8.0,3,0.0,2.0,11,9.67741935483871,False,False,0.18181818181818182,1.4545454545454533,1.0,18.666666666666668,rank,False
Jordan Chiles,Ezra Sosa (Apolo Anton Ohno week 9),Athlete,Texas,United States,24,34,3rd Place,3,5,"[8.0, 8.0, 8.0, 8.0]",32.0,8.0,8.0,8.0,4,0.0,5.0,10,10.223642172523961,False,False,0.5,0.6999999999999993,4.0,20.0,rank,False
Jordan Chiles,Ezra Sosa (Apolo Anton Ohno week 9),Athlete,Texas,United States,24,34,3rd Place,3,6,"[10.0, 9.0, 10.0, 10.0]",39.0,9.75,9.0,10.0,4,0.4330127018922193,1.0,10,11.470588235294118,False,False,0.1,5.0,0.0,22.4,rank,False
Jordan Chiles,Ezra Sosa (Apolo Anton Ohno week 9),Athlete,Texas,United States,24,34,3rd Place,3,7,"[10.0, 9.0, 9.0, 10.0]",38.0,9.5,9.0,10.0,4,0.5,4.0,9,11.44578313253012,False,False,0.4444444444444444,1.1111111111111143,5.0,25.166666666666668,rank,False
Jordan Chiles,Ezra Sosa (Apolo Anton Ohno week 9),Athlete,Texas,United States,24,34,3rd Place,3,8,"[10.0, 9.5, 10.0, 9.5]",39.0,9.75,9.5,10.0,4,0.25,2.0,8,12.935323383084576,False,False,0.25,1.3125,0.5,27.0,rank,False
Jordan Chiles,Ezra Sosa (Apolo Anton Ohno week 9),Athlete,Texas,United States,24,34,3rd Place,3,9,"[9.5, 10.5, 9.5, 9.5]",39.0,9.75,9.5,10.5,4,0.4330127018922193,5.0,7,14.444444444444443,False,False,0.7142857142857143,0.4285714285714306,3.0,28.5,rank,False
Jordan Chiles,Ezra Sosa (Apolo Anton Ohno week 9),Athlete,Texas,United States,24,34,3rd Place,3,10,"[9.5, 9.5, 9.5]",28.5,9.5,9.5,9.5,3,0.0,4.0,6,16.569767441860463,False,False,0.6666666666666666,-0.16666666666666785,1.0,29.666666666666668,rank,False
Jordan Chiles,Ezra Sosa (Apolo Anton Ohno week 9),Athlete,Texas,United States,24,34,3rd Place,3,11,"[9.6666, 10.0, 10.0]",29.666600000000003,9.888866666666667,9.6666,10.0,3,0.1571662672317296,2.0,5,20.0903117978251,True,False,0.4,0.13336000000000325,0.3333999999999975,29.55,rank,False
Lauren Jauregui,Brandon Armstrong,Singer/Rapper,Florida,United States,29,34,Eliminated Week 3,12,1,"[7.0, 6.0]",13.0,6.5,6.0,7.0,2,0.5,4.0,14,7.926829268292683,False,False,0.2857142857142857,1.2857142857142865,2.0,,rank,False
Lauren Jauregui,Brandon Armstrong,Singer/Rapper,Florida,United States,29,34,Eliminated Week 3,12,2,"[7.0, 7.0, 7.0]",21.0,7.0,7.0,7.0,3,0.0,5.0,14,7.553956834532374,False,False,0.35714285714285715,1.1428571428571423,1.0,13.0,rank,False
Lauren Jauregui,Brandon Armstrong,Singer/Rapper,Florida,United States,29,34,Eliminated Week 3,12,3,"[6.0, 6.0, 6.0]",18.0,6.0,6.0,6.0,3,0.0,11.0,12,7.003891050583658,True,True,0.9166666666666666,-3.416666666666668,6.0,17.0,rank,False
Robert Irwin,Witney Carson (Xoshitl Gomez week 9),Conservationist,Non-US,Australia,22,34,1st Place,1,1,"[8.0, 7.0]",15.0,7.5,7.0,8.0,2,0.5,1.0,14,9.146341463414634,False,False,0.07142857142857142,3.2857142857142865,0.0,,rank,False
Robert Irwin,Witney Carson (Xoshitl Gomez week 9),Conservationist,Non-US,Australia,22,34,1st Place,1,2,"[8.0, 7.0, 7.0]",22.0,7.333333333333333,7.0,8.0,3,0.4714045207910317,1.0,14,7.913669064748201,False,False,0.07142857142857142,2.1428571428571423,0.0,15.0,rank,False
Robert Irwin,Witney Carson (Xoshitl Gomez week 9),Conservationist,Non-US,Australia,22,34,1st Place,1,3,"[8.0, 7.0, 7.0]",22.0,7.333333333333333,7.0,8.0,3,0.4714045207910317,5.0,12,8.560311284046692,False,False,0.4166666666666667,0.5833333333333321,2.0,18.5,rank,False
Robert Irwin,Witney Carson (Xoshitl Gomez week 9),Conservationist,Non-US,Australia,22,34,1st Place,1,4,"[7.0, 7.0, 8.0]",22.0,7.333333333333333,7.0,8.0,3,0.4714045207910317,8.0,11,8.870967741935484,False,False,0.7272727272727273,-0.5454545454545467,3.0,19.666666666666668,rank,False
Robert Irwin,Witney Carson (Xoshitl Gomez week 9),Conservationist,Non-US,Australia,22,34,1st Place,1,5,"[8.0, 9.0, 9.0, 9.0]",35.0,8.75,8.0,9.0,4,0.4330127018922193,2.0,10,11.182108626198083,False,False,0.2,3.6999999999999993,1.0,20.25,rank,False
Robert Irwin,Witney Carson (Xoshitl Gomez week 9),Conservationist,Non-US,Australia,22,34,1st Place,1,6,"[9.0, 9.0, 9.0, 9.0]",36.0,9.0,9.0,9.0,4,0.0,3.0,10,10.588235294117647,False,False,0.3,2.0,3.0,23.2,rank,False
Robert Irwin,Witney Carson (Xoshitl Gomez week 9),Conservationist,Non-US,Australia,22,34,1st Place,1,7,"[10.75, 9.75, 9.75, 10.75]",41.0,10.25,9.75,10.75,4,0.5,3.0,9,12.349397590361445,False,False,0.3333333333333333,4.111111111111114,2.0,25.333333333333332,rank,False
Robert Irwin,Witney Carson (Xoshitl Gomez week 9),Conservationist,Non-US,Australia,22,34,1st Place,1,8,"[9.0, 9.5, 10.0, 9.5]",38.0,9.5,9.0,10.0,4,0.3535533905932738,4.0,8,12.603648424543948,False,False,0.5,0.3125,1.5,27.571428571428573,rank,False
Robert Irwin,Witney Carson (Xoshitl Gomez week 9),Conservationist,Non-US,Australia,22,34,1st Place,1,9,"[10.5, 10.5, 10.5, 10.5]",42.0,10.5,10.5,10.5,4,0.0,1.0,7,15.555555555555555,False,False,0.14285714285714285,3.4285714285714306,0.0,28.875,rank,False
Robert Irwin,Witney Carson (Xoshitl Gomez week 9),Conservationist,Non-US,Australia,22,34,1st Place,1,10,"[10.0, 9.5, 10.0]",29.5,9.833333333333334,9.5,10.0,3,0.23570226039551584,1.0,6,17.151162790697676,False,False,0.16666666666666666,0.8333333333333321,0.0,30.333333333333332,rank,False
Robert Irwin,Witney Carson (Xoshitl Gomez week 9),Conservationist,Non-US,Australia,22,34,1st Place,1,11,"[9.6666, 10.0, 10.0]",29.666600000000003,9.888866666666667,9.6666,10.0,3,0.1571662672317296,2.0,5,20.0903117978251,True,False,0.4,0.13336000000000325,0.3333999999999975,30.25,rank,False
Scott Hoying,Rylee Arnold,Singer/Rapper,California,United States,34,34,Eliminated Week 6,10,1,"[5.0, 5.0]",10.0,5.0,5.0,5.0,2,0.0,9.0,14,6.097560975609756,False,False,0.6428571428571429,-1.7142857142857135,5.0,,rank,False
Scott Hoying,Rylee Arnold,Singer/Rapper,California,United States,34,34,Eliminated Week 6,10,2,"[6.0, 6.0, 6.0]",18.0,6.0,6.0,6.0,3,0.0,11.0,14,6.474820143884892,False,False,0.7857142857142857,-1.8571428571428577,4.0,10.0,rank,False
Scott Hoying,Rylee Arnold,Singer/Rapper,California,United States,34,34,Eliminated Week 6,10,3,"[8.0, 7.0, 7.0]",22.0,7.333333333333333,7.0,8.0,3,0.4714045207910317,5.0,12,8.560311284046692,False,False,0.4166666666666667,0.5833333333333321,2.0,14.0,rank,False
Scott Hoying,Rylee Arnold,Singer/Rapper,California,United States,34,34,Eliminated Week 6,10,4,"[7.0, 7.0, 7.0]",21.0,7.0,7.0,7.0,3,0.0,9.0,11,8.46774193548387,False,False,0.8181818181818182,-1.5454545454545467,4.0,16.666666666666668,rank,False
Scott Hoying,Rylee Arnold,Singer/Rapper,California,United States,34,34,Eliminated Week 6,10,5,"[7.0, 8.0, 7.0, 8.0]",30.0,7.5,7.0,8.0,4,0.5,6.0,10,9.584664536741213,False,False,0.6,-1.3000000000000007,6.0,17.75,rank,False
Scott Hoying,Rylee Arnold,Singer/Rapper,California,United States,34,34,Eliminated Week 6,10,6,"[7.0, 7.0, 7.0, 7.0]",28.0,7.0,7.0,7.0,4,0.0,9.0,10,8.235294117647058,True,True,0.9,-6.0,11.0,20.2,rank,False
Whitney Leavitt,Mark Ballas,TV Personality,Utah,United States,32,34,Eliminated Week 10,6,1,"[7.0, 8.0]",15.0,7.5,7.0,8.0,2,0.5,1.0,14,9.146341463414634,False,False,0.07142857142857142,3.2857142857142865,0.0,,rank,False
Whitney Leavitt,Mark Ballas,TV Personality,Utah,United States,32,34,Eliminated Week 10,6,2,"[7.0, 7.0, 8.0]",22.0,7.333333333333333,7.0,8.0,3,0.4714045207910317,1.0,14,7.913669064748201,False,False,0.07142857142857142,2.1428571428571423,0.0,15.0,rank,False
Whitney Leavitt,Mark Ballas,TV Personality,Utah,United States,32,34,Eliminated Week 10,6,3,"[8.0, 8.0, 8.0]",24.0,8.0,8.0,8.0,3,0.0,1.0,12,9.33852140077821,False,False,0.08333333333333333,2.583333333333332,0.0,18.5,rank,False
Whitney Leavitt,Mark Ballas,TV Personality,Utah,United States,32,34,Eliminated Week 10,6,4,"[9.0, 8.0, 8.0]",25.0,8.333333333333334,8.0,9.0,3,0.4714045207910317,1.0,11,10.080645161290322,False,False,0.09090909090909091,2.4545454545454533,0.0,20.333333333333332,rank,False
Whitney Leavitt,Mark Ballas,TV Personality,Utah,United States,32,34,Eliminated Week 10,6,5,"[9.0, 8.0, 8.0, 8.0]",33.0,8.25,8.0,9.0,4,0.4330127018922193,4.0,10,10.543130990415335,False,False,0.4,1.6999999999999993,3.0,21.5,rank,False
Whitney Leavitt,Mark Ballas,TV Personality,Utah,United States,32,34,Eliminated Week 10,6,6,"[10.0, 9.0, 10.0, 10.0]",39.0,9.75,9.0,10.0,4,0.4330127018922193,1.0,10,11.470588235294118,False,False,0.1,5.0,0.0,23.8,rank,False
Whitney Leavitt,Mark Ballas,TV Personality,Utah,United States,32,34,Eliminated Week 10,6,7,"[10.25, 10.25, 10.25, 11.25]",42.0,10.5,10.25,11.25,4,0.4330127018922193,2.0,9,12.650602409638553,False,False,0.2222222222222222,5.111111111111114,1.0,26.333333333333332,rank,False
Whitney Leavitt,Mark Ballas,TV Personality,Utah,United States,32,34,Eliminated Week 10,6,8,"[9.5, 10.0, 10.0, 10.0]",39.5,9.875,9.5,10.0,4,0.21650635094610965,1.0,8,13.101160862354892,False,False,0.125,1.8125,0.0,28.571428571428573,rank,False
Whitney Leavitt,Mark Ballas,TV Personality,Utah,United States,32,34,Eliminated Week 10,6,9,"[10.5, 10.5, 10.5, 10.5]",42.0,10.5,10.5,10.5,4,0.0,1.0,7,15.555555555555555,False,False,0.14285714285714285,3.4285714285714306,0.0,29.9375,rank,False
Whitney Leavitt,Mark Ballas,TV Personality,Utah,United States,32,34,Eliminated Week 10,6,10,"[9.0, 10.0, 10.0]",29.0,9.666666666666666,9.0,10.0,3,0.4714045207910317,2.0,6,16.86046511627907,True,True,0.3333333333333333,0.33333333333333215,0.5,31.27777777777778,rank,False
