celebrity_name,total_score,is_eliminated,vote_mean,vote_std,vote_ci_lower,vote_ci_upper,certainty,season,week
Evander Holyfield,18.0,False,0.16380866944083838,0.0009288947388261145,0.161930978364375,0.1655625206207965,0.9943293920767631,1,1
Joey McIntyre,20.0,False,0.18280704964298292,0.0011619400698705017,0.18061253715183018,0.18501750946152543,0.9936438990064128,1,1
John O'Hurley,20.0,False,0.18272084225166213,0.0010950317008983838,0.18098657677886218,0.18466690150029974,0.9940070782982152,1,1
Kelly Monaco,13.0,False,0.12453951975305402,0.0008791071537385795,0.1230352218182814,0.12636867403565277,0.9929411390417938,1,1
Rachel Hunter,20.0,False,0.18262199232119802,0.001057873057271371,0.18071047452210903,0.18485178477909864,0.9942073074341957,1,1
Trista Sutter,18.0,False,0.16350192659026447,0.0009511977449495643,0.16192735593750118,0.1653897267187816,0.9941823453412065,1,1
Evander Holyfield,14.0,False,0.12033173491228862,0.0013706269991414048,0.11808757538405638,0.12291150842535147,0.9886095966276853,1,2
Joey McIntyre,21.0,False,0.17030187737231967,0.00156083662153536,0.16758255146943218,0.17363973003238564,0.9908348830581415,1,2
John O'Hurley,26.0,False,0.21837884737557778,0.0019285193729854603,0.2145247700121885,0.22158590148379054,0.9911689277777499,1,2
Kelly Monaco,17.0,False,0.13948263616414402,0.0012213784027778915,0.13729079186274007,0.14177830948466533,0.9912435093258449,1,2
Rachel Hunter,24.0,False,0.19738658322073305,0.001547958978759854,0.19476372749219314,0.2000935629110444,0.9921577294996347,1,2
Trista Sutter,19.0,True,0.1541183209549369,0.001364930059299244,0.15169275579028074,0.15654688230333375,0.9911436223101707,1,2
Evander Holyfield,13.0,True,0.13304685431846885,0.001450205938904733,0.13038425849462168,0.1362151199218918,0.9891000358758318,1,3
Joey McIntyre,22.0,False,0.20366431906204277,0.0020520821938727874,0.1995853239435422,0.20731893020096612,0.9899241938729206,1,3
John O'Hurley,24.0,False,0.22330648334894146,0.0018765871907404942,0.21998475195563563,0.22628986760001982,0.991596360470161,1,3
Kelly Monaco,21.0,False,0.19416837038450174,0.0019967737976466574,0.19037110115563682,0.1982169347702488,0.9897162766845468,1,3
Rachel Hunter,26.0,False,0.24581397288604528,0.0018942438190066005,0.24256781940758668,0.2496096877572347,0.9922939945326674,1,3
Joey McIntyre,20.0,False,0.21799599038630674,0.0011375970244196954,0.21590188347646058,0.22025983553890757,0.9947815690444408,1,4
John O'Hurley,21.0,False,0.22789324289666624,0.0011586936385375377,0.2258199476434695,0.23013246379267113,0.9949156296877879,1,4
Kelly Monaco,26.0,False,0.28310263593512547,0.0011979579032821391,0.2806670303951373,0.28534389508963515,0.9957684678585732,1,4
Rachel Hunter,25.0,True,0.2710081307819014,0.0013269301160456748,0.2681168237744186,0.27342934236707706,0.9951037258099332,1,4
Joey McIntyre,22.5,False,0.30798837023372866,0.0009331737189341143,0.3061550024138136,0.3096056836777867,0.996970100792358,1,5
John O'Hurley,27.0,False,0.37079140568227154,0.0011107235881193133,0.3687289964687085,0.3727702041093787,0.9970044516375035,1,5
Kelly Monaco,23.5,False,0.3212202240839999,0.001032211233971615,0.3192105147106433,0.3231128899899314,0.9967865932572736,1,5
John O'Hurley,27.0,False,0.49540462457820567,0.00015879770445558695,0.4951318641830205,0.4956727131963286,0.999679458574714,1,6
Kelly Monaco,27.5,False,0.5045953754217943,0.0001587977044555741,0.5043272868036713,0.5048681358169794,0.9996852969484256,1,6
Drew Lachey,24.0,False,0.12358330658961914,0.0011677683080204414,0.12126290115880697,0.12610722622497456,0.9905507601289693,2,1
George Hamilton,18.0,False,0.09076834474114392,0.0008689525814018756,0.08920828974083528,0.09232177861116928,0.9904267001466207,2,1
Giselle Fernandez,23.0,False,0.11731309555117189,0.001276524086773445,0.11479619825548337,0.11964547993643948,0.9891186565252928,2,1
Jerry Rice,21.0,False,0.10591425210807798,0.0009788661133737597,0.10407546805438962,0.10793922499779084,0.9907579377289574,2,1
Kenny Mayne,13.0,True,0.07038262972032984,0.000685332869806109,0.06893553958833581,0.07161389166801799,0.9902627555615736,2,1
Lisa Rinna,19.0,False,0.095675482343549,0.0008067034809754795,0.09403589338181846,0.09720355129698595,0.9915683364095433,2,1
Master P,12.0,False,0.06670508456494971,0.0007410539796093245,0.06549816106615228,0.06798375388909052,0.9888905923072809,2,1
Stacy Keibler,22.0,False,0.11140038704234438,0.0008697149338411004,0.10978855652282958,0.11300259744638486,0.9921928912732546,2,1
Tatum O'Neal,23.0,False,0.11748952471307066,0.0011469626261472487,0.11527500199503433,0.11968425084864716,0.9902377456292523,2,1
Tia Carrere,20.0,False,0.10076789262574339,0.0009533700320290854,0.09891690628457703,0.10243415144152854,0.9905389503820433,2,1
Drew Lachey,27.0,False,0.13565217117004302,0.001084574329272461,0.1335672370851527,0.13771923119243998,0.9920047403597181,2,2
George Hamilton,22.0,False,0.10807709499650052,0.0009329232891326634,0.10632844915368982,0.10991696629710215,0.991367983297822,2,2
Giselle Fernandez,24.0,False,0.11861759466876773,0.0010793824607695885,0.11670905952298083,0.12066898583157826,0.9909003174125753,2,2
Jerry Rice,23.0,False,0.11317829182428624,0.0009187659981874228,0.11129291937662968,0.11498710584828299,0.9918821358462112,2,2
Lisa Rinna,20.0,False,0.0990870511610751,0.0008426493337877052,0.09730759677436562,0.10063469539706406,0.9914958682904197,2,2
Master P,16.0,False,0.0826170157548213,0.0006656653838451399,0.08113640604928035,0.08377673148154442,0.9919427568550696,2,2
Stacy Keibler,29.0,False,0.14815154361750943,0.0012103531465034992,0.14607999701065655,0.15066738795547488,0.9918303035057918,2,2
Tatum O'Neal,17.0,True,0.0863817667591613,0.0007603711450702406,0.08502607230954586,0.08797640470385763,0.9911975504368855,2,2
Tia Carrere,22.0,False,0.1082374700478355,0.0008384432049884667,0.10660828978509107,0.1095591744987054,0.9922536695968788,2,2
Drew Lachey,27.0,False,0.14835401404540183,0.0012526554364435964,0.14595632301918898,0.15074802099626355,0.9915563091130096,2,3
George Hamilton,22.0,False,0.1189386781742969,0.0009814752389508646,0.11704893681645347,0.12090171426839033,0.9917480566118906,2,3
Giselle Fernandez,22.0,True,0.11880008453537315,0.0011683636714871072,0.11652565388054918,0.120845169310312,0.9901652959586975,2,3
Jerry Rice,19.0,False,0.10433853925949159,0.0008530444715723795,0.10306149728463437,0.10582646242757808,0.99182426285027,2,3
Lisa Rinna,25.0,False,0.13588746839810667,0.0011247573075424894,0.13374993654497894,0.13796592099415073,0.9917228768715647,2,3
Master P,14.0,False,0.0836501278621718,0.0009276496927864636,0.08165260486646955,0.08553143949599956,0.9889103613288562,2,3
Stacy Keibler,27.0,False,0.1482411255710237,0.0014172169872502336,0.1456087541044619,0.15077294048703554,0.9904397853039019,2,3
Tia Carrere,26.0,False,0.14178996215413434,0.001329969828540553,0.13955011370925807,0.1444660211067595,0.9906201411698327,2,3
Drew Lachey,28.0,False,0.17597301501178347,0.0022391630031399043,0.1719897167175387,0.1800917036100806,0.9872755319729564,2,4
George Hamilton,21.0,False,0.12891099743859086,0.0018342899819802107,0.1256963365744379,0.13268481765119383,0.9857708805421818,2,4
Jerry Rice,24.0,False,0.14715234188293708,0.0018766239610195801,0.14424500310098118,0.1513361714555364,0.9872470669715031,2,4
Lisa Rinna,26.0,False,0.1608578783491948,0.002073692840880645,0.15692683569522323,0.1650969418925711,0.9871085403950249,2,4
Master P,8.0,True,0.07251161728532518,0.0009149701145290708,0.0706403799371844,0.07404808394513074,0.9873817444875245,2,4
Stacy Keibler,26.0,False,0.16082755232743434,0.0021158744136266956,0.1564371034580779,0.16479052542699646,0.9868438312776227,2,4
Tia Carrere,25.0,False,0.1537665977047344,0.001911608493199613,0.15018802355295063,0.15717345130704785,0.9875681160815541,2,4
Drew Lachey,27.0,False,0.17813065588370025,0.0008775927639844306,0.17647503636638684,0.1799196821387172,0.9950733198638341,2,5
George Hamilton,24.0,False,0.15819876360034887,0.0007561841892185304,0.1567327361261945,0.15966960991976212,0.9952200372998562,2,5
Jerry Rice,23.0,False,0.15197734912133654,0.0007617856747091039,0.1506433961356579,0.15333491727179474,0.9949875051834145,2,5
Lisa Rinna,25.0,False,0.1646781267002625,0.0008622121873031319,0.16290078207886427,0.16627343341449546,0.9947642579826496,2,5
Stacy Keibler,30.0,False,0.20083188181043546,0.0010497274357210299,0.19886430623640788,0.20274926334335527,0.9947731036215064,2,5
Tia Carrere,22.0,True,0.14618322288391647,0.0007304175896474316,0.14477685330719017,0.1475813265596641,0.9950034102735069,2,5
Drew Lachey,30.0,False,0.2256960651758066,0.0010402703838681675,0.22356981124812997,0.22763251148453492,0.995390835090289,2,6
George Hamilton,23.0,True,0.1734901107676541,0.0009140818835104313,0.17171795558058123,0.17505204547626718,0.9947312162090056,2,6
Jerry Rice,23.0,False,0.17350863902459274,0.0009550470965261489,0.17168840108733716,0.175345716189695,0.9944956798583915,2,6
Lisa Rinna,27.0,False,0.20155470788890031,0.0009636173285717108,0.19969269940796075,0.20347524593995633,0.9952190780425587,2,6
Stacy Keibler,30.0,False,0.2257504771430463,0.0009989225481589852,0.22394380653443635,0.22772554545285634,0.9955751032697662,2,6
Drew Lachey,27.5,False,0.26866225145562717,0.0012544576133412082,0.26623978520211944,0.2710787022254758,0.9953307261941546,2,7
Jerry Rice,20.5,False,0.2042081250463838,0.001019689009871856,0.2024774550177634,0.20616809337870423,0.9950066188128399,2,7
Lisa Rinna,26.5,True,0.25826181332123616,0.0012137448371789558,0.2557824646652714,0.26053662204371686,0.995300331777392,2,7
Stacy Keibler,27.5,False,0.268867810176753,0.0013283264820564058,0.2665713844179787,0.27157555647966003,0.9950595555444768,2,7
Drew Lachey,28.9998,False,0.3438195593932339,0.00046670726907780145,0.343094378818777,0.34480332007858405,0.9986425808063351,2,8
Jerry Rice,26.666600000000003,False,0.31642062032392504,0.00042085077473519045,0.31563043045802985,0.3171363682689416,0.9986699641309584,2,8
Stacy Keibler,28.6665,False,0.3397598202828411,0.00045910269598247686,0.3389044682156619,0.34058007388032796,0.9986487434105649,2,8
Emmitt Smith,24.0,False,0.11363515966079016,0.000992818259347181,0.1118232294475845,0.11546831186403848,0.9912631067504915,3,1
Harry Hamlin,17.0,False,0.07894857375620003,0.0007770812508202204,0.07762655082485076,0.08019885152026102,0.9901571210998705,3,1
Jerry Springer,16.0,False,0.07518548037028655,0.0008644925823045428,0.07354985002025269,0.07665987516625421,0.9885018679398344,3,1
Joey Lawrence,21.0,False,0.09729485332664554,0.001007056230990448,0.09544010947431814,0.09910730258859099,0.9896494398567056,3,1
Mario Lopez,26.0,False,0.1262571301162334,0.0012087578027706058,0.12422107836592883,0.12918812274040123,0.9904262214604608,3,1
Monique Coleman,19.0,False,0.0878866029274472,0.0007103026137192825,0.0866584415602938,0.08946262288530178,0.9919179648540329,3,1
Sara Evans,15.0,False,0.07131018764463859,0.0007825635247345696,0.06979727112717901,0.07276148553668105,0.9890259225142649,3,1
Shanna Moakler,18.0,False,0.08326065351029743,0.0008259616931699913,0.08166062520949206,0.08469200986886036,0.990079807708117,3,1
Tucker Carlson,12.0,True,0.061067470687622444,0.0005421182935722985,0.059959520682958234,0.06210543268935923,0.9911226339085601,3,1
Vivica A. Fox,22.0,False,0.10247555411073143,0.0009916231308844396,0.10072386724432611,0.10426649488947913,0.9903233201372795,3,1
Willa Ford,22.0,False,0.10267833388910724,0.001075080509112579,0.10067281130024845,0.1049485985190881,0.9895296264714066,3,1
Emmitt Smith,24.0,False,0.10366872660005186,0.0005250475710177909,0.1024658591214539,0.10458848176097152,0.994935333072592,3,2
Harry Hamlin,21.0,False,0.09103347870807038,0.0005426344862081674,0.08990154411831257,0.09211196880159335,0.9940391766423833,3,2
Jerry Springer,19.0,False,0.08340190814754873,0.0004258454748501997,0.08264137446102901,0.08424738061736127,0.9948940559717552,3,2
Joey Lawrence,29.0,False,0.12883439204852926,0.0006955651456908525,0.1274599807341512,0.12997488897218903,0.9946010911012888,3,2
Mario Lopez,21.0,False,0.09098932390915217,0.0005017467343956737,0.08993100078918759,0.09200177125642461,0.9944856526805645,3,2
Monique Coleman,26.0,False,0.11303447625700162,0.000657314101324892,0.11171216099040486,0.11421881038582322,0.9941848352547732,3,2
Sara Evans,21.0,False,0.09099633404895653,0.0005184597640190905,0.08997734460793032,0.09194539503539133,0.9943024104274337,3,2
Shanna Moakler,22.0,True,0.0950656325276327,0.0006080732963246705,0.09390578858494703,0.09612705456336067,0.9936036474995533,3,2
Vivica A. Fox,24.0,False,0.1036657464662097,0.00063367830189353,0.10255477403168094,0.10494001773444253,0.993887293310524,3,2
Willa Ford,23.0,False,0.09930998128684702,0.0005367639569461525,0.09818089900433005,0.10032901630504626,0.9945950653701588,3,2
Emmitt Smith,19.0,False,0.09276520457093397,0.0004970799366274188,0.0917419150261761,0.09375429012395195,0.9946415260018392,3,3
Harry Hamlin,22.0,True,0.1057944717184063,0.0006118152450442137,0.1045985953359185,0.10688127618448771,0.9942169450340214,3,3
Jerry Springer,21.0,False,0.10119094896676327,0.0005767994927137515,0.10010783417819479,0.10214121441978732,0.994299890468433,3,3
Joey Lawrence,22.0,False,0.1057030578370284,0.0005785814800354825,0.10457867053457005,0.10673692513133565,0.9945263505912239,3,3
Mario Lopez,22.0,False,0.1056023485070077,0.0005610403741369212,0.10464029903482532,0.10661398616195424,0.9946872358231721,3,3
Monique Coleman,27.0,False,0.13133371654490714,0.0007242187498192541,0.13008265490364204,0.13267477368155967,0.9944856601269513,3,3
Sara Evans,25.0,False,0.12044840637841042,0.0006958385715179127,0.11906231869012786,0.12161011919034896,0.9942229325199056,3,3
Vivica A. Fox,27.0,False,0.13138042161733154,0.000703118866374707,0.13010968654029495,0.13240410531504115,0.9946482218756866,3,3
Willa Ford,22.0,False,0.10578142385921108,0.0006062818731295798,0.10470692365866097,0.10681224278655004,0.994268541195508,3,3
Emmitt Smith,24.0,False,0.12032826845752945,0.0005481457516783177,0.11936215978468974,0.1214591014022783,0.9954445804073729,3,4
Jerry Springer,22.0,False,0.11114885024262332,0.00064575702979611,0.10991586579518181,0.11253710733621627,0.9941901600566582,3,4
Joey Lawrence,27.0,False,0.1360608190112734,0.0007315198131758064,0.13476876889654882,0.13786059308473908,0.9946235821708879,3,4
Mario Lopez,29.0,False,0.14750201503668753,0.0007358839275273436,0.1462654323320278,0.14927622299738802,0.9950110245792622,3,4
Monique Coleman,24.0,False,0.1204110110490243,0.0006961187971365929,0.1188716081089525,0.1216775367211817,0.9942188111280523,3,4
Sara Evans,20.0,False,0.10241062468780457,0.0005081264148423279,0.10143643591985552,0.10318006845738904,0.9950383427853181,3,4
Vivica A. Fox,24.0,True,0.12052726007233025,0.0006189260387753241,0.11926117977269163,0.12165556839314742,0.9948648460240124,3,4
Willa Ford,28.0,False,0.14161115144272723,0.0006614793823693267,0.14022607602995332,0.14280015817763675,0.9953289032987148,3,4
Emmitt Smith,27.0,False,0.14905245925250768,0.0003473699241854868,0.14823707475851602,0.14963036274256908,0.9976694787464258,3,5
Jerry Springer,24.0,False,0.13280673461308784,0.0003670994081335631,0.13213596414513268,0.13345096982264237,0.9972358374053616,3,5
Joey Lawrence,25.0,False,0.13800082528548777,0.0003551138534184435,0.13731854755164746,0.13863230531050033,0.9974267265961358,3,5
Mario Lopez,27.0,False,0.1491494703154226,0.00036267070709440543,0.14849463103366686,0.14986267686926663,0.997568407676357,3,5
Monique Coleman,27.0,False,0.149095098985452,0.0003557408909160883,0.14847841934621026,0.1497816271260382,0.9976140001023722,3,5
Sara Evans,24.0,True,0.13281453255492148,0.00032579089632992777,0.13218658649794876,0.13346398579759874,0.9975470237325482,3,5
Willa Ford,27.0,True,0.14908087899312047,0.00039426524265798505,0.1484184516711501,0.14986568258165459,0.9973553600882902,3,5
Emmitt Smith,25.0,False,0.21008626585234189,0.0013142504076011942,0.20736073058089038,0.2123862955983505,0.9937442345301862,3,6
Jerry Springer,18.0,False,0.15639121375728254,0.0009161213047889822,0.15443116985819752,0.15810637926060397,0.9941421178160891,3,6
Joey Lawrence,24.0,False,0.20148249279503846,0.0012718179183566932,0.19938226098251927,0.20401896231111186,0.9936877001037977,3,6
Mario Lopez,28.0,False,0.23858397701515016,0.0013103921159118464,0.2364742690955747,0.24118434787944668,0.9945076273255826,3,6
Monique Coleman,23.0,False,0.19345605058018703,0.001245772255452003,0.19140300234873703,0.19574826298900758,0.9935604378787024,3,6
Emmitt Smith,28.5,False,0.21075771575809807,0.0006849760778990188,0.2095786595145348,0.21188799109963574,0.9967499359374097,3,7
Jerry Springer,23.0,True,0.1719694490667974,0.0006414643548344155,0.1707938194401109,0.173095790243107,0.9962698935286741,3,7
Joey Lawrence,28.5,False,0.21085361516145754,0.0006285253931139836,0.20966189024936452,0.2120233741986584,0.9970191386444444,3,7
Mario Lopez,28.0,False,0.2070807845354526,0.0006761176186108592,0.2056159163074568,0.20830969721563428,0.9967350055190896,3,7
Monique Coleman,27.0,False,0.1993384354781945,0.0006361816210510159,0.19802408068453922,0.20067580144929856,0.9968085350949761,3,7
Emmitt Smith,27.0,False,0.24762028139985745,0.0003110949668137694,0.24707364632594475,0.2483188048753161,0.9987436612015176,3,8
Joey Lawrence,27.0,False,0.24759636083522554,0.000293369336427768,0.2469267014430537,0.24812430665661744,0.9988151306608944,3,8
Mario Lopez,28.5,False,0.26161702252623054,0.0002971573208811499,0.2610337413794671,0.26225099101945815,0.998864151430164,3,8
Monique Coleman,26.5,True,0.24316633523868653,0.0002560787586288891,0.24269140505289014,0.24361119557609284,0.9989468988033334,3,8
Emmitt Smith,29.5,False,0.3333333333333329,3.885780586188048e-16,0.3333333333333333,0.3333333333333333,0.9999999999999988,3,9
Joey Lawrence,29.5,False,0.3333333333333329,3.885780586188048e-16,0.3333333333333333,0.3333333333333333,0.9999999999999988,3,9
Mario Lopez,29.5,False,0.3333333333333329,3.885780586188048e-16,0.3333333333333333,0.3333333333333333,0.9999999999999988,3,9
Emmitt Smith,29.666600000000003,False,0.5,0.0,0.5,0.5,1.0,3,10
Mario Lopez,29.666600000000003,False,0.5,0.0,0.5,0.5,1.0,3,10
Apolo Anton Ohno,21.0,False,0.10117271359644672,0.0008670598838115463,0.0994645596003353,0.10298284986280071,0.991429903844726,4,1
Billy Ray Cyrus,13.0,False,0.0660806868486333,0.0005461553447254189,0.06522200893339673,0.06716810493658201,0.9917350231849669,4,1
Clyde Drexler,16.0,False,0.07748630042484195,0.0006125457419606567,0.07647904660891477,0.07866927080209875,0.9920947865803091,4,1
Heather Mills,18.0,False,0.0861069854879352,0.0008008376850124276,0.08446096998752464,0.08776261698164031,0.9906995038732992,4,1
Ian Ziering,21.0,False,0.10101801266229417,0.0008643615522912581,0.0994318504008596,0.10283214450651958,0.99144349082395,4,1
Joey Fatone,24.0,False,0.11863771250796289,0.0010145730149187142,0.1168724866070006,0.1204522191515203,0.991448140785329,4,1
John Ratzenberger,17.0,False,0.08160492968980983,0.0006313730944330895,0.08029009413963333,0.08275388108598605,0.9922630520382406,4,1
Laila Ali,23.0,False,0.11252795985111193,0.0008449886680249962,0.11080774183099684,0.1142410271610277,0.9924908558802362,4,1
Leeza Gibbons,15.0,False,0.07345385150302242,0.0006039358999103607,0.07232973721060595,0.07453562897897521,0.9917780226965293,4,1
Paulina Porizkova,19.0,False,0.09090013621990531,0.0007618285022846896,0.08943665881320145,0.0922693668644647,0.9916190609391203,4,1
Shandi Finnessey,19.0,False,0.09101071120803632,0.0007605118630902056,0.0896255758691532,0.09245931434784377,0.9916437103611706,4,1
Apolo Anton Ohno,26.0,False,0.10672340717474815,0.0005592455073805664,0.10574924111384301,0.10788102075704793,0.9947598608198025,4,2
Billy Ray Cyrus,21.0,False,0.08532453959188308,0.0004336092530306945,0.0845014999087645,0.08621168848697942,0.9949181178696692,4,2
Clyde Drexler,18.0,False,0.07451495319998286,0.00034921303442822456,0.07386343014220434,0.0752272097459438,0.9953135173621996,4,2
Heather Mills,24.0,False,0.09764468541720317,0.0005298082027160944,0.09649762487846908,0.09853724625244233,0.9945741214644463,4,2
Ian Ziering,22.0,False,0.08922381296031373,0.000490638222332366,0.08813999775483045,0.09020407182698649,0.994501039508919,4,2
Joey Fatone,24.0,False,0.09756840899336523,0.0005583007060893996,0.09652310285785352,0.09864708611563325,0.9942778537453925,4,2
John Ratzenberger,21.0,False,0.08527064326535858,0.0004257089009303865,0.0845461834336176,0.08610540143355645,0.995007556122151,4,2
Laila Ali,27.0,False,0.11164104176865713,0.0006584185588206655,0.11045229357930533,0.11299056349248542,0.9941023610279001,4,2
Leeza Gibbons,21.0,False,0.08520727756231869,0.0004425635869249862,0.08435661447991036,0.08619939043308242,0.994806035357704,4,2
Paulina Porizkova,21.0,True,0.08532368633140205,0.0004936219664168291,0.08433453484604549,0.08627529271705166,0.9942147135497689,4,2
Shandi Finnessey,20.0,False,0.0815575437347674,0.00043751284180668624,0.0807411128917272,0.08227918923847029,0.9946355318984407,4,2
Apolo Anton Ohno,23.0,False,0.10497519653842204,0.0005129297466238439,0.10387674124759701,0.10586502644930007,0.9951138005592006,4,3
Billy Ray Cyrus,21.0,False,0.09577983584731793,0.00043407013241001795,0.09493725265814948,0.09666085583858121,0.995468042635801,4,3
Clyde Drexler,16.0,False,0.07617086255927732,0.00038934006614660627,0.07543839699159305,0.07689437795671102,0.9948885958086189,4,3
Heather Mills,24.0,False,0.1100238129817266,0.000616524937411801,0.10908240539159897,0.11112098019346821,0.9943964409094402,4,3
Ian Ziering,24.0,False,0.10998209958752644,0.000612409368476638,0.10864292178903102,0.1110909547311126,0.9944317359754596,4,3
Joey Fatone,24.0,False,0.10996404491275197,0.0005814846557519274,0.10883402870332254,0.11111529195715224,0.994712047413195,4,3
John Ratzenberger,20.0,False,0.09152874624933036,0.0004968943105223638,0.09062122502055729,0.0924493588157364,0.9945711666456264,4,3
Laila Ali,21.0,False,0.09576822864040421,0.000452376570921182,0.09491314030819789,0.09652498043893266,0.9952763397909364,4,3
Leeza Gibbons,24.0,False,0.10990274996834386,0.0005637729963148389,0.10877550631137456,0.11096767266787542,0.9948702557808861,4,3
Shandi Finnessey,21.0,True,0.09590442271489931,0.0005229038121050949,0.09493227441664866,0.09679886283185225,0.9945476569557218,4,3
Apolo Anton Ohno,26.0,False,0.13708359274748672,0.0014878382906445941,0.13427057113917001,0.13978514569560183,0.9891464889355122,4,4
Billy Ray Cyrus,21.0,False,0.10812348460777964,0.0010813623220109997,0.10611075128056507,0.11008077543707463,0.989998821015308,4,4
Clyde Drexler,15.0,False,0.081121859862632,0.000849777259394403,0.07938711877325282,0.08253377520565916,0.9895246822393695,4,4
Heather Mills,23.0,False,0.11905309577381626,0.001106805357596297,0.11689975359148008,0.12099127476107989,0.9907032626879433,4,4
Ian Ziering,24.0,False,0.12453730136378288,0.0012206319853957494,0.12195944151534,0.12690431855134482,0.9901986635969396,4,4
Joey Fatone,28.0,False,0.15101244645657683,0.0015195355979544108,0.14798389202317982,0.15381290389728458,0.9899376797501831,4,4
John Ratzenberger,16.0,False,0.08547243350174229,0.000767551364795451,0.08407404291595834,0.08687346470357195,0.9910198957330517,4,4
Laila Ali,21.0,False,0.10823632269398098,0.0011457221033039531,0.10593383880866906,0.11039256120189536,0.9894146246399808,4,4
Leeza Gibbons,16.0,True,0.08535946299220246,0.0007969973265876158,0.08382816464352662,0.08691023847644197,0.9906630466189739,4,4
Apolo Anton Ohno,30.0,False,0.1744508822535951,0.001623996387838461,0.17110463986070065,0.17750639735529358,0.9906908101188179,4,5
Billy Ray Cyrus,17.0,False,0.09661719776124209,0.0011332871955949866,0.09441010396527985,0.0986311087798645,0.9882703367324362,4,5
Clyde Drexler,13.0,True,0.08050824175540905,0.000892736636571537,0.07902713775580686,0.0822900017966779,0.9889112391836385,4,5
Heather Mills,21.0,False,0.11576661801294992,0.0014714708957112128,0.11312758789442831,0.11866947664434546,0.9872893333072353,4,5
Ian Ziering,24.0,False,0.13295024633569436,0.0015834223917399917,0.13007101402770369,0.13647860789057614,0.9880901131409572,4,5
Joey Fatone,25.0,False,0.13929100383788853,0.001598607509691423,0.1365340347488752,0.14246696300401326,0.9885232537231771,4,5
John Ratzenberger,18.0,False,0.10133707351738214,0.001206064096994031,0.09914875069815923,0.10348452627898203,0.9880984909556604,4,5
Laila Ali,28.0,False,0.15907873652583873,0.0019443683833429834,0.15572462666008766,0.1629924050219162,0.9877773206790138,4,5
Apolo Anton Ohno,28.0,False,0.1650301484356378,0.0011002601161663617,0.16351077127982447,0.16722133884499205,0.9933329750557943,4,6
Billy Ray Cyrus,21.0,False,0.12374879875788956,0.0008861999743889399,0.1222405208623255,0.12536242456656946,0.9928387185711374,4,6
Heather Mills,23.0,True,0.13419111517852178,0.0007999933925817844,0.1327000845347211,0.13558236139661475,0.9940384026802557,4,6
Ian Ziering,24.0,False,0.13993807976250305,0.0008250358259515964,0.1382321052404639,0.14168540607840435,0.9941042793544701,4,6
Joey Fatone,27.0,False,0.15831269466762207,0.0010118919573229963,0.15641901991037002,0.1600987202791155,0.9936082702688659,4,6
John Ratzenberger,19.0,False,0.11384851892402154,0.0007443006796823452,0.1122595518523888,0.11530910163044567,0.9934623595746638,4,6
Laila Ali,28.0,False,0.16493064427380413,0.0010589240746629444,0.16312744767769227,0.16694350853414122,0.9935795795904064,4,6
Apolo Anton Ohno,27.0,False,0.17313506336119705,0.0011719372512410172,0.17061938905900076,0.17501975809564324,0.9932310808192786,4,7
Billy Ray Cyrus,19.0,False,0.1269069533223109,0.0009080706583401654,0.12474400723037483,0.1284648340086103,0.9928445949211789,4,7
Ian Ziering,27.0,False,0.17314873123693073,0.001075587400416368,0.17130854988832553,0.1753374083812873,0.9937880722963857,4,7
Joey Fatone,29.5,False,0.19077855842641475,0.0012053659905499983,0.1884143365260844,0.19326590307891692,0.9936818581684853,4,7
John Ratzenberger,22.5,True,0.14530359826545028,0.0010890393717536727,0.14314505316151555,0.14734511222431787,0.9925050763728223,4,7
Laila Ali,29.5,False,0.19072709538769633,0.001260996146132506,0.188167941156768,0.19327657631486608,0.993388479263687,4,7
Apolo Anton Ohno,29.0,False,0.23125457771697686,0.001342667194010782,0.22880593885800857,0.233741000277069,0.9941939865265974,4,8
Billy Ray Cyrus,19.0,True,0.1554281086646021,0.0011635362307950779,0.15364624707357163,0.15792844225224123,0.9925139909325805,4,8
Ian Ziering,23.5,False,0.18565728873595533,0.001245401539822552,0.1833966021895886,0.18766116973513075,0.9932919329572146,4,8
Joey Fatone,27.5,False,0.21814742811211954,0.0014690087459242845,0.21547412801576446,0.22098850428860767,0.9932659818241393,4,8
Laila Ali,26.5,False,0.20951259677034606,0.0012978439386843142,0.20704444275246808,0.21200396346670428,0.9938054133322259,4,8
Apolo Anton Ohno,29.5,False,0.24892225047454744,0.00015248256862762462,0.2486600236711966,0.24921525014547632,0.9993874289327815,4,9
Ian Ziering,29.0,True,0.2447891636792867,0.000145054766660639,0.24450731787311125,0.24508266237573828,0.9994074297878207,4,9
Joey Fatone,30.0,False,0.2531607950967525,0.00014802942052055863,0.252875213449384,0.25347858075352264,0.9994152751003015,4,9
Laila Ali,30.0,False,0.2531277907494134,0.0001494617814419849,0.2528064573211658,0.25339402031657204,0.9994095402128724,4,9
Apolo Anton Ohno,29.3332,False,0.3398355346660896,0.00019953528646782394,0.33952570966373624,0.3402134374320311,0.9994128474920556,4,10
Joey Fatone,28.6665,False,0.3320002099753363,0.00017525335767837262,0.3317014546365862,0.3323378357279359,0.999472128774583,4,10
Laila Ali,28.333200000000005,False,0.3281642553585744,0.00019436264477272312,0.32777968743375596,0.3284875370877669,0.9994077275583828,4,10
Albert Reed,21.0,False,0.0810026115782489,0.0005251061756995011,0.08008465509190935,0.08193889646737416,0.9935174167169629,5,1
Cameron Mathison,21.0,False,0.08104984675396809,0.0005109497295829287,0.08015110439463227,0.08206406900887393,0.9936958581657291,5,1
Floyd Mayweather Jr. ,18.0,False,0.0704754181961416,0.0004922420822651869,0.06965050783449243,0.07152379489478326,0.9930154074304999,5,1
Helio Castroneves,25.0,False,0.09768497892776129,0.0005818536573270679,0.09675018348452838,0.09896851524698017,0.9940435708364399,5,1
Jane Seymour,24.0,False,0.09317240985783184,0.0005901565663190544,0.09205639447281598,0.09426102953697525,0.9936659729289008,5,1
Jennie Garth,21.0,False,0.08097888176588629,0.0005111211501021074,0.07998518488262865,0.08200908032759423,0.9936882167429802,5,1
Josie Maran,16.0,True,0.06417261501953977,0.0004367289413808568,0.06341548706159464,0.06509426173035614,0.9931944655637318,5,1
Marie Osmond,21.0,False,0.08106096573011273,0.000522809841813493,0.08002255985996162,0.082134433373322,0.9935504118769797,5,1
Mark Cuban,21.0,False,0.08101542176401899,0.0004923380460355117,0.08018265605909244,0.08190934026884307,0.9939229095483871,5,1
Mel B,24.0,False,0.0931824572407924,0.0005798519226359869,0.09222446134398819,0.09423245800853979,0.9937772415559123,5,1
Sabrina Bryan,26.0,False,0.10236694645493541,0.0006435456069669867,0.10110536183242985,0.10353479286833353,0.9937133456720789,5,1
Wayne Newton,19.0,False,0.07383744671076259,0.0003910631295794846,0.07315199907321614,0.07468083738321954,0.9947037289749283,5,1
Albert Reed,21.0,True,0.08731762564337005,0.0005854367813221841,0.08615314095513475,0.08834080623449403,0.9932953195072748,5,2
Cameron Mathison,21.0,False,0.08732292310851905,0.0006276556481197665,0.0860472842049565,0.0883846808353736,0.9928122464780553,5,2
Floyd Mayweather Jr. ,21.0,False,0.08728922274914469,0.0005797854145052989,0.08632265200730539,0.0885005239974753,0.9933578808901585,5,2
Helio Castroneves,27.0,False,0.11519389802614714,0.0007820230046343044,0.11372161725202587,0.11664075963171666,0.9932112462722913,5,2
Jane Seymour,21.0,False,0.08735286955074997,0.0005404987554615122,0.08635706701442275,0.0884844180232876,0.9938124670861843,5,2
Jennie Garth,21.0,False,0.08733149547816386,0.0007010203283492179,0.08618804558099401,0.0886167899051701,0.991972880751544,5,2
Marie Osmond,24.0,False,0.1003433028122084,0.0007379338750541104,0.09904029262341277,0.10161154032184173,0.9926459080539222,5,2
Mark Cuban,18.0,False,0.07592480361787525,0.0005073395015866389,0.07492423479520745,0.07705348256605297,0.9933178687673656,5,2
Mel B,23.0,False,0.0957091937271875,0.0007106590164133519,0.09452225980640223,0.09699740235349107,0.992574809286984,5,2
Sabrina Bryan,26.0,False,0.11003240182467268,0.0007606999995960599,0.10849983917380898,0.111538794828779,0.993086581888777,5,2
Wayne Newton,15.0,False,0.06618226346196131,0.00047117152814909417,0.06532379797842891,0.06709559829895348,0.992880697886377,5,2
Cameron Mathison,23.0,False,0.09545619000390035,0.0005331340799683145,0.09440624647508356,0.09656609714874946,0.9944148820527351,5,3
Floyd Mayweather Jr. ,21.0,False,0.08772469884550066,0.0005370774748727908,0.08671454678580949,0.08888112884006956,0.9938776937174936,5,3
Helio Castroneves,24.0,False,0.09968056348189533,0.0005507474756881624,0.09867882751544851,0.1005740189894947,0.9944748759793258,5,3
Jane Seymour,27.0,False,0.11282542562684386,0.0005760265077513706,0.11165554882263722,0.1140722802887876,0.9948945328187238,5,3
Jennie Garth,26.0,False,0.1083247517232437,0.000665214842769059,0.10710772820466669,0.10956662743705271,0.9938590688445001,5,3
Marie Osmond,26.0,False,0.10828332906756635,0.0006486370175696351,0.1071037325032984,0.10955959810394114,0.9940098164403045,5,3
Mark Cuban,20.0,False,0.08423662140279467,0.000563911412213129,0.08327606892456264,0.08526811804952565,0.9933056264268165,5,3
Mel B,27.0,False,0.11291638150109079,0.0006931954811180872,0.11140794351979579,0.1142680506268571,0.9938609839254245,5,3
Sabrina Bryan,27.0,False,0.1130402675090855,0.0006416626033201599,0.11159755032077316,0.11413287086506191,0.99432359266782,5,3
Wayne Newton,18.0,True,0.07751177083807875,0.00045722209797953835,0.0766895435621561,0.07836450344665645,0.9941012559378282,5,3
Cameron Mathison,27.0,False,0.1150760885774576,0.00042624890602845273,0.11430561591182478,0.11588587990219332,0.9962959385281718,5,4
Floyd Mayweather Jr. ,23.0,True,0.09870143892044753,0.0004526487974641979,0.09787439383291976,0.09954433579646126,0.995413959488179,5,4
Helio Castroneves,27.0,False,0.11502214736775646,0.0005100796238146551,0.11402052775140535,0.11589053555928926,0.9955653790553588,5,4
Jane Seymour,26.0,False,0.11066223262152225,0.0004031572006996509,0.11002986354235869,0.11145423047054244,0.9963568672784825,5,4
Jennie Garth,27.0,False,0.11499204279752594,0.0004932285019161909,0.1139716612225171,0.11590092628420681,0.995710759719395,5,4
Marie Osmond,26.0,False,0.11074737264647279,0.00048362858670735246,0.1098304121635111,0.11172657370026455,0.9956330468601617,5,4
Mark Cuban,22.0,False,0.09489916185699684,0.0004372039679459311,0.09404333762670347,0.09572202139234486,0.9953929628103064,5,4
Mel B,26.0,False,0.11070423749139678,0.000507541678130508,0.10984836903356757,0.11166339928919833,0.9954153364890848,5,4
Sabrina Bryan,30.0,False,0.12919527772042383,0.0004942101683704016,0.12823061914073564,0.13021094232938607,0.9961747040829165,5,4
Cameron Mathison,26.0,False,0.12999612294679067,0.0006825193350450706,0.12885291962742673,0.13118643084579032,0.9947496946864759,5,5
Helio Castroneves,23.0,False,0.11527092360409245,0.0005563710459947651,0.11421297182886964,0.11633970746548943,0.9951733617759005,5,5
Jane Seymour,26.0,False,0.13004247409289957,0.0006772514463538912,0.12884998368934494,0.13110520894616703,0.9947920750425736,5,5
Jennie Garth,25.0,False,0.12479029212439198,0.0005818444739146012,0.12382878097179341,0.1260261719425573,0.9953374219740218,5,5
Marie Osmond,21.0,False,0.10631161722796138,0.0005234428749552354,0.10535783813394144,0.1073999284132592,0.9950763341899613,5,5
Mark Cuban,21.0,True,0.10620892781258956,0.0005813340807692861,0.1051569628505482,0.10740729095089593,0.994526504572242,5,5
Mel B,29.0,False,0.14664161774240358,0.0007633913106144159,0.14529859234598766,0.14809539802115718,0.9947941701519182,5,5
Sabrina Bryan,28.0,False,0.14073802444887074,0.0007251374342781904,0.13919516375716384,0.1421579719104706,0.9948476082628144,5,5
Cameron Mathison,25.0,False,0.13823476549574498,0.0006736500250700111,0.13707841989340913,0.1393329781560942,0.99512676841709,5,6
Helio Castroneves,28.0,False,0.1553760144518671,0.0006509896276201172,0.15408574266079425,0.15653048671369604,0.9958102308781914,5,6
Jane Seymour,22.0,False,0.12302100211093664,0.0006022651849180638,0.12188062978349332,0.12428121375863176,0.9951043710050829,5,6
Jennie Garth,27.0,False,0.1493319147521585,0.000645248691415827,0.1480626150165554,0.1505243121489248,0.9956790971810231,5,6
Marie Osmond,23.0,False,0.12793527174244923,0.0006910332698170283,0.126590167840655,0.12915465741071533,0.9945985711336263,5,6
Mel B,30.0,False,0.1679392782090729,0.0008186641941982253,0.1662988840229987,0.16931150424684419,0.9951252369134335,5,6
Sabrina Bryan,25.0,True,0.13816175323777066,0.0005326296928058331,0.1371480070186501,0.13922132656792835,0.9961448832232955,5,6
Cameron Mathison,25.5,False,0.16343255483229283,0.00018148466602797305,0.1630885621917356,0.16379724952633568,0.9988895439699012,5,7
Helio Castroneves,26.0,False,0.1666380553394821,0.0001924006406232399,0.1663444112780288,0.16701289691429924,0.9988453979480781,5,7
Jane Seymour,25.0,True,0.16032790002890085,0.00017030657955313086,0.1600319099817562,0.16063435562418266,0.9989377608044362,5,7
Jennie Garth,26.5,False,0.16982933967769473,0.0001735971944026927,0.1695090108015838,0.1701731340081512,0.9989778138763764,5,7
Marie Osmond,26.0,False,0.16661524693730245,0.0001733558998235923,0.16627102553772005,0.16694735489996995,0.9989595436011398,5,7
Mel B,27.0,False,0.173156903184327,0.00018566942025601804,0.1727737594125081,0.17349729548809995,0.9989277388493234,5,7
Cameron Mathison,25.5,True,0.1936757287620646,0.0005286847724372239,0.19286484469326634,0.19465958432301875,0.9972702579935211,5,8
Helio Castroneves,28.5,False,0.21708519962799677,0.0005953334053303595,0.2160298934099931,0.2182720195445145,0.9972576048189811,5,8
Jennie Garth,25.0,False,0.19001931351018453,0.0004524813973306435,0.18898690186208178,0.19086650474473907,0.9976187610144882,5,8
Marie Osmond,24.5,False,0.1863753890332678,0.0005115467042864219,0.18545378952382446,0.18734595986388997,0.9972552883353332,5,8
Mel B,28.0,False,0.2128443690664862,0.0005824243187865524,0.21181166132579637,0.21397280749967107,0.9972636141546003,5,8
Helio Castroneves,30.0,False,0.25641821174927193,0.00031739170539139925,0.2558889817778354,0.25698397779642784,0.9987622107524026,5,9
Jennie Garth,29.0,True,0.24775178323562827,0.0003132989139915092,0.24720578625105394,0.24843683872331174,0.9987354322544127,5,9
Marie Osmond,28.0,False,0.23945666568211968,0.00028721405977378975,0.23888873688073725,0.23994470580752228,0.9988005593456518,5,9
Mel B,30.0,False,0.2563733393329802,0.0003126959633457551,0.2557385068968629,0.25700000624318936,0.9987803101361502,5,9
Helio Castroneves,27.999900000000004,False,0.35227132143820483,0.001457864266200237,0.3492637677822227,0.35491541625864664,0.9958615300835496,5,10
Marie Osmond,23.0,False,0.2913234285616907,0.0012185410364271285,0.2890117549149311,0.2936482980034713,0.9958172226571572,5,10
Mel B,28.3332,False,0.35640525000010453,0.0012554366485940049,0.35384253574880764,0.3587335800490206,0.9964775023695818,5,10
Adam Carolla,15.0,False,0.06325481155890766,0.0005316283953617055,0.062273514100968354,0.06416615265760657,0.9915954473302538,6,1
Cristian de la Fuente,21.0,False,0.08497300360320334,0.0007405911339323648,0.08357983146360809,0.08641177488175406,0.9912843950133776,6,1
Jason Taylor,22.0,False,0.08924704384883482,0.0007989719499849366,0.08793313675969341,0.0908666393570844,0.9910476368120582,6,1
Kristi Yamaguchi,27.0,False,0.11440284323656388,0.0008482448607388014,0.11275790652347781,0.11597380327788795,0.9925854564734481,6,1
Mario,24.0,False,0.09880842749759836,0.0008194991009846308,0.09735117410105434,0.10043736498136095,0.9917061821371,6,1
Marissa Jaret Winokur,18.0,False,0.07337391720603449,0.0006100761213370595,0.07212931050020875,0.07448013902508263,0.9916853816101441,6,1
Marlee Matlin,22.0,False,0.08939627899223693,0.0008089279526642961,0.08797410813502074,0.09116105599481707,0.990951212267632,6,1
Monica Seles,15.0,False,0.06326401850223635,0.0005752024884832279,0.062215319084832604,0.06466831997623569,0.9909079046494194,6,1
Penn Jillette,16.0,False,0.06650967054800308,0.0006401576156884635,0.06528436523918524,0.06761784082455849,0.9903749693779278,6,1
Priscilla Presley,24.0,False,0.09848205956042279,0.000861293825867252,0.09693520350747627,0.10017843571862751,0.9912543073356542,6,1
Shannon Elizabeth,21.0,False,0.08495929830617045,0.0007287190342520099,0.08365474823257021,0.0863093842766374,0.9914227277204444,6,1
Steve Guttenberg,18.0,False,0.07332862713978792,0.0006873222452440793,0.07218700576955905,0.07451425592749099,0.9906268224013819,6,1
Adam Carolla,19.0,False,0.07312729766793621,0.0006470894735177951,0.07199965208814105,0.07447647180478992,0.9911511912219679,6,2
Cristian de la Fuente,20.0,False,0.07671441022950568,0.0007428170999072687,0.07552271248767013,0.07812610963674109,0.9903171112482649,6,2
Jason Taylor,27.0,False,0.10634935858836154,0.0009080594758444413,0.10485635037655561,0.10818931237077935,0.9914615425245845,6,2
Kristi Yamaguchi,27.0,False,0.10625441895397651,0.0009213489652074158,0.10483076965937226,0.1082088133660054,0.9913288409623087,6,2
Mario,26.0,False,0.10127280361010704,0.0008894736377772993,0.09954781544954758,0.10310394633422316,0.9912170532850881,6,2
Marissa Jaret Winokur,21.0,False,0.08028840027884217,0.0006749795967971682,0.07912527540931648,0.08150044477577904,0.9915930620805377,6,2
Marlee Matlin,24.0,False,0.092404909865147,0.0008292400894728729,0.09093409385167356,0.09407673577545521,0.9910260170083707,6,2
Monica Seles,15.0,True,0.06066900363231523,0.0005411096169860167,0.0597105513707102,0.06182505702034917,0.9910809542832545,6,2
Penn Jillette,17.0,True,0.06655560083640989,0.0006951225422627798,0.0653665364282345,0.06794356970969806,0.9895557618964127,6,2
Priscilla Presley,21.0,False,0.08036325191603791,0.0007464984505103694,0.07900879115411784,0.0816892034959713,0.9907109476942235,6,2
Shannon Elizabeth,24.0,False,0.09245277748352457,0.0007921403392397369,0.09104742242636359,0.09392508498371217,0.99143194654827,6,2
Steve Guttenberg,16.0,False,0.06354776693783623,0.0005617556200629798,0.06249302807206977,0.06448978888722443,0.9911601044830969,6,2
Adam Carolla,21.0,False,0.09188111006174023,0.00039960490952622573,0.09109235556860559,0.09267241701004732,0.9956508480441986,6,3
Cristian de la Fuente,25.0,False,0.10944287224982834,0.00043032962245918144,0.10858542414624628,0.11032981736746578,0.9960679977269159,6,3
Jason Taylor,23.0,False,0.10033155054882865,0.00045209643394145664,0.09954154853456358,0.10113114486541144,0.9954939754098444,6,3
Kristi Yamaguchi,27.0,False,0.11950680897908438,0.0005726969440625288,0.11853663007321234,0.12066218302096915,0.995207830006048,6,3
Mario,21.0,False,0.09181754424497723,0.00044960385782831557,0.09110791170548321,0.09267239990356939,0.995103290318583,6,3
Marissa Jaret Winokur,19.0,False,0.08417220920257235,0.00045160122253499097,0.08347227599776548,0.08530166138777497,0.9946347942294332,6,3
Marlee Matlin,21.0,False,0.09187233227203466,0.0004530932126159214,0.09109983855301051,0.09276542458402094,0.9950682299947028,6,3
Priscilla Presley,26.0,False,0.11437791893647242,0.0006561762159503987,0.11304976216511488,0.11553319425297509,0.9942630865987792,6,3
Shannon Elizabeth,24.0,False,0.10475511150199888,0.0005153800981550914,0.10392313928757024,0.1058263862361613,0.9950801436725571,6,3
Steve Guttenberg,21.0,True,0.09184254200246275,0.00047982796309105536,0.09099692496855033,0.0928364019508682,0.9947755369937584,6,3
Adam Carolla,19.0,True,0.08684191086768943,0.00047479043995167394,0.08601458180588228,0.08768513290210234,0.9945327039075055,6,4
Cristian de la Fuente,26.0,False,0.11473745912536741,0.0007009058110279112,0.11335036332121018,0.11612548022012752,0.9938912207367075,6,4
Jason Taylor,29.0,False,0.12934039983243323,0.0007709472932537973,0.12778365802326538,0.1307930524235684,0.9940393929951307,6,4
Kristi Yamaguchi,29.0,False,0.12924887433556698,0.000802066048231865,0.1277573902452377,0.13055871664847657,0.9937944059292194,6,4
Mario,24.0,False,0.10596932086108762,0.0005550234373497027,0.10509728169045968,0.10710388646289279,0.9947624139435859,6,4
Marissa Jaret Winokur,24.0,False,0.10584986759819039,0.0006428517287686034,0.10470386709339394,0.10707624394603937,0.993926759254826,6,4
Marlee Matlin,24.0,False,0.105970779021313,0.0005747967563977897,0.10493372178667291,0.10712070752454483,0.9945758938293529,6,4
Priscilla Presley,22.0,False,0.09778189103567585,0.0005079558006795547,0.09687816256970301,0.0987836157299025,0.9948052160241591,6,4
Shannon Elizabeth,28.0,False,0.12425949732267608,0.0008398166066342739,0.12238254359164943,0.1257114449384294,0.9932414292289189,6,4
Cristian de la Fuente,23.0,False,0.11686671998134367,0.0006041945389812866,0.11577572676704949,0.11801080844297364,0.9948300547916658,6,5
Jason Taylor,27.0,False,0.13761202299964267,0.0006369065180885058,0.13621955521861603,0.13882546088107894,0.9953717233116313,6,5
Kristi Yamaguchi,29.0,False,0.1494056349126348,0.0007295324986884871,0.14803359920862527,0.1508894054955833,0.9951171018474967,6,5
Mario,27.0,False,0.13756702470767218,0.0006236026928290542,0.13639763564780896,0.13877883077909475,0.9954669173506209,6,5
Marissa Jaret Winokur,24.0,False,0.12173102418717914,0.0006061435534879892,0.12078806468698004,0.12291129157111434,0.9950206321064385,6,5
Marlee Matlin,22.0,False,0.11225515558123313,0.0005007539278197488,0.1114096156440524,0.11315630493146103,0.9955391453940182,6,5
Priscilla Presley,21.0,True,0.10775032742376611,0.0005352191339432073,0.10676654313834527,0.10872168827177646,0.9950327841525876,6,5
Shannon Elizabeth,23.0,False,0.11681209020652825,0.0005183989902545561,0.11587961490561108,0.11781474411906354,0.9955621118555622,6,5
Cristian de la Fuente,27.0,False,0.14933855761540782,0.0007109312811887381,0.14802875895794193,0.15063572136954761,0.995239465998998,6,6
Jason Taylor,24.0,False,0.132824254836584,0.0006218129823559606,0.13185269241905292,0.1340685713697273,0.9953185283582355,6,6
Kristi Yamaguchi,30.0,False,0.16772738129593137,0.0007927629892038722,0.166044008321916,0.16908068707911794,0.9952735028527921,6,6
Mario,28.0,False,0.15519781162781582,0.0007506849132458279,0.15360711863183021,0.15658210687268115,0.9951630444696857,6,6
Marissa Jaret Winokur,26.0,False,0.1438040410964728,0.0007200712238768566,0.14252864235601886,0.14528890227487135,0.9949926913153032,6,6
Marlee Matlin,21.0,True,0.11826761426371282,0.0006027655041309319,0.11709092926667634,0.11932016352505838,0.9949033764832114,6,6
Shannon Elizabeth,24.0,False,0.13284033926407562,0.0005890337717523703,0.13158539957176926,0.13385879477528673,0.9955658516455501,6,6
Cristian de la Fuente,23.0,False,0.14952356816282633,0.00041144939908159507,0.1487014164183657,0.15023986881189538,0.9972482639082453,6,7
Jason Taylor,27.5,False,0.17812205980007342,0.00044814643649544885,0.177281759144156,0.17888271900950323,0.9974840486518152,6,7
Kristi Yamaguchi,27.0,False,0.17469910446551612,0.0004735448546559609,0.17381488234444456,0.1755883125563362,0.9972893687342889,6,7
Mario,25.5,False,0.1647743479070185,0.0004392581633488056,0.16398774730757826,0.16567033931501526,0.9973341835733031,6,7
Marissa Jaret Winokur,26.0,False,0.16805959798439818,0.0004320930520791201,0.16726725497784975,0.16882004160721475,0.9974289296341217,6,7
Shannon Elizabeth,25.5,True,0.16482132168016736,0.0003798362486323102,0.1641909309261286,0.1655615970863776,0.9976954665527475,6,7
Cristian de la Fuente,28.5,False,0.21372469769990815,0.00045198055836666756,0.21292547387131097,0.2147009699733408,0.9978852207384975,6,8
Jason Taylor,26.0,False,0.19466077226717626,0.0003741520583732951,0.19397284780784177,0.19534737205504735,0.9980779278022192,6,8
Kristi Yamaguchi,27.5,False,0.20588750402541348,0.0004255250534404087,0.2051304520548926,0.20675744687187342,0.997933215736163,6,8
Mario,26.5,True,0.19823664703200453,0.0004140514491933398,0.19735659693913188,0.19906229796270225,0.9979113274190594,6,8
Marissa Jaret Winokur,25.0,False,0.18749037897549736,0.000342076413242545,0.18679904693868987,0.18815409673310315,0.9981754988436646,6,8
Cristian de la Fuente,28.0,False,0.25442809416640755,0.0003654108037094441,0.25383850752587567,0.2550713075065696,0.9985637953823195,6,9
Jason Taylor,27.5,False,0.24988174761570275,0.0003445391281246826,0.24929641975710343,0.25052797884204947,0.9986211912978352,6,9
Kristi Yamaguchi,28.5,False,0.25907036240131354,0.00034178535963335136,0.2584768816705472,0.2596916289718776,0.998680723813927,6,9
Marissa Jaret Winokur,26.0,True,0.23661979581657616,0.0003688839827302361,0.23597846686496549,0.23734052010059165,0.9984410265360207,6,9
Cristian de la Fuente,26.0,False,0.3079942887931453,0.0008727987625085443,0.30642070663395715,0.30975945868127003,0.9971661852369778,6,10
Jason Taylor,28.5,False,0.33692999839643817,0.0008576084544422541,0.3353476512075066,0.3383833838305042,0.9974546390688751,6,10
Kristi Yamaguchi,30.0,False,0.35507571281041655,0.0008346593315934242,0.35344348501499173,0.3565881867036764,0.9976493482897292,6,10
Brooke Burke,24.5,False,0.09893438326284741,0.0007413219931121317,0.09748947804956686,0.100560217773366,0.9925069326894917,7,1
Cloris Leachman,16.0,False,0.06382755978872172,0.00041883813664340394,0.06314716283452734,0.06458932307992149,0.9934379735332227,7,1
Cody Linley,20.5,False,0.08049433535706792,0.0006242869874607457,0.07920823825915614,0.08178539623738997,0.992244336390984,7,1
Jeffrey Ross,12.0,True,0.05201712663778321,0.00038274250863601275,0.0513510246265291,0.05277975121154266,0.9926419905639693,7,1
Kim Kardashian,18.5,False,0.07266928225078853,0.0005153562873245654,0.07169588294452585,0.0737820026070809,0.9929081962644681,7,1
Lance Bass,21.5,False,0.08477444958068854,0.0006638935399092451,0.08352991965558791,0.08601308252004718,0.9921687071612615,7,1
Maurice Greene,19.5,False,0.07647178975915633,0.0005511000987365727,0.07540173710841924,0.07758790427823316,0.9927934196326222,7,1
Misty May-Treanor,21.0,False,0.08266198348329466,0.0006128003496093918,0.08142436637589774,0.0835970635952713,0.9925866725695829,7,1
Rocco DiSpirito,17.5,False,0.06887520891751907,0.0004561327615850572,0.06808328207825634,0.06972564339810766,0.9933774028601308,7,1
Susan Lucci,18.5,False,0.07266620531607612,0.000580111347169988,0.07164927388687121,0.07377618101286114,0.9920167656389008,7,1
Ted McGinley,18.5,True,0.07258737565328208,0.0005610194019655402,0.07165492226141428,0.07368110300169242,0.9922711160595572,7,1
Toni Braxton,22.5,False,0.08921015605592125,0.0005448158134087495,0.08796575186237927,0.09008992875879498,0.9938928947387198,7,1
Warren Sapp,21.5,False,0.08481014393685316,0.0005659702890857905,0.08374521619086933,0.08595838082533899,0.9933266203450003,7,1
Brooke Burke,24.0,False,0.10923706405026062,0.000814299910337146,0.10779843086766544,0.11081478347450478,0.9925455712544372,7,2
Cloris Leachman,15.0,False,0.0698468083507522,0.00047489111047412005,0.06894979837171468,0.07067365480546195,0.9932009619095358,7,2
Cody Linley,21.0,False,0.0941901340402495,0.0006795758208600744,0.09296559479573617,0.0953768517661126,0.9927850636610234,7,2
Kim Kardashian,17.0,True,0.077092629305554,0.0005185379596931221,0.07627961375221787,0.07802814870857817,0.9932738322150368,7,2
Lance Bass,20.0,False,0.08957070691724411,0.0007447061306171998,0.08818765142461193,0.09118533039100075,0.9916858294832345,7,2
Maurice Greene,19.0,False,0.0852235325233284,0.0005734944900598517,0.08411839956270335,0.08641884099295773,0.9932707026676831,7,2
Misty May-Treanor,21.0,True,0.09410784775695925,0.0006128141880406004,0.09302754328098613,0.09521104076421444,0.9934881712562034,7,2
Rocco DiSpirito,16.0,False,0.07337156488638046,0.0005418450028457041,0.07219976792394459,0.07440624520555725,0.9926150545693719,7,2
Susan Lucci,21.0,False,0.09419958057897046,0.0006754925250196666,0.0926920563905938,0.09536112969119888,0.9928291344731267,7,2
Toni Braxton,23.0,False,0.10392353433296436,0.000698564041066701,0.10249121972885494,0.10530455393082655,0.99327809580813,7,2
Warren Sapp,24.0,False,0.1092365972573366,0.0006790310842480268,0.10772438933368758,0.11043077562285065,0.9937838499065621,7,2
Brooke Burke,28.0,False,0.14352048169144457,0.0009255205233152122,0.14167551291355315,0.1451127053336485,0.9935513000485534,7,3
Cloris Leachman,16.0,False,0.0833873874895009,0.0006869419126341968,0.08221453870623491,0.08464845109774383,0.9917620405997167,7,3
Cody Linley,21.0,False,0.1044484797017675,0.0007101384448938684,0.10316262465117167,0.10587987053743972,0.9932010648032261,7,3
Lance Bass,22.0,False,0.10944947100706219,0.0007147414288858034,0.10795157242306555,0.11065573978632828,0.9934696675798489,7,3
Maurice Greene,24.0,False,0.11978294432237777,0.0008425603446584921,0.11801647695788157,0.1211438823812931,0.992965940606779,7,3
Rocco DiSpirito,20.0,False,0.09988284786470113,0.0006996465429930321,0.09870843609236322,0.10117771767064268,0.9929953284477756,7,3
Susan Lucci,21.0,False,0.10451523440971634,0.0006289311275203759,0.1031951662105982,0.10564656952820634,0.9939823975799081,7,3
Toni Braxton,22.0,False,0.10951958482723029,0.0008022289548729594,0.10804618754764646,0.11103356452283315,0.9926750182979739,7,3
Warren Sapp,25.0,False,0.12549356868619926,0.0008543776387300169,0.12400285834081977,0.12717797866399788,0.9931918611632886,7,3
Brooke Burke,26.0,False,0.12871049222382955,0.000636918206299661,0.1275204488294753,0.1300672932764011,0.9950515440093878,7,4
Cloris Leachman,22.0,False,0.1077876909828083,0.0005439572633074156,0.10676037814785644,0.1087776068506847,0.9949534380192431,7,4
Cody Linley,23.0,False,0.11264712118749597,0.0006131221670133963,0.11141872190490933,0.1137147263678788,0.994557143045024,7,4
Lance Bass,26.0,False,0.12856314092355148,0.0006086651689966058,0.1275658460847922,0.12972174525333244,0.9952656323995807,7,4
Maurice Greene,20.0,False,0.09859670734557438,0.0005318654830607072,0.09747643373299922,0.09954227829134193,0.9946056466044393,7,4
Rocco DiSpirito,18.0,True,0.09031185761520519,0.00044980367828681265,0.08939303881037432,0.09118575686125541,0.9950194394162137,7,4
Susan Lucci,24.0,False,0.11777714382007855,0.0005744284791659912,0.11681128311660839,0.11886608795612218,0.9951227508111122,7,4
Toni Braxton,22.0,False,0.1078733745797646,0.00050196772783667,0.10680319253092646,0.10870806498482947,0.995346694865233,7,4
Warren Sapp,22.0,False,0.10773247132169217,0.0005331154774568909,0.10687125644979142,0.10890000373728549,0.9950514875328071,7,4
Brooke Burke,29.0,False,0.1499497988443113,0.0008220329231787523,0.1482760109998168,0.1517307843757764,0.9945179458091021,7,5
Cloris Leachman,21.0,False,0.10802963949913565,0.0006622793244374592,0.1067388928705636,0.10932646024327093,0.9938694664954172,7,5
Cody Linley,28.0,False,0.14384018334691212,0.0008107861845222051,0.14245672312180246,0.14525533781937147,0.9943632845449956,7,5
Lance Bass,21.0,False,0.10792084026657739,0.0006719329383779724,0.10672991857309619,0.10923325714694866,0.9937738351858805,7,5
Maurice Greene,27.0,False,0.1380326890574787,0.000694020619032105,0.13668939590237705,0.13930919248566348,0.9949720560848951,7,5
Susan Lucci,22.0,False,0.11251884530205622,0.0005761060517231249,0.11144631761101755,0.11357885578633263,0.9948799150028906,7,5
Toni Braxton,22.0,True,0.11247370578937564,0.0006175214301622774,0.1112300757222928,0.11371059760047353,0.9945096373785471,7,5
Warren Sapp,25.0,False,0.12723429789415294,0.0007832943432689936,0.125811914495823,0.12858715378122418,0.9938436855766625,7,5
Brooke Burke,26.0,False,0.1620090337151206,0.0011798248284126502,0.15985786385729578,0.1641107853204143,0.9927175367857124,7,6
Cloris Leachman,15.0,True,0.10004218417217939,0.0006959526108994757,0.0988479865168423,0.1011975230024935,0.9930434084715534,7,6
Cody Linley,23.0,False,0.14188820841651872,0.0011311867488326757,0.13978643825437154,0.1441329540306405,0.9920276197616645,7,6
Lance Bass,27.0,False,0.1690745661980622,0.001288242660176571,0.16656867766824132,0.17122423188681457,0.9923806241876294,7,6
Maurice Greene,21.0,False,0.130117910294074,0.0009373321812164248,0.12843026433505614,0.1319537084299875,0.9927962862368601,7,6
Susan Lucci,23.0,False,0.14198569940687839,0.001127196776856065,0.13988398779244082,0.1440853845124799,0.9920611950248177,7,6
Warren Sapp,25.0,False,0.15488239779716692,0.0011491423786350327,0.1527734006167629,0.15715019678366518,0.9925805488875505,7,6
Brooke Burke,30.0,False,0.20718230558551695,0.0010863303327410057,0.20526649639138678,0.20936790554016127,0.9947566452179836,7,7
Cody Linley,22.0,False,0.14938799111252937,0.0008768889584992925,0.14784460362192559,0.15134822521088964,0.9941301241688245,7,7
Lance Bass,25.0,False,0.16892925732332287,0.000883601987575032,0.16719247149843036,0.17063557137836657,0.9947693963640422,7,7
Maurice Greene,25.0,False,0.16885992648976716,0.0008406458251913929,0.1675734312928586,0.17041359288529528,0.9950216380957483,7,7
Susan Lucci,24.0,True,0.16213677247275474,0.0009004862898154982,0.1603475383298562,0.163767241227538,0.994446131645017,7,7
Warren Sapp,21.0,False,0.1435037470161089,0.0007896249114395648,0.14189275038257954,0.1447299639297615,0.9944975310550538,7,7
Brooke Burke,27.5,False,0.21598719341800934,0.0005634901094761933,0.21476847362131904,0.21700698481736572,0.9973910948118778,7,8
Cody Linley,24.0,False,0.18819287618230365,0.0004926610734898851,0.18728836935228907,0.18910409186220756,0.9973821481265176,7,8
Lance Bass,25.0,False,0.19581721730788199,0.0004735460046848995,0.19494505057572847,0.19676068928366905,0.997581693728492,7,8
Maurice Greene,24.0,True,0.18827834773532398,0.0005352726158351184,0.18713078779890466,0.18914675183147414,0.9971570144826871,7,8
Warren Sapp,27.0,False,0.21172436535648106,0.0005017829193224782,0.21056184490743265,0.2125999237136729,0.997630018073368,7,8
Brooke Burke,24.5,False,0.24311480234601326,0.0009304715104011595,0.24116635792336014,0.24466230889963694,0.9961727072912785,7,9
Cody Linley,23.0,True,0.22890179352182144,0.00088438394645182,0.22716340821103356,0.23046193528733,0.9961364044691615,7,9
Lance Bass,28.5,False,0.28494236442847287,0.0009896400988269822,0.2829825301714596,0.2869157086899744,0.9965268762305248,7,9
Warren Sapp,24.5,False,0.2430410397036925,0.0009335516041957657,0.24137781359776309,0.24506723785453416,0.9961588725701062,7,9
Brooke Burke,30.0,False,0.353228845979025,0.0005530920363589721,0.35224024244610697,0.3542554876334119,0.9984341821381377,7,10
Lance Bass,27.5,False,0.32326842377475506,0.0005687842554122559,0.32219236434164983,0.32424159054614926,0.9982405202191706,7,10
Warren Sapp,27.5,False,0.3235027302462203,0.0005489960022568085,0.3225511746627382,0.32454155006850055,0.9983029633108846,7,10
Belinda Carlisle,17.0,False,0.06929663330334233,0.000607381532348101,0.06826021688255074,0.07056630244223815,0.9912350499094332,8,1
Chuck Wicks,20.0,False,0.08122003644663461,0.0007651298210913479,0.07987414255056342,0.08303496996576458,0.9905795434899358,8,1
David Alan Grier,19.0,False,0.07705214885652395,0.000580071645681817,0.07598756275278075,0.07804392821515747,0.992471700604198,8,1
Denise Richards,18.0,False,0.07301688516064889,0.0006821191653942116,0.07174714618171922,0.07417857941906017,0.9906580626673757,8,1
Gilles Marini,24.0,False,0.10062983014909492,0.0007770190064654329,0.09910170563076848,0.10207085861539608,0.9922784426316313,8,1
Holly Madison,18.0,False,0.07290559626616665,0.000617528068488705,0.07178701339705088,0.07414703852875243,0.9915297576576397,8,1
Lawrence Taylor,16.0,False,0.06558841395500263,0.0006097848172925296,0.06460501911486317,0.06693574884058806,0.9907028577072945,8,1
Lil' Kim,21.0,False,0.08564668643406462,0.0007520274252270728,0.08436205986109872,0.08720108830606123,0.9912194218301017,8,1
Melissa Rycroft,23.0,False,0.09531651962791124,0.0008049527365655261,0.09369721118271353,0.09673268677821138,0.9915549503936166,8,1
Shawn Johnson,23.0,False,0.09533132667231659,0.000741229329576201,0.09378373306604654,0.09690938598915075,0.9922247035109032,8,1
Steve Wozniak,13.0,False,0.05584250783534078,0.000523342157250499,0.05485320609805511,0.05673812209187883,0.9906282475924318,8,1
Steve-O,17.0,False,0.0691976011156587,0.0005670181768087796,0.06804425416582352,0.07012170060266487,0.991805811651461,8,1
Ty Murray,14.0,False,0.05895581417729408,0.00048618583552623667,0.05820644809766392,0.060001478170906834,0.9917533861195749,8,1
Belinda Carlisle,18.0,True,0.06726682831184545,0.0006271778775795801,0.0658296865299513,0.06838155502578729,0.9906762680310714,8,2
Chuck Wicks,20.0,False,0.07437837450364738,0.000694741427805492,0.07318757271730848,0.07563722782614628,0.9906593625843299,8,2
David Alan Grier,17.0,False,0.0640615022899255,0.0006089644226936053,0.06287448149948131,0.0651652099376502,0.9904940658441385,8,2
Denise Richards,21.0,False,0.07804534908289118,0.0006798195461101757,0.07689911689217256,0.07945988410302927,0.9912894291062989,8,2
Gilles Marini,27.0,False,0.10470455164094009,0.0008556743765452143,0.10321766340318944,0.10648130134412245,0.9918277251262242,8,2
Holly Madison,18.0,False,0.06735903972309468,0.0005510111408426092,0.06639019916313631,0.06858394565466693,0.9918197892501474,8,2
Lawrence Taylor,20.0,False,0.07425344399965099,0.0006225596809836859,0.07311050052143027,0.07542101490883273,0.991615746725679,8,2
Lil' Kim,23.0,False,0.08609755513423416,0.0006840370911272,0.08488927859660855,0.08741687887770555,0.9920550927368295,8,2
Melissa Rycroft,26.0,False,0.09965804508093845,0.0009129846445374701,0.09774760119199838,0.10157396494156175,0.9908388264710994,8,2
Shawn Johnson,24.0,False,0.09038352265081023,0.000782920294193955,0.08885993233469344,0.09156719736694045,0.9913377984036017,8,2
Steve Wozniak,17.0,False,0.0641415654634431,0.0005951243238648073,0.06303839750199706,0.06538250643637061,0.9907217056589616,8,2
Steve-O,14.0,False,0.05529497692688927,0.0004927195215471866,0.05436003276398472,0.05626615205871039,0.9910892535103386,8,2
Ty Murray,20.0,False,0.07435524519168954,0.000573132061874968,0.07319601249697774,0.07540234317858945,0.9922919753623646,8,2
Chuck Wicks,23.0,False,0.08826788423070987,0.0009691931944327672,0.08641314347541915,0.09006876324204231,0.9890198660262487,8,3
David Alan Grier,24.0,False,0.09250652127171761,0.0010924160408959205,0.09034139516498818,0.09428474847567615,0.9881909293974294,8,3
Denise Richards,16.0,True,0.06346767122829954,0.0009233748442518058,0.06178709962869484,0.065499360851208,0.9854512568937603,8,3
Gilles Marini,27.0,False,0.10662563343969175,0.0012647510139557764,0.10415125590986687,0.10898726548264956,0.9881383962452975,8,3
Holly Madison,17.0,False,0.06637543591395788,0.0007310836152991136,0.06507935420562402,0.0677859675182767,0.9889856299211833,8,3
Lawrence Taylor,20.0,False,0.07648127101611579,0.0009900781524810958,0.07475017383950186,0.07818963279907322,0.9870546326005425,8,3
Lil' Kim,25.0,False,0.09685310170894626,0.0010855082875840137,0.09494282487970254,0.09904235926052896,0.988792219676701,8,3
Melissa Rycroft,27.0,False,0.10653646500885847,0.001316159762038712,0.10397225983030829,0.10940291413480159,0.9876459223428403,8,3
Shawn Johnson,27.0,False,0.10667543390794011,0.0014037157924566247,0.10431448459154971,0.1095003727199143,0.9868412460016988,8,3
Steve Wozniak,10.0,False,0.04758961530723626,0.0006306247565440134,0.0464307468034503,0.04892126547009872,0.9867486897619842,8,3
Steve-O,15.0,False,0.06047516285868094,0.0007362131625441734,0.05903002121829341,0.06204900829295674,0.9878261896662508,8,3
Ty Murray,23.0,False,0.08814580410784549,0.0010754965982310769,0.08642864421071098,0.09036779490741516,0.9877986637127365,8,3
Chuck Wicks,22.0,False,0.08799633202271179,0.0009833967246554126,0.08637597738886346,0.09027828165060581,0.9888245714105265,8,4
David Alan Grier,22.0,False,0.08809544063670537,0.0010342233151517451,0.08637551302741596,0.08998898699710825,0.9882601947651667,8,4
Gilles Marini,30.0,False,0.1266561127369329,0.0013286143705463491,0.12412219307742799,0.12934055597858973,0.9895100651533029,8,4
Holly Madison,16.0,True,0.06708061350595117,0.0008353116385423568,0.06545520621938501,0.0684516511828367,0.987547644619138,8,4
Lawrence Taylor,19.0,False,0.07681857313354956,0.0009097049896744064,0.07541185770641388,0.07857515062172733,0.9881577468499333,8,4
Lil' Kim,27.0,False,0.11045172454407241,0.0013646996454362936,0.10778312972074604,0.11282281436219951,0.9876443790165381,8,4
Melissa Rycroft,29.0,False,0.12105147425920185,0.0015257728253453289,0.11774767907026866,0.12340897366414502,0.9873956692003745,8,4
Shawn Johnson,25.0,False,0.10089116839726398,0.0010620220245791143,0.09884333826992946,0.10324556322985655,0.9894735878129852,8,4
Steve Wozniak,12.0,True,0.05581216220196853,0.0007408232868979568,0.054384656777783515,0.05736815759298671,0.9867264901112929,8,4
Steve-O,15.0,False,0.0640893923764638,0.0009102005616128498,0.06209409489504535,0.06577618415276917,0.985797953017462,8,4
Ty Murray,25.0,False,0.10105700618517849,0.0011772458589961096,0.09899389956449751,0.10356726252663531,0.9883506754906344,8,4
Chuck Wicks,23.0,False,0.10852893285367386,0.0007583912204297013,0.1072833003784145,0.10993474831451125,0.9930120825802994,8,5
David Alan Grier,22.0,True,0.10383512708860879,0.0007447030738142398,0.10265689437592823,0.10560707189827523,0.9928280236689195,8,5
Gilles Marini,29.0,False,0.14029735656726072,0.000892547229962698,0.13849449737275368,0.1420776941336656,0.9936381750034271,8,5
Lawrence Taylor,20.0,False,0.09535970793194265,0.0006094182931448852,0.09432668049503434,0.09663953316682074,0.9936092684598005,8,5
Lil' Kim,26.0,False,0.12331516734894145,0.0008723234473575752,0.12181676848566217,0.12492321063263331,0.9929260652512502,8,5
Melissa Rycroft,25.0,False,0.11809754782472327,0.0008144626643801757,0.11666329449280173,0.11969134872283306,0.9931034752255061,8,5
Shawn Johnson,26.0,False,0.12332802845964767,0.00084714206604097,0.12181686705575388,0.1251283393263043,0.9931309850921832,8,5
Steve-O,18.0,False,0.08760415415828512,0.0006158218806586231,0.08643720415731214,0.08872852328048522,0.9929704032123187,8,5
Ty Murray,21.0,False,0.09963397776691646,0.0007209655346882674,0.0984793045300121,0.10102796714380492,0.9927638587673886,8,5
Chuck Wicks,23.0,False,0.12166468292539522,0.0010297839100466754,0.11950938245186446,0.12366610083834412,0.9915358846520963,8,6
Gilles Marini,26.0,False,0.1388770559640261,0.0010882074835535064,0.13682865701128064,0.1411277734865105,0.9921642385345828,8,6
Lawrence Taylor,22.0,False,0.11675532467244405,0.0009613038941277099,0.11490982528518096,0.1184905948867027,0.99176650917785,8,6
Lil' Kim,28.0,False,0.15106617423440036,0.0011714838698587285,0.14872023619873156,0.15324926662550542,0.9922452271278082,8,6
Melissa Rycroft,27.0,False,0.14453376438143198,0.0012205124659210949,0.14217146216645216,0.14648400403622672,0.9915555201157005,8,6
Shawn Johnson,26.0,False,0.1385981121398724,0.001018690981308386,0.13631150241673368,0.14044694534611926,0.992650037106708,8,6
Steve-O,16.0,True,0.09027452393565509,0.0008069986005008899,0.0887714588414924,0.09190624381420068,0.9910606163808064,8,6
Ty Murray,18.0,False,0.09823036174677485,0.0008091710659619716,0.09657757567979218,0.0997078080646773,0.9917625156665114,8,6
Chuck Wicks,27.0,False,0.1478435758570777,0.0005825802186299995,0.14662757012188643,0.14874590587199066,0.9960594823599696,8,7
Gilles Marini,27.0,False,0.14791919590528876,0.0006889252877995132,0.14666156307406902,0.14927454784067973,0.9953425565655412,8,7
Lawrence Taylor,21.0,True,0.11724650880873043,0.0005293185144511915,0.11618136376096198,0.11814008858369382,0.9954854219555936,8,7
Lil' Kim,26.0,False,0.14217612912050018,0.0006719642637520382,0.14106349218475786,0.14357145603267465,0.995273719520226,8,7
Melissa Rycroft,29.0,False,0.1596158711419856,0.0007284560680164453,0.15789973331075377,0.16090513558880717,0.9954361927620065,8,7
Shawn Johnson,28.0,False,0.15363111866043871,0.0006979337251280119,0.1524193782134458,0.154781794040704,0.995457081018393,8,7
Ty Murray,24.0,False,0.13156760050597874,0.0005457554036025179,0.13047429065814872,0.13262852957386234,0.995851901216533,8,7
Chuck Wicks,25.5,True,0.16312388529379152,0.00039057094001247977,0.16237716656536158,0.16391514000797947,0.9976056790254287,8,8
Gilles Marini,27.5,False,0.17624988577170975,0.0004965957485855884,0.17547137034715984,0.17737286863809767,0.9971824336429426,8,8
Lil' Kim,28.0,False,0.17971745658165195,0.0005199758658214601,0.178672895739994,0.1805959561898954,0.9971067036240566,8,8
Melissa Rycroft,23.0,False,0.14822914323308564,0.0004411460111802784,0.1473448282954372,0.1490337713091063,0.997023891513111,8,8
Shawn Johnson,26.0,False,0.16633814593808555,0.0005126703186466286,0.16536737343571015,0.1672554409519907,0.9969179028913941,8,8
Ty Murray,26.0,False,0.1663414831816756,0.0005348650341148356,0.16539042779105625,0.16728593871188882,0.9967845361007713,8,8
Gilles Marini,28.0,False,0.20943065010468218,0.0007054670759036663,0.20821799080356873,0.2109576121843582,0.9966315003293403,8,9
Lil' Kim,26.0,True,0.19426016368781646,0.0007329791161650846,0.19296135614990093,0.19547486273918216,0.9962268171597806,8,9
Melissa Rycroft,28.5,False,0.21328857533824433,0.0007740240454198732,0.21172577761901418,0.2148298244715896,0.9963710009118286,8,9
Shawn Johnson,28.0,False,0.20939843809401942,0.0005627483927218642,0.20838195362109813,0.21044360786519473,0.9973125473244018,8,9
Ty Murray,23.0,False,0.17362217277523734,0.0006128497720283518,0.17260108888626552,0.17482314128673362,0.9964702102143272,8,9
Gilles Marini,30.0,False,0.27424358012441435,0.0010042603694855542,0.2723889177079213,0.2761743834294923,0.9963380715456313,8,10
Melissa Rycroft,27.5,False,0.2504900111682081,0.0009233312207795859,0.2487503473439419,0.2521889521837587,0.9963139000374768,8,10
Shawn Johnson,28.0,False,0.2549617327622812,0.0009416720240952345,0.2531842721202935,0.25665072481535767,0.9963066142754323,8,10
Ty Murray,24.0,True,0.22030467594509628,0.000753884597657387,0.21892781890361207,0.2218123463834427,0.9965779909372179,8,10
Gilles Marini,29.0,False,0.33139603097367193,0.0002977079787703619,0.33088813298630154,0.3319445704591522,0.9991016549658254,8,11
Melissa Rycroft,28.5,False,0.3256792324202567,0.0002593804581731699,0.3252033992130392,0.32612749277567216,0.9992035707765411,8,11
Shawn Johnson,30.0,False,0.3429247366060712,0.00029398922747425344,0.34237348025695424,0.34355001847388933,0.9991427004351338,8,11
Aaron Carter,31.9999,False,0.07953748375571593,0.0007871667015819186,0.07793717294517631,0.08110967703162719,0.9901031983360254,9,1
Ashley Hamiliton,18.9999,True,0.047630191594803355,0.00051386793515437,0.04684976881151911,0.04867368051337172,0.9892112981714221,9,1
Chuck Liddell,22.0,False,0.05359569977611641,0.000635264069463075,0.05244600709326251,0.054774675252019386,0.988147107470996,9,1
Debi Mazar,22.0,False,0.053625458869027025,0.00054213206654798,0.05253505546949938,0.05468424426208689,0.9898903976211735,9,1
Donny Osmond,29.9999,False,0.07352994799110787,0.0007399218196988044,0.07231201137571464,0.07493688377079914,0.9899371366373293,9,1
Joanna Krupa,33.9999,False,0.08595555798412761,0.0008376149654101689,0.08447428668050937,0.08743554705333845,0.9902552553313092,9,1
Kathy Ireland,19.9999,False,0.049564852492449,0.0004355431981958777,0.0487292027203487,0.050470112889806774,0.9912126602563333,9,1
Kelly Osbourne,30.9998,False,0.07636419039023401,0.0007297206619674521,0.07480099527868246,0.07768275519771875,0.9904442035168781,9,1
Louie Vito,26.9998,False,0.06527212170059077,0.0006700560073753822,0.06406017807991782,0.06652969876717547,0.98973442275327,9,1
Macy Gray,18.9999,True,0.04754603193730339,0.00048455826912585236,0.04653635230638198,0.04843579619667121,0.9898086496520926,9,1
Mark Dacascos,28.9998,False,0.0705123958837454,0.0006888857889551556,0.06916292214487038,0.07175754761335754,0.9902302881596744,9,1
Melissa Joan Hart,24.0,False,0.057982835305333005,0.000499285510490682,0.05705859283120052,0.05893332505178568,0.9913890807881076,9,1
Michael Irvin,19.0,False,0.04762719680013343,0.0004699830639997978,0.04679290167049199,0.04853538348364646,0.9901320443869063,9,1
Mya,30.9999,False,0.07644053664875519,0.0007015629387187782,0.07520038987582317,0.07770510891739785,0.9908221086680427,9,1
Natalie Coughlin,26.9998,False,0.06529455733426301,0.0006192449125899675,0.06422770944054411,0.06653224279458922,0.9905161327701502,9,1
Tom DeLay,19.9999,False,0.04952094153629456,0.0005495947782403979,0.04845686526511746,0.050470758351788145,0.9889017704189329,9,1
Aaron Carter,27.0,False,0.09399605883211676,0.0006259075877319369,0.09285525757521099,0.09515387120185699,0.9933411294525673,9,2
Chuck Liddell,19.0,False,0.06426588808714138,0.0004186728193676932,0.06355774687503031,0.0650135106380607,0.9934853025169434,9,2
Debi Mazar,21.0,False,0.07071543607223876,0.000483437361562104,0.06986140364146948,0.07177042016155494,0.9931636232707629,9,2
Donny Osmond,25.0,False,0.08562502635998022,0.0006425889543404347,0.08446281710627895,0.08699701408065448,0.9924953137925016,9,2
Joanna Krupa,20.0,False,0.06740593572307085,0.00045485998514114206,0.06636792301789421,0.06815629848137149,0.9932519298150555,9,2
Kathy Ireland,18.0,True,0.061277571639617036,0.0004367723011377749,0.06035661557639433,0.06204686680806412,0.9928722322139901,9,2
Kelly Osbourne,19.0,False,0.06422452398902138,0.0004233513717930692,0.06339148240005536,0.06494713799899113,0.9934082598749127,9,2
Louie Vito,19.0,False,0.06429420947203521,0.0004505954330540655,0.06357995140771157,0.06530489413823408,0.9929916638410485,9,2
Mark Dacascos,21.0,False,0.07068635694750744,0.0004782037113014861,0.06984201580301133,0.07165225726408592,0.9932348513637984,9,2
Melissa Joan Hart,19.0,False,0.06427214328401129,0.0004154420298839874,0.0635407180052766,0.06505901310183593,0.9935362038877683,9,2
Michael Irvin,20.0,False,0.06738278192203526,0.00047902114110067405,0.06648055618335175,0.0682631237529248,0.9928910453466447,9,2
Mya,27.0,False,0.09397846485345437,0.0005925850669761673,0.09286042619444668,0.09512222716621256,0.9936944589603564,9,2
Natalie Coughlin,21.0,False,0.0706747376244469,0.0005047704702974266,0.06972766666719299,0.07164762176708545,0.992857837365033,9,2
Tom DeLay,18.0,False,0.061200865193323024,0.0004603341587839563,0.0604779944872612,0.06206922820850072,0.9924783063551498,9,2
Aaron Carter,21.0,False,0.08014275217239114,0.0007016160964737033,0.07892242056257015,0.08160666590082243,0.991245420484631,9,3
Chuck Liddell,17.0,False,0.06549032821860556,0.0005651673939731694,0.06458642317569144,0.06663924766328491,0.9913702158876552,9,3
Debi Mazar,17.0,True,0.06549624075136393,0.0006204212811193019,0.06423618624846236,0.06671811603792219,0.9905273757088664,9,3
Donny Osmond,21.0,False,0.07996578836551134,0.0006787454011126871,0.07848862279540367,0.08124147545718986,0.9915120526541895,9,3
Joanna Krupa,23.0,False,0.0885465363659431,0.0007373715679480301,0.08697944802029194,0.09009843901421825,0.9916724967659871,9,3
Kelly Osbourne,20.0,False,0.07607958547318366,0.0006277159685782975,0.07507862016599011,0.07737002425472263,0.9917492193907976,9,3
Louie Vito,20.0,False,0.07609999845713453,0.0006238638158645534,0.07504415365749603,0.07725702323482321,0.9918020521877413,9,3
Mark Dacascos,18.0,False,0.06887278404478457,0.0006083910065251166,0.06777655457808808,0.06999716660599271,0.9911664525405346,9,3
Melissa Joan Hart,19.0,False,0.07254638157015778,0.0006307105306723662,0.07140673868606999,0.07382107385373961,0.991306106286467,9,3
Michael Irvin,14.0,False,0.0562924343872463,0.0004883741975992421,0.055315619232881884,0.057236939963372535,0.9913243368684391,9,3
Mya,27.0,False,0.10842157708601005,0.0008540166099122612,0.10676182167749733,0.1100145841953181,0.9921231858743875,9,3
Natalie Coughlin,26.0,False,0.10291849884270354,0.0009298596204845505,0.10127881003450025,0.10453424335695934,0.9909650876087329,9,3
Tom DeLay,15.0,True,0.059127094264964514,0.0005049554741948506,0.058027860330314714,0.05996096242679479,0.9914598293646563,9,3
Aaron Carter,18.0,False,0.07428555308113438,0.0007247508740344999,0.07299718429764512,0.07567857529380762,0.9902437170624155,9,4
Chuck Liddell,17.0,True,0.07113284732492835,0.0007316348983972817,0.06970354548788524,0.07233663637654468,0.9897145281552524,9,4
Donny Osmond,24.0,False,0.09770305892320595,0.0009674805752266809,0.09569080033071145,0.09948026239527924,0.990097745291812,9,4
Joanna Krupa,26.0,False,0.10691451040127438,0.0011341620589330114,0.10489746734954589,0.10874197224710079,0.9893918790379692,9,4
Kelly Osbourne,23.0,False,0.09336274047090944,0.0010082050995963712,0.09151883685436975,0.09526222475418203,0.9892012049505925,9,4
Louie Vito,16.0,False,0.06773653963257177,0.0006683317586981502,0.06649337008909714,0.06900345021520642,0.9901333643211857,9,4
Mark Dacascos,22.0,False,0.08917836441462945,0.000886777328028791,0.08750376295537202,0.09085338155817763,0.9900561382365596,9,4
Melissa Joan Hart,28.0,False,0.11710082791243609,0.001071248133890029,0.11521804347774223,0.11927876998134246,0.9908519166517672,9,4
Michael Irvin,16.0,False,0.06788613417151637,0.0006079489152286052,0.06668563623250605,0.06897292735840917,0.9910445789460834,9,4
Mya,28.0,False,0.11707136278264343,0.0010516015280883399,0.1148843039201287,0.11882739059087218,0.9910174315640217,9,4
Natalie Coughlin,24.0,False,0.09762806088475036,0.0009090918121940396,0.09602749824481083,0.09949058011508516,0.9906882119346074,9,4
Aaron Carter,24.0,False,0.09869407758014286,0.000428384365281668,0.09781448492605313,0.0995823932070588,0.9956594724244339,9,5
Donny Osmond,29.0,False,0.12138084164230209,0.0005207640271106111,0.12042979051783026,0.12237583025917342,0.9957096686753478,9,5
Joanna Krupa,24.0,False,0.09872980055537589,0.0004966069727967991,0.09783270037630977,0.09964598870493792,0.9949700397448057,9,5
Kelly Osbourne,24.0,False,0.09869858323689726,0.0004425116239246168,0.09785335835267346,0.0995557592569225,0.9955165351982561,9,5
Louie Vito,22.0,False,0.09085539726315445,0.00041387819588413385,0.09003800028020671,0.09170291821990874,0.9954446493180216,9,5
Mark Dacascos,26.0,False,0.10707478264265542,0.0004476300467839014,0.10621721026480863,0.10794717571927057,0.995819463409253,9,5
Melissa Joan Hart,23.0,False,0.09471273701314147,0.00041941965425041825,0.0938915653904384,0.09539907037351382,0.9955716657814225,9,5
Michael Irvin,21.0,False,0.08722817206782275,0.0003733699235622641,0.08651748552914089,0.08788459456489288,0.9957196177025015,9,5
Mya,27.0,False,0.11181734704850298,0.0005146886001469868,0.11069733088957841,0.11271717141529784,0.9953970594569398,9,5
Natalie Coughlin,22.0,True,0.09080826095000478,0.00040823422505369323,0.09004100878363029,0.09167182392324921,0.9955044373630451,9,5
Aaron Carter,32.9998,False,0.12650394506869217,0.0009305142127648023,0.12483947445271881,0.12862959398521595,0.9926443858153235,9,6
Donny Osmond,30.9999,False,0.11791880490495994,0.0009367200021732396,0.11655671329365745,0.11986513707239077,0.9920562288353565,9,6
Joanna Krupa,35.9999,False,0.14014972213801655,0.0009344490792401193,0.13814007850585208,0.14172943579158945,0.9933324942426935,9,6
Kelly Osbourne,24.9998,False,0.09581025038549205,0.0007142170877040698,0.09441368537080533,0.09707625920762614,0.9925455044232697,9,6
Louie Vito,24.0,True,0.09257414521705383,0.0007595015217611691,0.09125275685187917,0.0941539207122175,0.9917957490184716,9,6
Mark Dacascos,32.0,False,0.12191683234539318,0.00102647739655035,0.11995180171395324,0.12388039738887476,0.9915805112649062,9,6
Melissa Joan Hart,23.9999,True,0.09246223796191719,0.0007281294500275066,0.09101430554090886,0.09374103550580949,0.9921251154408851,9,6
Michael Irvin,21.9998,False,0.0862315595667368,0.0007438649245292457,0.08491187749102269,0.08768981403436685,0.991373634800684,9,6
Mya,33.0,False,0.1264325024117382,0.000863123381758552,0.12490216128542468,0.12836547310589808,0.9931732476594688,9,6
Aaron Carter,26.5,False,0.15089131995187313,0.0005799608122211684,0.14987525110525388,0.1519737295166531,0.9961564335681725,9,7
Donny Osmond,26.0,False,0.14776475714248805,0.0004717661725963008,0.14688272113057332,0.1486670306418169,0.9968073160223084,9,7
Joanna Krupa,27.5,False,0.15695299535011512,0.0005390190709150677,0.1557844660038548,0.157874329982656,0.99656572931461,9,7
Kelly Osbourne,26.0,False,0.1478541397433867,0.0005518614055421133,0.14673210568868975,0.1488748904094822,0.9962675282105735,9,7
Mark Dacascos,21.5,True,0.12348868111762973,0.0004275995969260402,0.12272989452868903,0.12436759308703835,0.9965373377296116,9,7
Michael Irvin,23.5,True,0.13376228055258332,0.0005767170866729775,0.13274095392497418,0.13479541071663798,0.9956884924188605,9,7
Mya,24.5,False,0.1392858261419239,0.00048750720974593306,0.13836618273225001,0.14012653545837792,0.9964999510485066,9,7
Aaron Carter,25.0,True,0.19067482352654522,0.0005625819905697081,0.18952765944357747,0.19161851050911136,0.9970495213779946,9,8
Donny Osmond,25.0,False,0.19059594986700412,0.0005403666020271685,0.1895865858593804,0.19157377322888441,0.9971648578975354,9,8
Joanna Krupa,26.0,False,0.1980753765143634,0.0005350498764352025,0.19717716373461303,0.19888690758830765,0.9972987562318408,9,8
Kelly Osbourne,25.5,False,0.19428672290529367,0.0005889356755398972,0.19318264471582838,0.19534764115383701,0.9969687291713342,9,8
Mya,29.5,False,0.22636712718679344,0.0006692729998117605,0.22537693880748885,0.22763192979648017,0.997043417884349,9,8
Donny Osmond,24.666600000000003,False,0.2315512583053752,0.0005395305271780187,0.23055399731969736,0.2327200388072766,0.9976699304891427,9,9
Joanna Krupa,27.0,True,0.2527223273712277,0.0006977749894681172,0.25137448525091677,0.2540592065654657,0.9972389657980509,9,9
Kelly Osbourne,25.9998,False,0.24332862036272845,0.0005514995660380782,0.24239196681032157,0.24447765334507188,0.9977335195292031,9,9
Mya,28.9999,False,0.2723977939606684,0.000679305780013018,0.2712037435958227,0.2739681626311901,0.9975061994073597,9,9
Donny Osmond,28.9998,False,0.35127023863031165,0.0009044208938688357,0.34964738723214395,0.3530759134966555,0.9974252845974216,9,10
Kelly Osbourne,25.2222,False,0.3061158146832097,0.0007997382141006042,0.3046123216070369,0.30779625583480225,0.9973874652149931,9,10
Mya,28.3332,False,0.34261394668647865,0.0007798947245178877,0.34124416418547815,0.3442663717558875,0.9977236924180686,9,10
Aiden Turner,15.0,False,0.07262003994340029,0.0005641827511820043,0.07130799477819591,0.07357117854753109,0.9922310322106442,10,1
Buzz Aldrin,14.0,False,0.06885482230632095,0.0005423692941049485,0.06778410833563117,0.06988427780012545,0.9921230020507197,10,1
Chad Ochocinco,18.0,False,0.0849791132430269,0.000744627950641576,0.08348442364033727,0.08642956113139275,0.9912375179944269,10,1
Erin Andrews,21.0,False,0.09954969353847833,0.0008127539056975344,0.09822427689885758,0.10109356326070916,0.9918356965570829,10,1
Evan Lysacek,23.0,False,0.11055906605331568,0.0008760491340455296,0.10908105546484359,0.11232709183670575,0.9920761890877129,10,1
Jake Pavelka,20.0,False,0.09443542798042072,0.0006675922247242882,0.09316525447586166,0.09564534516684403,0.9929307015491824,10,1
Kate Gosselin,16.0,False,0.07654995346372194,0.0006348747934009325,0.07539974109008284,0.07787816425217178,0.9917063987020996,10,1
Nicole Scherzinger,25.0,False,0.12279123830786524,0.0009117660975809535,0.12128587595935235,0.12424821411630786,0.9925746648527565,10,1
Niecy Nash,18.0,False,0.08501663078640745,0.0006813155967912933,0.08377440808358341,0.08622949223103481,0.9919860903626844,10,1
Pamela Anderson,21.0,False,0.09961865846648474,0.0008057428847114162,0.09813003604081406,0.10117814458421702,0.9919117272093912,10,1
Shannen Doherty,18.0,False,0.0850253559105577,0.0006216953539458967,0.08385774046618641,0.08623591701720407,0.9926881181820646,10,1
Aiden Turner,19.0,False,0.08457948673239912,0.0008430076095456083,0.08336398861226105,0.08634498136374662,0.9900329542999853,10,2
Buzz Aldrin,12.0,False,0.05962811363490129,0.0006898328997450418,0.05828356496613243,0.06091038956276318,0.9884310796083733,10,2
Chad Ochocinco,16.0,False,0.07263359982524209,0.0007309630769056347,0.07132306509775371,0.07393648198152243,0.98993629561712,10,2
Erin Andrews,23.0,False,0.10332568048798633,0.0009455603365224606,0.10160353868097617,0.10533730687391912,0.9908487383576206,10,2
Evan Lysacek,24.0,False,0.10843210362553045,0.0011123478664237306,0.1064591464632267,0.1105281041142128,0.9897415264554378,10,2
Jake Pavelka,20.0,False,0.08892461030306575,0.000901995476892299,0.0875660707274696,0.09101545627861636,0.989856627160713,10,2
Kate Gosselin,15.0,False,0.06916904618623197,0.0006551695905010049,0.06802546812548003,0.0706696928456757,0.9905279944335648,10,2
Nicole Scherzinger,28.0,False,0.13250752254021966,0.0012114863219288032,0.1299111686719982,0.13500278859873113,0.9908572260751378,10,2
Niecy Nash,21.0,False,0.09348282978155638,0.0010097632573137787,0.09146385707704051,0.09536257561651655,0.9891984093798474,10,2
Pamela Anderson,22.0,False,0.09832339821902769,0.0009551255030992863,0.0966677923522732,0.10025422890124017,0.9902858778235917,10,2
Shannen Doherty,20.0,True,0.08899360866383932,0.000899236397823311,0.08715121974996136,0.09060761775809013,0.9898954946166971,10,2
Aiden Turner,20.0,False,0.09699502803888321,0.0007522434327371552,0.0955162038721884,0.09835396327171558,0.9922445155391305,10,3
Buzz Aldrin,13.0,True,0.0687319169137723,0.0005731111302919817,0.06770512701766836,0.06984788883522454,0.9916616448947441,10,3
Chad Ochocinco,20.0,False,0.09703945493569892,0.0008530478588576631,0.0955226365143612,0.09875662170595294,0.991209267823867,10,3
Erin Andrews,23.0,False,0.11254955477061056,0.0009621755818296657,0.11089455128621867,0.1144504904647612,0.9914510938422574,10,3
Evan Lysacek,26.0,False,0.13054323962889142,0.001125615445430477,0.1279800008794653,0.1323332108604624,0.9913774512672554,10,3
Jake Pavelka,21.0,False,0.10185610553996068,0.0008284646414727248,0.10042363357635535,0.10365262686293403,0.9918663232107603,10,3
Kate Gosselin,15.0,False,0.07581586042907419,0.0005834482665753651,0.07471624678539475,0.07699560894555325,0.9923044035473134,10,3
Nicole Scherzinger,23.0,False,0.11250106031365867,0.0009697598866369812,0.11072851493603067,0.1142860036987497,0.9913799933624338,10,3
Niecy Nash,21.0,False,0.10199302598066858,0.000782221274354747,0.10054264765853219,0.10361796448890731,0.992330639601741,10,3
Pamela Anderson,21.0,False,0.10197475344878133,0.0008798514824640375,0.10027437913506387,0.10336760102764461,0.9913718694803615,10,3
Aiden Turner,16.5,True,0.08975164555147501,0.0005956253086811382,0.08870228266405686,0.09090197773831325,0.9933636279867478,10,4
Chad Ochocinco,22.0,False,0.11705317990176324,0.0009222438272853616,0.11541718236992542,0.11857713330158345,0.9921211552897635,10,4
Erin Andrews,19.5,False,0.10389245846152458,0.0008073619255208394,0.1022555564923641,0.10527466707367851,0.9922288687987894,10,4
Evan Lysacek,26.0,False,0.14239435791926588,0.0010605111804307642,0.1403200502423008,0.14416999902447403,0.99255229493691,10,4
Jake Pavelka,19.0,False,0.1012820085951234,0.0007645879902379296,0.09992946727519422,0.1026193270376246,0.9924509002058364,10,4
Kate Gosselin,16.0,False,0.08760901147973091,0.0007277547940433346,0.08647307338637736,0.08909374110007844,0.9916931514035893,10,4
Nicole Scherzinger,25.0,False,0.13539932330804008,0.0012197512909316733,0.13303670722987643,0.13748875753616505,0.9909914520905199,10,4
Niecy Nash,18.0,False,0.09664272265408448,0.0008115791504533818,0.09534622863250182,0.0983351672109911,0.9916022735270168,10,4
Pamela Anderson,23.5,False,0.12597529212899242,0.0009631567056051631,0.12420749726978002,0.12777261361927805,0.9923543999039197,10,4
Chad Ochocinco,18.0,False,0.1035228532891585,0.0010049514060904556,0.10125112440360241,0.10520282473634204,0.9902924680477707,10,5
Erin Andrews,22.0,False,0.12464286669174537,0.0010610422780179764,0.12262101565609461,0.1266287187635819,0.9914873405419818,10,5
Evan Lysacek,27.0,False,0.15689721693457673,0.0012216099625974182,0.1546408912911497,0.15927036393602806,0.9922139475354314,10,5
Jake Pavelka,23.0,False,0.1304933812068085,0.0012843835835816548,0.12797357909339915,0.13292357413720543,0.9901574810024568,10,5
Kate Gosselin,15.0,True,0.09007137217905381,0.0008671190462088246,0.08854222780951006,0.09169216751234159,0.9903729783922347,10,5
Nicole Scherzinger,29.0,False,0.17204646126187664,0.0014880151599723675,0.16952540710328662,0.17475456906007433,0.9913510853460251,10,5
Niecy Nash,18.0,False,0.10328514783604577,0.0009529714703012679,0.10154589287301467,0.10520094394211221,0.9907733929779138,10,5
Pamela Anderson,21.0,False,0.11904070060073467,0.0010231112336588992,0.11699341379649086,0.12090112373320486,0.9914053661605164,10,5
Chad Ochocinco,30.9999,False,0.14719222314149724,0.0009515146266549859,0.14557304621756662,0.14889542360811261,0.9935355645403882,10,6
Erin Andrews,34.0,False,0.16282277298169262,0.0007285209678602204,0.16154982304742513,0.164281932150629,0.9955256813618932,10,6
Evan Lysacek,27.0,False,0.12868102459502728,0.0007933818362586467,0.127144054104134,0.13024043976827449,0.9938345079334308,10,6
Jake Pavelka,24.9999,True,0.12039806316285553,0.000770120886432012,0.11886914361196436,0.12179326342584527,0.9936035442248742,10,6
Nicole Scherzinger,35.9999,False,0.1740899381684954,0.0010842883272267824,0.17152313995341187,0.17586056612609233,0.9937716772225094,10,6
Niecy Nash,25.9998,False,0.12444948467156225,0.0007989031117043648,0.12291401704972434,0.1258895461368083,0.993580502853726,10,6
Pamela Anderson,29.9998,False,0.14236649327886972,0.0008044526002584213,0.14103473551736911,0.1437222607379614,0.9943494246312393,10,6
Chad Ochocinco,26.0,False,0.16708137041780255,0.00027631543904493486,0.166627178916582,0.16765687956616976,0.9983462223325438,10,7
Erin Andrews,25.5,False,0.1639123579585287,0.0002962121582134863,0.16340611496536678,0.1644083600720869,0.9981928625644662,10,7
Evan Lysacek,27.0,False,0.17368329749783026,0.00029672573251127697,0.1731936658644624,0.1742865251833728,0.9982915701349176,10,7
Nicole Scherzinger,27.0,False,0.173699683416471,0.0003053095606532586,0.17309953133652667,0.17420307118885975,0.9982423136608647,10,7
Niecy Nash,24.5,False,0.15771948560199187,0.0002681433761495625,0.1572911121024702,0.15827332682442372,0.9982998716035238,10,7
Pamela Anderson,25.5,True,0.1639038051073758,0.0002980325535240487,0.16328106589170044,0.16451146660007143,0.998181661778207,10,7
Chad Ochocinco,22.5,False,0.17779241242360336,0.001043179463302809,0.17583863584765944,0.17985138812467566,0.9941325985227235,10,8
Erin Andrews,26.5,False,0.20807477443634614,0.0010044008965859772,0.20603683144289206,0.21001296198894162,0.9951728848472536,10,8
Evan Lysacek,26.5,False,0.20841925121501478,0.001045966638844048,0.20631213776062224,0.21039973801207787,0.994981429821159,10,8
Nicole Scherzinger,29.5,False,0.23463978168457364,0.0012928015151961706,0.23197227967591544,0.2368947899243808,0.9944902714027662,10,8
Niecy Nash,21.5,True,0.171073780240462,0.0009159680239623077,0.16931332277849745,0.17289081192498393,0.9946457720015609,10,8
Chad Ochocinco,26.0,True,0.23064309840790478,0.0005381826597299407,0.2295469537289736,0.23187097158517997,0.9976665997662842,10,9
Erin Andrews,28.0,False,0.24745216399192815,0.0005071281009065439,0.24639640183916042,0.24834749636703563,0.9979506014709045,10,9
Evan Lysacek,29.5,False,0.2609673046183076,0.0005112454718454903,0.2600318007422359,0.26197955603569456,0.9980409596803966,10,9
Nicole Scherzinger,29.5,False,0.2609374329818594,0.0005951619064915355,0.2598051925963589,0.2620763704001238,0.9977191394132673,10,9
Erin Andrews,26.9998,False,0.32647453007383964,0.0004159421996882711,0.32570903766153786,0.32724338304215916,0.9987259581946739,10,10
Evan Lysacek,26.8887,False,0.3252067829634003,0.000476996894113274,0.3242898880734677,0.32632371429252577,0.9985332504759996,10,10
Nicole Scherzinger,28.7777,False,0.34831868696276,0.0004908750286388662,0.3471014192121024,0.34930480157528093,0.9985907301359018,10,10
Audrina Patridge,19.0,False,0.08250793802917905,0.0006707968413136792,0.08132124697527936,0.08389831134473351,0.9918699114614106,11,1
Brandy,23.0,False,0.10189752314662451,0.0007114886219098938,0.10062863481716097,0.10332679003824584,0.9930176063172202,11,1
Bristol Palin,18.0,False,0.07824926869669666,0.0006835664281952706,0.0767766469564517,0.07948082149961613,0.9912642451542282,11,1
David Hasselhoff,15.0,True,0.06675012767591786,0.000532319186577507,0.0657606391984984,0.0677793511870445,0.9920251959792197,11,1
Florence Henderson,18.0,False,0.07822631267983439,0.0007040852959215515,0.07665907066838722,0.07951313598450284,0.9909993802366316,11,1
Jennifer Grey,24.0,False,0.1073446185481691,0.0007618718194409889,0.10594426172867667,0.1086926605048103,0.9929025615839409,11,1
Kurt Warner,19.0,False,0.08239569413992384,0.0007394472803475791,0.08090106129752234,0.08369176503354493,0.991025656278933,11,1
Kyle Massey,23.0,False,0.10189605382441272,0.0008470079959683899,0.10021572061086563,0.10351239672753576,0.9916875289652732,11,1
Margaret Cho,15.0,False,0.06676886085603843,0.0005416166821788394,0.06562929296140552,0.06765471387518883,0.9918881844734984,11,1
Michael Bolton,16.0,False,0.07057703201367016,0.0005802712112566396,0.06953581294136224,0.07154358049672226,0.9917781862639924,11,1
Rick Fox,22.0,False,0.09667979912048585,0.0007749288247147526,0.09520510484677183,0.09836715065200678,0.9919845838348401,11,1
The Situation,15.0,False,0.0667067712690475,0.000541769371410549,0.06559021008114552,0.06761653618049931,0.9918783451649092,11,1
Audrina Patridge,23.0,False,0.10388975279413026,0.0007040898656565197,0.10256886734803845,0.1050719546501479,0.9932227207523368,11,2
Brandy,21.0,False,0.09391783480131645,0.0006296807836858861,0.09281064748692841,0.09510782188272188,0.9932954077889681,11,2
Bristol Palin,22.0,False,0.09890482260599807,0.000839732219628948,0.09759882331482506,0.100507261886963,0.9915096938905179,11,2
Florence Henderson,19.0,False,0.08512148721398191,0.0006215273718359356,0.08395787059230789,0.08629916042543644,0.9926983492396754,11,2
Jennifer Grey,24.0,False,0.10922741843865452,0.0007269375370531085,0.10811858842023948,0.11082278618908793,0.9933447338823505,11,2
Kurt Warner,21.0,False,0.09396905438119353,0.0007271931135003044,0.09240873026126761,0.09529525233050551,0.9922613554186639,11,2
Kyle Massey,22.0,False,0.09886882546412147,0.0008413223829584706,0.09719658756981511,0.1004778218970295,0.991490519089217,11,2
Margaret Cho,18.0,False,0.08100147848719855,0.0006546655495095116,0.0799622663492302,0.0822929756585897,0.9919178567880959,11,2
Michael Bolton,12.0,True,0.06007427761751403,0.00047023101523421996,0.05911519465577116,0.06100492504594334,0.992172506538853,11,2
Rick Fox,21.0,False,0.0940578737322801,0.0006154968355621969,0.09290257355451541,0.09519580084900865,0.9934561902035538,11,2
The Situation,18.0,False,0.08096717446361104,0.0005866412787312189,0.07990135408774013,0.0819305312378458,0.9927545788448519,11,2
Audrina Patridge,26.0,False,0.11846795551687517,0.0006499568588782034,0.1171973928128301,0.11971608120647234,0.9945136483866676,11,3
Brandy,24.0,False,0.10830320546491734,0.0006255790544570022,0.10725306985380108,0.1095538406176593,0.9942238177367738,11,3
Bristol Palin,19.0,False,0.08640994971345049,0.0004373573477182838,0.08554808704387892,0.08721662989315639,0.994938576527719,11,3
Florence Henderson,20.0,False,0.09025291201327516,0.0004495731236097652,0.089413697321256,0.09115648764583038,0.9950187410734888,11,3
Jennifer Grey,24.0,False,0.10821037938637247,0.000543950255445983,0.10718324233462614,0.10929284389004146,0.9949732155221102,11,3
Kurt Warner,23.0,False,0.10349514154554919,0.000522411220521778,0.10253106170088873,0.10452892710112374,0.994952311647481,11,3
Kyle Massey,23.0,False,0.10349462795093975,0.0005251015738060596,0.10257987661924471,0.1045962144683737,0.9949262914974197,11,3
Margaret Cho,18.0,True,0.08252876386805143,0.0004800366078654394,0.0817306947757777,0.08339682466950821,0.9941834024239969,11,3
Rick Fox,24.0,False,0.1084232434914813,0.0005144535677327705,0.10749682501327099,0.10926573510318496,0.9952551357885434,11,3
The Situation,20.0,False,0.09041382104908782,0.00043462207796514206,0.08957939216101915,0.09126706890998888,0.9951929685868582,11,3
Audrina Patridge,23.0,False,0.12706885537184107,0.0013096520080813456,0.12472609868712585,0.12948269368573162,0.9896933673932222,11,4
Brandy,24.0,False,0.1334549286300766,0.0012667774854665033,0.1310817020784135,0.13616194220336245,0.9905078253874169,11,4
Bristol Palin,16.0,False,0.08906862341696455,0.0008727753310184817,0.08750307315646592,0.09084075107937177,0.9902010910516413,11,4
Florence Henderson,17.5,False,0.09648834833969562,0.0010400266810291835,0.09473193586098404,0.09877969940255904,0.9892212199822544,11,4
Jennifer Grey,28.0,False,0.1631917068417802,0.0016028372568289845,0.16072360502260802,0.16657342966190844,0.9901781941751305,11,4
Kurt Warner,17.0,False,0.09389521369782666,0.0009296187123779418,0.09208665274998228,0.09587590176119269,0.9900994025598617,11,4
Kyle Massey,20.0,False,0.10941007625440548,0.001077863140678322,0.10746399514014113,0.11207554447914794,0.9901484106621768,11,4
Rick Fox,19.5,False,0.10658942647330952,0.0009823989202029702,0.10456161464367339,0.108162598121145,0.9907833360896358,11,4
The Situation,14.0,True,0.08083282097410038,0.0008232138903123515,0.07899765807339393,0.08210213015256929,0.9898158460834107,11,4
Audrina Patridge,23.0,False,0.12555218232692336,0.0006899441592379958,0.12420992733564858,0.12690200805456184,0.9945047218897282,11,5
Brandy,27.0,False,0.14959900853826422,0.0007580802725611236,0.14808356020967278,0.1508542721127534,0.9949325849150449,11,5
Bristol Palin,18.0,False,0.10077129044244565,0.0005417239166552985,0.099804713889289,0.1019737384948915,0.994624223682392,11,5
Florence Henderson,21.0,True,0.11488798046484122,0.0006465002094850834,0.11367113120489099,0.11610527845884377,0.9943727776668254,11,5
Jennifer Grey,25.0,False,0.1369672965234128,0.0006953711215719411,0.13550163745597918,0.13823889148465104,0.9949230864650009,11,5
Kurt Warner,24.0,False,0.13105049087684717,0.0006903001656805967,0.12963404046934493,0.13242211995609887,0.9947325632963153,11,5
Kyle Massey,20.0,False,0.10995999031895246,0.0005819163153175267,0.10872708226818052,0.11114215508650091,0.9947079268229325,11,5
Rick Fox,24.0,False,0.1312117605083133,0.0007507042654602122,0.1296500180890571,0.13264653812668203,0.9942786815560435,11,5
Audrina Patridge,31.9998,True,0.1537190058134395,0.0010223030199997434,0.15206786633466915,0.1558306022973179,0.9933495340111654,11,6
Brandy,35.9999,False,0.17593489659969994,0.0011155510622714237,0.1735129077578631,0.1780256669850463,0.9936592962292773,11,6
Bristol Palin,27.9998,False,0.13422013315325432,0.0009008248679407271,0.13266493870971993,0.1359770413347841,0.993288451987213,11,6
Jennifer Grey,29.0,False,0.13895497676950153,0.0008952512254665183,0.1374036032022386,0.14059141212566734,0.9935572568447724,11,6
Kurt Warner,21.9999,False,0.10961592749771108,0.0007139523195523179,0.10827971945561984,0.11075810593208232,0.9934867830264245,11,6
Kyle Massey,29.9999,False,0.1437436420932482,0.0008617464886577425,0.14234168523737653,0.14543976225698307,0.9940049766646464,11,6
Rick Fox,30.0,False,0.14381141807314532,0.0007685701092640803,0.14228121974542887,0.1451872630436705,0.9946557087082392,11,6
Brandy,36.5,False,0.17511752187318588,0.0003135971527272546,0.17449997763061234,0.1757815456294909,0.9982092188755711,11,7
Bristol Palin,32.5,False,0.15604022979740698,0.0003065277087621287,0.15549490610521677,0.15661690693151262,0.998035585379744,11,7
Jennifer Grey,36.5,False,0.17514539316345612,0.00035626371324935834,0.1744375456412345,0.17571305221501177,0.9979658973221358,11,7
Kurt Warner,35.0,False,0.16768401482570436,0.0002957237270075758,0.1671916144250151,0.16822623199853795,0.9982364226708493,11,7
Kyle Massey,33.5,False,0.16067429531374894,0.00031565699364295664,0.1600967665090266,0.16127517444841857,0.9980354231955612,11,7
Rick Fox,34.5,True,0.16533854502649756,0.00026504723560789834,0.16481283951802198,0.1658438027545203,0.9983969422522412,11,7
Brandy,28.5,False,0.21488260653815958,0.0008716051023133924,0.21345531841516505,0.2164425657283307,0.9959438080338131,11,8
Bristol Palin,23.5,False,0.17790337624125105,0.0007704015379716313,0.17650530297978065,0.1791827444903328,0.9956695507738599,11,8
Jennifer Grey,28.5,False,0.21502970859187248,0.0007859620967935045,0.21361929742464497,0.21637748964303394,0.996344867404879,11,8
Kurt Warner,24.0,True,0.181306564032617,0.0007103939734936121,0.18010552111050082,0.18253433823701856,0.996081807753161,11,8
Kyle Massey,28.0,False,0.21087774459609993,0.0008056372762938771,0.20953338541879737,0.2123865526003416,0.9961796002805468,11,8
Brandy,28.5,True,0.2497380822766032,0.0005288825923485728,0.248652029084013,0.25090462247389567,0.9978822509265415,11,9
Bristol Palin,26.5,False,0.2328964844525894,0.0004341007654808041,0.2319324712572758,0.2337895564112181,0.9981360784964138,11,9
Jennifer Grey,30.0,False,0.263219552310262,0.0005125446151649715,0.26235790700242206,0.2642692134961242,0.9980527866920736,11,9
Kyle Massey,29.0,False,0.25414588096054525,0.0005136749304052607,0.2532391170151654,0.2551301192342853,0.9979788185885058,11,9
Bristol Palin,25.666600000000003,False,0.309432220517505,0.0007927867999824272,0.30799082678170364,0.31087745318180166,0.9974379306762026,11,10
Jennifer Grey,30.0,False,0.36186343839712054,0.001021077231615797,0.35991825184061427,0.3638497869518462,0.99717828019283,11,10
Kyle Massey,27.3332,False,0.3287043410853745,0.0008826149836022404,0.32719572219972654,0.33037498862525005,0.9973148666650161,11,10
Chelsea Kane,21.0,False,0.10060925905372196,0.0007587532503055719,0.09912134293510888,0.10233154298076073,0.9924584152846169,12,1
Chris Jericho,19.0,False,0.09041439859573394,0.0006728905973488102,0.0892326423377202,0.09161295058226976,0.9925577053234909,12,1
Hines Ward,21.0,False,0.10085957266621767,0.0007815170154602539,0.0994447261765569,0.10247917530038396,0.9922514343973419,12,1
Kendra Wilkinson,18.0,False,0.08571725273371106,0.0007475087366006869,0.08444111920696724,0.08733021087796856,0.99127936660636,12,1
Kirstie Alley,23.0,False,0.11203972141543067,0.0010176652780791676,0.11021114035191057,0.11399368369624335,0.9909169242370233,12,1
Mike Catherwood,13.0,False,0.06576189329137896,0.0005432485397681963,0.06457992339378364,0.06674241424876519,0.991739159069506,12,1
Petra Nemcova,18.0,False,0.08580793690215921,0.0006306392995145093,0.08463852203340168,0.08687143019895453,0.992650571470637,12,1
Ralph Macchio,24.0,False,0.11792415421143314,0.0009301029483473146,0.1163891064610512,0.11972549824664154,0.9921127019772414,12,1
Romeo,19.0,False,0.09029021004045572,0.0007236998598516116,0.08900898866813574,0.09182744070957857,0.9919847361133909,12,1
Sugar Ray Leonard,17.0,False,0.08124613472109767,0.000714531499084923,0.07998501012848508,0.08257558937969205,0.9912053477800787,12,1
Wendy Williams,14.0,False,0.0693294663686601,0.0005559429641473844,0.0681961458904169,0.07038964549216001,0.9919811446233965,12,1
Chelsea Kane,18.0,False,0.08302985815802243,0.0004844469000246901,0.08213069227241612,0.08391821563158695,0.9941653892855906,12,2
Chris Jericho,23.0,False,0.10706783973648609,0.0006461595074198064,0.10574445673365007,0.10812888794671517,0.9939649524169898,12,2
Hines Ward,23.0,False,0.10712808605018166,0.0005882751054478675,0.10603760103620642,0.10824203963181395,0.9945086752957362,12,2
Kendra Wilkinson,19.0,False,0.08725658590687203,0.0004893041147419159,0.08639621962989809,0.08813089226323209,0.9943923531999734,12,2
Kirstie Alley,20.0,False,0.09194871821834327,0.000436982453405856,0.09122071425491468,0.09287108879023649,0.9952475416528571,12,2
Mike Catherwood,17.0,True,0.07891329399742857,0.0004900287501300128,0.07809335385477423,0.07977479018196197,0.9937902889955907,12,2
Petra Nemcova,18.0,False,0.08301325397575658,0.00045131859140582457,0.0821919233599926,0.08397040600678442,0.9945632947777516,12,2
Ralph Macchio,21.0,False,0.09676238998174064,0.0006332606037223577,0.09575504072972896,0.09811868878458901,0.99345550886205,12,2
Romeo,23.0,False,0.10710753397550049,0.0005594108363815313,0.10607904754462141,0.10823394934642921,0.994777110296373,12,2
Sugar Ray Leonard,17.0,False,0.07889238364369332,0.00047005462208106995,0.0779516090749925,0.07966741281222559,0.994041825073964,12,2
Wendy Williams,17.0,False,0.07888005635597503,0.0004694568780428722,0.07796350143840057,0.07975403452625567,0.9940484718225318,12,2
Chelsea Kane,23.0,False,0.10699367327286474,0.0006203900127050516,0.10548882238460644,0.10809951411397653,0.9942016196497631,12,3
Chris Jericho,21.0,False,0.09735727665966731,0.000581716726674401,0.09610852362364734,0.09828797717997617,0.994024928113921,12,3
Hines Ward,25.0,False,0.11741007578976054,0.0007239697879163965,0.1155848650655836,0.11878232904048508,0.9938338359544817,12,3
Kendra Wilkinson,23.0,False,0.10693378263775037,0.0006761270650975133,0.10580165085484425,0.10810770339315398,0.9936771425416796,12,3
Kirstie Alley,21.0,False,0.09733378655973017,0.0006224164418522835,0.09608160282384912,0.09828153950654817,0.9936053403052358,12,3
Petra Nemcova,25.0,False,0.11736623455419885,0.0006436228175190393,0.11609669813026267,0.11866274705079669,0.9945161159854556,12,3
Ralph Macchio,21.0,False,0.09734886178919065,0.0005698632253832845,0.09629053722496352,0.09860436016309362,0.9941461747481206,12,3
Romeo,20.0,False,0.09280664592359304,0.0005389194618783115,0.09181296376065268,0.09379122259044209,0.9941930940773143,12,3
Sugar Ray Leonard,20.0,False,0.09285326799617709,0.0005555192116286001,0.09192939638675661,0.09405455356399757,0.9940172357568344,12,3
Wendy Williams,15.0,True,0.07359639481706708,0.00047065255817546267,0.07269094494727515,0.07443451887205871,0.993604950903569,12,3
Chelsea Kane,26.0,False,0.126583479823622,0.0005839497162311635,0.12524181929958397,0.12745642969122156,0.9953868410234509,12,4
Chris Jericho,23.0,False,0.11110124735917262,0.0005603085834838042,0.11014962045770117,0.11205340459829856,0.9949567750425662,12,4
Hines Ward,25.0,False,0.12127842536024307,0.0004905272266828201,0.12042531544401526,0.12216619438124701,0.9959553628336963,12,4
Kendra Wilkinson,18.0,False,0.08931879768146846,0.0004302581679864005,0.08847135163947012,0.09016106047579216,0.9951828934204779,12,4
Kirstie Alley,22.0,False,0.1062955791938796,0.0005282897129246624,0.10546829541274623,0.1076234872339358,0.9950299935619986,12,4
Petra Nemcova,23.0,False,0.11119574619713987,0.0005058704986124667,0.11033446115589429,0.11215923644339919,0.9954506308387409,12,4
Ralph Macchio,25.0,False,0.12124926669698993,0.000636935379964325,0.12004626934402501,0.12234812670167955,0.9947468929312697,12,4
Romeo,23.0,False,0.11115144325038934,0.0005870549090153672,0.11023582526119202,0.11243894837188191,0.9947184229745635,12,4
Sugar Ray Leonard,21.0,True,0.10182601443709512,0.0005106223636535741,0.10084183388713118,0.1028611872082009,0.9949853446933346,12,4
Chelsea Kane,26.0,False,0.13390522171984878,0.0006091574600497792,0.13268918172419156,0.13491127029729347,0.9954508311757683,12,5
Chris Jericho,26.0,False,0.13378554370834436,0.0005121194262041646,0.13279592451415562,0.13485279480681314,0.9961720869683753,12,5
Hines Ward,27.0,False,0.13956540940489515,0.0005505791115285208,0.13826542224384666,0.14053425966035055,0.9960550460613687,12,5
Kendra Wilkinson,22.0,False,0.11356640569729974,0.0004358626900206247,0.11276603727785932,0.11449338660917842,0.9961620455684547,12,5
Kirstie Alley,23.0,False,0.11828897688138737,0.0004697890402753929,0.11743591254979706,0.11912229975605165,0.9960284630684864,12,5
Petra Nemcova,22.0,True,0.11354395097076214,0.0003975971359294604,0.11275258340720014,0.11433371150953668,0.9964982975092012,12,5
Ralph Macchio,22.0,False,0.11346662757262801,0.00047970827298963537,0.11256122153321156,0.11437038728590376,0.9957722523066742,12,5
Romeo,26.0,False,0.1338778640448345,0.0005017402529939246,0.13299202841461635,0.13468803772117488,0.9962522538242327,12,5
Chelsea Kane,28.0,False,0.1556559784087704,0.0005309307045573009,0.1545448885365123,0.15656543353987448,0.9965890760510141,12,6
Chris Jericho,22.0,True,0.12324761114323042,0.00044976324422214413,0.12235399133083227,0.12413560691493776,0.9963507345899024,12,6
Hines Ward,27.0,False,0.14962039482466705,0.0005595052779294286,0.14860233808873705,0.15064619095841142,0.9962605012599713,12,6
Kendra Wilkinson,25.0,False,0.13849671673043706,0.0004810170199226113,0.13765977039437707,0.13943596150699947,0.9965268705910275,12,6
Kirstie Alley,26.0,False,0.14393618794905538,0.0004906671167382521,0.14309806093543534,0.14484829833254703,0.9965910788403545,12,6
Ralph Macchio,24.0,False,0.1332501038613697,0.00047471190246984826,0.13232262412914542,0.13417131097185558,0.9964374369046367,12,6
Romeo,28.0,False,0.15579300708247001,0.0004974632194327904,0.15479543044963875,0.15684634496047045,0.9968068963508134,12,6
Chelsea Kane,32.0,False,0.16958998226374647,0.0003195451578433857,0.16887315092471133,0.17015110593816693,0.998115778104473,12,7
Hines Ward,33.0,False,0.17510688111753742,0.00031922054991146825,0.1745536633680182,0.17565715746320587,0.9981769959702658,12,7
Kendra Wilkinson,30.5,True,0.16177996407850398,0.0002948381396739497,0.16129556829263933,0.1623496469140942,0.9981775361284486,12,7
Kirstie Alley,30.0,False,0.15918785734325566,0.00026635208732880074,0.15869778847651778,0.15965887313833202,0.9983268065053827,12,7
Ralph Macchio,33.0,False,0.17514712832901988,0.0003171912456753805,0.17457863521308853,0.17577896591319805,0.9981890011631848,12,7
Romeo,30.0,False,0.1591881868679367,0.0002952740426315531,0.15868604446468745,0.1597652313281607,0.998145125913919,12,7
Chelsea Kane,27.5,False,0.2115881688287561,0.0006262351211475155,0.21038281573454168,0.212791864642792,0.9970403112583561,12,8
Hines Ward,27.0,False,0.20743293654221553,0.0005711006863962992,0.20626216199662212,0.20871778966420323,0.997246817714119,12,8
Kirstie Alley,26.5,False,0.20352356417282583,0.0005910233596730855,0.20244552110745964,0.2045851071324288,0.997096044568229,12,8
Ralph Macchio,23.0,False,0.17784424859717185,0.0004730699664191787,0.1769477023122898,0.17886388688360244,0.9973399760174944,12,8
Romeo,26.0,True,0.1996110818590309,0.0006081150947986483,0.19849160865850776,0.20080972502109867,0.9969535003310682,12,8
Chelsea Kane,36.5,False,0.3145375331662235,0.0021712914505755006,0.3105534658749545,0.3187551894320516,0.9930968764563051,12,9
Hines Ward,30.0,False,0.25236177796149456,0.0017959777897817604,0.2486510452033802,0.2554780581585656,0.9928833209042623,12,9
Kirstie Alley,27.0,False,0.22758000283378266,0.001500043132288656,0.22469705954007718,0.2299502378255709,0.9934087217083645,12,9
Ralph Macchio,24.0,True,0.2055206860384992,0.001422670514393931,0.20272554393843387,0.20805406406269725,0.9930777259369044,12,9
Chelsea Kane,29.666600000000003,False,0.3396400525275768,0.00034395403115065307,0.33910307661618444,0.3402593537349261,0.9989872983807682,12,10
Hines Ward,29.666600000000003,False,0.33959829862192586,0.000331622084051127,0.33893561390252436,0.34023691346602747,0.9990234872041561,12,10
Kirstie Alley,27.9999,False,0.32076164885049757,0.0003153467950018425,0.3202125145376218,0.32135226829415997,0.9990168812383527,12,10
Carson Kressley,17.0,False,0.07771850769821992,0.000502394314347558,0.07673953903864342,0.07881740906011468,0.9935357184636335,13,1
Chaz Bono,17.0,False,0.07765030464498067,0.0005616669880104261,0.07655944161197967,0.07877721606642496,0.9927667123705647,13,1
Chynna Phillips,22.0,False,0.1024661192896235,0.0007297515782434673,0.10084139041629184,0.10379918465714377,0.9928781183155693,13,1
David Arquette,18.0,False,0.08210776793592756,0.000591642196551875,0.08092580042455419,0.08319158467624753,0.9927943212752591,13,1
Elisabetta Canalis,15.0,False,0.06953624614660744,0.0004557285127663529,0.06863211297777141,0.07025742641063595,0.9934461732115145,13,1
Hope Solo,21.0,False,0.09698275067072297,0.0006536227392652298,0.09571209036310308,0.0980984451380764,0.9932604227582241,13,1
J.R. Martinez,22.0,False,0.10241403515363406,0.0006774546289991009,0.10109022177193092,0.10393685117157153,0.9933851387851008,13,1
Kristin Cavallari,19.0,False,0.08674794346976693,0.0005768052454125947,0.08587974718528193,0.08804031571305745,0.9933507905508605,13,1
Metta World Peace (Ron),14.0,True,0.065782931067512,0.0004848893402236642,0.0648538326633677,0.06677624533433256,0.992628948993987,13,1
Nancy Grace,16.0,False,0.0734431505193299,0.0005555600986552266,0.07236552514785016,0.0746154115679607,0.9924355083526951,13,1
Ricki Lake,20.0,False,0.091712045113914,0.0006551571777867935,0.09041197163311317,0.09292187974406524,0.9928563671546847,13,1
Rob Kardashian,16.0,False,0.07343819828976095,0.00047564083798543955,0.07258054904595891,0.07432182198488163,0.9935232501741297,13,1
Carson Kressley,18.0,False,0.0808476239030667,0.00032609026182777633,0.08021677206016556,0.08148698753586787,0.9959666067339376,13,2
Chaz Bono,17.0,False,0.07700458787530295,0.0003414478197068093,0.07631359427647492,0.07767030808618834,0.9955658769285315,13,2
Chynna Phillips,21.0,False,0.09385936664821609,0.0003924954461438829,0.09313663604608793,0.09457826871840784,0.9958182602316618,13,2
David Arquette,18.0,False,0.08094965021106436,0.0004072808769023914,0.08003054793699978,0.08160465499830476,0.9949687135665137,13,2
Elisabetta Canalis,21.0,True,0.09372412245707742,0.000386897889080769,0.09290064948641064,0.09438807744656037,0.9958719497292924,13,2
Hope Solo,19.0,False,0.08509852223273322,0.0003664773345467456,0.08444464164658651,0.08575751860859256,0.9956934935539248,13,2
J.R. Martinez,22.0,False,0.09857783154354982,0.0004614442556999407,0.09765945352624532,0.09939824474690354,0.9953189855317919,13,2
Kristin Cavallari,22.0,False,0.0986083674168385,0.00040899432841021805,0.09780066094154542,0.09940757409074806,0.9958523364788983,13,2
Nancy Grace,21.0,False,0.09384210566663256,0.000361273750868573,0.09316733567375948,0.09458255653438499,0.9961501956046045,13,2
Ricki Lake,23.0,False,0.10357850391393449,0.00044060782129509273,0.10280665291525756,0.10449145579703133,0.9957461461148231,13,2
Rob Kardashian,21.0,False,0.09390931813158376,0.00040405357753224433,0.0931515984925327,0.0946764362898413,0.9956974069712008,13,2
Carson Kressley,23.0,False,0.09667033499174148,0.0004693418136398074,0.09586355059750194,0.09751182873714019,0.9951449241002434,13,3
Chaz Bono,18.0,False,0.07813820487042135,0.00041266983748203056,0.07733682995837318,0.07889397712340718,0.994718718734755,13,3
Chynna Phillips,26.0,False,0.10960483334690421,0.0005504417467421306,0.10861294512253174,0.11067874656001869,0.9949779427609733,13,3
David Arquette,24.0,False,0.10072350619917947,0.0004915061700030241,0.09966739888431074,0.10154546505040843,0.995120243639741,13,3
Hope Solo,24.0,False,0.10067808093036426,0.0004902646996922226,0.09988686308166875,0.1017818881070012,0.9951303730150426,13,3
J.R. Martinez,26.0,False,0.10959163497963496,0.0005943323200854825,0.10855084764763061,0.1106943576059258,0.9945768459408793,13,3
Kristin Cavallari,24.0,True,0.10062346660990704,0.0004893727673219133,0.09977228793284126,0.10154464920494409,0.9951365940390516,13,3
Nancy Grace,21.0,False,0.08883550224401025,0.0004806828164907227,0.0879866941201983,0.08979394843969458,0.994589068510353,13,3
Ricki Lake,27.0,False,0.11440393531643378,0.0006515827847154419,0.11331433071756719,0.11554591307775801,0.9943045422090315,13,3
Rob Kardashian,24.0,False,0.10073050051140316,0.00045817191554234994,0.09991644680487274,0.10156340505644325,0.9954515076047847,13,3
Carson Kressley,20.0,False,0.09606560865942598,0.000513915975792565,0.0950890597041892,0.09699763618424043,0.9946503646521981,13,4
Chaz Bono,21.0,False,0.10031025977130115,0.0005978510146329562,0.09925731765061288,0.10139155384087979,0.9940399813937676,13,4
Chynna Phillips,21.0,True,0.10020474365886475,0.0005831515450527392,0.09913111510431925,0.10134048476960218,0.9941803998118292,13,4
David Arquette,23.0,False,0.10925604386346306,0.0006041004605838249,0.10818424369782506,0.11049528936399601,0.9944707822174235,13,4
Hope Solo,24.0,False,0.11404288684962999,0.0006636165903898695,0.1128343281135332,0.11531071982927937,0.9941809909524224,13,4
J.R. Martinez,26.0,False,0.12432673126903626,0.0007252533895335706,0.12290073137558927,0.12535164708881946,0.9941665530644077,13,4
Nancy Grace,21.0,False,0.10022865572059896,0.0005640544346483434,0.09927285766097366,0.10134056627551936,0.9943723236574107,13,4
Ricki Lake,29.0,False,0.14140721000242104,0.0006976716716279517,0.13999809141090688,0.14266198765357124,0.9950662227787678,13,4
Rob Kardashian,24.0,False,0.11415786020525877,0.0006489598724303672,0.11287470055423526,0.11545057212934519,0.9943152414449297,13,4
Carson Kressley,19.0,True,0.10257840830598887,0.000566040993433505,0.10145477723257633,0.10348839450742547,0.9944818699882239,13,5
Chaz Bono,21.0,False,0.11171346024131874,0.0005839464417217335,0.11051633800214572,0.11266197846163621,0.9947728193141604,13,5
David Arquette,25.0,False,0.1324405067845408,0.000664189669488231,0.1312917911749238,0.13369608488858936,0.9949849960135779,13,5
Hope Solo,24.0,False,0.12696455340562365,0.0006615056845525018,0.12547974423447664,0.1280712825447792,0.9947898396299703,13,5
J.R. Martinez,28.0,False,0.15043654244711,0.000745941780312825,0.14897786785582215,0.15183420079020468,0.9950414854783366,13,5
Nancy Grace,22.0,False,0.1165869642160628,0.0006521825138830885,0.11541180473521714,0.11775541331576081,0.9944060425771577,13,5
Ricki Lake,24.0,False,0.1269690610635306,0.0007428133933919265,0.12549913752330163,0.12809946365679184,0.9941496504174332,13,5
Rob Kardashian,25.0,False,0.1323105035358246,0.0006369961418209518,0.13118019776773943,0.1334678426079842,0.9951855965717152,13,5
Chaz Bono,19.0,True,0.11571647244344024,0.000849785170870706,0.1142515768677517,0.11730737337170635,0.992656316314118,13,6
David Arquette,23.0,False,0.136856986601148,0.0008504655927281587,0.1355634822121257,0.1387843609272616,0.9937857349204485,13,6
Hope Solo,20.0,False,0.12063933893005513,0.000899266677476695,0.11890449161428693,0.12205181767326219,0.9925458255536523,13,6
J.R. Martinez,29.0,False,0.17636259022623801,0.0011845805456193268,0.17404755950386483,0.1786501464022366,0.9932832663429373,13,6
Nancy Grace,24.0,False,0.14282936946035235,0.0009378765841078766,0.14114475415240618,0.1447141559843653,0.993433587310149,13,6
Ricki Lake,29.0,False,0.17632792393594382,0.00113819548671075,0.17408934472857257,0.17868390650222848,0.9935450071587968,13,6
Rob Kardashian,22.0,False,0.1312673184028225,0.0009613966914789336,0.1294754520039709,0.13312439525065253,0.9926760392215168,13,6
David Arquette,23.5,True,0.16019149991656836,0.0004256073163150049,0.1594651568261518,0.16113423412563743,0.9973431342078908,13,7
Hope Solo,25.0,False,0.1703411455140185,0.0004568035291306245,0.1694724845432596,0.17124138934740024,0.9973183018832462,13,7
J.R. Martinez,24.0,False,0.1636026433225863,0.0004997724298475205,0.16266975979544798,0.164484881779792,0.9969452056537859,13,7
Nancy Grace,22.0,False,0.1506304280933234,0.00042927086477885057,0.14983762827876493,0.1515848314092647,0.9971501716471728,13,7
Ricki Lake,26.5,False,0.1812595133250976,0.0005207403676162472,0.18028941008699548,0.18224594014424983,0.9971271004866803,13,7
Rob Kardashian,25.5,False,0.17397476982840587,0.0004310167326071931,0.17322694417157147,0.17486179404374466,0.9975225331061952,13,7
Hope Solo,26.0,False,0.1999603676955119,0.0007735958220024228,0.19858704722868042,0.2014683153380867,0.9961312542534408,13,8
J.R. Martinez,30.0,False,0.23305934608651988,0.0010130714089958259,0.23112036302780362,0.2351062782195425,0.9956531611968922,13,8
Nancy Grace,22.0,True,0.1712730988806268,0.0007722098675496817,0.16963880352560323,0.17292223490035644,0.995491353443147,13,8
Ricki Lake,26.0,False,0.19972182022884216,0.0008928919857484197,0.19816492772260863,0.20158050069515093,0.9955293218100789,13,8
Rob Kardashian,25.5,False,0.19598536710849937,0.0009280459448767572,0.1944475789847311,0.1977044056799492,0.995264718184991,13,8
Hope Solo,24.4998,True,0.20877582441608833,0.0012074512379528755,0.20643464623048585,0.21111004078606552,0.9942165179262018,13,9
J.R. Martinez,28.0,False,0.23464645742602364,0.0014443591928955334,0.23157969067852555,0.23739496422077486,0.9938445301551126,13,9
Ricki Lake,33.4999,False,0.2832131434932476,0.0014211122534806017,0.28046007285294655,0.28583920338263114,0.9949821811376686,13,9
Rob Kardashian,32.4998,False,0.2733645746646404,0.0012935925271376524,0.27078971203510754,0.27563481989921046,0.9952678852820465,13,9
J.R. Martinez,28.1665,False,0.33333107221087294,5.490179753580397e-05,0.3332272640786599,0.3334412797369373,0.9998352934901278,13,10
Ricki Lake,27.9999,False,0.3313584546704986,6.798134188402317e-05,0.33124592177463114,0.3314956168139869,0.9997948404788657,13,10
Rob Kardashian,28.3332,False,0.3353104731186285,6.332678285960464e-05,0.33519742322387797,0.33544827770788715,0.9998111398601105,13,10
Donald Driver,21.0,False,0.07764862441084795,0.00034568519457568877,0.07702756784945314,0.07832825518086764,0.995548083469623,14,1
Gavin DeGraw,20.0,False,0.07425154541928436,0.00030914861897474903,0.07365820531227608,0.07477667400448965,0.9958364688946332,14,1
Gladys Knight,23.0,False,0.08482092379767509,0.00037161706520502365,0.08411372947891105,0.08549962910149266,0.9956188043165923,14,1
Jack Wagner,23.0,False,0.08475013882686985,0.0003862494973818255,0.08406059091899888,0.08549756882714982,0.9954424912722459,14,1
Jaleel White,26.0,False,0.09693206457467694,0.00044650955066193054,0.09606783413298006,0.09789000029859825,0.9953935825815622,14,1
Katherine Jenkins,26.0,False,0.09695279218686378,0.00040261318599185014,0.09616054741366185,0.09771486632986666,0.995847327581697,14,1
Maria Menounos,21.0,False,0.07763883951766046,0.0003380869125717222,0.07710480520882064,0.07831893393330439,0.9956453894124111,14,1
Martina Navratilova,20.0,False,0.07431208576646242,0.0003362821171171005,0.07362497740357618,0.07489965379861528,0.995474731819883,14,1
Melissa Gilbert,20.0,False,0.07425692712990992,0.0003249460038319851,0.0736236541345497,0.0749719582120189,0.9956240310986273,14,1
Roshon Fegan,23.0,False,0.08487283660262637,0.00035786695409617227,0.08430509029759843,0.08567174527488981,0.9957834924762595,14,1
Sherri Sheperd,23.0,False,0.08484745355912203,0.0003534299510802082,0.08414248558979555,0.0855296896456185,0.995834524947364,14,1
William Levy,24.0,False,0.08871576820800076,0.00039151070290706347,0.08802016042524953,0.0894164059606438,0.9955869096236744,14,1
Donald Driver,24.0,False,0.0887581629090193,0.0004752455822581301,0.08786085059163662,0.08957601764103737,0.9946456126773908,14,2
Gavin DeGraw,21.0,False,0.07764877918262349,0.0005056846927271645,0.07682785993292038,0.07873527197119849,0.9934875383998268,14,2
Gladys Knight,19.0,False,0.07105880374669954,0.00045059806853218115,0.07008435459511432,0.07192055365340277,0.9936588002503052,14,2
Jack Wagner,21.0,False,0.07761698362283358,0.0004826190956720494,0.0768474130833192,0.07849635783620812,0.9937820426259122,14,2
Jaleel White,22.0,False,0.08115128747455462,0.0004520884056148146,0.08033533059955901,0.08222934944793193,0.9944290667507084,14,2
Katherine Jenkins,26.0,False,0.0971005603731974,0.0005804422643084922,0.09605031602476032,0.09819567919708903,0.994022256286909,14,2
Maria Menounos,25.0,False,0.09271992901550094,0.0004815353932217898,0.09179582303951135,0.09364693059973792,0.9948065599452596,14,2
Martina Navratilova,17.0,True,0.06496714579495762,0.00039116262103316697,0.06412188091845411,0.06561539137355778,0.9939790702477879,14,2
Melissa Gilbert,20.0,False,0.07425501386030424,0.0004205724605634072,0.07347021070297069,0.07498908722685159,0.9943361069010824,14,2
Roshon Fegan,26.0,False,0.09703273280461307,0.000554307127504195,0.09591978009310018,0.09807341281996422,0.9942874212496894,14,2
Sherri Sheperd,23.0,False,0.08492593433606065,0.00048390902657082104,0.08403257124885494,0.08609309289298976,0.9943019876042112,14,2
William Levy,25.0,False,0.09276466687963553,0.0005928826759734708,0.09168159002794948,0.0938271833205435,0.993608744623179,14,2
Donald Driver,26.0,False,0.09264772857823957,0.0002981328669634255,0.09200345561793709,0.09318261489210754,0.9967820812065387,14,3
Gavin DeGraw,24.0,False,0.08570573507036051,0.00030096832615901384,0.08503521788143237,0.08628691788576447,0.9964883525482637,14,3
Gladys Knight,24.0,False,0.085710622807334,0.00028563825856716784,0.08512957408103486,0.08629761633319244,0.9966674112354866,14,3
Jack Wagner,24.0,True,0.08564855868808095,0.00029604643256249256,0.08515564904663846,0.08614500106395373,0.9965434744367311,14,3
Jaleel White,25.0,False,0.08906724981788985,0.0002843335687970449,0.08856155637477287,0.08958021544141621,0.9968076529882937,14,3
Katherine Jenkins,29.0,False,0.10429062836669675,0.0003367888125495724,0.10364714622282184,0.10502621478259672,0.9967706704061137,14,3
Maria Menounos,27.0,False,0.0964089228481121,0.0002959573947477217,0.09590983168051587,0.09700932605861481,0.9969301866880725,14,3
Melissa Gilbert,24.0,False,0.08564015791420816,0.0002489705560501004,0.08521290554894138,0.08607442381703427,0.9970928293208017,14,3
Roshon Fegan,25.0,False,0.08908077215028103,0.0002877348790447416,0.08849017670134526,0.08955265699019033,0.9967699552653256,14,3
Sherri Sheperd,24.0,False,0.08560587943582532,0.0002721253701126406,0.08505282568175845,0.08603793657604654,0.9968211836394176,14,3
William Levy,28.0,False,0.10019374432297189,0.00032119285839075733,0.09944577813949208,0.10076076843989044,0.9967942823121232,14,3
Donald Driver,27.0,False,0.11664082917583549,0.0005164314821548501,0.11570342341557663,0.1176475909806227,0.9955724638979003,14,4
Gavin DeGraw,23.0,False,0.09822862579198588,0.000430766036533062,0.09729768358690406,0.0989835811020028,0.9956146588322912,14,4
Gladys Knight,20.0,False,0.08639378828920087,0.0003806768900118415,0.08576580154874823,0.087160689568223,0.9955937006867029,14,4
Jaleel White,22.0,False,0.09410746346635866,0.00043406502702038183,0.09336085198025433,0.09502770390731012,0.9953875600188125,14,4
Katherine Jenkins,24.0,False,0.10256216781924063,0.0005006701851887881,0.10145798237250127,0.10340896737670902,0.9951183736085689,14,4
Maria Menounos,26.0,False,0.11171217628948883,0.0005158543197223063,0.11073848974157478,0.1127457157824727,0.9953822910191497,14,4
Melissa Gilbert,22.0,False,0.09419478500431921,0.00044765394340735333,0.09341485138060913,0.09514318267852163,0.9952475718970342,14,4
Roshon Fegan,26.0,False,0.11185351012545974,0.000517921847545927,0.11092668149907157,0.1128542730819812,0.9953696415341369,14,4
Sherri Sheperd,21.0,True,0.09016041161754164,0.0003932918073024112,0.08941114605403527,0.09082090694023665,0.9956378658854094,14,4
William Levy,22.0,False,0.09414624242056907,0.0004325331034636771,0.09328059164358857,0.09493289134127665,0.9954057316325864,14,4
Donald Driver,27.0,False,0.1198781370154069,0.000618942414913386,0.11888965493302965,0.12128904945292189,0.9948369032892642,14,5
Gavin DeGraw,19.0,True,0.08693982205936304,0.000646785249600806,0.08564445476019597,0.08826244957300058,0.9925605409088694,14,5
Gladys Knight,22.0,False,0.09800940855040338,0.0006231246720327134,0.09679176268204871,0.0992373145426469,0.9936421953642108,14,5
Jaleel White,24.0,False,0.10626874866197904,0.0007824336393627869,0.10475320966644984,0.10768545765484498,0.9926372179101162,14,5
Katherine Jenkins,29.0,False,0.12974850747274963,0.0008880067147513097,0.12779944624363215,0.13139583324410609,0.9931559388847859,14,5
Maria Menounos,27.0,False,0.11990811311976596,0.0007872220515516046,0.11843645376140813,0.12125492983928704,0.993434789097504,14,5
Melissa Gilbert,21.0,False,0.09402285584462619,0.0006269302734437869,0.09270262993641266,0.09514930667843108,0.9933321502754628,14,5
Roshon Fegan,26.0,False,0.11519705646831588,0.0006977197962634606,0.11391899324238475,0.1165570219982489,0.9939432497873297,14,5
William Levy,29.0,False,0.13002735080739003,0.0008193357645288815,0.12851113256284957,0.13153781953482893,0.9936987429226135,14,5
Donald Driver,33.9999,False,0.13067430870100497,0.0008970657866111609,0.1289523111483078,0.13220362318205872,0.9931351021059256,14,6
Gladys Knight,24.0,True,0.09562468653949771,0.000765195309381396,0.09418532160805201,0.09722941178080238,0.9919979313180249,14,6
Jaleel White,36.9998,False,0.1432266469316349,0.0010627225894921147,0.1410444204804749,0.14523372206319593,0.9925801335697024,14,6
Katherine Jenkins,38.9999,False,0.15246685045366296,0.0009267739292295907,0.15082911335836346,0.1541125131032692,0.9939214725924226,14,6
Maria Menounos,29.9999,False,0.1154192887105291,0.000866335807589898,0.11381710148859223,0.11696195378755306,0.9924940118998423,14,6
Melissa Gilbert,30.0,False,0.11536492577990666,0.0008273455609234587,0.1136520140697556,0.11696647172007944,0.9928284480284599,14,6
Roshon Fegan,27.9998,False,0.10828982368982146,0.0007821120141497971,0.10683172789939639,0.10969050672096259,0.9927776037719848,14,6
William Levy,36.0,False,0.13893346919394223,0.00096333141153543,0.13721951685212586,0.14085107480937795,0.9930662394229091,14,6
Donald Driver,26.5,False,0.1442008587360882,0.0003647012301682148,0.1435016589749546,0.1447742895799639,0.9974708803167692,14,7
Jaleel White,25.5,True,0.13883496459184858,0.00034808583988985833,0.1381097701410264,0.13945560354149145,0.99749280852332,14,7
Katherine Jenkins,27.0,False,0.14704524492633425,0.0003609797967162432,0.14636786443304817,0.14763270447371232,0.9975451107113522,14,7
Maria Menounos,28.5,False,0.15566332835933422,0.00042021038390720964,0.15480754507457575,0.15633373077965695,0.9973005178012306,14,7
Melissa Gilbert,23.5,False,0.12863880206607586,0.0003414267690181359,0.12793032267393803,0.12934788410100853,0.9973458492808199,14,7
Roshon Fegan,26.0,False,0.14145070030815435,0.00037931371856529217,0.14070989798168942,0.14211485677796454,0.9973184033890328,14,7
William Levy,26.5,False,0.14416610101216454,0.0003357929258936237,0.14346741293262436,0.14478690239125544,0.9976707913751147,14,7
Donald Driver,27.5,False,0.1680683699477488,0.000305097825354669,0.1674226443373269,0.16859229363127254,0.9981846802854724,14,8
Katherine Jenkins,27.5,False,0.1681088842057249,0.00026787663463903204,0.1676191373547153,0.1686492051149687,0.9984065289832558,14,8
Maria Menounos,26.5,False,0.16203700371517932,0.0002865186190386953,0.16153054725789096,0.16263649811661804,0.9982317704445934,14,8
Melissa Gilbert,25.5,True,0.15616982298173965,0.00023922111737663434,0.155778562456847,0.15656153579235513,0.9984681988311878,14,8
Roshon Fegan,28.0,True,0.17121785962922365,0.00029277657528954275,0.17057744046799658,0.1717588701081286,0.9982900348367655,14,8
William Levy,28.5,False,0.1743980595203838,0.00026326281980107566,0.1738958370188152,0.17487526904704373,0.9984904486866134,14,8
Donald Driver,28.5,False,0.2477519638877537,0.00020913397255419852,0.24727071055584887,0.24810526634343674,0.9991558736032908,14,9
Katherine Jenkins,28.0,False,0.24350925366347048,0.00020861419656494526,0.2430525248460737,0.24389291682251646,0.9991433007434977,14,9
Maria Menounos,29.5,True,0.2565719133029462,0.00022861295898847037,0.25614561977409095,0.256954378365492,0.9991089712196263,14,9
William Levy,29.0,False,0.25216686914582975,0.0002312096508681455,0.2517246888309216,0.2525895852340528,0.999083108531857,14,9
Donald Driver,29.666600000000003,False,0.3320717224391245,6.658890755829496e-05,0.3319348366528181,0.3321915123579501,0.9997994743211822,14,10
Katherine Jenkins,30.0,False,0.33584476189977175,7.307665067500024e-05,0.335706861558181,0.3359911480735782,0.9997824094374388,14,10
William Levy,29.666600000000003,False,0.3320835156611041,6.50643292479845e-05,0.3319435708120377,0.33219396942378887,0.999804072390891,14,10
Apolo Anton Ohno,22.0,False,0.07933091698451529,0.0003951686351918306,0.07857425066001075,0.0800307129229919,0.9950187310293039,15,1
Bristol Palin,19.5,False,0.0704860340979503,0.0003079215553236364,0.06989593289905494,0.07111956795835817,0.9956314529642037,15,1
Drew Lachey,21.5,False,0.07748713337526507,0.00032829616133471805,0.0768556031583218,0.07815345674759638,0.9957632171041249,15,1
Emmitt Smith,24.5,False,0.08907878526906962,0.00040589948359827203,0.08815754817735565,0.08981208305813906,0.9954433653044076,15,1
Gilles Marini,24.0,False,0.08708299327269332,0.000339420051955559,0.08647098639797371,0.08774278172290287,0.9961023382499876,15,1
Helio Castroneves,21.5,False,0.07742313342067245,0.0003466493393131557,0.07678140567977015,0.07802440566365043,0.9955226645577664,15,1
Joey Fatone,20.5,False,0.07389410344760487,0.00035390720567132306,0.073239835779674,0.07449682668649978,0.995210616420534,15,1
Kelly Monaco,21.5,False,0.07748550105784331,0.0003162766938689564,0.07693265860685558,0.07802511610910302,0.9959182467745437,15,1
Kirstie Alley,19.0,False,0.0688530820017561,0.0003089314669581785,0.06822792649872189,0.0694532863142598,0.9955131788152882,15,1
Melissa Rycroft,21.0,False,0.07567909323816059,0.0002887690639843706,0.07510972480443606,0.07628086425820314,0.9961842954027526,15,1
Pamela Anderson,17.0,True,0.06272877870878539,0.00028387475813012767,0.062232471880672054,0.0633080145416434,0.9954745690259968,15,1
Sabrina Bryan,22.5,False,0.08120068473505287,0.0003560429405970129,0.08040544526862327,0.08183888913047643,0.9956152716968,15,1
Shawn Johnson,22.0,False,0.07926976039063076,0.00033485813274112934,0.07866686974445902,0.07992816153641925,0.9957757140794801,15,1
Apolo Anton Ohno,24.5,False,0.08856861004621383,0.00039148082771875247,0.08775701942549165,0.08927277226469808,0.9955799145146967,15,2
Bristol Palin,18.0,False,0.0667449182858882,0.0002763233495646425,0.06622571830924587,0.06728862688689834,0.995860009171319,15,2
Drew Lachey,22.5,False,0.08124579099098708,0.000321515913808385,0.08059926008569587,0.08182258424236354,0.9960426760588243,15,2
Emmitt Smith,22.5,False,0.08121498083606822,0.0004037425205994387,0.08048834886767663,0.08196789102565016,0.9950287186373362,15,2
Gilles Marini,25.5,False,0.09250702772234717,0.0003832408026171597,0.09174675645996115,0.09317750955832892,0.9958571709409211,15,2
Helio Castroneves,23.0,False,0.08303244591704809,0.0003853348659758702,0.0822170696015264,0.0837615696111395,0.9953592254001425,15,2
Joey Fatone,22.5,True,0.08119814785921399,0.0003746076329166661,0.08046322118609116,0.08187107742294739,0.995386500273797,15,2
Kelly Monaco,22.0,False,0.07942286188978608,0.0002949097700108747,0.07888190594681235,0.08003172398623189,0.9962868403002133,15,2
Kirstie Alley,21.0,False,0.07606836565733649,0.0002920119635319687,0.0754309841039888,0.07666408592609925,0.9961611905158132,15,2
Melissa Rycroft,23.5,False,0.0847833845497189,0.0003746418242342609,0.08412092817779193,0.08557248600252956,0.9955811881511458,15,2
Sabrina Bryan,26.0,False,0.09460209634996364,0.00036653813622990265,0.09392600280404843,0.09538421561147159,0.9961254755404789,15,2
Shawn Johnson,25.0,False,0.09061136989542833,0.00034108388786756875,0.08994984001157019,0.0912271927392083,0.9962357495724742,15,2
Apolo Anton Ohno,25.5,False,0.09162326833945271,0.00022915764802470086,0.09119741459296446,0.09204633726494435,0.9974989142804238,15,3
Bristol Palin,22.5,False,0.08133397494245076,0.000218216746263202,0.08095919874556108,0.08175211334401536,0.9973170283830637,15,3
Drew Lachey,24.0,True,0.08635095710318953,0.00023568043099862334,0.08591747142855971,0.08681676776086594,0.9972706679936739,15,3
Emmitt Smith,25.0,False,0.08982188035012578,0.00023155094542048782,0.08937685613289262,0.0902568336842861,0.9974221097964338,15,3
Gilles Marini,25.5,False,0.09162879195088619,0.00021578157438931396,0.0911981792190232,0.09199413689214986,0.9976450461716774,15,3
Helio Castroneves,25.5,True,0.0916249496877375,0.0001871653683180498,0.0912941514710982,0.09201078220116156,0.9979572663455105,15,3
Kelly Monaco,27.0,False,0.09717176709179436,0.0002510826297077457,0.0966808501801233,0.09759939733662791,0.9974160948470706,15,3
Kirstie Alley,24.0,False,0.08634740907148779,0.0002101148432057303,0.08596415065709519,0.08674624147826047,0.9975666340719989,15,3
Melissa Rycroft,27.0,False,0.09718035341425342,0.000221308996262181,0.09680589765538217,0.09759866170308547,0.9977226981741999,15,3
Sabrina Bryan,25.5,False,0.09164824928422041,0.00022065394683860003,0.09123657945445181,0.09212750431269243,0.9975923823034054,15,3
Shawn Johnson,26.5,False,0.09526839876440155,0.00022052397490696167,0.09486332012703995,0.09571462691538789,0.9976852347917349,15,3
Apolo Anton Ohno,34.5,False,0.10706076109798333,0.0004199806216211264,0.10634736756791453,0.10776376621750972,0.9960771750797031,15,4
Bristol Palin,32.0,True,0.09969292630665581,0.00040266400137738427,0.09886395835994982,0.10034268753833825,0.9959609571481652,15,4
Emmitt Smith,36.0,False,0.11157791551380844,0.0003789129102378781,0.1108372025731196,0.11226517933943797,0.9966040510033458,15,4
Gilles Marini,39.5,False,0.12310681833735641,0.0005257437359178988,0.1221991388493296,0.12418029356160644,0.995729369477512,15,4
Kelly Monaco,37.5,False,0.11641480441519449,0.0004164254711292713,0.11571023116503738,0.11725413389948126,0.9964229165420913,15,4
Kirstie Alley,30.0,False,0.09427280373241004,0.00039404553030489704,0.09351409200767595,0.09495403062368254,0.9958201568776571,15,4
Melissa Rycroft,37.0,False,0.11473073055272304,0.0004457445032301466,0.11398726534926026,0.11553536146779152,0.9961148638984277,15,4
Sabrina Bryan,35.5,False,0.11010415394312599,0.0004290824391416934,0.10925370815633063,0.11085331944016867,0.9961029404997441,15,4
Shawn Johnson,39.5,False,0.12303908610074238,0.0005355556456803264,0.12191468419871504,0.12407529465941729,0.9956472722396376,15,4
Apolo Anton Ohno,28.25,False,0.12703229547988673,0.00024297365292569784,0.1265108331336852,0.12749731418730106,0.9980873080187379,15,5
Emmitt Smith,28.0,False,0.1258749009087172,0.00022692381373819463,0.1254324765680445,0.12628300349417287,0.9981972274687012,15,5
Gilles Marini,28.25,False,0.1270599719678578,0.00020150683585410984,0.126768166965095,0.12753155700403254,0.998414080904212,15,5
Kelly Monaco,25.75,False,0.11610769291071886,0.00019194756361044,0.11576121403572127,0.11648159343677368,0.9983468144203155,15,5
Kirstie Alley,26.25,False,0.1181891532756919,0.00019772038935811834,0.11784464498523518,0.11860567158333744,0.9983270851522482,15,5
Melissa Rycroft,28.25,False,0.12698551786406775,0.00027395214513289496,0.12643587343823423,0.12748365986460297,0.997842650486915,15,5
Sabrina Bryan,29.25,False,0.13172004062268539,0.00025682854038354023,0.1311744217141798,0.13219099382758823,0.9980501938872064,15,5
Shawn Johnson,28.25,False,0.12703042697037437,0.0002232326492401665,0.1265938060711502,0.12741738553398704,0.9982426836265595,15,5
Apolo Anton Ohno,30.0,False,0.13285589282229252,0.0002645636541051176,0.13237419002558026,0.1333381822973954,0.9980086419316079,15,6
Emmitt Smith,26.5,False,0.1173765983997974,0.0002499738936477969,0.11694095644888002,0.11784086180942195,0.9978703259673929,15,6
Gilles Marini,27.5,False,0.12162454825910367,0.0002578491420290457,0.12111509733938079,0.12211406137101526,0.99787995806998,15,6
Kelly Monaco,27.0,False,0.1194484334820136,0.0002738637696689689,0.11890818421071155,0.11991758275678283,0.9977072636142172,15,6
Kirstie Alley,27.5,False,0.12160885939573157,0.0002572389867895615,0.12119806156193297,0.12217874241527038,0.99788470192001,15,6
Melissa Rycroft,29.5,False,0.13051246917944084,0.00029725848421930274,0.12998783153250099,0.13108217852937346,0.9977223748344642,15,6
Sabrina Bryan,30.0,True,0.13284674723807094,0.00028597733611176866,0.13228722752744548,0.13339426242453334,0.9978473139760112,15,6
Shawn Johnson,28.0,False,0.12372645122354939,0.0003144794097034225,0.12317989032854117,0.12444508775154703,0.9974582685707584,15,6
Apolo Anton Ohno,33.0,False,0.1358937520299696,0.0006924555819605627,0.13458924804694122,0.13710236118655925,0.9949044340036483,15,7
Emmitt Smith,34.4999,False,0.14186532666388108,0.0006674360804341192,0.14053710785691495,0.1429239255412331,0.9952952839419638,15,7
Gilles Marini,33.4998,False,0.13784764825042117,0.0006521984091035328,0.1368134437355822,0.13910872507210717,0.9952687012264532,15,7
Kelly Monaco,36.0,False,0.14806207341277366,0.0006177908073361644,0.147007885847705,0.14921907742174806,0.9958274878022688,15,7
Kirstie Alley,27.9999,False,0.11758597305916801,0.0005016342335644774,0.1167492656566915,0.11845470814807287,0.9957338939287251,15,7
Melissa Rycroft,38.9999,False,0.16161798662372653,0.0007572568681060252,0.16012054117230276,0.16298843247280773,0.9953145260380638,15,7
Shawn Johnson,37.9998,False,0.1571272399600599,0.000687383179205166,0.15594127139511602,0.158388096997138,0.9956253086391648,15,7
Apolo Anton Ohno,29.2777,False,0.14680491626943384,0.0002701265999690402,0.14630734706974036,0.14728867074883545,0.9981599621672528,15,8
Emmitt Smith,29.0554,False,0.1456429826381893,0.0003565351357361747,0.14499072345318798,0.14631682827576192,0.9975519923495257,15,8
Gilles Marini,29.2777,True,0.14683015497821633,0.00034706555486692945,0.1461689470591856,0.14749551111208234,0.9976362787676795,15,8
Kelly Monaco,28.3333,False,0.1420305955885514,0.000302107682806043,0.1414394169393565,0.14259792700876256,0.9978729394074977,15,8
Kirstie Alley,25.5,True,0.12860300661649426,0.00029277575942695795,0.12797593793783624,0.12909458284904127,0.9977234143498679,15,8
Melissa Rycroft,30.0,False,0.15056675859733779,0.0003391711373563143,0.14999403214274895,0.151150404740367,0.9977473703989115,15,8
Shawn Johnson,27.8333,False,0.13952158531177714,0.00036905708610877365,0.13877028276694894,0.14017400869924293,0.997354838785095,15,8
Apolo Anton Ohno,28.611,True,0.20279626952893268,0.0003164037441684206,0.20227944412911628,0.20344620912333497,0.9984397950470026,15,9
Emmitt Smith,27.0,True,0.1915874875579623,0.00029131649055881727,0.1910140211271041,0.19211265023295285,0.9984794597273964,15,9
Kelly Monaco,27.111,False,0.19226033884379137,0.00028657505614391267,0.191740151189018,0.19286124591546105,0.998509442676179,15,9
Melissa Rycroft,28.7777,False,0.20402735594891183,0.00031124639170266173,0.2034494685753001,0.20465230225295114,0.9984744869615396,15,9
Shawn Johnson,29.5,False,0.20932854812040178,0.0002991570928713982,0.20873093481274604,0.20989931733422976,0.9985708729384617,15,9
Kelly Monaco,29.1109,False,0.3331095526629295,7.973456898539846e-05,0.33293285684067464,0.33326375450990986,0.9997606355976645,15,10
Melissa Rycroft,29.3331,False,0.3356751966368319,7.402178496004247e-05,0.33554142863331127,0.33582210844562643,0.9997794839008015,15,10
Shawn Johnson,28.9443,False,0.33121525070023866,6.809788539621438e-05,0.3311062954434769,0.33134143814323497,0.9997943999098705,15,10
Alexandra Raisman,21.0,False,0.09117408482764558,0.0006216978281029739,0.08989162633528994,0.09235438917773618,0.9931812002360295,16,1
Andy Dick,17.0,False,0.07400517228168202,0.0005325794013917498,0.07311075089943551,0.07518949622877873,0.9928034840677809,16,1
D. L. Hughley,12.0,False,0.056923221518,0.00044959460171843267,0.0561018149281069,0.05776375558759865,0.9921017365193173,16,1
Dorothy Hamill,21.0,False,0.09113849909168645,0.0006295449115338571,0.09012120481117439,0.09260420673736294,0.9930924371389908,16,1
Ingo Rademacher,20.0,False,0.0864673896501062,0.0006327167413882555,0.08530312373074596,0.0874841566838008,0.9926825969426327,16,1
Jacoby Jones,20.0,False,0.08648894572102989,0.0006882212289786268,0.0851895548784468,0.08781513643480579,0.9920426683058609,16,1
Kellie Pickler,21.0,False,0.09127822493275259,0.0006423870475142299,0.08995854616152493,0.09241999493511122,0.9929623188007053,16,1
Lisa Vanderpump,18.0,False,0.07789717078656773,0.00048827317631473083,0.07696319344996853,0.07889444973985511,0.9937318240009954,16,1
Sean Lowe,19.0,False,0.08206949389359583,0.0005536158680730263,0.08097812922276548,0.08313521977637695,0.993254303861179,16,1
Victor Ortiz,18.0,False,0.07795666368415309,0.000558766656025455,0.0769561410941106,0.07896670624532563,0.9928323426167988,16,1
Wynonna Judd,18.0,False,0.07795326893983032,0.0005765314875029832,0.07701065682180311,0.07919125872868422,0.9926041396936415,16,1
Zendaya,24.0,False,0.10664786467295043,0.0006571928513930077,0.10525729710073425,0.1079967172275432,0.993837730803065,16,1
Alexandra Raisman,24.0,False,0.09831346022811678,0.0007844934929513417,0.09668627138221453,0.09976290886117467,0.9920204874171749,16,2
Andy Dick,20.0,False,0.08067753561008456,0.0006921345102319535,0.0793760548678414,0.08193090229741366,0.9914209760499249,16,2
D. L. Hughley,16.0,False,0.06635555246136515,0.00052634051159659,0.06542794087794482,0.06744124510678635,0.9920678753763215,16,2
Dorothy Hamill,15.0,True,0.06307891138070289,0.0006065036103227513,0.06203965292556721,0.06411753781297855,0.9903850019436402,16,2
Ingo Rademacher,20.0,False,0.08084400003235569,0.0007542899215546487,0.07948302420463574,0.08226698041557556,0.9906698094941769,16,2
Jacoby Jones,23.0,False,0.09356774076920209,0.0007449769844632847,0.09215979301860432,0.09507354711992146,0.992038100115072,16,2
Kellie Pickler,26.0,False,0.10848163724617443,0.0008682906739152398,0.10672207032809976,0.11035523985621912,0.9919959663593125,16,2
Lisa Vanderpump,18.0,False,0.07327129480547509,0.0005734218369008328,0.07202469249548868,0.07431145859201027,0.9921739906681984,16,2
Sean Lowe,20.0,False,0.08076215134760682,0.0006893266171026104,0.07933817015308216,0.08187403677306178,0.9914647318626308,16,2
Victor Ortiz,18.0,False,0.07320352497790272,0.0006609983420027747,0.0720098931628972,0.07438400826092909,0.9909704028296137,16,2
Wynonna Judd,18.0,False,0.0730678578428762,0.0005567360740183909,0.07205413740222731,0.07402798684588803,0.9923805611597977,16,2
Zendaya,26.0,False,0.10837633329813755,0.0007821453706569528,0.10683967208689117,0.10985407843114021,0.9927830611457825,16,2
Alexandra Raisman,23.0,False,0.0967924873906869,0.0008039959095639539,0.09551999085881838,0.09846635628533662,0.9916936124771879,16,3
Andy Dick,18.0,False,0.07671068005688798,0.0006579832806853413,0.07538833887154246,0.07806102031923821,0.9914225336003099,16,3
D. L. Hughley,16.0,False,0.06980001495559776,0.0005742441161157064,0.06869595337593759,0.07080584359341549,0.9917730086951844,16,3
Ingo Rademacher,21.0,False,0.08813022482456973,0.0007249988626770482,0.08677837517356748,0.08972449158168652,0.9917735502874273,16,3
Jacoby Jones,25.9998,False,0.11140011740427438,0.0009597830706407517,0.1095648497507909,0.11309090494902709,0.9913843621263192,16,3
Kellie Pickler,25.0,False,0.10608613316093869,0.0008113996698436529,0.10456578731581143,0.10776248805735933,0.992351501127742,16,3
Lisa Vanderpump,21.0,False,0.08796034190551527,0.0007135078421769397,0.08658492559615757,0.08943301282069147,0.9918883007191653,16,3
Sean Lowe,21.0,False,0.08820339142788543,0.0007764631983962313,0.08643620065918682,0.08990395459823924,0.9911969008693836,16,3
Victor Ortiz,23.0,False,0.09691093907583967,0.0007827395294240535,0.09533279574755633,0.09858832112782048,0.9919231044824413,16,3
Wynonna Judd,15.0,True,0.06659051149948217,0.000618837671919962,0.06552156885905813,0.06778244891824665,0.9907068190649838,16,3
Zendaya,25.9998,False,0.11141515829832196,0.0008846106139665187,0.10967573637093893,0.11284565308213325,0.9920602310540374,16,3
Alexandra Raisman,27.0,False,0.12171288896291312,0.0007751956643169718,0.12028233099319652,0.12314544336025751,0.9936309484482521,16,4
Andy Dick,21.0,False,0.09306420018373764,0.0006353909079761079,0.09181914620571746,0.09433894134440901,0.9931725528536037,16,4
D. L. Hughley,21.0,False,0.09305038374824576,0.0006134362710301452,0.09191452922558929,0.09428036898008926,0.9934074826312395,16,4
Ingo Rademacher,23.0,False,0.10184097682769683,0.000662183526190007,0.10061127258464794,0.10305424703740379,0.9934978674908986,16,4
Jacoby Jones,24.0,False,0.10629089401418597,0.0006904456895749603,0.10509992262017623,0.10752746632149825,0.9935041877671777,16,4
Kellie Pickler,26.0,False,0.1161423987335789,0.0006890570178064077,0.11459721035951156,0.11741202393427945,0.9940671363316075,16,4
Lisa Vanderpump,18.0,True,0.08126694256187987,0.0005388154732115614,0.08012556957075107,0.0821972260524806,0.9933698074982791,16,4
Sean Lowe,20.0,False,0.0890270128742437,0.0005273472414266294,0.08797517148750723,0.08991669294105901,0.9940765479554892,16,4
Victor Ortiz,18.0,False,0.08130970337414851,0.000589101633178777,0.08003819942920996,0.08246925577428231,0.992754842180791,16,4
Zendaya,26.0,False,0.11629459871936973,0.000791338780481422,0.11485638050024351,0.1175118515322754,0.99319539523593,16,4
Alexandra Raisman,25.0,False,0.11846688007946814,0.0009460081839336737,0.11667168372549869,0.12061703017890205,0.9920145767044841,16,5
Andy Dick,18.0,False,0.08759090987011992,0.0007006360820049686,0.08642626982511305,0.08900075499770647,0.9920010411691821,16,5
D. L. Hughley,18.0,True,0.08761680501047595,0.0006217227814356164,0.08639948560395276,0.0890160422203393,0.9929040692437794,16,5
Ingo Rademacher,21.0,False,0.09986671597470237,0.0007972265715437841,0.09829080342212998,0.10126039281707053,0.9920170943465716,16,5
Jacoby Jones,26.0,False,0.12350040658555157,0.0009316160895296802,0.12164743943107031,0.1255403348021512,0.9924565747167453,16,5
Kellie Pickler,27.0,False,0.12894153968653094,0.000850419396463206,0.1272422939664124,0.13038111595770088,0.993404612675398,16,5
Sean Lowe,24.0,False,0.11352573303268491,0.0008501134827706184,0.11156459915168238,0.11477460979476374,0.9925117111331414,16,5
Victor Ortiz,21.0,False,0.09970856688196365,0.0006984270885331925,0.09837302103728048,0.10109192561311095,0.9929953151431812,16,5
Zendaya,29.0,False,0.1407824428785027,0.0009640832932083371,0.1388669980461919,0.14236810729307026,0.9931519636007428,16,5
Alexandra Raisman,26.0,False,0.1380522596313273,0.0005610900250719295,0.1370217659574138,0.139114514073728,0.9959356693865762,16,6
Andy Dick,21.5,False,0.11390021747705426,0.0004551416150235361,0.11303690041660368,0.11469922866844447,0.9960040320808411,16,6
Ingo Rademacher,23.0,False,0.12141752954511785,0.0004910085556643411,0.12049403410816606,0.12235385697149863,0.9959560323990788,16,6
Jacoby Jones,22.5,False,0.11894163726358736,0.0005114493458177313,0.1179904383569913,0.11977111504359582,0.9956999974308046,16,6
Kellie Pickler,27.0,False,0.14408496651492275,0.0006087465654924292,0.1429675629858734,0.14547698614471713,0.9957750861854878,16,6
Sean Lowe,23.0,False,0.1215892239459731,0.0006427716774981667,0.12045837733323733,0.12274889992907646,0.9947135802282628,16,6
Victor Ortiz,20.0,True,0.10693012845173752,0.0004595495877935156,0.10608632379553888,0.10787649439876097,0.9957023376437734,16,6
Zendaya,25.5,False,0.13508403717027964,0.0005036420847319253,0.13395894986484697,0.13606625164302327,0.996271638786624,16,6
Alexandra Raisman,32.0,False,0.17497085776956114,0.0012557040413909652,0.17262154545368263,0.1775735377547056,0.9928233532292289,16,7
Andy Dick,17.0,True,0.09897131999176312,0.0008028631694884513,0.09745195148128093,0.10055521388435941,0.9918879209698803,16,7
Ingo Rademacher,25.0,False,0.133989768078853,0.0010403253469069972,0.1318004349191785,0.1359556280469583,0.9922357851511858,16,7
Jacoby Jones,27.0,False,0.14463267093169824,0.0010864507103800461,0.14269548263365728,0.14656943954546217,0.9924882068250463,16,7
Kellie Pickler,29.0,False,0.15623429684070786,0.001244876999181748,0.1540324141482713,0.1590666969368868,0.9920319864181231,16,7
Sean Lowe,24.0,False,0.1290228347643145,0.001096019523918491,0.1269841096414785,0.13100410807972498,0.9915052283115575,16,7
Zendaya,30.0,False,0.16217825162310218,0.001236043935951041,0.16022053531031524,0.1644515015651804,0.9923784852556953,16,7
Alexandra Raisman,28.0,False,0.17968884912560057,0.0007774426447684223,0.1781805635862358,0.18101163106371787,0.9956733951575092,16,8
Ingo Rademacher,24.0,False,0.15397300328223,0.0007543646714300369,0.15249750965008121,0.1554446222057563,0.9951006692384424,16,8
Jacoby Jones,26.0,False,0.16617567755847656,0.0007538078821937348,0.16474738691549112,0.16774818653539483,0.9954637893266391,16,8
Kellie Pickler,27.5,False,0.17619983406977466,0.0008197166193271438,0.17489174259039922,0.17804128148796308,0.9953478014116487,16,8
Sean Lowe,21.0,True,0.1372080838323344,0.0005874050056655615,0.13623523499801726,0.13821976582496806,0.9957188746518509,16,8
Zendaya,29.0,False,0.18675455213158382,0.0008782519575188083,0.18522449602338736,0.1886530931587048,0.9952972929040037,16,8
Alexandra Raisman,29.5,False,0.20916748217644915,0.0005058259631393148,0.2082232391966696,0.21015614574259128,0.9975817179712829,16,9
Ingo Rademacher,25.5,True,0.18146852201276148,0.0004345482414866068,0.18072322037607708,0.18249049617317392,0.9976053795078793,16,9
Jacoby Jones,29.5,False,0.20905350181460614,0.000511672608264423,0.2079859532474583,0.20995426994123656,0.9975524322538343,16,9
Kellie Pickler,29.0,False,0.205441462986697,0.0005307625591869805,0.20453711613981335,0.20645764451799897,0.9974164779033853,16,9
Zendaya,27.5,False,0.1948690310094862,0.0005363271606101194,0.19394722015729526,0.1960253103810907,0.9972477557986933,16,9
Alexandra Raisman,29.0,True,0.24779659891995803,0.0002902511390567231,0.24717760224799581,0.24832145992133892,0.9988286718206715,16,10
Jacoby Jones,27.9999,False,0.23945838494259097,0.00028267996650226893,0.2389527819908145,0.23996131533311943,0.998819502743368,16,10
Kellie Pickler,30.0,False,0.25635465352343173,0.00033758759133262813,0.25580795106195,0.2570012654735942,0.9986831228273304,16,10
Zendaya,30.0,False,0.2563903626140193,0.00025399373354843303,0.25582360959806055,0.2568559159802219,0.9990093475785952,16,10
Amber Riley,27.0,False,0.10742433485696994,0.000800914951603162,0.10581232948853217,0.10875847005856829,0.9925443806315437,17,1
Bill Engvall,18.0,False,0.07044153351393659,0.0004972871345432846,0.06962535834097938,0.07134940165348742,0.9929404271920784,17,1
Bill Nye,14.0,False,0.05833459546878168,0.00047746365793914324,0.0574593819526237,0.05925870103306777,0.9918150858148205,17,1
Brant Daugherty,22.0,False,0.08492858228234099,0.0006465501340188021,0.08346369073038332,0.08617258817483416,0.9923871314386319,17,1
Christina Milian,22.0,False,0.08498753320904383,0.0007161726850271129,0.0836951411095678,0.08611878225498917,0.9915732030571408,17,1
Corbin Bleu,24.0,False,0.09330121608844691,0.0007108536458112166,0.09179813112056015,0.09443584622614105,0.9923810891688984,17,1
Elizabeth Berkley Lauren,24.0,False,0.09315118432761085,0.0006668883474984981,0.09204420151262753,0.09441823558149781,0.9928407958276401,17,1
Jack Osbourne,23.0,False,0.08905824546393826,0.0006698911434365204,0.08788377522174258,0.09028965194198857,0.9924780559065945,17,1
Keyshawn Johnson,17.0,False,0.06720878993226255,0.0005140623731591523,0.06609808984762575,0.06813113804017477,0.9923512627786149,17,1
Leah Remini,21.0,False,0.08102951102507497,0.000667988360255463,0.07975757991073973,0.08218143131496775,0.991756233601746,17,1
"Nicole ""Snooki"" Polizzi",23.0,False,0.08900796596137184,0.0006417618409115443,0.08777068856607169,0.09014851836618192,0.9927898381456098,17,1
Valerie Harper,21.0,False,0.08112650787022158,0.0005959586839276998,0.08005706456610509,0.08215592056101542,0.9926539586187901,17,1
Amber Riley,24.0,False,0.08979810630665412,0.000541397791833331,0.08883455634699891,0.0907417111643996,0.9939709442203102,17,2
Bill Engvall,21.0,False,0.07840689928985077,0.0004820113612183285,0.07749826888558572,0.07943111942385717,0.9938524368954261,17,2
Bill Nye,17.0,False,0.06553288183632579,0.00046287354968890684,0.0646940216592165,0.06651241127993057,0.9929367740786225,17,2
Brant Daugherty,23.0,False,0.0858135084854311,0.0005837296928611768,0.0846249192644105,0.08696851909978869,0.9931976945918686,17,2
Christina Milian,25.0,False,0.0938848716527902,0.0005523277102468121,0.09283793109156394,0.09488476054147334,0.994116967936118,17,2
Corbin Bleu,26.0,False,0.09817522040639742,0.0006015666456310187,0.09697780679498214,0.09931696342880655,0.993872520549067,17,2
Elizabeth Berkley Lauren,25.0,False,0.0938054098347011,0.0005921056117914598,0.09277719077531081,0.09495360776251872,0.9936879374778614,17,2
Jack Osbourne,24.0,False,0.08968092519657406,0.0005120004358379334,0.08869412727837175,0.09070386921778073,0.9942908658143784,17,2
Keyshawn Johnson,18.0,True,0.0684955523192689,0.0004908748018549604,0.06741971337968694,0.06950026591876379,0.9928334791788098,17,2
Leah Remini,24.0,False,0.0897365047122312,0.0005351622335937836,0.0887761225806085,0.09078853127934927,0.9940362928630889,17,2
"Nicole ""Snooki"" Polizzi",20.0,False,0.07501930078653517,0.0004497519179027785,0.07400261073274927,0.07577568550385251,0.9940048505759533,17,2
Valerie Harper,19.0,False,0.07165081917324005,0.00045899834374144477,0.07077787926365217,0.07259015616599088,0.9935939553931454,17,2
Amber Riley,24.0,False,0.09320996772775172,0.0007061412321911839,0.09188821036274844,0.09459685810940194,0.9924241875691483,17,3
Bill Engvall,24.0,False,0.0931547856539622,0.0006193359540717028,0.09201310062630025,0.094167549116578,0.9933515390570237,17,3
Bill Nye,16.0,True,0.06589098820243827,0.0005326641133926087,0.0649160665986265,0.06679804460271938,0.9919159792875455,17,3
Brant Daugherty,27.0,False,0.10589365531397485,0.000703257572868404,0.10460687194730058,0.10725327956930292,0.9933588318319616,17,3
Christina Milian,26.0,False,0.10135317410609168,0.0006865336041995597,0.09992687295794565,0.10254613159503989,0.9932263235931721,17,3
Corbin Bleu,26.0,False,0.10147948211457558,0.0008373113925884547,0.1001212361700517,0.10328083763851033,0.9917489587536219,17,3
Elizabeth Berkley Lauren,25.0,False,0.09732848455660811,0.0006971742713705325,0.09614282215989416,0.09869177716239726,0.9928368937978784,17,3
Jack Osbourne,22.0,False,0.08541243502211257,0.0006262522612529163,0.08415198275348496,0.08659544234271334,0.9926679029688033,17,3
Leah Remini,24.0,False,0.09305114109662256,0.0007246038733743338,0.09183046642287804,0.09439217410064707,0.9922128426923651,17,3
"Nicole ""Snooki"" Polizzi",25.0,False,0.09725703467967288,0.0006789205041141585,0.09598981447753566,0.09867151773317451,0.9930193172519576,17,3
Valerie Harper,16.0,False,0.06596885152618964,0.0004889119662091342,0.06505142799560963,0.06692156047682804,0.992588745219931,17,3
Amber Riley,27.0,False,0.11412722027192769,0.0006380459189395007,0.11299567020064578,0.11512755282607869,0.9944093449624091,17,4
Bill Engvall,21.0,False,0.08863710719049227,0.0005479302592237197,0.0876499009285953,0.0897150025623149,0.9938182745738063,17,4
Brant Daugherty,21.0,False,0.08862396496725523,0.0005212855853481015,0.08759435230248437,0.08947959983561778,0.9941180065060201,17,4
Christina Milian,24.0,False,0.10052581691229642,0.0005780723595907427,0.09949078549806221,0.1016723826775012,0.9942495134349907,17,4
Corbin Bleu,27.0,False,0.11425232169463356,0.0006082797575234217,0.11323783250060787,0.11560248724944013,0.9946759965267997,17,4
Elizabeth Berkley Lauren,27.0,False,0.11401461243730343,0.0007105638243560679,0.11236842197946416,0.11536190830209808,0.9937677828379515,17,4
Jack Osbourne,24.0,False,0.1006993238174953,0.0005599906923825856,0.09956256319393994,0.10166383179100594,0.9944389825953797,17,4
Leah Remini,24.0,False,0.10058046727138971,0.0005097924893727477,0.09958892347837808,0.10153262421573162,0.9949314961124887,17,4
"Nicole ""Snooki"" Polizzi",24.0,False,0.10050292567444302,0.0006197713618215082,0.09948990291920567,0.10167687540903057,0.9938333002978528,17,4
Valerie Harper,18.0,True,0.07803623976276332,0.0004181306298986616,0.07726049090342418,0.07885917712877266,0.9946418403658376,17,4
Amber Riley,26.0,False,0.11033943439231525,0.00031886051756429054,0.10966948866265708,0.11086315158619406,0.9971101853175124,17,5
Bill Engvall,24.0,False,0.10222960599736312,0.0003365103134259795,0.10152847770339826,0.10285678267753348,0.9967082890504865,17,5
Brant Daugherty,27.0,False,0.11467114227834921,0.000387668575167456,0.11389778818702273,0.11546684840252483,0.9966193013563391,17,5
Christina Milian,28.0,True,0.11911860633445859,0.0004381252300611598,0.11820907083436695,0.11988657371956066,0.9963219412689316,17,5
Corbin Bleu,28.0,False,0.11916076881330204,0.00040162701910419375,0.11844779738417646,0.1200027442935453,0.9966295365236066,17,5
Elizabeth Berkley Lauren,26.0,False,0.1103889116255745,0.00038393149144974527,0.1096771817269589,0.11113554978495682,0.9965220103559677,17,5
Jack Osbourne,27.0,False,0.11466235911038149,0.000401158622362258,0.11389725809068595,0.11545784964514845,0.9965013922138469,17,5
Leah Remini,22.0,False,0.09475193254398055,0.00035137365980789006,0.09392875148967533,0.09533317736883361,0.9962916465092172,17,5
"Nicole ""Snooki"" Polizzi",27.0,False,0.11467723890427539,0.0003662444686915252,0.11400907114047301,0.11530726613382986,0.9968063019986273,17,5
Amber Riley,31.9999,False,0.13872102649382856,0.0005451478231788576,0.1376856214430896,0.13963638210865015,0.9960701860636598,17,6
Bill Engvall,23.9999,False,0.1051769240508352,0.0005029106126074437,0.10417932802781726,0.10611948401030735,0.9952184320168522,17,6
Brant Daugherty,31.0,False,0.13389307529290947,0.00057202004496019,0.1326101457190441,0.13490472033816206,0.9957277846990308,17,6
Corbin Bleu,26.9999,False,0.11664293489359874,0.0005058233816355686,0.1157583072682384,0.11764543716919179,0.9956634889022898,17,6
Elizabeth Berkley Lauren,31.9998,False,0.1387829908914104,0.0005961371008882372,0.13776269628018123,0.13995450293902884,0.9957045377314668,17,6
Jack Osbourne,26.9998,False,0.11659737093857096,0.0005386037187401957,0.11553406022840772,0.11763637734849178,0.9953806529735224,17,6
Leah Remini,27.9999,False,0.12072139907451306,0.0005620400222434272,0.11953004795057476,0.12173365351863974,0.9953443214993183,17,6
"Nicole ""Snooki"" Polizzi",30.0,False,0.12946427836433347,0.0006195620943014801,0.12820173522300735,0.13058126346355298,0.9952144166550875,17,6
Amber Riley,29.5,False,0.133294544772465,0.00032541359757326825,0.1327071371324379,0.1339346356164441,0.9975586878058007,17,7
Bill Engvall,25.0,False,0.11328329369338258,0.00027028135825479045,0.11278091074494659,0.11377112193679695,0.9976141110534238,17,7
Brant Daugherty,28.5,False,0.12850404509253088,0.00034670566064669034,0.1278804938321997,0.12907609127889702,0.9973019864051981,17,7
Corbin Bleu,29.5,False,0.1332674782805037,0.000337239849675883,0.13258657607082666,0.13391134280232872,0.9974694512567721,17,7
Elizabeth Berkley Lauren,27.0,False,0.12171629774853548,0.0003171406674725258,0.12105097503875349,0.12237784402241512,0.9973944272596285,17,7
Jack Osbourne,28.5,False,0.12855978475677826,0.0003319330659754988,0.1278809146130795,0.1291966103747292,0.9974180645479185,17,7
Leah Remini,26.5,False,0.11962009825802877,0.0002673627398798892,0.11918824039328657,0.12012109865405202,0.9977649011848898,17,7
"Nicole ""Snooki"" Polizzi",27.0,True,0.1217544573977754,0.00026682634685528317,0.12128890800277053,0.12224228568192652,0.997808488062301,17,7
Amber Riley,28.0,False,0.1454483764657032,0.0005433952208065938,0.14454135785049513,0.1465430055933072,0.996263999406451,17,8
Bill Engvall,24.0,False,0.12565161248440293,0.00048544455362674305,0.12479490391012073,0.12668969156284235,0.9961365831760655,17,8
Brant Daugherty,27.0,True,0.14015387749402552,0.00047941600680441346,0.139185508248078,0.140960016802606,0.996579359662562,17,8
Corbin Bleu,30.0,False,0.15639917488614663,0.0006662016570267916,0.15517070695840007,0.15746325427446597,0.9957403761400163,17,8
Elizabeth Berkley Lauren,25.0,False,0.13041246187622133,0.0005037343086302385,0.12944182041432656,0.1313578305066081,0.9961373759732536,17,8
Jack Osbourne,30.0,False,0.15645388042064018,0.0004900662195454933,0.15566156349496918,0.15742827243407537,0.9968676633764026,17,8
Leah Remini,28.0,False,0.14548061637286028,0.0005968941062215169,0.14438002331723435,0.1466290670635763,0.9958970884156023,17,8
Amber Riley,25.5,False,0.16133733009627008,0.0007306021144417101,0.1600214013794561,0.16252752647482913,0.9954715866811125,17,9
Bill Engvall,21.0,False,0.13584603461787959,0.0006053591178360164,0.13461826643458652,0.13700668182909553,0.9955437851422102,17,9
Corbin Bleu,29.0,False,0.18412493615974945,0.0007757186070904157,0.18249493502749767,0.1857991980910599,0.995786998636527,17,9
Elizabeth Berkley Lauren,28.0,True,0.17733743212659456,0.0008183615044620488,0.17586239956878807,0.17883351472350453,0.9953852861482857,17,9
Jack Osbourne,27.0,False,0.17067861334937973,0.0007070047893546241,0.1695060759059583,0.172374005953902,0.9958576837749005,17,9
Leah Remini,27.0,False,0.17067565365012669,0.000728117930668746,0.1693837702819502,0.17223798365769669,0.9957339086442796,17,9
Amber Riley,39.5,False,0.22647191446815462,0.0009387080328659487,0.22446557175073079,0.22842727860678771,0.9958550797123326,17,10
Bill Engvall,30.0,False,0.1724911615699,0.0007553970803032784,0.17121592333893076,0.17388798710600958,0.9956206621056514,17,10
Corbin Bleu,37.5,False,0.2139234931838569,0.0009607989307441871,0.21238181125254665,0.21570051893403222,0.9955086796852255,17,10
Jack Osbourne,35.5,False,0.20171988577624153,0.0008653481876933218,0.19995491973565604,0.20338414680938402,0.9957101493273043,17,10
Leah Remini,32.5,True,0.18539354500184707,0.0007410062491595539,0.18393208086258633,0.1866957530021973,0.9960030633798379,17,10
Amber Riley,31.3332,False,0.2739468546733141,0.0008753216926705534,0.2722930337625461,0.2755719775062431,0.9968047755331435,17,11
Bill Engvall,25.4999,True,0.22349896581330506,0.000687023833691528,0.2219252259051986,0.22486318915382714,0.9969260536343357,17,11
Corbin Bleu,29.6664,False,0.25861203218300866,0.0008741345333195078,0.2566431113510359,0.2601887942918729,0.9966198999870938,17,11
Jack Osbourne,27.9999,False,0.2439421473303722,0.0008486049606718226,0.24253909395987946,0.24558470488163117,0.9965212860099877,17,11
Amy Purdy,24.0,False,0.0911597749745512,0.000668326961499821,0.09006636323981697,0.092513495541385,0.9926686198854001,18,1
Billy Dee Williams,15.0,False,0.06038179650344362,0.00040885374932669036,0.059629842627183204,0.061157592660808086,0.9932288574868193,18,1
Candace Cameron Bure,25.0,False,0.09543095092540027,0.0006040771839986946,0.09433505865542478,0.09656034343740218,0.9936700077056666,18,1
Charlie White,27.0,False,0.10443916518202984,0.000776873582327653,0.10300949144483687,0.10580874277995417,0.992561472691077,18,1
Cody Simpson,22.0,False,0.08305300870315792,0.0005883928763406209,0.08182950781985544,0.08411188764724611,0.9929154538104259,18,1
Danica McKellar,24.0,False,0.09117564351734884,0.0005624176711094884,0.09006070360712425,0.09212220960023874,0.9938314921681636,18,1
Diana Nyad,18.0,True,0.06929287101525897,0.00047895527675660546,0.06851085055022411,0.0701324747142549,0.9930879573938979,18,1
Drew Carey,21.0,False,0.07942080221311344,0.0005607847436465131,0.07846058090232465,0.080399686095728,0.9929390697648491,18,1
James Maslow,21.0,False,0.07935601908476123,0.000541943922253394,0.07827557292034054,0.08047679472794081,0.9931707269529922,18,1
Meryl Davis,24.0,False,0.09108026820236358,0.0006368348948653521,0.08975290266369185,0.09221560105032568,0.993007981778771,18,1
NeNe Leakes,21.0,False,0.07937380224694769,0.0006011496766677678,0.07831464390969776,0.08042071482378474,0.9924263464814566,18,1
Sean Avery,20.0,False,0.07583589743162339,0.0005535384243825323,0.07491445270588835,0.07705445319331954,0.9927008390072575,18,1
Amy Purdy,24.0,False,0.09793264648083605,0.0005224020758131131,0.09695411830295103,0.09901810042244646,0.9946657004116054,18,2
Billy Dee Williams,15.0,True,0.06528172167021722,0.0004276442568801231,0.06449605152253188,0.06615756952654787,0.9934492497143312,18,2
Candace Cameron Bure,21.0,False,0.08551786221463019,0.0005660509357869044,0.08443359723727004,0.08660421308383372,0.9933809040459145,18,2
Charlie White,25.0,False,0.10238492904091762,0.0006270837499283741,0.10142483740020439,0.10360104320806934,0.9938752338278443,18,2
Cody Simpson,22.0,False,0.08947943460949499,0.0005806383146469893,0.08827931119974303,0.09062746070554867,0.9935109300010555,18,2
Danica McKellar,24.0,False,0.09798602423469538,0.0005769372484875362,0.09704997509945572,0.0991200282768375,0.9941120455392122,18,2
Drew Carey,21.0,False,0.085453738642996,0.0005254706223729871,0.08450938317325916,0.086368276387561,0.9938508176386727,18,2
James Maslow,25.0,False,0.10242337029035983,0.0006699757268300106,0.10107064881324693,0.10346243280893579,0.9934587611701245,18,2
Meryl Davis,25.0,False,0.10247289333745976,0.0005181154158451851,0.10143340301441081,0.10341307941835677,0.9949438783372794,18,2
NeNe Leakes,21.0,False,0.08557067821219709,0.0005059147808505121,0.0847739123172515,0.08662579944810311,0.9940877553921456,18,2
Sean Avery,21.0,True,0.08549670126619574,0.0005125288679469287,0.08465485168001413,0.08646508299146714,0.9940052790299925,18,2
Amy Purdy,36.0,False,0.11546156370282563,0.00038363645742274814,0.11469908835881179,0.11622866522580289,0.9966773665181762,18,3
Candace Cameron Bure,32.0,False,0.10290481021776074,0.0003965326550136946,0.10216391484353991,0.10370248089781328,0.9961466071977143,18,3
Charlie White,36.0,False,0.11550089675671794,0.0004246768744349935,0.11471725300802557,0.11626402385065598,0.996323172491643,18,3
Cody Simpson,35.0,False,0.11217045849134345,0.0003920664625328469,0.11136663334610769,0.11286174915436226,0.9965047262193093,18,3
Danica McKellar,36.0,False,0.11549924217613099,0.0004204160961933117,0.11475348782558444,0.11635857844987453,0.9963600099163231,18,3
Drew Carey,30.0,False,0.09709297706370969,0.0004021267769108327,0.09630644962771642,0.09791839736558171,0.9958583330218933,18,3
James Maslow,36.0,False,0.11552166300985499,0.0004583865668836791,0.1148206466526447,0.11651933510453182,0.9960320293619338,18,3
Meryl Davis,39.0,False,0.12592452507606958,0.00044075894216388984,0.12517589773573912,0.12672493957807418,0.9964998165218599,18,3
NeNe Leakes,31.0,False,0.09992386350558677,0.0003541462042487882,0.09932066685322553,0.10055445781940762,0.9964558395579952,18,3
Amy Purdy,34.0,False,0.11414217072772816,0.000465396866338328,0.11333804008331641,0.11506810622483675,0.9959226562507868,18,4
Candace Cameron Bure,28.0,False,0.09518083247356984,0.0004513717565580561,0.09426748219251932,0.09602551541394583,0.9952577452326508,18,4
Charlie White,33.0,False,0.1106514213379583,0.00043571254048726886,0.10980942551055119,0.11145653062201669,0.9960622960354346,18,4
Cody Simpson,31.0,False,0.10419284330690406,0.0004422363011572879,0.10348578956899908,0.10514262325732025,0.9957555981090307,18,4
Danica McKellar,32.0,False,0.10737925604140053,0.00041795905899367195,0.10663708839128684,0.10817176775152085,0.9961076368527593,18,4
Drew Carey,33.0,False,0.11068119187865305,0.0004872272973059771,0.10969862161886307,0.11155640640642978,0.9955979214802805,18,4
James Maslow,35.0,False,0.1176162694751474,0.0004713432065482727,0.11671977647072777,0.11854394547728722,0.9959925339525595,18,4
Meryl Davis,39.0,False,0.13273516332633276,0.0005140291051287827,0.131746382808169,0.1337671422261391,0.9961274081995513,18,4
NeNe Leakes,32.0,False,0.10742085143230586,0.000431873715193002,0.10660355685636518,0.10822105694783278,0.9959796100157969,18,4
Amy Purdy,37.0,False,0.11455101418102819,0.0004751686346070813,0.11364923611076999,0.11538812954728142,0.9958519037303663,18,5
Candace Cameron Bure,35.0,False,0.10832179952856182,0.00045869042487650815,0.10745383682219459,0.1091526686478275,0.9957654837080548,18,5
Charlie White,37.0,False,0.11447946265537884,0.0005471103043136476,0.11359452233786774,0.11543746503749176,0.9952208868593257,18,5
Cody Simpson,34.0,True,0.10526491746997182,0.00042575393604677624,0.10455007134610704,0.10605777927843053,0.9959554052168593,18,5
Danica McKellar,39.0,False,0.12105408431467321,0.00048739774368440717,0.12014938420019823,0.12189998222331522,0.9959737191318763,18,5
Drew Carey,28.0,False,0.08911210788063975,0.0003782521420298178,0.08851098324239065,0.08977424964524902,0.9957553226937863,18,5
James Maslow,40.0,False,0.12449017948308151,0.0004906903904717679,0.12349831002128968,0.12545688184022585,0.9960584008111383,18,5
Meryl Davis,36.0,False,0.11141119130933362,0.00048281274804065193,0.1104417433157526,0.11233103951891074,0.9956663891448739,18,5
NeNe Leakes,36.0,False,0.11131524317733116,0.0005109574645899177,0.11033154871274732,0.11231939041329342,0.9954098158526596,18,5
Amy Purdy,38.0,False,0.13484473797724636,0.00042509073808676313,0.13404946490556305,0.13578624451948293,0.9968475541243701,18,6
Candace Cameron Bure,32.0,False,0.11366788848835734,0.00041288196527553814,0.11286624795071591,0.11442927528690074,0.9963676463883833,18,6
Charlie White,36.0,False,0.1273242117991553,0.0004467412557739318,0.12649774684160256,0.1280949739873586,0.9964913094731846,18,6
Danica McKellar,36.0,False,0.1272371788844973,0.00046743611511104917,0.12627082284874025,0.12811375029126576,0.9963262615596391,18,6
Drew Carey,32.0,True,0.11358838080700195,0.0003772887173957601,0.11293674691590565,0.1143370152840611,0.9966784567689471,18,6
James Maslow,35.0,False,0.12379033726337076,0.0004242615504645169,0.12296263128928124,0.12462640448545308,0.9965727409760434,18,6
Meryl Davis,40.0,False,0.14259028588853276,0.0005019861066663577,0.14161906622998746,0.14352147939294155,0.9964795210028629,18,6
NeNe Leakes,33.0,False,0.1169569788918381,0.00046727544651972133,0.11593864875899194,0.11768684640627727,0.9960047236945829,18,6
Amy Purdy,37.5,False,0.14815972823201767,0.00034502467770624603,0.14745300398098002,0.14881001962533935,0.9976712654523371,18,7
Candace Cameron Bure,37.0,False,0.14609672087436695,0.0003125552775359404,0.14543017714806217,0.14669130228396937,0.99786062770153,18,7
Charlie White,35.5,False,0.14007979777214974,0.00029235395836167634,0.13952923301598477,0.1406543378007544,0.9979129470272565,18,7
Danica McKellar,36.0,False,0.14216599380399977,0.0002852079827454097,0.14165754909631656,0.1428651510535623,0.9979938382230942,18,7
James Maslow,35.0,False,0.13825930747035453,0.0003134034506113238,0.1376444286733225,0.1388116076132887,0.9977332198725317,18,7
Meryl Davis,39.0,False,0.15444872571423976,0.0003147754962118781,0.1537977759549811,0.1550271435538098,0.9979619417722211,18,7
NeNe Leakes,33.0,True,0.13078972613287157,0.00033828902608508686,0.13021002490312955,0.1315258586871455,0.9974134893000586,18,7
Amy Purdy,40.0,False,0.17707544968284278,0.0003746782775588308,0.1763636891142285,0.1778127843015288,0.9978840755269581,18,8
Candace Cameron Bure,36.0,False,0.1593009364790167,0.00035345653406568316,0.15867885912492222,0.16005941279082625,0.9977812024092385,18,8
Charlie White,40.0,False,0.17713524991273533,0.00038945579516849884,0.17645263271882586,0.177927927182858,0.9978013648025429,18,8
Danica McKellar,38.0,True,0.16796986406721628,0.000364589833706141,0.16734354872274834,0.16864596952301306,0.9978294330609195,18,8
James Maslow,36.0,False,0.15929684264299981,0.0003749222268447331,0.15859431319216424,0.15995567809871356,0.9976463926049999,18,8
Meryl Davis,36.0,False,0.15922165721518927,0.00033196650483642863,0.15864216468844722,0.15987438667114312,0.9979150668907574,18,8
Amy Purdy,39.0,False,0.20404273955945487,0.0003173755002976668,0.2034339910844768,0.20466828412790414,0.998444563619451,18,9
Candace Cameron Bure,36.0,False,0.18874039237890275,0.0003063269367318165,0.1881494947178584,0.18937188787634218,0.9983769932187231,18,9
Charlie White,38.0,True,0.19888016132129963,0.00027720534537580823,0.19838222702933153,0.19933918602284115,0.9986061689434776,18,9
James Maslow,38.0,False,0.19881588995897492,0.00028455798674055,0.1983250259062362,0.19937052314412937,0.9985687361970954,18,9
Meryl Davis,40.0,False,0.20952081678136777,0.00030617005103245363,0.2089522959961866,0.21012393487769268,0.9985387129749883,18,9
Amy Purdy,29.666600000000003,False,0.258502848859438,0.0006054758043070806,0.25736148955125526,0.2596858657693707,0.9976577596456729,18,10
Candace Cameron Bure,25.9998,False,0.22742176930357766,0.0005717132643933842,0.2262550322170668,0.22843527329885221,0.997486110207725,18,10
James Maslow,29.0,True,0.25253644239008904,0.0005858068111655781,0.25130814176279176,0.2535355978374683,0.9976803078176706,18,10
Meryl Davis,30.0,False,0.2615389394468953,0.0006219046823650685,0.2603725438653038,0.2628002742038985,0.9976221335007311,18,10
Alfonso Ribeiro,36.0,False,0.09832488516316225,0.0007029046403618287,0.09706158282533593,0.09975211384882451,0.9928512030378127,19,1
Antonio Sabato Jr.,25.0,False,0.06701112097637049,0.0005203345457907068,0.066169519010868,0.06798659630356965,0.9922351016038937,19,1
Bethany Mota,32.0,False,0.08558837610261615,0.00056352974712594,0.08454879955984988,0.08671593162784452,0.9934158144740322,19,1
Betsey Johnson,20.0,False,0.05628321818555575,0.0004501138134242946,0.05544576723633753,0.05722490323015118,0.9920026994202722,19,1
Janel Parrish,29.0,False,0.07710692638827518,0.0005502508151891694,0.07614826758031416,0.07820723528162818,0.9928637952391156,19,1
Jonathan Bennett,30.0,False,0.07984436618549927,0.0005438069754224988,0.07892015099592035,0.0809109828953826,0.9931891628501491,19,1
Lea Thompson,32.0,False,0.08551403726595778,0.0005776983772008487,0.08443829817178938,0.08664245003270019,0.9932444029580296,19,1
Lolo Jones,22.0,True,0.06024012819447325,0.0004950397126591469,0.05938564264852312,0.06118647925459368,0.9917822267731402,19,1
Michael Waltrip,25.0,False,0.06689768483521433,0.00045869029248558034,0.06608899381349935,0.06776166780175681,0.9931434055809936,19,1
Randy Couture,31.0,False,0.08260019324537998,0.0005815475321441203,0.08157267465347669,0.08393726209598258,0.9929594894479663,19,1
Sadie Robertson,34.0,False,0.0918049700934296,0.000646720774343638,0.09060382832114149,0.09313638652197144,0.9929554927833921,19,1
Tavis Smiley,29.0,False,0.07697769281946376,0.0006055044030012274,0.07566555919834958,0.0781589748630797,0.9921340276536825,19,1
Tommy Chong,27.0,False,0.07180640054460213,0.000589972064295643,0.07079226701000894,0.07308628645872879,0.9917838513026539,19,1
Alfonso Ribeiro,32.0,False,0.08817959125904501,0.0004207828039397846,0.08732941540823322,0.08899548628806732,0.9952281157359456,19,2
Antonio Sabato Jr.,31.0,False,0.08526940257969003,0.00040908989416389897,0.08449019744343711,0.08607989145923821,0.9952023834835528,19,2
Bethany Mota,33.0,False,0.09099343424769586,0.0004565803462068225,0.09016386834655009,0.09184803217059634,0.9949822715234161,19,2
Betsey Johnson,28.0,False,0.0771965704373842,0.00036955437016791256,0.07652724666007278,0.07790692326093858,0.9952128136253454,19,2
Janel Parrish,34.0,False,0.09412803431102003,0.00044000135318853514,0.09340899702668169,0.09494888264766049,0.9953255015213144,19,2
Jonathan Bennett,30.0,False,0.08244966740306639,0.0003905751764905892,0.08174790736892933,0.08318676089799382,0.9952628653481256,19,2
Lea Thompson,35.0,False,0.09738156122608381,0.0004691019865731661,0.09632961164297613,0.09822511297739035,0.9951828459036092,19,2
Michael Waltrip,24.0,False,0.06764001629023773,0.00034742543432202924,0.067002266884249,0.06832185375961627,0.9948636110193816,19,2
Randy Couture,28.0,False,0.07713821067666365,0.00034561807422192034,0.07652672782001155,0.07778852674223725,0.9955194958349419,19,2
Sadie Robertson,31.0,False,0.08526983823037694,0.00041907122086746193,0.08456405105248566,0.08610524319708567,0.9950853522234293,19,2
Tavis Smiley,28.0,True,0.07717708021117954,0.0003745974136470501,0.07642551134942094,0.07782005828280109,0.9951462608766484,19,2
Tommy Chong,28.0,False,0.07717659312755687,0.0003583956458743953,0.07646248212824087,0.07776293193407793,0.9953561613521597,19,2
Alfonso Ribeiro,32.0,False,0.0898754849494688,0.000518046089473883,0.08896824535463257,0.09081292310100587,0.9942359577835364,19,3
Antonio Sabato Jr.,29.0,False,0.08173152460080732,0.0005716718226728141,0.08061883403888627,0.08281151520611728,0.9930054917552931,19,3
Bethany Mota,40.0,False,0.11516087650069087,0.0007245637265269038,0.11365875481028753,0.11661394356959964,0.9937082475529564,19,3
Betsey Johnson,29.0,False,0.08183705304973195,0.0004527927326128568,0.08102154287620998,0.08269519837003708,0.9944671427459919,19,3
Janel Parrish,40.0,False,0.11534074271871483,0.0006903604171110261,0.11393014071618832,0.1167527044325644,0.9940146005579777,19,3
Jonathan Bennett,32.0,False,0.08975402993904869,0.0005687463907550675,0.08860497883044986,0.09085956560540559,0.9936632773910954,19,3
Lea Thompson,31.0,False,0.08706459780349056,0.0005757253000721314,0.08586908838843152,0.08818876038178668,0.9933873777103803,19,3
Michael Waltrip,28.0,False,0.07931432994721833,0.0005670643925425474,0.07839474561981861,0.08039643861592903,0.9928504169054959,19,3
Randy Couture,26.0,True,0.07458423769593729,0.0004574700416895692,0.07384386645646716,0.07548050668253153,0.9938663978365702,19,3
Sadie Robertson,32.0,False,0.08978716574691609,0.0005413505905214123,0.08886498900676862,0.09085901491510327,0.9939707352825088,19,3
Tommy Chong,34.0,False,0.09554995704797531,0.0006379875934194633,0.09428162243055427,0.09673469905140725,0.9933229944509642,19,3
Alfonso Ribeiro,40.0,False,0.12638461865232029,0.0010284971245286107,0.12435461036157731,0.12831701691521463,0.9918621653845554,19,4
Antonio Sabato Jr.,29.0,False,0.08977682387062877,0.0008326625549734427,0.08781970011634095,0.09143689894673848,0.9907251947766237,19,4
Bethany Mota,33.0,False,0.10165137768164481,0.0007683363288792512,0.10019935226923025,0.10306085743179162,0.9924414568065614,19,4
Betsey Johnson,29.0,True,0.08963121055567806,0.0007183620923886721,0.08824544836880123,0.09096113538119906,0.9919853576903055,19,4
Janel Parrish,36.0,False,0.11177408926383166,0.0009169620843555016,0.10995054808504576,0.1133460256830764,0.9917962911583998,19,4
Jonathan Bennett,24.0,False,0.07684183088916395,0.0006845166527311541,0.07557124374096351,0.07822554411913352,0.9910918747665123,19,4
Lea Thompson,39.0,False,0.1226105552449457,0.0009380490340283145,0.12102301014398877,0.12455037049855083,0.9923493615035481,19,4
Michael Waltrip,25.0,False,0.0790500406548949,0.00070261134221491,0.07773050803793453,0.08052044829931104,0.9911118155488083,19,4
Sadie Robertson,37.0,False,0.11525318677328185,0.0008033087786724151,0.11370435905940583,0.11665291097999866,0.993030051479161,19,4
Tommy Chong,28.0,False,0.0870262664136099,0.0007727889635316288,0.08568604525944912,0.08844025014245832,0.9911200492060777,19,4
Alfonso Ribeiro,34.0,False,0.1280638989335746,0.0010315085731673892,0.12588759958807919,0.13000399214739322,0.9919453602322196,19,5
Antonio Sabato Jr.,28.0,False,0.10450909767832282,0.0009505092965407083,0.10278795637640659,0.10616234989812585,0.990905009059916,19,5
Bethany Mota,32.0,False,0.11976559928298364,0.0010757315672724516,0.11755511851241737,0.12154857500747199,0.9910180254287319,19,5
Janel Parrish,33.0,False,0.12402080353967147,0.0010166989186943189,0.12188879647564695,0.1256706265200871,0.991802190522261,19,5
Jonathan Bennett,24.0,False,0.0910582392290861,0.0007814609935753603,0.08968640026561792,0.09273706658770928,0.9914180089556822,19,5
Lea Thompson,34.0,False,0.12806097105509429,0.001088744551725212,0.12594566133259721,0.13014199147513258,0.9914982328905126,19,5
Michael Waltrip,20.0,False,0.07960694989364006,0.0007395335563873732,0.07838000266210551,0.08117608773942647,0.9907101885278178,19,5
Sadie Robertson,36.0,False,0.1369629794342909,0.0011649790489608374,0.13479513923642575,0.13886394540193414,0.9914942048298552,19,5
Tommy Chong,23.0,False,0.08795146095333616,0.0007713952850650172,0.08623994162045855,0.08927723490289546,0.9912293067482496,19,5
Alfonso Ribeiro,39.0,False,0.13458258290195063,0.0006427282395888293,0.13355922253305666,0.13581748544518682,0.99522428366487,19,6
Antonio Sabato Jr.,28.0,False,0.0960436167082279,0.0005157306304412498,0.09495475891811439,0.096967611906699,0.9946302456309201,19,6
Bethany Mota,36.0,False,0.12283447457676938,0.0006471929480928938,0.12168312751112573,0.12400092021487302,0.9947311782761084,19,6
Janel Parrish,33.0,False,0.11199716265618687,0.0005916029016121749,0.11071501214111099,0.11330252045119915,0.9947176974167792,19,6
Jonathan Bennett,32.0,True,0.10860377219165258,0.0005427671812415504,0.10756665698077708,0.10957065685085879,0.9950023174122927,19,6
Lea Thompson,32.0,False,0.10867971695298792,0.000585539838102914,0.10752630513473269,0.1097725081241423,0.9946122436226421,19,6
Michael Waltrip,30.0,False,0.10212470261796998,0.0004685847013224119,0.10124760441245893,0.10317538251325381,0.995411641950378,19,6
Sadie Robertson,35.0,False,0.11909412868336601,0.0006913200849358865,0.117838022970373,0.12065114747015672,0.9941951791194183,19,6
Tommy Chong,28.0,False,0.09603984271088879,0.0005464625870375002,0.09494081367190414,0.0969637250882071,0.9943100428779071,19,6
Alfonso Ribeiro,34.0,False,0.13111139899667318,0.000551292693806524,0.1301054307064979,0.13214984770285002,0.9957952344492906,19,7
Antonio Sabato Jr.,29.5,True,0.11408807868659389,0.00048459674128821517,0.1131518223015105,0.11497179277981377,0.9957524331475559,19,7
Bethany Mota,37.5,False,0.14613180180688012,0.0005741638796681952,0.14505497582682228,0.14718356139198993,0.996070917674532,19,7
Janel Parrish,33.5,False,0.12915610569822503,0.0004977060262887518,0.12824921951438947,0.13024158254699988,0.9961464769814936,19,7
Lea Thompson,35.0,False,0.13521406183369453,0.0005415863570426029,0.13423254524183736,0.13634842108020168,0.9959946003418733,19,7
Michael Waltrip,28.0,False,0.10892715203189297,0.0004913759890442272,0.10805752247534287,0.10993683271499988,0.995488948532315,19,7
Sadie Robertson,31.0,False,0.11946754769565818,0.0004906291463823022,0.11850643372996654,0.12032380948441088,0.9958932014940813,19,7
Tommy Chong,30.0,False,0.11590385325038205,0.00048094692054734446,0.11503201687562181,0.116817465047217,0.9958504665111662,19,7
Alfonso Ribeiro,41.0,False,0.1645851268684151,0.0013624061040576102,0.1622682354071409,0.16701554588901757,0.9917221797012871,19,8
Bethany Mota,40.0,False,0.1599811600226132,0.001307093768083709,0.15792140390245818,0.16247812591894248,0.99182970189803,19,8
Janel Parrish,43.0,False,0.1741674539806205,0.0014005009627988283,0.17098047536203523,0.17629175787568455,0.9919588824961829,19,8
Lea Thompson,32.0,False,0.12774965046413742,0.0009110759668408353,0.1259638802748064,0.1296114355693433,0.9928682703746685,19,8
Michael Waltrip,25.0,True,0.10483942791778493,0.000884311807899332,0.10314962644641777,0.10653246653034376,0.9915650836191818,19,8
Sadie Robertson,38.0,False,0.15138275967555678,0.0012207222400892708,0.14902651155843777,0.15377418937313375,0.9919361871675115,19,8
Tommy Chong,29.0,False,0.11729442107087193,0.0009855211339085943,0.11549855924434639,0.11912376548696038,0.9915978856887565,19,8
Alfonso Ribeiro,38.5,False,0.17972655458091777,0.0006573497444810271,0.1784139385389963,0.18114352125905847,0.9963425007171933,19,9
Bethany Mota,37.0,False,0.17223731155836283,0.000685627491803593,0.17083508752869267,0.17354299661549052,0.9960192859166217,19,9
Janel Parrish,38.5,False,0.17961531227553315,0.0007551400816435581,0.17821864259043657,0.18097041154489066,0.9957957922847627,19,9
Lea Thompson,35.0,True,0.16289969269988608,0.0007575177247432873,0.1614378917393459,0.164167959174243,0.9953497903391452,19,9
Sadie Robertson,36.5,False,0.16980336507673033,0.0007856764728471342,0.16842528814071614,0.17118835609251618,0.9953730217743794,19,9
Tommy Chong,28.5,False,0.13571776380856979,0.0006263797561128786,0.1346863386360539,0.13688473226174996,0.9953846884996101,19,9
Alfonso Ribeiro,37.5,False,0.2049683157335345,0.0007030022546730997,0.20366388646455763,0.20635271815363587,0.9965701906064983,19,10
Bethany Mota,38.0,False,0.20772551698666825,0.0006650290756223459,0.20656209785394306,0.20905319428200766,0.9967985200601762,19,10
Janel Parrish,39.0,False,0.21349275103668,0.0007229586688077903,0.21224207598732794,0.21485409618252957,0.9966136617505876,19,10
Sadie Robertson,37.0,False,0.20227541301397856,0.0006310429246465176,0.20119045267789668,0.2037289292297585,0.9968802786495712,19,10
Tommy Chong,31.0,True,0.17153800322913867,0.0005638093943377865,0.17039673212321874,0.17260474799621525,0.9967132099958943,19,10
Alfonso Ribeiro,40.0,False,0.255915261701504,0.0001873989151334022,0.2555987820236293,0.25627116091993235,0.9992677306000141,19,11
Bethany Mota,38.0,True,0.24311071940044332,0.00018236304829761488,0.24275694926685026,0.24347554617394956,0.9992498765634549,19,11
Janel Parrish,38.99980000000001,False,0.24937822782739777,0.00017585444557167325,0.2490290601301798,0.24972240782944696,0.9992948283933857,19,11
Sadie Robertson,39.333200000000005,False,0.251595791070655,0.00016921959840174623,0.25122932637981515,0.2519079786514102,0.9993274148280397,19,11
Charlotte McKinney,22.0,False,0.06983900349957226,0.0004209144236615859,0.06911917383861564,0.0707607401012666,0.9939730751790558,20,1
Chris Soules,26.0,False,0.08120646977652253,0.00042672021912804834,0.08042720712980224,0.08203386997937513,0.9947452435710804,20,1
Michael Sam,26.0,False,0.08125865666908841,0.0004689600470561652,0.08032059125075092,0.08207307725595123,0.9942287989208839,20,1
Nastia Liukin,30.0,False,0.09454288735478666,0.0004777569520221824,0.09368031943999969,0.09546552412793828,0.9949466642558807,20,1
Noah Galloway,26.0,False,0.08125673797864798,0.0004819169573528693,0.08034359074814554,0.08211329178854827,0.9940692062056502,20,1
Patti LaBelle,25.0,False,0.07817942807515105,0.0004549623393896123,0.07728456583182663,0.07894587569670505,0.9941805363560312,20,1
Redfoo,22.0,False,0.06985568693524258,0.000423265565299239,0.06916687619644288,0.07058951223103575,0.9939408574467014,20,1
Riker Lynch,31.0,False,0.09806378320483754,0.0006080344640357359,0.09707098866894633,0.09918782697981879,0.9937996022163895,20,1
Robert Herjavec,28.0,False,0.08751831723129533,0.00048551866474204325,0.08659208786387985,0.08839292791062361,0.9944523765983879,20,1
Rumer Willis,32.0,False,0.10185874169943335,0.0005365223694195835,0.10085844548984325,0.10280803890505437,0.9947326821393223,20,1
Suzanne Somers,25.0,False,0.07819981883586906,0.0005141479468587191,0.07730531719525388,0.07906398354893603,0.9934252028391799,20,1
Willow Shields,25.0,False,0.07822046873955331,0.0004702105653935424,0.07732044210530331,0.07907307588005184,0.9939886506310877,20,1
Charlotte McKinney,26.0,False,0.07487557287106855,0.00040472255122801017,0.07417480416648918,0.07558191255187789,0.9945947318236227,20,2
Chris Soules,21.0,False,0.06300517359877585,0.0003417901445074557,0.062318990870245,0.06367950976943841,0.994575205098489,20,2
Michael Sam,28.0,False,0.08018029312294594,0.00046735247505391486,0.0793438708717392,0.08119573902538627,0.9941712301508141,20,2
Nastia Liukin,34.0,False,0.09864153901865469,0.0005306884543430372,0.09759970526702975,0.09955970013037639,0.9946200306724464,20,2
Noah Galloway,27.0,False,0.07743777851951976,0.000413126391796783,0.07671460523887629,0.07840034201595812,0.9946650536767058,20,2
Patti LaBelle,28.0,False,0.08016862798606283,0.00042653630101462185,0.07938590137560422,0.08091531345650493,0.9946795110290677,20,2
Redfoo,31.0,True,0.08896340711335754,0.0004980571675920634,0.08812382381876194,0.08987663014552263,0.9944015502131406,20,2
Riker Lynch,32.0,False,0.0920575376435097,0.00051920242917514,0.09118160796960174,0.09294783100825565,0.9943600226286115,20,2
Robert Herjavec,28.0,False,0.0803113917963276,0.0004325257282655776,0.07957905318292795,0.08115197299083594,0.994614391326171,20,2
Rumer Willis,32.0,False,0.09206847299130955,0.0004729124410655001,0.09123622625599073,0.09288132833753045,0.994863470353091,20,2
Suzanne Somers,28.0,False,0.08018279838408905,0.00048346042954016376,0.07927626895599893,0.08103515574004991,0.9939705218664943,20,2
Willow Shields,32.0,False,0.09210740695437888,0.0005110329809437616,0.09113412026372612,0.09301212660135329,0.9944517710590107,20,2
Charlotte McKinney,22.0,True,0.07151391239125773,0.000495145218341259,0.07057555553450379,0.07252855523380104,0.9930762392689092,20,3
Chris Soules,28.0,False,0.08852122014891506,0.0007041442499305285,0.0872498401225358,0.089857873216824,0.9920454750991233,20,3
Michael Sam,24.0,False,0.0768191701298123,0.0005691973494554981,0.07550690391264658,0.07801594528224887,0.9925904256907013,20,3
Nastia Liukin,34.0,False,0.10906511503378477,0.0007885132954221511,0.107522792263627,0.1105277097213788,0.9927702520170827,20,3
Noah Galloway,30.0,False,0.09494761734013149,0.0006637722102400428,0.09344877338496056,0.09608584503595156,0.993009069328594,20,3
Patti LaBelle,22.0,False,0.07154319965771717,0.0005553343923145933,0.07025255468134313,0.07255893040530517,0.9922377752886162,20,3
Riker Lynch,34.0,False,0.10919571617491373,0.0007700320928805294,0.1078976439649989,0.1105407739032141,0.9929481474195648,20,3
Robert Herjavec,29.0,False,0.09161535266661781,0.0006458563870348218,0.09024672197303367,0.09292360533520075,0.9929503476411312,20,3
Rumer Willis,33.0,False,0.1054914669822669,0.0007425978468678721,0.10413101652745192,0.10697504385527078,0.9929605884901316,20,3
Suzanne Somers,25.0,False,0.07947848295837248,0.0006610277017706334,0.07824892400291548,0.08092088429197165,0.9916829350892763,20,3
Willow Shields,32.0,False,0.1018087465162103,0.0007559681488797309,0.10042217949621061,0.10318761371428675,0.9925746247277549,20,3
Chris Soules,27.0,False,0.08384191074477589,0.0004040685593601201,0.08305750662666389,0.08465908878363557,0.9951805898056146,20,4
Michael Sam,30.0,True,0.09205894870882475,0.0004628625127376742,0.09116793952707153,0.09282354247856887,0.9949721073374228,20,4
Nastia Liukin,36.0,False,0.11067210154352188,0.000498843140943798,0.10970038063935143,0.11165438238067872,0.9954926026163186,20,4
Noah Galloway,32.0,False,0.0979285037868321,0.0005445779289555145,0.09701114796369115,0.09896623226908886,0.9944390253307562,20,4
Patti LaBelle,30.0,False,0.0920931275824776,0.0005509198875233868,0.09110956072250581,0.09319780238435899,0.9940177958770051,20,4
Riker Lynch,34.0,False,0.10419158239121806,0.0004978167647239537,0.10320790987667025,0.10525339230221996,0.9952221018886656,20,4
Robert Herjavec,34.0,False,0.10398345230965803,0.0005396474478755827,0.10278769629501652,0.10505080821470371,0.9948102564793816,20,4
Rumer Willis,35.0,False,0.10732545443379589,0.0006196467296748974,0.10630623445427773,0.1086294206213749,0.994226470011761,20,4
Suzanne Somers,28.0,False,0.08661442106649433,0.0004445819956504677,0.0857973989446798,0.08744066719630345,0.9948671134647524,20,4
Willow Shields,39.0,False,0.12129049743240157,0.0006013521073900383,0.12026343371074054,0.12249557377371607,0.9950420509428186,20,4
Chris Soules,27.0,False,0.09489204628356372,0.000722172020861392,0.09347597449941754,0.0961619612374738,0.9923895410717212,20,5
Nastia Liukin,38.0,False,0.13494561258162618,0.0010663512993045344,0.13290174383984654,0.13698297432361559,0.9920979179766996,20,5
Noah Galloway,28.0,False,0.09805325544991157,0.0008407035307847565,0.09635892819898968,0.0995157213207137,0.991426051823295,20,5
Patti LaBelle,27.0,False,0.0951292688966633,0.0008082546328346759,0.09369415762485332,0.0964379330203935,0.9915036177381678,20,5
Riker Lynch,38.0,False,0.13493123912626262,0.0011437446477105845,0.1327181398662356,0.13727815916643824,0.9915235000055078,20,5
Robert Herjavec,24.0,False,0.08647260608369116,0.0007666577338804532,0.08518636443388256,0.08810843351114724,0.9911340970441153,20,5
Rumer Willis,39.0,False,0.13892121541536442,0.0009990445683629662,0.1371490534501657,0.14063321778963958,0.9928085529242175,20,5
Suzanne Somers,28.0,True,0.09807694064895,0.0009122775026063442,0.09641056776360811,0.0998872014079458,0.9906983486987865,20,5
Willow Shields,34.0,False,0.11857781551396694,0.0008946576419391271,0.11682555537083712,0.12028665145755484,0.9924551009979287,20,5
Chris Soules,35.0,False,0.12356670993621148,0.0002305247332535148,0.12315763383179966,0.12399260266884185,0.9981344106889912,20,6
Nastia Liukin,36.5,False,0.1289221964095182,0.000263669355538088,0.1284514145850619,0.12935923128381524,0.9979548179996829,20,6
Noah Galloway,34.0,False,0.12014383329420075,0.00020979638827082976,0.11974437442309072,0.12050110834954143,0.9982537897907994,20,6
Patti LaBelle,34.0,True,0.12015787660732151,0.0001839974899514431,0.11979042583702917,0.1205557462214475,0.9984687022178933,20,6
Riker Lynch,38.0,False,0.1345037187470259,0.0002547860831899149,0.13409772810533563,0.13495353390213452,0.9981057320528876,20,6
Robert Herjavec,33.5,False,0.11846001830349269,0.00022671729445123776,0.11796277637225869,0.11883000477123304,0.9980861281494117,20,6
Rumer Willis,35.5,False,0.12532766474076082,0.00024513822784267387,0.12495513745668396,0.1257911621253465,0.9980440214189761,20,6
Willow Shields,36.5,False,0.12891798196146875,0.0002358795599590635,0.12848785177969477,0.12944713056787552,0.9981703129666615,20,6
Chris Soules,31.0,False,0.12288716214289681,0.0005879688667319335,0.1217138986503429,0.12382411836718085,0.9952153759881913,20,7
Nastia Liukin,41.0,False,0.161906116128478,0.0006383553196768265,0.16076724368229742,0.1631759849873382,0.9960572501216058,20,7
Noah Galloway,38.0,False,0.14908714653625238,0.0006577589114532697,0.14793393173827601,0.15040180256526245,0.9955880910813909,20,7
Riker Lynch,37.0,False,0.14499502924860366,0.0005889603267956635,0.14385935432954206,0.14610484901027065,0.9959380653954292,20,7
Robert Herjavec,31.0,False,0.12291002076171832,0.0005824124388969347,0.1218362586892791,0.12399829583008606,0.9952614731061998,20,7
Rumer Willis,37.0,False,0.14506642615189164,0.000607712617636564,0.1440692283604435,0.1461041897826206,0.9958107976203932,20,7
Willow Shields,39.0,True,0.15314809903015894,0.0005905845648948643,0.15201057755716202,0.15424466210492724,0.9961437029343827,20,7
Chris Soules,32.0,True,0.15106673177300314,0.0007681048696145042,0.14973510216096453,0.152577929141952,0.9949154598064074,20,8
Nastia Liukin,38.0,False,0.17917451212164465,0.0007771807359186622,0.17779953938758597,0.18048866543544306,0.9956624369910883,20,8
Noah Galloway,31.5,False,0.14899414506258293,0.0007691311779888241,0.14754406453647706,0.1505219015844913,0.9948378429389574,20,8
Riker Lynch,39.0,False,0.18434667228709553,0.00083508385294224,0.18290296488905672,0.18590731524810283,0.9954700356530347,20,8
Robert Herjavec,31.0,True,0.14676512721591767,0.0007197810149580257,0.14530103524263313,0.14827496101013915,0.9950956945385323,20,8
Rumer Willis,40.0,False,0.1896528115397561,0.0008430495768500408,0.18820390087357491,0.19107264275557648,0.9955547741686217,20,8
Nastia Liukin,40.0,True,0.2547871907702391,0.00022308230765612054,0.2543989069323793,0.25517921241117164,0.9991244367231268,20,9
Noah Galloway,38.0,False,0.24214184972758626,0.00021240969639484583,0.24172844339971594,0.2425480156920445,0.9991227881647315,20,9
Riker Lynch,40.0,False,0.25473295479607694,0.000245986361303369,0.254191049126229,0.2551773343707535,0.9990343363248768,20,9
Rumer Willis,39.0,False,0.24833800470609785,0.0002206576772454405,0.2479652255420181,0.24877884022186897,0.9991114623091758,20,9
Noah Galloway,36.0,False,0.31068466548195656,0.0006629309689632616,0.30957617574322344,0.3119845475202705,0.9978662256537996,20,10
Riker Lynch,40.0,False,0.3446527525168042,0.0006295288647828533,0.3434377237601123,0.34567952540353547,0.9981734401939757,20,10
Rumer Willis,40.0,False,0.3446625820012389,0.0006134980488328269,0.3434865321883892,0.3460647370532457,0.9982200039085455,20,10
Alek Skarlatos,22.0,False,0.08663377165506439,0.0008860801195255995,0.08522709808546636,0.08850510458288821,0.9897721165476489,21,1
Alexa PenaVega,22.0,False,0.08672549261037797,0.0008288386963389019,0.08533609010148863,0.0884115222047886,0.9904429635232799,21,1
Andy Grammer,21.0,False,0.08234360394936553,0.000922665493034204,0.08056208446994134,0.08419181973602191,0.9887949342902023,21,1
Bindi Irwin,24.0,False,0.09622972675783467,0.000884479625898467,0.09464680659967481,0.0978580826760578,0.9908086653085456,21,1
Carlos PenaVega,23.0,False,0.09145099407136534,0.0009995509353671935,0.08961675805957084,0.0934124334820479,0.98907009217869,21,1
Chaka Khan,13.0,False,0.05414845899054439,0.0006594482013437513,0.052984036924485535,0.05547184151972946,0.9878214779582387,21,1
Gary Busey,15.0,False,0.06024397422329398,0.0006479142680096292,0.05910136922350546,0.0613499958605667,0.9892451605930224,21,1
Hayes Grier,21.0,False,0.08223715603999024,0.0007208550333484165,0.0809965556534746,0.08352141299071299,0.9912344362565519,21,1
Kim Zolciak-Biermann,12.0,False,0.051610731280297084,0.0006163996259041733,0.050657611071111205,0.05294344825163684,0.9880567546590937,21,1
Nick Carter,24.0,False,0.09643514547006159,0.0010311282480661896,0.09428331623140052,0.09817278144981928,0.9893075471287975,21,1
Paula Deen,15.0,False,0.060329509086677405,0.0006624409895087999,0.05918676154997427,0.06197286335844604,0.9890196190962361,21,1
Tamar Braxton,23.0,False,0.09135139470556206,0.001006560807150432,0.08916584301897215,0.09324535740520161,0.9889814401805828,21,1
Victor Espinoza,15.0,False,0.0602600411595653,0.0005956829337837457,0.0591198351788108,0.06148734355867411,0.9901147937784109,21,1
Alek Skarlatos,22.5,False,0.08256180638870485,0.0005270692388450835,0.08149643128836669,0.08338434305612948,0.993616064595733,21,2
Alexa PenaVega,23.0,False,0.0846524387465543,0.0005405014734865908,0.08361561651078608,0.0856641145330284,0.9936150513619008,21,2
Andy Grammer,22.0,False,0.08070784699456958,0.0005071317243518764,0.07978506108391598,0.08196002167093241,0.9937164508379712,21,2
Bindi Irwin,24.0,False,0.08885504637878892,0.0005525228955482084,0.08794841455174947,0.08997502732380834,0.9937817499616982,21,2
Carlos PenaVega,22.5,False,0.08265189668151676,0.0004881583623404903,0.08178224682856869,0.08360400727501836,0.9940938032647755,21,2
Chaka Khan,15.0,True,0.0576059496015435,0.00038626082699882286,0.056852530210808404,0.05839156029298978,0.9932947754586017,21,2
Gary Busey,16.5,False,0.06197187736269116,0.0003705310654885655,0.06118091231748672,0.06270284066845858,0.9940209804631216,21,2
Hayes Grier,22.5,False,0.08267046615587896,0.0004969110090916396,0.08182751978702242,0.08378982310835591,0.9939892559919199,21,2
Kim Zolciak-Biermann,18.5,True,0.06827257295129913,0.00043652728828738895,0.06752855637546676,0.06915979480113325,0.9936061104859959,21,2
Nick Carter,22.5,False,0.08268189380520204,0.0004914073876090012,0.08185294100977768,0.08361397185007521,0.994056650555601,21,2
Paula Deen,18.5,False,0.06813496475439926,0.0003864992765658702,0.06732533409458247,0.06883557013624077,0.9943274458575115,21,2
Tamar Braxton,24.5,False,0.09099617841334394,0.0006009646843865413,0.08993639159650328,0.09206710669726954,0.9933957151293025,21,2
Victor Espinoza,18.5,True,0.06823706176550758,0.000467629699853352,0.06741552920298112,0.06914074966657216,0.9931469836514893,21,2
Alek Skarlatos,33.0,False,0.10735664376306596,0.000702539436706767,0.10595732255775989,0.1085305662636928,0.9934560227287167,21,3
Alexa PenaVega,36.0,False,0.11833394923989436,0.0008312520162776794,0.11703103933054171,0.120130088052684,0.9929753716358058,21,3
Andy Grammer,29.0,False,0.09417633053155723,0.000671345644122366,0.09284201270052785,0.09524211532760392,0.9928713972997981,21,3
Bindi Irwin,32.0,False,0.10377260833466964,0.0007209618502015362,0.10242817977067846,0.10539277456366013,0.9930524840632664,21,3
Carlos PenaVega,31.0,False,0.10057614589176436,0.0007318207685673366,0.09935204242037358,0.10219376033917883,0.9927237143352571,21,3
Gary Busey,25.0,False,0.08265838317581138,0.0007736013403908669,0.08141544992183809,0.08419860754064873,0.990640981462879,21,3
Hayes Grier,30.0,False,0.09712637165563727,0.0006228496481420171,0.09599170587445176,0.09837746123324032,0.9935872241748066,21,3
Nick Carter,36.0,False,0.1184230749654974,0.0008592659617183743,0.1166709212612334,0.11986595393072873,0.9927441002357967,21,3
Paula Deen,20.0,False,0.07019769017875808,0.0005492701358587757,0.06936290267513194,0.07151838975944269,0.9921753816334973,21,3
Tamar Braxton,33.0,False,0.10737880226334431,0.0007936168714609589,0.10598212471818276,0.10887830668473406,0.9926091849160822,21,3
Alek Skarlatos,24.0,False,0.10039412347714981,0.0007665695531309497,0.09881451181980362,0.10158853238763935,0.9923643981681316,21,4
Alexa PenaVega,21.0,False,0.08843542193832969,0.0006485406817512258,0.08727371979440786,0.08987565470689035,0.9926665054846068,21,4
Andy Grammer,23.0,False,0.0962319684249602,0.0008072021136071492,0.0946033830417496,0.09779285964445089,0.9916119131010337,21,4
Bindi Irwin,28.0,False,0.11887863109949968,0.0008835408846159652,0.11736660626221238,0.12064051435987247,0.992567706437699,21,4
Carlos PenaVega,25.0,False,0.10463593952737764,0.0007529772359202641,0.1032632938882366,0.10594268218797649,0.9928038373877911,21,4
Gary Busey,16.0,True,0.071557709270607,0.0005664500081577874,0.07054642398221357,0.07260313918708945,0.9920840114373188,21,4
Hayes Grier,27.0,False,0.11405558688080142,0.0008352955791601745,0.11241625069168687,0.11537560929965694,0.9926764168068931,21,4
Nick Carter,27.0,False,0.11406254220380269,0.0009125869155060314,0.11251900879964888,0.1159520737690666,0.9919992409613714,21,4
Paula Deen,18.0,False,0.07777542721789106,0.0006430844753028827,0.07659731237250479,0.07903253807269142,0.9917315211461165,21,4
Tamar Braxton,27.0,False,0.11397264995958083,0.0009124860994256006,0.11226254387850224,0.1158651421924547,0.9919938151850536,21,4
Alek Skarlatos,29.0,False,0.09627288963318642,0.0006468191721681234,0.09521422965893664,0.09755880070874647,0.99328139858861,21,5
Alexa PenaVega,40.0,False,0.13365140660497368,0.0008569152828351847,0.13198780805099627,0.13508621440790172,0.9935884304954012,21,5
Andy Grammer,36.0,False,0.11884661492817938,0.0006839166171429619,0.11743227452770899,0.11992569499917195,0.9942453841234244,21,5
Bindi Irwin,37.0,False,0.12258804384684371,0.0008931122564716428,0.12123550782528733,0.12442720690229293,0.992714523958083,21,5
Carlos PenaVega,39.0,False,0.12977448908397962,0.0008993318049434707,0.1279838261075153,0.13160823232354057,0.993070041644614,21,5
Hayes Grier,30.0,False,0.09927522509512066,0.0006895319990201776,0.09801033632512131,0.10054119223735956,0.9930543396062864,21,5
Nick Carter,35.0,False,0.1152669856683794,0.0007973563004352265,0.11365020853720668,0.11672273217672854,0.9930825266592014,21,5
Paula Deen,26.0,False,0.08801286395818664,0.0005727329081709221,0.08698345563554692,0.0890728124598357,0.993492622755203,21,5
Tamar Braxton,29.0,False,0.09631148118115043,0.0006230130407813227,0.0950542199432085,0.09740861522792554,0.9935312692407927,21,5
Alek Skarlatos,30.0,False,0.09571242172129203,0.0007693081960838876,0.09419627305789928,0.09699315776459701,0.9919622951519912,21,6
Alexa PenaVega,30.0,False,0.09563723198895176,0.0007861483891338423,0.09412269834366421,0.09747818943896247,0.9917798918602677,21,6
Andy Grammer,40.0,False,0.12740397695036845,0.0007935170260595408,0.12584322081557306,0.1288043438274052,0.993771646340611,21,6
Bindi Irwin,40.0,False,0.12738156114314977,0.0009693598605860256,0.12558828524153146,0.12914471264228286,0.9923901084906891,21,6
Carlos PenaVega,38.0,False,0.12036331075844396,0.0008993830127443949,0.11878054905839763,0.122076870399141,0.9925277644235846,21,6
Hayes Grier,32.0,False,0.10130886210795106,0.0007230073908543309,0.09995956996608854,0.10245346195480448,0.9928633351928885,21,6
Nick Carter,39.0,False,0.12411995996034297,0.0008981384159231035,0.1224425545009153,0.12594254808018454,0.9927639485525933,21,6
Paula Deen,24.0,True,0.08045047769354889,0.0006467030340197357,0.07927229095045173,0.08170734501733688,0.9919614767673207,21,6
Tamar Braxton,40.0,False,0.1276221976759513,0.000886312636446255,0.1257744311202477,0.1291894232380841,0.9930551843442101,21,6
Alek Skarlatos,26.5,False,0.11993881099607387,0.00016007330585774145,0.11967245797899245,0.12024565909559709,0.9986653752481923,21,7
Alexa PenaVega,27.5,False,0.12441315038890448,0.0001530705537699162,0.12411869605552575,0.1247411363301966,0.9987696593704811,21,7
Andy Grammer,28.0,False,0.12665296896375453,0.00013606913035181588,0.126413343566412,0.12692562844930244,0.998925653844003,21,7
Bindi Irwin,29.0,False,0.13133163963521916,0.00018583217025181086,0.13100515580938354,0.1316865627549389,0.9985850159887749,21,7
Carlos PenaVega,28.0,False,0.12667046814910557,0.00016228856501186324,0.1263338748839289,0.1269509663544033,0.9987188129373546,21,7
Hayes Grier,28.0,True,0.1266454613423096,0.00014114348731681333,0.12641409058533076,0.12691265239775928,0.9988855227355103,21,7
Nick Carter,27.0,False,0.12217315644786744,0.00015496388740276522,0.12189413896098909,0.12249120904755476,0.9987316044546259,21,7
Tamar Braxton,27.0,False,0.12217434407676528,0.00016364697188422236,0.12187520101447101,0.1225003786528446,0.9986605455251604,21,7
Alek Skarlatos,25.0,False,0.12889127597444142,0.000526046439246804,0.1280026093009578,0.12975627102705342,0.9959186808007773,21,8
Alexa PenaVega,26.9998,False,0.13861527129769607,0.000662153574360288,0.1373673672653128,0.13993105554380475,0.9952230835162583,21,8
Andy Grammer,23.9998,True,0.1243460786544332,0.0005948717476157524,0.12314041920368997,0.12551709036218417,0.9952159991368208,21,8
Bindi Irwin,28.0,False,0.14359092946536264,0.0006483134752693929,0.14266825262843402,0.14498827210703602,0.9954849970142036,21,8
Carlos PenaVega,28.9998,False,0.14886473959065533,0.0006668365495292958,0.14773147554152485,0.15037682727874407,0.9955205204982527,21,8
Nick Carter,33.0,False,0.17203552466948036,0.0007454436518731722,0.170695516187879,0.17347438095832224,0.9956669202287997,21,8
Tamar Braxton,28.0,False,0.14365618034793107,0.0007510481881389846,0.14258420866275845,0.14534332843549208,0.9947719047915657,21,8
Alek Skarlatos,25.5,False,0.15499489784671863,0.0005524725942157224,0.15394853945854686,0.15608664039766834,0.9964355433508393,21,9
Alexa PenaVega,30.0,True,0.1826188480689963,0.000628653909767763,0.18120681432650365,0.18372839045790873,0.9965575628342029,21,9
Bindi Irwin,30.0,False,0.18262697256283375,0.000627899579539997,0.18155037362615542,0.1838729879750634,0.9965618464198985,21,9
Carlos PenaVega,27.0,False,0.16366117781343853,0.0005526029140595902,0.1624316684092389,0.16463952614035723,0.9966234942126011,21,9
Nick Carter,27.5,False,0.1666641207143779,0.0005040700972762417,0.1656700181702636,0.16761487116463217,0.9969755332154537,21,9
Tamar Braxton,24.5,True,0.14943398299363486,0.0005424103066764242,0.1484529161181406,0.15037919913507872,0.9963702345623784,21,9
Alek Skarlatos,28.5,False,0.24011544614793018,0.0006834940536335454,0.2387363497725228,0.24142650653370554,0.9971534773601676,21,10
Bindi Irwin,31.5,False,0.26572965291327566,0.0007140887521706173,0.2646178154249339,0.2672818403820933,0.9973127246269212,21,10
Carlos PenaVega,31.5,False,0.2658549872896452,0.0007336659809513708,0.2644225349290218,0.26715426257107283,0.9972403527636212,21,10
Nick Carter,27.0,False,0.22829991364914895,0.0006843309117801641,0.22684809223797278,0.22951535783706403,0.997002491587308,21,10
Alek Skarlatos,27.9999,False,0.2374721060722815,0.00031707467984506705,0.23684059307149133,0.23807923193248595,0.9986647918987649,21,11
Bindi Irwin,30.0,False,0.25418666406278256,0.00033293479526040127,0.25356417237046813,0.2548073273546447,0.9986901956619637,21,11
Carlos PenaVega,30.0,True,0.25421074386128845,0.0003048167714113452,0.2536443728404643,0.2547251963453992,0.9988009288404519,21,11
Nick Carter,30.0,False,0.2541304860036474,0.000336799314195247,0.2534999533883752,0.2547721622083953,0.9986746992873952,21,11
Antonio Brown,21.0,False,0.08759945720975405,0.0007002274941176949,0.08623927531976859,0.08887419254878968,0.9920064859255803,22,1
Doug Flutie,15.0,False,0.06467235418551211,0.00050342455382674,0.06375739659722156,0.06577511875849593,0.992215768852597,22,1
Geraldo Rivera,13.0,False,0.05850097351645576,0.0004605260686098349,0.05762691329865541,0.059333118802651554,0.9921278905131332,22,1
Ginger Zee,23.0,False,0.09701296302197647,0.0007587817936296972,0.09551089262427032,0.09825555669077596,0.9921785525357285,22,1
Jodie Sweetin,20.0,False,0.08329105348536076,0.0005925458863032476,0.08221961386464204,0.08448378363531195,0.9928858399370901,22,1
Kim Fields,20.0,False,0.08335459335267517,0.0006049908872888832,0.08227123421956244,0.0844601597479373,0.9927419610251212,22,1
Marla Maples,21.0,False,0.08775393949644467,0.0006069034888059019,0.08676629951841386,0.08915654340657785,0.9930840314145613,22,1
Mischa Barton,16.0,False,0.0681013403261333,0.0005361685055498401,0.06709367510336986,0.06896158760611668,0.9921269023049744,22,1
Nyle DiMarco,23.0,False,0.09717553923004657,0.0007207192784677806,0.09584192440131742,0.09847904538824681,0.9925833261726328,22,1
Paige VanZant,21.0,False,0.08765073675443581,0.0006746079738862406,0.08622269954740215,0.0888976905141519,0.9923034534692362,22,1
Von Miller,21.0,False,0.08779553729198775,0.0006664370586488135,0.08646040193868311,0.08893389076337621,0.9924092148735032,22,1
Wanya Morris,23.0,False,0.09709151212921746,0.000652468945544726,0.0957761220088678,0.0984622469662398,0.9932798559705572,22,1
Antonio Brown,19.0,False,0.07953612777264824,0.0006171825220720887,0.07820418133382452,0.08054034550148369,0.9922402241678613,22,2
Doug Flutie,20.0,False,0.08388036684698238,0.0005798694764012177,0.08265576257110263,0.0850234528050783,0.99308694634754,22,2
Geraldo Rivera,13.0,True,0.05870888562889534,0.00045854284572792214,0.057745778494052734,0.05956050620323353,0.992189549489554,22,2
Ginger Zee,21.0,False,0.08818102998300942,0.0006126466587759354,0.08699373517207683,0.08922242601985825,0.9930523984705784,22,2
Jodie Sweetin,21.0,False,0.08822265594077755,0.0006568035954747338,0.08702466083564114,0.08956069370133896,0.9925551595735722,22,2
Kim Fields,19.0,False,0.07974191456038004,0.0005931431535881305,0.07846994637286225,0.0807873764041034,0.9925617141642742,22,2
Marla Maples,20.0,False,0.08372551472467699,0.0005941727045915643,0.08244954438233214,0.08502852256099147,0.9929033257478865,22,2
Mischa Barton,15.0,False,0.06496492455039796,0.0005121728268407033,0.06396966708065696,0.0658798467177473,0.9921161637547447,22,2
Nyle DiMarco,20.0,False,0.08388212576816756,0.0006607561427850694,0.08282230980036659,0.08526116499724916,0.9921228016489322,22,2
Paige VanZant,24.0,False,0.10270049101563623,0.0007256623072203867,0.10120210051220908,0.10414053059916517,0.9929341885316799,22,2
Von Miller,20.0,False,0.0838230230573396,0.0005940108266548201,0.08273453781661058,0.08503192126057306,0.9929135122429492,22,2
Wanya Morris,24.0,False,0.10263294015108855,0.0008068049314828329,0.10099029135109237,0.10406533183431725,0.9921389280060074,22,2
Antonio Brown,20.0,False,0.08428990405666527,0.0003379108762187842,0.08364565467841348,0.08483625008659684,0.9959910871889044,22,3
Doug Flutie,20.0,False,0.08432537974657527,0.0003911249096064613,0.08356389335405309,0.08510619478066415,0.9953617177796066,22,3
Ginger Zee,21.0,False,0.08824097362786093,0.00038305728105123314,0.08742866703320573,0.08892483570413279,0.9956589635709744,22,3
Jodie Sweetin,23.0,False,0.09679743872169666,0.00041689633300464923,0.09596156756289898,0.09760007948175999,0.9956931057421543,22,3
Kim Fields,22.0,False,0.09249178062077583,0.00041016101920615466,0.09162541554344435,0.09324454895081018,0.9955654327719362,22,3
Marla Maples,21.0,False,0.08829421983087718,0.00037972433456659276,0.08748393030850374,0.0889033582874499,0.9956993296356892,22,3
Mischa Barton,18.0,True,0.07673689678305713,0.00033536576100040685,0.07621107309410301,0.07740390694819978,0.9956296674082544,22,3
Nyle DiMarco,25.0,False,0.10620530111769376,0.0005226944531482165,0.10521808873365635,0.10708486521107971,0.9950784523216126,22,3
Paige VanZant,23.0,False,0.09696087572741535,0.0004290306757933985,0.09609059576757309,0.09767330754998055,0.9955752186376748,22,3
Von Miller,20.0,False,0.08423359059457836,0.00036415149739064734,0.08347845748994673,0.08483719175061762,0.9956768850191448,22,3
Wanya Morris,24.0,False,0.10142363917280425,0.0004812587797993462,0.1006041407613302,0.102282015137218,0.9952549643877461,22,3
Antonio Brown,35.0,False,0.10939829475002685,0.0005809651006963828,0.10833085319669318,0.11057585474134819,0.994689450123296,22,4
Doug Flutie,24.0,False,0.07747615040917664,0.00043535748666263953,0.07647658202999542,0.07813150751896722,0.9943807547953354,22,4
Ginger Zee,36.0,False,0.11282776853435228,0.0005925781761790054,0.111831788416745,0.11394306152611117,0.9947479402998334,22,4
Jodie Sweetin,27.0,False,0.08497627318572581,0.0005005061275812888,0.08411940473121961,0.08600668404343985,0.9941100485015697,22,4
Kim Fields,32.0,False,0.09960148592567881,0.0005322931335958796,0.09857525115397307,0.10060154013427895,0.9946557711599496,22,4
Marla Maples,28.0,True,0.08785043871524831,0.0005124614226351682,0.08676339084905821,0.08874936374544774,0.9941666606322113,22,4
Nyle DiMarco,34.0,False,0.10609033594375149,0.0006892401102272721,0.10472493419407135,0.1073312101566478,0.9935032714893777,22,4
Paige VanZant,36.0,False,0.11279468134422206,0.0006414168899925853,0.1116646921004496,0.11405049570887214,0.9943134119237844,22,4
Von Miller,32.0,False,0.09951181493595605,0.0005196478521025995,0.09834383730418733,0.10032319786524793,0.9947780285945238,22,4
Wanya Morris,35.0,False,0.10947275625586173,0.0006435148215548838,0.10811981891896934,0.11068491841045433,0.9941216897832476,22,4
Antonio Brown,26.0,False,0.094856026983752,0.0005471252090131241,0.0939547149706009,0.09581714785204229,0.9942320459077751,22,5
Doug Flutie,28.0,False,0.10122604242496099,0.0005000651692031647,0.10023853139571419,0.10217911479494063,0.995059915835652,22,5
Ginger Zee,32.0,False,0.11542250983019979,0.0005869858848664396,0.11409937581084303,0.11650926645991717,0.9949144591836552,22,5
Jodie Sweetin,35.0,False,0.1272594938576036,0.0006414380390819369,0.12606410429800077,0.12864894638146776,0.9949596056086811,22,5
Kim Fields,28.0,False,0.10119888084142657,0.0004810697172824055,0.10026282446418629,0.10217898685500808,0.9952462940965107,22,5
Nyle DiMarco,37.0,False,0.13583162488725253,0.0006975022821091516,0.13450517761394695,0.1371965998152811,0.9948649492878546,22,5
Paige VanZant,31.0,False,0.11165438287748435,0.0005308907586807973,0.11061721527865077,0.11261373074830026,0.9952452313559126,22,5
Von Miller,29.0,False,0.10449228731339773,0.0005254000600463311,0.10351528514836342,0.10548337362536646,0.9949718771255286,22,5
Wanya Morris,30.0,False,0.10805875098392254,0.0005131505996383488,0.1070881421814907,0.10907955713154968,0.9952511888674829,22,5
Antonio Brown,27.0,False,0.11865199274420232,0.0005305606036790391,0.11774114783895757,0.11962412033626188,0.9955284307375869,22,6
Doug Flutie,21.0,True,0.09359189404402267,0.00043529186328754033,0.09264531916561274,0.0943402618020151,0.995349043122444,22,6
Ginger Zee,24.0,False,0.10549217957809243,0.00045078018284757786,0.10459916381501408,0.1064563669805396,0.9957268853041956,22,6
Jodie Sweetin,25.0,False,0.10975639576178584,0.0004493814528329486,0.10893575591632258,0.11065362495749657,0.9959056467760814,22,6
Kim Fields,24.0,False,0.10543935662021245,0.0004704788039356239,0.10456622192390276,0.1063483111719697,0.9955379203836546,22,6
Nyle DiMarco,25.0,False,0.1096069826883189,0.00047783164705927667,0.10868032250865209,0.11041149616501436,0.9956404999449894,22,6
Paige VanZant,28.0,False,0.12351625780879905,0.0005535224771349162,0.12256564756495646,0.12450850261529361,0.9955186265601427,22,6
Von Miller,24.0,False,0.10548989516689708,0.00044564866037106527,0.10473833790421558,0.10634418551938134,0.995775437451464,22,6
Wanya Morris,29.0,False,0.1284550455876693,0.0005486271339687674,0.12728693615515382,0.1294594515358382,0.9957290339864904,22,6
Antonio Brown,26.0,False,0.12149235647432381,0.0002002808390868904,0.12110946890796105,0.12186727178037349,0.9983514943252482,22,7
Ginger Zee,27.5,False,0.12848896754377281,0.00020095945223681282,0.1280805514548716,0.12886104530051873,0.9984359789320562,22,7
Jodie Sweetin,25.5,False,0.11920772485388173,0.00017826800687746453,0.11889106386279494,0.11956830793283414,0.9985045599427723,22,7
Kim Fields,26.0,True,0.12146104871830164,0.0001953515685537138,0.12111549194501452,0.1218620613941274,0.99839165254528,22,7
Nyle DiMarco,28.0,False,0.1309232397522447,0.00019557533248047178,0.130520615879664,0.13128221345408117,0.998506183219644,22,7
Paige VanZant,27.5,False,0.12845141261220752,0.00020868935294740505,0.12805207734033908,0.1288736152107632,0.998375344040961,22,7
Von Miller,26.0,True,0.12147005968188626,0.00018341209925255093,0.12115593378572456,0.12178263911339088,0.9984900633149199,22,7
Wanya Morris,27.5,False,0.12850519036338143,0.00022330824333910494,0.12816749614838316,0.1289194128092118,0.9982622628494021,22,7
Antonio Brown,27.0,False,0.15953972905236846,0.00047332792932943156,0.1585884420610494,0.16049598962625078,0.997033165769173,22,8
Ginger Zee,30.0,False,0.17750562530781683,0.0005326007017354431,0.17649302572718314,0.17867125759347777,0.9969995277568705,22,8
Jodie Sweetin,30.0,True,0.17760679594142284,0.0005647018729736129,0.17641805274809708,0.17859228584499412,0.9968204940020434,22,8
Nyle DiMarco,29.0,False,0.1712803416085042,0.00045970151995728726,0.17038073996202344,0.17220570344628913,0.9973160870906713,22,8
Paige VanZant,28.0,False,0.16542126964450993,0.0005390710460856633,0.16434793987377247,0.1663730711508702,0.9967412228956765,22,8
Wanya Morris,25.0,False,0.1486462384453776,0.0004104761893367232,0.14786937093641164,0.14949120093968465,0.9972385699521918,22,8
Antonio Brown,27.5,True,0.19169337231939618,0.00031041187332509076,0.19111160757880385,0.1923788378393704,0.9983806854166669,22,9
Ginger Zee,28.0,False,0.1950620410926164,0.00028824828951431363,0.19447697102381994,0.19556757239238956,0.9985222737960716,22,9
Nyle DiMarco,28.5,False,0.1985122182804629,0.0002482641315833106,0.1980269657927008,0.19902953852558747,0.9987493760649404,22,9
Paige VanZant,29.5,False,0.20556408486049033,0.00028778657290552684,0.2051049321550787,0.20612192856476838,0.9986000153037393,22,9
Wanya Morris,30.0,True,0.20916828344703414,0.0002887165304535034,0.2086201223452951,0.2097003608713477,0.9986196925953804,22,9
Ginger Zee,28.3332,False,0.32568718045636047,0.0002303576151874037,0.32527641423175035,0.3261250637262451,0.9992927028479763,22,10
Nyle DiMarco,28.9998,False,0.33329969888292615,0.00022648645969907535,0.3329079454441616,0.33373789091303957,0.9993204720542558,22,10
Paige VanZant,29.666600000000003,False,0.3410131206607134,0.0002648033797708182,0.3405231177940719,0.3415764278485869,0.9992234803773598,22,10
Amber Rose,24.0,False,0.0722749767635293,0.00047351684153025314,0.07128228698811782,0.0731625055742111,0.9934483985642844,23,1
Babyface,26.0,False,0.07824022543033912,0.0004243183339745034,0.0774008003706932,0.07905719256365153,0.994576724036253,23,1
Calvin Johnson Jr.,26.0,False,0.07818302509228377,0.00045667077041043006,0.07737973378488446,0.07909987497395166,0.9941589524085133,23,1
Jake T. Austin,22.0,False,0.06687422515782462,0.00044243100703656986,0.06606009328045867,0.06765741614781871,0.9933841325863227,23,1
James Hinchcliffe,31.0,False,0.09523170115621372,0.000571703992994661,0.0941430960893272,0.09649503710793379,0.99399670502518,23,1
Jana Kramer,27.0,False,0.08142905204043162,0.0004861839776404967,0.08043498183504622,0.08242304128958462,0.994029354813082,23,1
Laurie Hernandez,31.0,False,0.09520507853639792,0.0005200552431093718,0.09416691954018519,0.09611343832019126,0.9945375262422524,23,1
Marilu Henner,27.0,False,0.08133263868847969,0.00043660371530371663,0.0805573274886974,0.08217846636694154,0.9946318756855289,23,1
Maureen McCormick,22.0,False,0.06679885000573746,0.00041786987412856377,0.06595835125291641,0.06752361509287577,0.9937443552682019,23,1
Rick Perry,20.0,False,0.06172936510825492,0.0003809074025627162,0.06106702463214989,0.06241797091434243,0.9938293970479898,23,1
Ryan Lochte,24.0,False,0.07231175861412159,0.000408006857384843,0.07159409648923025,0.073149764881901,0.9943576692753098,23,1
Terra Jole,25.0,False,0.07520231473013907,0.0004254561039267221,0.07431118151422322,0.07599746243895131,0.9943425131865494,23,1
Vanilla Ice,25.0,False,0.07518678867624716,0.00045282505997267224,0.07444347567156029,0.07633731384014569,0.9939773320826013,23,1
Amber Rose,24.0,False,0.06828887074472433,0.00037843727489729755,0.0676148390475036,0.06900401982176656,0.9944582877009057,23,2
Babyface,30.0,False,0.08513399582712376,0.0004376032790995986,0.08439458298054402,0.08602727100858754,0.9948598292039738,23,2
Calvin Johnson Jr.,28.0,False,0.07908494741868387,0.0003261387417198412,0.0785060875230374,0.07969176738420712,0.9958760958644478,23,2
Jake T. Austin,24.0,True,0.06828925854397373,0.00037319037773171025,0.06758615711070677,0.06903409599404188,0.9945351525893139,23,2
James Hinchcliffe,29.0,False,0.08211831598686808,0.0004000502561843197,0.0813853541813944,0.08296806976973606,0.995128367510017,23,2
Jana Kramer,29.0,False,0.08203822326941199,0.0004261020972853876,0.0813359819024629,0.08289530284985687,0.9948060540525594,23,2
Laurie Hernandez,32.0,False,0.09171634223476499,0.00041614271220951927,0.09090144655101849,0.09254008970757116,0.9954627201426729,23,2
Marilu Henner,27.0,False,0.07618664822340777,0.0004140917629247235,0.07549731499241978,0.07696103431744021,0.9945647725345463,23,2
Maureen McCormick,26.0,False,0.07359728434413372,0.00033325060498393144,0.07305487004964317,0.07423364947510286,0.9954719714463147,23,2
Rick Perry,22.0,False,0.06333341929935873,0.0003836327568003173,0.06255529890285454,0.06397500319798105,0.993942648904096,23,2
Ryan Lochte,24.0,False,0.06832558220314029,0.0003769190969271664,0.06760793484287367,0.06900945237472048,0.9944834850319089,23,2
Terra Jole,31.0,False,0.08841975348615236,0.00041750305984968803,0.08764428267660943,0.0891893737265991,0.9952781698275706,23,2
Vanilla Ice,26.0,False,0.07346735841825648,0.00041755088867118464,0.0726043822153701,0.07416442315972818,0.9943165114731085,23,2
Amber Rose,25.0,False,0.07669046874380184,0.00041973931793256214,0.07586397461558025,0.07735623469816498,0.9945268385392874,23,3
Babyface,25.0,False,0.07676828188604956,0.00037787797000448953,0.0759258874636446,0.07752872128891507,0.9950776810328334,23,3
Calvin Johnson Jr.,32.0,False,0.0994097002695024,0.00047583461472924387,0.09859163845189446,0.10028898537462863,0.9952133985572913,23,3
James Hinchcliffe,29.0,False,0.08889277465708535,0.00042913399015438866,0.08805170518279565,0.08976253824651519,0.9951724536464316,23,3
Jana Kramer,26.0,False,0.07958565996660603,0.00038373876199759594,0.0788653449193776,0.08024913930578625,0.9951782926452,23,3
Laurie Hernandez,31.0,False,0.09570443221213903,0.00044500840777278905,0.09487823561898509,0.09665611063909602,0.9953501797410346,23,3
Marilu Henner,28.0,False,0.08572712253798499,0.0003885465211543344,0.08503275742293435,0.08654935922352328,0.9954676360333665,23,3
Maureen McCormick,28.0,False,0.08568488266945329,0.00044671570369377765,0.08486859916494278,0.08654145354059616,0.9947865283842767,23,3
Rick Perry,23.0,True,0.07128291607276138,0.0003570445808669217,0.07053762010698664,0.07197054044170993,0.9949911619706681,23,3
Ryan Lochte,25.0,False,0.07668802464568424,0.00041648914093655374,0.07590711074723958,0.07749083571964832,0.994569045912177,23,3
Terra Jole,30.0,False,0.09234763688210243,0.00048362327420871636,0.09136521803981276,0.09328156397499063,0.9947630140787885,23,3
Vanilla Ice,23.0,False,0.0712180994568294,0.0004071402981748876,0.07056376508047188,0.07208627956524011,0.9942831906315938,23,3
Amber Rose,24.0,False,0.09114540650885666,0.0005703931787699361,0.09005483247199202,0.09231988410772157,0.9937419426758,23,4
Babyface,18.0,True,0.07072423176212059,0.0004197094437026756,0.06997966683769505,0.07155395406169093,0.9940655496249947,23,4
Calvin Johnson Jr.,23.0,False,0.08741127294244244,0.0005477341952657342,0.08633658381495328,0.08843982831813717,0.9937338265783362,23,4
James Hinchcliffe,28.0,False,0.10777290045561064,0.0007166613426321157,0.10648762540678149,0.1090554466343489,0.9933502639383145,23,4
Jana Kramer,23.0,False,0.08747904358364866,0.0005714948919761393,0.08634848324912234,0.08830640633309494,0.9934670651556716,23,4
Laurie Hernandez,30.0,False,0.11735194602491424,0.0006352140457273253,0.11600031375158143,0.11846834278929858,0.9945871025812179,23,4
Marilu Henner,21.0,False,0.0804130424472924,0.0005112011241127973,0.07948175649757722,0.08129187052377858,0.9936428083236887,23,4
Maureen McCormick,24.0,False,0.09117097254951288,0.0006012257754402514,0.0899708260482324,0.09231888547252237,0.9934055131954007,23,4
Ryan Lochte,22.0,False,0.08383766042653319,0.0005594733069656682,0.08277687104074634,0.08499387809815918,0.9933267065884319,23,4
Terra Jole,25.0,False,0.0951423876450848,0.0005776601968049394,0.09393023567834097,0.09628528466756825,0.9939284664690168,23,4
Vanilla Ice,23.0,True,0.08755113565398347,0.0005455389757599527,0.0863243902248951,0.08847142738903259,0.9937689103438245,23,4
Amber Rose,24.0,False,0.10435136817620348,0.00031092024272158156,0.10380993228615108,0.10497655560338166,0.9970204488148485,23,5
Calvin Johnson Jr.,24.0,False,0.10435281118403035,0.00033982476488235875,0.10374120678776348,0.10500367403310192,0.996743501578668,23,5
James Hinchcliffe,29.0,False,0.12677002056536998,0.00040297768172539765,0.12598865770116768,0.12742672913237346,0.9968211910045593,23,5
Jana Kramer,26.0,False,0.11272704385344882,0.00030677712563118557,0.11216642857735629,0.11338245184075256,0.9972785844891843,23,5
Laurie Hernandez,25.0,False,0.10854444468371856,0.00029126706509534437,0.10799129653206566,0.10907690638980135,0.9973166101135433,23,5
Marilu Henner,27.0,False,0.11729681394319254,0.00035362138944794116,0.11659120437571834,0.11800239550193059,0.9969852430124897,23,5
Maureen McCormick,24.0,False,0.10430620616517616,0.00029459256086030713,0.10362587950909435,0.10481918147757885,0.997175694796206,23,5
Ryan Lochte,24.0,False,0.10430029002662929,0.00032159972163842084,0.10375562729953695,0.10490762406383805,0.9969165980117954,23,5
Terra Jole,27.0,False,0.11735100140223079,0.0003970068406951775,0.11657787734807554,0.11807643021054494,0.996616928394719,23,5
Amber Rose,28.0,True,0.09265760852563992,0.0004931384912880461,0.09161765956515705,0.09362121610340876,0.9946778413652713,23,6
Calvin Johnson Jr.,37.0,False,0.12103014625156723,0.0006845393636382012,0.11968892201198483,0.12233810057264119,0.9943440590229863,23,6
James Hinchcliffe,38.0,False,0.12456659116265213,0.000758278619055706,0.12340523777401984,0.12630537391094168,0.9939126646079157,23,6
Jana Kramer,40.0,False,0.13217385321170372,0.0007089823834202425,0.1308330723973341,0.13366954227657757,0.9946359861183387,23,6
Laurie Hernandez,37.0,False,0.12102578531880098,0.0006961823217084406,0.11960207210274391,0.12230924469105114,0.9942476529288813,23,6
Marilu Henner,34.0,False,0.11076635281858993,0.0005598737807880435,0.10967736079618498,0.11179450696327228,0.9949454525987238,23,6
Maureen McCormick,31.0,False,0.1011650277955176,0.0004899032810416866,0.1001191371401046,0.10217570170867447,0.9951573850003589,23,6
Ryan Lochte,30.0,False,0.09829654513943377,0.0005782251822011236,0.09712713114572233,0.09936087593270264,0.9941175431813914,23,6
Terra Jole,30.0,False,0.09831808977609457,0.000643107298149491,0.09712503712177831,0.09945194227647648,0.9934589117870977,23,6
Calvin Johnson Jr.,37.0,False,0.13451979977923023,0.0002711558358976002,0.1339843932316342,0.13507947855664978,0.997984268216704,23,7
James Hinchcliffe,37.0,False,0.13449029635485973,0.00032948155023304994,0.13383410458902906,0.1351071175267441,0.997550146299301,23,7
Jana Kramer,34.5,False,0.12508548716665946,0.00026595878737408765,0.12454246162656446,0.1255048493804323,0.9978737838145865,23,7
Laurie Hernandez,34.5,False,0.12507934518689676,0.00028332234593418594,0.12452127629574869,0.1256066468865257,0.9977348590567784,23,7
Marilu Henner,32.0,False,0.11632464944498005,0.0002555341223059669,0.1158462443244513,0.11677460070895747,0.9978032676348031,23,7
Maureen McCormick,33.0,True,0.1197243423980531,0.0002987693758749078,0.1192447705823358,0.12038191048020691,0.9975045227236949,23,7
Ryan Lochte,33.0,False,0.11973574317659452,0.0002872180808987511,0.11920632005319191,0.12030996341257685,0.9976012335725419,23,7
Terra Jole,34.5,False,0.12504033649272592,0.0002539467964916076,0.12454727495871346,0.12550497886353498,0.9979690809892664,23,7
Calvin Johnson Jr.,30.0,False,0.14763539213466736,0.0009242778605172825,0.14567172930275335,0.14943405383689556,0.9937394560535038,23,8
James Hinchcliffe,34.9998,False,0.17596061394658397,0.001172731603072074,0.17344920587751528,0.17823147223526037,0.9933352607906445,23,8
Jana Kramer,30.0,False,0.1476264467686548,0.0010005380308459367,0.145605293766398,0.1494779866974286,0.9932225014369284,23,8
Laurie Hernandez,33.0,False,0.16410862798074566,0.0009330992924686514,0.16257748163706034,0.16585704839466356,0.9943141362891771,23,8
Marilu Henner,23.0,False,0.1158864915138454,0.0008055258199484513,0.11457401485330741,0.1176799503480531,0.9930490102045051,23,8
Ryan Lochte,26.0,True,0.12864742962388348,0.0009451212350428755,0.126808764325813,0.13061199436689672,0.9926533997779353,23,8
Terra Jole,24.0,False,0.12013499803161924,0.0008207495609950871,0.11847362336086467,0.12151974838933603,0.9931681060936208,23,8
Calvin Johnson Jr.,37.0,False,0.1628462913982416,0.00033766543567430725,0.16208833216256358,0.1635320467552765,0.9979264775834008,23,9
James Hinchcliffe,36.0,False,0.15863407257899573,0.00031652776355973593,0.15798714921585139,0.1592634164725931,0.9980046672293424,23,9
Jana Kramer,40.0,False,0.17631466845173388,0.0003911225339346324,0.17560120840570745,0.1770052687294298,0.9977816789869545,23,9
Laurie Hernandez,40.0,False,0.17628711515682888,0.0003441731715069644,0.17566831560163465,0.17697786727993398,0.9980476555464602,23,9
Marilu Henner,36.0,True,0.15863680235749544,0.0002844792914982912,0.1580442952432646,0.15916082926350733,0.9982067257580167,23,9
Terra Jole,38.0,False,0.16728105005670466,0.0003615893168414317,0.16662522966512344,0.16793504450938057,0.9978384322867482,23,9
Calvin Johnson Jr.,28.0,False,0.19125133648919765,0.00022626424421800744,0.1908419305079152,0.19167554069525686,0.9988169272520049,23,10
James Hinchcliffe,29.5,False,0.20128379698021395,0.0002661704810856834,0.20077436749257757,0.20183373248919573,0.9986776358302112,23,10
Jana Kramer,29.0,False,0.1979255200510349,0.00023524205843692845,0.19748901596906396,0.19843331494571143,0.9988114617135968,23,10
Laurie Hernandez,30.0,False,0.2047984298496389,0.00024075455438696508,0.20435697170919534,0.20528796885218215,0.9988244316396189,23,10
Terra Jole,30.0,True,0.2047409166299147,0.00024214390731306905,0.20425794156554697,0.20520602888906903,0.998817315506354,23,10
Calvin Johnson Jr.,38.3331,False,0.25172767178910255,0.00045506046991456795,0.2508039136060644,0.2526136954827986,0.9981922509087685,23,11
James Hinchcliffe,38.9998,False,0.2562465128471644,0.0004249697160864461,0.25545673138350933,0.25709342670470964,0.9983415590270299,23,11
Jana Kramer,35.5,True,0.2336655735188925,0.0004060473417197371,0.23293818453271165,0.2344042687220306,0.9982622714351761,23,11
Laurie Hernandez,39.333200000000005,False,0.2583602418448406,0.0004553616114902097,0.2574723763810908,0.25930520581261374,0.9982374934771748,23,11
Bonner Bolton,22.0,False,0.07241349870905962,0.000602116015126227,0.07129345313312103,0.07356329220868085,0.9916850307489576,24,1
Charo,21.0,False,0.06954406220215716,0.00053710876344687,0.06864424661065381,0.0704166005435324,0.9922767128286877,24,1
Chris Kattan,17.0,False,0.059397638947664255,0.0005352205763822001,0.05845670918926797,0.060362344096747844,0.9909891944214518,24,1
David Ross,28.0,False,0.09192716391061286,0.0007511867628829575,0.09036903970332634,0.09323438902662753,0.9918284571074836,24,1
Erika Jayne,24.0,False,0.07832857085912975,0.0007378310299113418,0.0768441495744858,0.07996098716709817,0.9905803077750736,24,1
Heather Morris,28.0,False,0.09184168837663695,0.0007237019656556147,0.09016465448867628,0.09310347245929879,0.9921201147491131,24,1
Mr. T,20.0,False,0.06688998049460734,0.0006121005823454544,0.06573056594402507,0.06805920629772656,0.9908491439552026,24,1
Nancy Kerrigan,28.0,False,0.09191213387039804,0.0007233470874149472,0.09061341253556454,0.09337515046281418,0.9921300152987971,24,1
Nick Viall,24.0,False,0.07831327707234977,0.0005957037834740539,0.07694950808172926,0.0794702299519644,0.9923933232557269,24,1
Normani,27.0,False,0.08826844500906911,0.0007002351289767009,0.08693994763562289,0.08959537648117724,0.9920669823864604,24,1
Rashad Jennings,31.0,False,0.10348856427010318,0.0008920097630899397,0.10188108752831068,0.10544879122767552,0.9913805958234978,24,1
Simone Biles,32.0,False,0.10767497627821196,0.0007777113477644073,0.106247565071625,0.10892194490162545,0.9927772322349536,24,1
Bonner Bolton,28.0,False,0.0847226519481793,0.00053124641252518,0.0836928722116658,0.08573775403720409,0.9937295823453435,24,2
Charo,25.0,False,0.07597560744778163,0.00043676466041816354,0.07517563012186324,0.0767881734153858,0.9942512514859674,24,2
Chris Kattan,22.0,True,0.0681009316530276,0.00039388907168244576,0.06736250251668544,0.06878207020003674,0.9942160986329923,24,2
David Ross,27.0,False,0.08180982753633477,0.0004231373958407862,0.08101988882445892,0.0825542075178945,0.9948277925943206,24,2
Erika Jayne,28.0,False,0.0848280805116112,0.0005071389028030507,0.08381532532398711,0.08562038681425589,0.9940215680969743,24,2
Heather Morris,30.0,False,0.0912557419577626,0.0004734037538025925,0.09039215270526428,0.09235085626440115,0.994812340093386,24,2
Mr. T,22.0,False,0.0681860808886384,0.0003690687853792275,0.06743414496786654,0.06895949835556796,0.9945873295463045,24,2
Nancy Kerrigan,28.0,False,0.0847941184779266,0.000488962696434633,0.08377570493042065,0.0856603027339179,0.9942335305182527,24,2
Nick Viall,25.0,False,0.0760145016437705,0.00040517002725954114,0.07518626182849736,0.07665494212719985,0.994669832485934,24,2
Normani,32.0,False,0.09815901220699287,0.0005341581966130399,0.09708419959337972,0.09913419043391968,0.9945582358195839,24,2
Rashad Jennings,32.0,False,0.09817255050540945,0.0005198950567052708,0.09722674698825283,0.0991705217005305,0.9947042726910041,24,2
Simone Biles,29.0,False,0.08798089522256508,0.0005108476227067163,0.08705154256978996,0.08896245541682497,0.9941936528218492,24,2
Bonner Bolton,24.0,False,0.07665034955016715,0.0004989553128190423,0.07581140565504263,0.07752816957802898,0.9934905017948746,24,3
Charo,24.0,True,0.07670625558761424,0.0005601689220297474,0.07550110104681666,0.0776887164125959,0.9926972198324826,24,3
David Ross,31.0,False,0.09782483712973047,0.0006494725986003311,0.09660091393885588,0.09917725247879758,0.9933608619481877,24,3
Erika Jayne,26.0,False,0.08216437881446886,0.0005260862296477027,0.08131317839631738,0.08329969611905862,0.9935971495526592,24,3
Heather Morris,33.0,False,0.1049902513580831,0.0007391021528473274,0.10339557856319383,0.1061588558715854,0.9929602782802517,24,3
Mr. T,24.0,False,0.07657441818366688,0.0004996088660709031,0.07579222285901734,0.07764066770773034,0.9934755120845636,24,3
Nancy Kerrigan,33.0,False,0.10485455384654718,0.0005726308748320286,0.10388824433063085,0.10590443681563956,0.9945388077691879,24,3
Nick Viall,26.0,False,0.0821863710958466,0.0005228571240359473,0.08121989880969355,0.08303797649170298,0.9936381529313882,24,3
Normani,34.0,False,0.10862546829205383,0.0007562065460458121,0.10736938980035816,0.11008478753872014,0.993038404732004,24,3
Rashad Jennings,28.0,False,0.08820674837115262,0.0005769722585803079,0.08714765145988347,0.08928206650833977,0.9934588648914644,24,3
Simone Biles,32.0,False,0.10121636777066899,0.0005985779293963026,0.10010626704585476,0.10242180346772192,0.9940861548129001,24,3
Bonner Bolton,32.0,False,0.09778468254003345,0.0005011901589529753,0.09678263268719992,0.09880877771137876,0.9948745534992376,24,4
David Ross,31.0,False,0.09473668275557177,0.0004297691596695729,0.09383245276975956,0.0956788130096284,0.9954635401286066,24,4
Erika Jayne,30.0,False,0.09186592372049178,0.00039724565013196975,0.09102503526219832,0.09262843655165642,0.995675810637461,24,4
Heather Morris,35.0,False,0.10718482454359204,0.00044990496786029646,0.10625012263179653,0.10798956520325252,0.995802531097326,24,4
Mr. T,28.0,True,0.08644961989777303,0.00042652831661447945,0.08564134191488633,0.08727004320516382,0.9950661631928648,24,4
Nancy Kerrigan,33.0,False,0.10081567360253389,0.0004668740368686491,0.09983644362767635,0.10163335843839211,0.9953690332050024,24,4
Nick Viall,30.0,False,0.09191750264442301,0.0004330352926150366,0.09106111451053268,0.09270585026923558,0.995288870126398,24,4
Normani,32.0,False,0.0976542953551822,0.000387920946595244,0.09691062994229731,0.09840419615122475,0.9960276099972426,24,4
Rashad Jennings,39.0,False,0.1211295965174301,0.0004931584670055031,0.12027524937423578,0.12205675116261432,0.9959286707692901,24,4
Simone Biles,36.0,False,0.11046119842296864,0.00046312146852392716,0.10962567921374416,0.11122809599023094,0.9958073832700005,24,4
Bonner Bolton,30.0,False,0.09893586763578814,0.00043582073333222915,0.0981334082448426,0.09974159182423054,0.9955949167501456,24,5
David Ross,29.0,False,0.09604137345515235,0.0004355492413101381,0.09517169757677761,0.09701740896729005,0.995464983208372,24,5
Erika Jayne,32.0,True,0.10486042444815241,0.0004858045257919995,0.10386408152601946,0.10587698395629627,0.9953671318006899,24,5
Heather Morris,34.0,False,0.11135218265400866,0.0004936277567480686,0.11024353528147554,0.11232068523669887,0.995566968289415,24,5
Nancy Kerrigan,36.0,False,0.11805433308783542,0.0005320866055307427,0.11688502301555763,0.11907105617610544,0.9954928667875761,24,5
Nick Viall,34.0,False,0.1112752305281156,0.000496001792703666,0.11037367095156533,0.11220916172826004,0.9955425678261943,24,5
Normani,39.0,False,0.1291384407797135,0.0005960450072006016,0.1278217277768942,0.13018454455354653,0.9953844494048264,24,5
Rashad Jennings,32.0,False,0.10494759370209081,0.000441490251077005,0.10412164261899456,0.10571964388836476,0.9957932313119038,24,5
Simone Biles,38.0,False,0.12539455370914326,0.0005521217057835436,0.1243346657065211,0.1265812648083422,0.995596924352359,24,5
Bonner Bolton,31.5,False,0.1171231617218721,0.00034950672730442336,0.11640072544188083,0.11781448994873467,0.9970159042655082,24,6
David Ross,31.0,False,0.115393648733494,0.0003685016913036423,0.11469010244426057,0.1161260551020303,0.9968065686859879,24,6
Heather Morris,37.0,True,0.1377937147909647,0.00047079962022504265,0.13698895831532545,0.13871054587636966,0.996583301198177,24,6
Nancy Kerrigan,33.5,False,0.1242157861511873,0.0003654058370849439,0.1236515936256351,0.12493159190580215,0.9970582979152086,24,6
Nick Viall,30.5,False,0.1136511803232427,0.000389480028348545,0.11285719411397475,0.11441248514623527,0.9965730225833045,24,6
Normani,36.0,False,0.13382967768129103,0.000461421980121283,0.1329327871077248,0.1347874728051719,0.9965521699811597,24,6
Rashad Jennings,35.0,False,0.12995775293633646,0.00041270536421273384,0.1293241228420542,0.13084867629955005,0.9968243113251203,24,6
Simone Biles,34.5,False,0.12803507766161193,0.000379942012799636,0.12736013388792372,0.12878838640630833,0.997032516246807,24,6
Bonner Bolton,31.0,False,0.12329135078828005,0.0006578852226526898,0.12198095109414007,0.12436723257960804,0.9946639791157579,24,7
David Ross,32.0,False,0.126551703697949,0.0005871075157419174,0.12527799825289263,0.12754871690979888,0.9953607300527284,24,7
Nancy Kerrigan,36.0,True,0.14156134242075313,0.0006649638225638639,0.14016237970639192,0.14279402361193516,0.9953026454030971,24,7
Nick Viall,34.0,True,0.1338467909290694,0.000621313194070137,0.13257469237731975,0.13493448539708597,0.9953580269668221,24,7
Normani,42.0,False,0.16717747188973406,0.0007965515909479653,0.16576777208051935,0.16868357945090395,0.9952352934761847,24,7
Rashad Jennings,39.0,False,0.15382544446035384,0.0007027192563770002,0.15256552721559166,0.15515988997778057,0.9954317098914145,24,7
Simone Biles,39.0,False,0.1537458958138605,0.0006547678349639507,0.15237885240661386,0.15495693502181737,0.995741233731815,24,7
Bonner Bolton,29.0,True,0.16789294850247793,0.0008494891854174742,0.16630453466007308,0.16933081541726547,0.9949402926507962,24,8
David Ross,32.5,False,0.18561247680184095,0.0008653202665276269,0.1842368283525242,0.1872933048889668,0.995338027478339,24,8
Normani,39.5,False,0.2270243378550058,0.0010735072317233302,0.22487504674004152,0.22915066051611535,0.9952714002301861,24,8
Rashad Jennings,37.5,False,0.21417763708240004,0.0009496062093370746,0.21244881621158485,0.21579473784695075,0.9955662681581844,24,8
Simone Biles,36.0,False,0.20529259975827505,0.000894264814859613,0.2036973583112175,0.20691985108428088,0.9956439500697415,24,8
David Ross,35.0,False,0.2314792773164014,0.0005321496845575541,0.23040848146036516,0.23241569004828774,0.9977010914725202,24,9
Normani,38.0,False,0.25053264840051115,0.000500880822789344,0.2496056413517978,0.2515175373488779,0.9980007363272326,24,9
Rashad Jennings,38.5,False,0.2538326431882444,0.0005238254634349792,0.2528055493427882,0.2547641084181946,0.9979363353079592,24,9
Simone Biles,40.0,True,0.2641554310948429,0.0005261994162104834,0.2631446496820792,0.26521782914794967,0.9980079931954094,24,9
David Ross,36.3333,False,0.3152659169212567,0.0005604739626295707,0.3140694274122014,0.3162763535622667,0.9982222183479175,24,10
Normani,39.333200000000005,False,0.34093235941728983,0.0005146263487976942,0.3400232068270618,0.34198357453362915,0.9984905324045001,24,10
Rashad Jennings,39.6666,False,0.3438017236614536,0.0005885970092227161,0.3426664662461393,0.3449823534570238,0.9982879753976966,24,10
Barbara Corcoran,14.0,False,0.06006730027957501,0.00041248655860665545,0.059351479515826866,0.06100242236201017,0.9931329266225252,25,1
Debbie Gibson,17.0,False,0.07077612493307259,0.0004678998312357662,0.06991634074433548,0.07175871227853711,0.9933890159756807,25,1
Derek Fisher,18.0,False,0.07464999955149576,0.00041861166848635703,0.07370287397412513,0.0754901245180563,0.9943923419825664,25,1
Drew Scott,16.0,False,0.0669442963312825,0.0004718708867497968,0.06604772494585555,0.06790310645810496,0.9929512906608999,25,1
Frankie Muniz,19.0,False,0.07881182285622873,0.0005043006023614208,0.07790725364728547,0.07989595950659924,0.9936012062139283,25,1
Jordan Fisher,22.0,False,0.09275833598113632,0.0005307138494740983,0.09175872798803815,0.09366503258393115,0.994278532016982,25,1
Lindsey Stirling,22.0,False,0.09291277440357913,0.0006055707404536142,0.0917064526484199,0.09408199074919982,0.9934823737172755,25,1
Nick Lachey,18.0,False,0.07473215992658058,0.0004897432593705316,0.07379546398924965,0.07565139467525885,0.993446686676102,25,1
Nikki Bella,20.0,False,0.08328003569382539,0.0004932793348898216,0.08244826968527492,0.08412257234448896,0.9940768597085701,25,1
Sasha Pieterse,18.0,False,0.07465434928846354,0.0005002019774479193,0.07385477043540725,0.07565221288856203,0.9932997610693096,25,1
Terrell Owens,15.0,False,0.06351334056761741,0.00039117960146968777,0.06278933556568747,0.0643001604321878,0.9938409852485521,25,1
Vanessa Lachey,21.0,False,0.08792767410652641,0.0005791307965554585,0.08670953409762674,0.08907111693833715,0.9934135549195373,25,1
Victoria Arlen,19.0,False,0.07897178608061661,0.0004977290670643565,0.07813358672469503,0.0800164893772669,0.993697381156401,25,1
Barbara Corcoran,17.0,True,0.06318996814141241,0.00027816350491730767,0.06265231837117026,0.0636235290932959,0.9955979799784863,25,2
Debbie Gibson,20.5,True,0.07462388885455107,0.0003419588332971761,0.07397941802794905,0.07525698350186297,0.9954175688436221,25,2
Derek Fisher,19.0,False,0.06942321079098555,0.00031924865772426937,0.06882726135453247,0.06996842459427412,0.9954014132436854,25,2
Drew Scott,20.5,False,0.07456013346068562,0.0003683156277960203,0.07389950976467678,0.07528333563805761,0.9950601533191967,25,2
Frankie Muniz,24.0,False,0.08815676072695369,0.00044107213537016433,0.0874153557868792,0.08898518825066103,0.9949967293292877,25,2
Jordan Fisher,24.0,False,0.08812037745514362,0.00042634506385304027,0.08739701079063059,0.08888944094855504,0.9951617880430657,25,2
Lindsey Stirling,22.5,False,0.08206052793718807,0.00041002309232613917,0.08125855342886952,0.08290381455446952,0.9950034065995775,25,2
Nick Lachey,19.0,False,0.06945741483241973,0.0003360639517444704,0.06887877333625338,0.0701431285905489,0.9951615827834178,25,2
Nikki Bella,19.5,False,0.07107749422552166,0.00036890064090891776,0.07047544358093992,0.07181548991084014,0.9948098811736605,25,2
Sasha Pieterse,22.5,False,0.08205842582988204,0.0003585392376854609,0.08132533919979901,0.08264601815151655,0.995630683454387,25,2
Terrell Owens,19.5,False,0.0711817087737099,0.0002635522828731898,0.07058308358689099,0.0716793655862613,0.9962974718166567,25,2
Vanessa Lachey,23.5,False,0.08600400126890026,0.0003672978157466821,0.08526992218967142,0.08659871548590062,0.9957292938662436,25,2
Victoria Arlen,22.0,False,0.08008608770264646,0.0004069333111997802,0.07938191234403605,0.08083963237648223,0.9949188014688557,25,2
Derek Fisher,21.0,False,0.08580209597398407,0.0003727133054833703,0.085082395356223,0.08645044537277911,0.9956561281953255,25,3
Drew Scott,23.0,False,0.09387926844052,0.0003963589765844436,0.09310918899209275,0.09458906936543773,0.9957779924879201,25,3
Frankie Muniz,21.0,False,0.08585020027783509,0.00038505216403741975,0.08516349558139444,0.08650366098773939,0.9955148367413089,25,3
Jordan Fisher,25.0,False,0.10269384427258106,0.0005001501302590657,0.10181051601586286,0.10377055864049886,0.995129697073843,25,3
Lindsey Stirling,27.0,False,0.11245344023037872,0.0004886363523725438,0.11148954334220712,0.11338608582799783,0.9956547674186624,25,3
Nick Lachey,21.0,False,0.08574264983290027,0.00041466832941477056,0.08489628747753282,0.08646211642778255,0.9951638031921932,25,3
Nikki Bella,21.0,False,0.08577272388105622,0.00040766992942825863,0.08496952822975595,0.08654283143031866,0.9952470912548658,25,3
Sasha Pieterse,19.0,False,0.07837438731029767,0.00038466218503159516,0.0776713497438942,0.07909580906619819,0.9950919911691475,25,3
Terrell Owens,21.0,False,0.0858023944621666,0.0003892702369302512,0.08496812517757797,0.08645939697431484,0.9954631774629332,25,3
Vanessa Lachey,23.0,False,0.09388851007573025,0.00042650578109997407,0.09307025798193559,0.09469989671175184,0.9954573165475099,25,3
Victoria Arlen,22.0,False,0.08974048524255018,0.0003713991959277402,0.08904948931880338,0.09052259364318928,0.9958614086504667,25,3
Derek Fisher,23.0,True,0.08480778841238705,0.0002591232232912041,0.0843913456348766,0.08531305899214991,0.9969445822354052,25,4
Drew Scott,24.0,False,0.08834054931051735,0.0003111869383297243,0.08773385160903631,0.088918621799501,0.9964774167609497,25,4
Frankie Muniz,24.0,False,0.08835824243371752,0.00034653888749331145,0.0877289012514703,0.08907704629116095,0.9960780242120222,25,4
Jordan Fisher,29.0,False,0.10812522808844804,0.00039720918464572935,0.10743060705409835,0.10894771508911517,0.9963263967931628,25,4
Lindsey Stirling,26.0,False,0.09581326661291424,0.00034276294705857873,0.09520948773119292,0.09650993012937169,0.9964225940814299,25,4
Nick Lachey,22.0,False,0.08148606574027165,0.00030233279537174226,0.08091484442141253,0.08206891482260692,0.9962897607998968,25,4
Nikki Bella,24.0,False,0.08830742427557477,0.0003405326467186053,0.08770654666661601,0.08889168458115274,0.9961437823658413,25,4
Sasha Pieterse,24.0,False,0.08831920209691836,0.00030411970302426857,0.08777221404217421,0.08890493775273786,0.996556584572735,25,4
Terrell Owens,24.0,False,0.08836044765242317,0.0003026463241293205,0.08776058342275832,0.08892494415292244,0.9965748665588497,25,4
Vanessa Lachey,24.0,False,0.08827806597935947,0.0002979751610527681,0.08776203934896816,0.08886141936509313,0.996624584399907,25,4
Victoria Arlen,27.0,False,0.09980371939746835,0.0003582108244643657,0.09914636057000603,0.10041407940626196,0.9964108469441124,25,4
Drew Scott,25.0,False,0.09546011962690804,0.00038535865287539625,0.09463460034740041,0.09616695412077654,0.9959631450873777,25,5
Frankie Muniz,29.0,False,0.11128077575659563,0.0004537700702509175,0.11043445970546012,0.11211105736265076,0.9959222959476536,25,5
Jordan Fisher,30.0,False,0.11563653732712996,0.000377051153717487,0.1148762886888686,0.11644401825088196,0.9967393424048073,25,5
Lindsey Stirling,28.0,False,0.10712623178692468,0.0005007731059606388,0.10623909416945061,0.1081982737173827,0.9953253923188796,25,5
Nick Lachey,22.0,False,0.08516168372774356,0.00037858311349144735,0.08446093609185408,0.08587989036698042,0.9955545370063167,25,5
Nikki Bella,27.0,False,0.10305591119510217,0.00048465799816670683,0.10220861399617805,0.1040158183120302,0.9952971353846053,25,5
Sasha Pieterse,24.0,True,0.09187155749420872,0.00041978185441529983,0.09103125564153677,0.09267251365714858,0.995430774595916,25,5
Terrell Owens,25.0,False,0.09545460029142154,0.0004083967065279778,0.09472340795739781,0.09622960143784277,0.9957215607704485,25,5
Vanessa Lachey,24.0,False,0.09186729646497964,0.00036550291077824695,0.09108976570856579,0.09253191157908218,0.9960214034281767,25,5
Victoria Arlen,27.0,False,0.10308528632898599,0.0004004216993996869,0.1022071643422943,0.10381949058448971,0.9961156270340873,25,5
Drew Scott,30.0,False,0.09793770667312686,0.0006105109919742378,0.09653793530161565,0.09908817436558655,0.9937663335939461,25,6
Frankie Muniz,31.0,False,0.10098147486744014,0.0006614218628699959,0.09991872292255728,0.10226666010543906,0.9934500673144431,25,6
Jordan Fisher,39.0,False,0.12760652664821953,0.0009407562702174496,0.12575945294430685,0.12949688707818846,0.9926276790464574,25,6
Lindsey Stirling,40.0,False,0.131334701118321,0.0006450931895353114,0.13004980027202054,0.13247412700807534,0.9950881740770542,25,6
Nick Lachey,26.0,True,0.0872119721452658,0.0005596360015763844,0.08614205033546267,0.08828069469713495,0.99358303696373,25,6
Nikki Bella,36.0,False,0.11681649346174237,0.0007144600855262138,0.11548864057677999,0.11795735142116946,0.9938839108729094,25,6
Terrell Owens,37.0,False,0.12039387655129645,0.0007833946442006615,0.11905936839026424,0.12202639709870414,0.9934930690277518,25,6
Vanessa Lachey,36.0,False,0.1167451589745786,0.0007038987427081604,0.11533969809915409,0.11802083260467976,0.9939706387066428,25,6
Victoria Arlen,31.0,False,0.10097208956000917,0.0004921450147405723,0.1000935138870479,0.10192637702763892,0.9951259301764961,25,6
Drew Scott,28.5,False,0.1323980449531976,0.0004724611844948367,0.13155194061238276,0.13327305913823495,0.9964315093575449,25,7
Frankie Muniz,30.0,False,0.14007780579105847,0.00046283090663211884,0.13929001671852287,0.14121723031758834,0.9966959012241919,25,7
Jordan Fisher,27.0,False,0.12524239826942826,0.0004033337975087983,0.12453156272149912,0.12592435865896576,0.9967795746242328,25,7
Lindsey Stirling,25.5,False,0.11844328358121095,0.0004298471326025678,0.11741773445074354,0.11915625315800871,0.9963708610601981,25,7
Nikki Bella,24.0,True,0.11202753689673432,0.00039861322857321594,0.11125454134859665,0.11274326997998833,0.9964418281467649,25,7
Terrell Owens,24.5,False,0.11412480979200837,0.0003774593930608415,0.1134765884201943,0.1149041078097422,0.9966925737379212,25,7
Vanessa Lachey,27.0,True,0.12524174468025437,0.00042983391614045366,0.12438595095834198,0.12607091287758398,0.9965679660784204,25,7
Victoria Arlen,28.5,False,0.13244437603610762,0.000430652444672097,0.1316412212150719,0.1332416391207021,0.9967484278490263,25,7
Drew Scott,23.5,False,0.1503654421716433,0.0006287976850765163,0.14896591592693423,0.1513666069180344,0.995818203464871,25,8
Frankie Muniz,26.5,False,0.1688431496512375,0.000687737250625689,0.1672194672583093,0.1699001531051775,0.9959267684117107,25,8
Jordan Fisher,30.0,False,0.1929750583230969,0.00070617302324655,0.19161503267238003,0.1943606856631441,0.9963405995086463,25,8
Lindsey Stirling,27.0,False,0.17204435074665192,0.0006237933175073782,0.17086727685790923,0.1732360784965062,0.9963742295820804,25,8
Terrell Owens,25.5,True,0.16239367429526028,0.0005787097616184491,0.1612272419803948,0.16354882520626343,0.9964363774381615,25,8
Victoria Arlen,24.0,False,0.15337832481211014,0.0005760925847428796,0.1524291019916351,0.15465239798248537,0.9962439765498248,25,8
Drew Scott,24.0,False,0.17842811562150931,0.00061194263128076,0.17730185939541546,0.17966808900923872,0.9965703688056716,25,9
Frankie Muniz,25.5,False,0.18878494219522357,0.0006009611702924325,0.18776202605842807,0.18986892901991462,0.9968166890679715,25,9
Jordan Fisher,29.0,False,0.21480036030552466,0.0006022265007582169,0.21362733521819127,0.2159857715448746,0.9971963431537003,25,9
Lindsey Stirling,28.5,False,0.21084754215800905,0.000648564857514006,0.20978901345621678,0.2120563678138294,0.9969240103494876,25,9
Victoria Arlen,28.0,True,0.20713903971973327,0.000613773182292645,0.20604666596391982,0.20832155331717417,0.9970369024442562,25,9
Drew Scott,37.5,True,0.23989807811758826,0.0002646574348742689,0.23936246069545014,0.24045188281383806,0.998896792183785,25,10
Frankie Muniz,38.8887,False,0.248593714583743,0.0003050442923833342,0.24802747894719926,0.24918501567648985,0.9987729203335084,25,10
Jordan Fisher,40.0,False,0.25577291954256337,0.00030680991531074116,0.2550570013855831,0.256272301864441,0.9988004597364746,25,10
Lindsey Stirling,40.0,False,0.25573528775610527,0.0002639369864668415,0.2552362874789549,0.2562270260251196,0.9989679289519147,25,10
Adam Rippon,24.0,False,0.11455039569590722,0.0005760915768211695,0.11353518062214081,0.11556565515285795,0.994970846033998,26,1
Arike Ogunbowale,20.0,False,0.09477914944825161,0.000455797917656787,0.09392995190429129,0.09551941532107194,0.9951909473728117,26,1
Chris Mazdzer,21.0,False,0.09939454870062979,0.00045391045295268726,0.098594212644901,0.10038053717693361,0.9954332459990353,26,1
Jamie Anderson,19.0,True,0.09036506476124945,0.0005082135893026768,0.08933439957556163,0.09125108578796869,0.9943759948532609,26,1
Jennie Finch Daigle,21.0,False,0.09926138746265296,0.0005586200204767936,0.09825186352132154,0.10032921835397503,0.9943722323981521,26,1
Johnny Damon,18.0,True,0.08627488509477828,0.0004906696991552656,0.08529854326070703,0.08719967503061919,0.9943127168628942,26,1
Josh Norman,24.0,False,0.11463957781108097,0.0006261531257213998,0.11362318428226037,0.11578652716685083,0.9945380719496956,26,1
Kareem Abdul-Jabbar,17.0,False,0.08207402687323404,0.0004359758196450446,0.08119468636886243,0.08289536712984717,0.9946880171930832,26,1
Mirai Nagasu,23.0,False,0.10933711433258482,0.0005887338324029012,0.10799162978982219,0.11043139706810626,0.9946154255488024,26,1
Tonya Harding,23.0,False,0.10932384981963089,0.0005456302991323238,0.10839498999910513,0.11058442364691329,0.995009046058728,26,1
Adam Rippon,37.0,False,0.13862567493745342,0.00043050247216261405,0.13767810816490414,0.1394215495548515,0.996894496835764,26,2
Arike Ogunbowale,35.0,True,0.13064958079592803,0.0005230274963052102,0.1296196801405382,0.13150116310047258,0.995996715082292,26,2
Chris Mazdzer,33.0,False,0.12307213326584171,0.000450502497832405,0.12223094418202644,0.1239394521190616,0.9963395247496093,26,2
Jennie Finch Daigle,31.5,False,0.11762975938430249,0.00048279353951608277,0.11671028723989223,0.11858222322204613,0.9958956513892138,26,2
Josh Norman,31.5,False,0.11763082657503146,0.0004134709616006256,0.11690389016218929,0.11854222449465172,0.996485011849025,26,2
Kareem Abdul-Jabbar,29.5,True,0.11075585027149726,0.0003682637527957001,0.1100512213215378,0.11133285517823581,0.996674995028317,26,2
Mirai Nagasu,37.0,False,0.1386109524729555,0.0005006030539709471,0.13753422821875336,0.13967774779089856,0.9963884307477894,26,2
Tonya Harding,33.0,False,0.12302522229699013,0.0003921873199014511,0.12231565514729542,0.12371303408225286,0.996812138904698,26,2
Adam Rippon,41.0,False,0.19562755549412766,0.0009693374544663931,0.19358051529524808,0.1972479921713738,0.9950449850890485,26,3
Chris Mazdzer,33.0,True,0.1558240693680154,0.0006627541642197887,0.1546428021930411,0.15708905504200302,0.9957467792561974,26,3
Jennie Finch Daigle,29.0,True,0.13890568198428627,0.0006999153556658247,0.13746891460447686,0.14018435874174395,0.9949612186797009,26,3
Josh Norman,38.0,False,0.17970459027347205,0.0008734401809434283,0.1781519655051636,0.18125269787731244,0.9951395777947896,26,3
Mirai Nagasu,35.0,True,0.16503410484821834,0.0009076048904390012,0.16325268373625057,0.1668112005285604,0.9945005010250837,26,3
Tonya Harding,35.0,False,0.16490399803188038,0.0008745672587425818,0.16325253237267104,0.1664844654948984,0.9946965066391326,26,3
Adam Rippon,29.0,False,0.3391814173305107,0.00018353710872011145,0.3388365156667173,0.33954320866372545,0.9994588821812096,26,4
Josh Norman,28.5,False,0.3333143641097838,0.0001990865141505186,0.33295203531518525,0.33372907176741246,0.9994027064669648,26,4
Tonya Harding,28.0,False,0.32750421855970546,0.00017974657134294837,0.3271859191468915,0.32782686856384435,0.9994511625769786,26,4
Alexis Ren,22.0,False,0.08615793645079314,0.0005158142451791095,0.0852784500941669,0.0871525055270488,0.9940131546038861,27,1
Bobby Bones,20.0,False,0.07783127859181796,0.00044560135321474435,0.07701395165585913,0.07884294140171084,0.9942747779391923,27,1
Danelle Umstead,18.0,False,0.07031280436279831,0.00038660243965248656,0.06961145104289801,0.07116270391305764,0.99450167799228,27,1
DeMarcus Ware,23.0,False,0.09071991458291766,0.0004985776491393964,0.08989982291998236,0.09175285240986272,0.9945042094513471,27,1
Evanna Lynch,18.0,False,0.07023565592390746,0.0004667348108332268,0.06939549097701198,0.07126386754570485,0.9933547312302617,27,1
Joe Amabile,14.0,False,0.057358942269626366,0.00043763167558642064,0.05650693257362336,0.05821710361147815,0.9923702973194789,27,1
John Schneider,18.0,False,0.07026868573857578,0.0004210460104548603,0.06949790489805113,0.07107407525854313,0.9940080562767134,27,1
Juan Pablo Di Pace,22.0,False,0.0862709686328896,0.0005052895997864855,0.0853355614505084,0.08715482258822273,0.9941429937811797,27,1
Mary Lou Retton,20.0,False,0.07778566062119693,0.0004489743938812544,0.07678945128929263,0.07856386054943973,0.9942280570699569,27,1
Milo Manheim,20.0,False,0.07787507030705573,0.00048569155840947037,0.07699622925458696,0.0787909772044276,0.993763195891902,27,1
Nancy McKeon,19.5,False,0.07585773737102168,0.00044981574711962436,0.07503505701414985,0.07672740977934937,0.9940702720288167,27,1
Nikki Glaser,17.5,True,0.06857942907797769,0.00039970449381738056,0.0677582455725909,0.06926428270521305,0.9941716561483342,27,1
Tinashe,23.0,False,0.09074591606942173,0.0005551996106297903,0.08969573522073573,0.09161201791527451,0.9938818226243366,27,1
Alexis Ren,24.5,False,0.09023080741193937,0.0005061760027997911,0.08937531518589469,0.09126002229681902,0.9943902086513656,27,2
Bobby Bones,19.5,False,0.07224228845782452,0.0003852145445422102,0.0714446379511253,0.07292640870133704,0.9946677416681353,27,2
Danelle Umstead,18.5,True,0.06910201416000583,0.00044234162681004827,0.06827357199135743,0.0699103022383281,0.993598715866866,27,2
DeMarcus Ware,23.5,False,0.08626786815772665,0.0005279859671120989,0.08541089780578011,0.08712337370724788,0.9938796914959488,27,2
Evanna Lynch,24.0,False,0.08815240352134547,0.0005038413121481797,0.0869615966593692,0.08920203000562307,0.9942844291020814,27,2
Joe Amabile,17.5,False,0.06606511652927,0.0004380920803469123,0.06527638340081011,0.06702596617071808,0.9933687836582742,27,2
John Schneider,21.5,False,0.07895270399202287,0.0004915612750712171,0.07800864549531457,0.07990134283383771,0.9937739779612756,27,2
Juan Pablo Di Pace,26.0,False,0.09632857746419896,0.0004958958286385192,0.09537045477613676,0.09716512329804092,0.994852038287155,27,2
Mary Lou Retton,23.0,False,0.0843918657089484,0.0005040465282137023,0.083286920467353,0.0852742764017607,0.9940273091016608,27,2
Milo Manheim,26.0,False,0.0963611867023432,0.0005558604690564776,0.09523033518089626,0.09733129284318558,0.9942314900004966,27,2
Nancy McKeon,20.5,False,0.07553196155000932,0.0004310745930905905,0.07472239247704159,0.0763071287880034,0.9942928187717569,27,2
Tinashe,26.0,False,0.09637320634436547,0.0005196782378013631,0.09534716186860571,0.09734783038447546,0.9946076481470958,27,2
Alexis Ren,26.0,False,0.0951723829679132,0.00063452298430841,0.0940801022629656,0.09634432604148785,0.9933329085127317,27,3
Bobby Bones,23.0,False,0.08431436824414737,0.0004707645351461776,0.0834814992632634,0.08528928418999625,0.994416556217524,27,3
DeMarcus Ware,26.0,False,0.09527102762131857,0.0006598760940988847,0.0940206935275367,0.09655437350858626,0.9930736960587667,27,3
Evanna Lynch,27.0,False,0.09927806020220836,0.0006555391394802385,0.09814308762608122,0.1003583056606182,0.9933969384761845,27,3
Joe Amabile,18.0,False,0.06885863907672075,0.0004719503227439306,0.06804671615866709,0.06963703871623007,0.9931460986003791,27,3
John Schneider,21.0,False,0.07779641174355482,0.0004954931712016033,0.07687046018791054,0.07879080804453639,0.9936308994194368,27,3
Juan Pablo Di Pace,30.0,False,0.11205210693715292,0.0006249637999936156,0.11102832971572832,0.11302042671182327,0.9944225609220884,27,3
Mary Lou Retton,24.0,False,0.0877660239829927,0.0005771735982109301,0.0866740636126516,0.0887561029913471,0.9934237239877384,27,3
Milo Manheim,27.0,False,0.09931183242652314,0.0006348838670900464,0.09814653576232543,0.10050895435046944,0.9936071679317792,27,3
Nancy McKeon,22.0,True,0.08099046171231226,0.0005805192816517498,0.07989733055543187,0.08208259957907403,0.9928322512382529,27,3
Tinashe,27.0,False,0.09918868508515592,0.0006825934937549667,0.09785131114044587,0.1005767873477987,0.9931182322543247,27,3
Alexis Ren,25.0,False,0.10661997079978416,0.0007917716953769553,0.10491009718221336,0.10794981654546447,0.9925738893995405,27,4
Bobby Bones,20.0,False,0.08611187420774766,0.0006497164802250162,0.08491080391376617,0.08733792251686766,0.9924549722532161,27,4
DeMarcus Ware,22.0,False,0.0938284812452465,0.0007487160986896302,0.09239456771207638,0.09533777410314921,0.992020374957017,27,4
Evanna Lynch,24.0,False,0.10230786889252172,0.0008294501263850735,0.10073308403615096,0.10386215751301157,0.9918926067431192,27,4
Joe Amabile,15.0,False,0.06932182250644738,0.0005224531295485789,0.06841066543865726,0.07028314311226411,0.9924633670804026,27,4
John Schneider,21.0,False,0.08976856754938962,0.0007179561231224525,0.08836148749608298,0.09100577149677722,0.9920021434815984,27,4
Juan Pablo Di Pace,24.0,False,0.10219431658681011,0.00085490930019894,0.10045599019287611,0.10384114275431282,0.991634473141442,27,4
Mary Lou Retton,26.0,False,0.11144390659513626,0.000959528966532793,0.10984176469937149,0.11333537056417782,0.991390027540773,27,4
Milo Manheim,29.0,False,0.12699329664490341,0.0008758396980172457,0.12545979059445003,0.12874994800778072,0.9931032603991197,27,4
Tinashe,26.0,True,0.1114098949720132,0.0008755209753170728,0.10978440349615992,0.11290638976323328,0.9921414433113234,27,4
Alexis Ren,29.0,False,0.13105917385676075,0.0009516353834632778,0.1291530913900915,0.13289605948236521,0.9927388876683798,27,5
Bobby Bones,21.0,False,0.09478147832118992,0.0006271282095218241,0.09355016777867134,0.09609511184683989,0.9933834308070544,27,5
DeMarcus Ware,26.0,False,0.11601864152218849,0.0008937789504253967,0.1143918312461302,0.1174826245094416,0.992296247062551,27,5
Evanna Lynch,24.0,False,0.10695130009618792,0.0008119469920121534,0.10525839678063051,0.10866627424227768,0.9924082550536373,27,5
Joe Amabile,17.0,False,0.08054368004617891,0.0005015930166686072,0.07971158582505868,0.08149039552124779,0.9937724099968983,27,5
John Schneider,24.0,False,0.10690700191877504,0.0007750177208803746,0.1054947817816585,0.10829213774981168,0.992750542930114,27,5
Juan Pablo Di Pace,29.0,False,0.131157831580543,0.0008563955824348645,0.12955168024192062,0.13282575163947893,0.9934704960266978,27,5
Mary Lou Retton,25.0,False,0.11155048258714549,0.0007882500728273817,0.11002006671395544,0.11292751011841187,0.9929336919523267,27,5
Milo Manheim,27.0,False,0.12103041007103053,0.000913336605656354,0.11937386150773174,0.1224177912995837,0.9924536601576386,27,5
Alexis Ren,27.0,False,0.11690302245471221,0.0008724367831401504,0.11553070477253687,0.11863210927033356,0.9925370895908348,27,6
Bobby Bones,22.0,False,0.09607849370319542,0.0007018184113444544,0.09467793214740422,0.09741237733222008,0.9926953641309937,27,6
DeMarcus Ware,26.0,False,0.11236489875915051,0.0007781913703094605,0.1108919949206095,0.11374458171733214,0.9930744264543193,27,6
Evanna Lynch,29.0,False,0.12646206976919092,0.000888897718330299,0.12489223368165693,0.12818943082372308,0.9929710329749256,27,6
Joe Amabile,22.0,False,0.0960264437093837,0.0006977316751804037,0.0947004656091431,0.09713717610883214,0.9927339631852656,27,6
John Schneider,19.0,False,0.08533556831790223,0.0006264186029583813,0.08422606241803864,0.08666820202015876,0.9926593492572198,27,6
Juan Pablo Di Pace,30.0,False,0.13137903064825315,0.0008944411361122876,0.129677941057707,0.13305839957065124,0.9931919033676918,27,6
Mary Lou Retton,24.0,True,0.1039381569299588,0.0007184983249775193,0.10250393034241749,0.10538699142685039,0.9930872516292386,27,6
Milo Manheim,30.0,False,0.13151231570825284,0.0009310515508474905,0.1298412159684932,0.1332914819328154,0.9929204231114527,27,6
Alexis Ren,27.5,False,0.1261820430545363,0.00034420817706447233,0.12564830870634647,0.1268985465319642,0.9972721302593294,27,7
Bobby Bones,26.5,False,0.12162696789820604,0.00035901161518485993,0.12100358640021809,0.12238144058894497,0.9970482564731423,27,7
DeMarcus Ware,26.5,True,0.12165494980989494,0.0002967351051847547,0.1209778933361045,0.12211524481091152,0.9975608464296073,27,7
Evanna Lynch,29.5,False,0.13594403527510346,0.0004380701118043948,0.13532354712662606,0.13683609970711466,0.9967775701896895,27,7
Joe Amabile,23.5,False,0.10886187851173922,0.0003609543173257611,0.10816859044332577,0.10964376418125177,0.9966842909358133,27,7
John Schneider,27.0,True,0.12388770587432221,0.00034515061149839685,0.1232639696241177,0.12445222987883328,0.9972140043351151,27,7
Juan Pablo Di Pace,28.0,False,0.1285380513033841,0.00036502040227050616,0.12778202889529577,0.129170630285607,0.9971602152158899,27,7
Milo Manheim,29.0,False,0.13330436827281372,0.0004018558527127563,0.13258446069010657,0.134035353072999,0.9969854262248156,27,7
Alexis Ren,29.0,False,0.17946618757484817,0.0009063813460685936,0.17778261235022338,0.18129800887700073,0.994949570399212,27,8
Bobby Bones,22.5,False,0.14101619380601696,0.0006821820874018932,0.13972076273041617,0.14231598994861921,0.9951623847659631,27,8
Evanna Lynch,29.0,False,0.17960495481707628,0.000984156389849558,0.17759555303689306,0.18137107451568013,0.9945204385321558,27,8
Joe Amabile,23.0,True,0.14365141004806964,0.0007233188188611313,0.14220807867688445,0.14513598479665998,0.9949647635298596,27,8
Juan Pablo Di Pace,30.0,True,0.1863431933910235,0.0008764167166872595,0.18443092699186062,0.18787325613182404,0.9952967602371814,27,8
Milo Manheim,27.5,False,0.1699180603629654,0.0009863191986654617,0.16804277324683872,0.17178084584767317,0.9941953245196034,27,8
Alexis Ren,28.5,True,0.24653808814080957,0.000489948911048704,0.24559625858553344,0.2475252753224978,0.9980126847143843,27,9
Bobby Bones,27.0,False,0.2341597856867973,0.00044878271385649746,0.23331901152270468,0.23503140858048654,0.9980834338717034,27,9
Evanna Lynch,30.0,False,0.259641633915361,0.0004722183063197307,0.2587847222753488,0.26049558159026254,0.9981812689313392,27,9
Milo Manheim,30.0,False,0.2596604922570324,0.0003820710196178333,0.258927921491462,0.26038166759997555,0.9985285746926813,27,9
Ally Brooke,16.0,False,0.08014636901991656,0.0006304000371026183,0.07874758843159133,0.08120259142161503,0.9921343905555352,28,1
Hannah Brown,20.0,False,0.10204557321127014,0.0009477694731826348,0.10050681075686896,0.10394016314474046,0.9907122921322572,28,1
James Van Der Beek,21.0,False,0.10859324560016129,0.0008702828118421454,0.10708130799807462,0.11045239851973429,0.9919858476737446,28,1
Karamo Brown,17.0,False,0.08500477693595186,0.0006730155276757658,0.08391026152702115,0.08646933453998461,0.9920826152136972,28,1
Kate Flannery,15.0,False,0.07523331947671444,0.0005250706433208183,0.07422616378982706,0.07623397675289864,0.993020769959734,28,1
Kel Mitchell,16.0,False,0.08003227649468769,0.0006767655613401827,0.07866035016618123,0.08129355056871533,0.9915438421724128,28,1
Lamar Odom,11.0,False,0.058999682363062675,0.0005143113817417683,0.05817419474151104,0.06008290119501143,0.9912828110060512,28,1
Lauren Alaina,19.0,False,0.09623119790204444,0.0008444191670850744,0.09492669908969335,0.0978467422002357,0.9912250997026492,28,1
Mary Wilson,17.0,False,0.08511346919406824,0.0006663141531323344,0.08389101867355364,0.08638598234422235,0.9921714605286143,28,1
Ray Lewis,15.0,False,0.07538767381247767,0.0005921183681397543,0.07442610192858436,0.07656089347775424,0.9921456872430815,28,1
Sailor Brinkley-Cook,18.0,False,0.09049631728130418,0.0007158687776326348,0.08898793255298251,0.09179551991478803,0.9920895258598492,28,1
Sean Spicer,12.0,False,0.06271609870834098,0.0005464058381338806,0.06172257198415581,0.06372112295600128,0.9912876302992806,28,1
Ally Brooke,20.0,False,0.09041830164982086,0.0007830182252362777,0.08896539646934766,0.09183661520824853,0.9913400471923393,28,2
Hannah Brown,24.0,False,0.11253395086068801,0.0008040019780488907,0.11095664316994516,0.11398358162812096,0.99285547186516,28,2
James Van Der Beek,20.0,False,0.09041376796021382,0.0007237379776507482,0.0889341293780749,0.0916206981609311,0.9919952680440304,28,2
Karamo Brown,19.0,False,0.08557893382461151,0.0006834474084221694,0.08437657197455671,0.08687912127771877,0.9920138359070604,28,2
Kate Flannery,21.0,False,0.09559689379143704,0.0007196537996112124,0.09402504869805207,0.09682827915007808,0.9924719959920322,28,2
Kel Mitchell,20.0,False,0.09055945800261363,0.0007503674365649173,0.08897896181648518,0.0920100362684927,0.9917140909065151,28,2
Lamar Odom,12.0,False,0.058383798414473886,0.0005323744614298798,0.057492281237186256,0.05940968976019797,0.9908814692451066,28,2
Lauren Alaina,19.0,False,0.08558334797872828,0.0006724413199131352,0.08442425137173896,0.08691130552519544,0.9921428486289147,28,2
Mary Wilson,15.0,True,0.06877937058457395,0.0005537186151267176,0.06790236087488292,0.06986691059054866,0.9919493503586829,28,2
Ray Lewis,15.0,True,0.0687019946840145,0.0005341030399098489,0.06764462858864992,0.06969204653939733,0.9922258001042563,28,2
Sailor Brinkley-Cook,18.0,False,0.0809809563281263,0.0006326169316088501,0.07989606354200425,0.08236441791374649,0.9921880777865162,28,2
Sean Spicer,16.0,False,0.07246922592069813,0.0005795129705596767,0.07148442027219436,0.07359514923405819,0.9920033232976184,28,2
Ally Brooke,24.0,False,0.12157369336292835,0.0010388258615022722,0.11957164613412705,0.12341165709587448,0.9914551755995344,28,3
Hannah Brown,21.0,False,0.10399878871521985,0.0009114868972546721,0.10227026836755572,0.1057337163868481,0.991235600832327,28,3
James Van Der Beek,23.0,False,0.1152789118236047,0.0010833620390561145,0.11361914760026634,0.11785593768401115,0.9906022530754468,28,3
Karamo Brown,16.0,False,0.08109337892123625,0.000703436128247512,0.07989250231961108,0.0824303207585188,0.9913256034265049,28,3
Kate Flannery,24.0,False,0.12118774790888669,0.0011407470437419973,0.1184876646898063,0.1232245806993122,0.9905869441141885,28,3
Kel Mitchell,20.0,False,0.09898902845683567,0.001024267905283606,0.0971794351809082,0.10100878342534518,0.9896527128182672,28,3
Lamar Odom,12.0,False,0.06616365654414938,0.0007227437049127669,0.06491141655490804,0.0672767108460633,0.9890764243897177,28,3
Lauren Alaina,20.0,False,0.09920205329036623,0.0009435987676758131,0.09757088803740073,0.10096909208204431,0.9904881125301521,28,3
Sailor Brinkley-Cook,23.0,False,0.11546260517187693,0.0010228255485725006,0.11352318186556035,0.1173924015617649,0.9911414994746574,28,3
Sean Spicer,15.0,False,0.07705013580489595,0.0006994581076947035,0.07588403593465141,0.07849007732399199,0.9909220392619962,28,3
Ally Brooke,32.0,False,0.11311394609744412,0.0007908930442891055,0.11151359873374188,0.11464848078356867,0.9930079970545119,28,4
Hannah Brown,32.0,False,0.11314793037224571,0.0008660432514441057,0.11130219787543212,0.11477347209899866,0.9923459205255023,28,4
James Van Der Beek,28.0,False,0.09814350829212166,0.0007713510302409569,0.09647013091557348,0.0994589034028369,0.992140580221108,28,4
Karamo Brown,28.0,False,0.09818219687175038,0.0008346394503070224,0.09637461968617933,0.09991806205002543,0.9914990754240581,28,4
Kate Flannery,26.0,False,0.09151179930732056,0.0005774165352911055,0.09025441403980876,0.0926733459662118,0.9936902504413448,28,4
Kel Mitchell,32.0,False,0.1129235668464992,0.0008949654998575685,0.11101355333560048,0.11440697795794823,0.9920745905850271,28,4
Lamar Odom,20.0,True,0.07398566602126305,0.0006610548917394323,0.07280534566393491,0.07544579395032816,0.9910650950746399,28,4
Lauren Alaina,32.0,False,0.11312704434629631,0.0007831153415533952,0.11183862039891562,0.1146129120807906,0.9930775585442135,28,4
Sailor Brinkley-Cook,31.0,False,0.10916559081380128,0.0007530050516493809,0.10788904784002568,0.11070923722903667,0.9931021758226569,28,4
Sean Spicer,21.0,False,0.0766987510312578,0.0005570532828347177,0.07573747957598716,0.07770058494871204,0.9927371270673274,28,4
Ally Brooke,27.0,False,0.12590928940792268,0.0006562317538347471,0.12455360899317981,0.12699288568915862,0.994788059269331,28,5
Hannah Brown,25.0,False,0.1158292090350896,0.0006049504019829417,0.1145911681680561,0.1169196683601436,0.994777220642164,28,5
James Van Der Beek,26.0,False,0.12073555988057409,0.0006356948557028605,0.11959927955085066,0.12184092172433089,0.9947348166825776,28,5
Karamo Brown,21.0,False,0.09807726541527753,0.00048002753925454597,0.09729701631772042,0.0991308705886152,0.9951056186444226,28,5
Kate Flannery,24.0,False,0.11100722129073008,0.000530566898401613,0.11005221371565148,0.11212397609926769,0.9952204289754083,28,5
Kel Mitchell,26.0,False,0.12073661870994394,0.0005855427179207177,0.11968208556643069,0.12181091004520908,0.995150247504219,28,5
Lauren Alaina,23.0,False,0.10650459927650247,0.0005821499054943049,0.10531210878566385,0.1075582567620605,0.9945340397555701,28,5
Sailor Brinkley-Cook,24.0,False,0.11111257619859106,0.0005424646090056152,0.10999483037521485,0.11213836678047674,0.9951178828935073,28,5
Sean Spicer,19.0,False,0.0900876607853686,0.0004598097856983749,0.08935655116628731,0.09105092836176856,0.9948959737472387,28,5
Ally Brooke,25.0,False,0.10940915551510043,0.00036875041994956497,0.10884337065404943,0.11007937026136963,0.9966296200878849,28,6
Hannah Brown,24.0,False,0.1051802636737738,0.0003737467202365794,0.10438187231446167,0.10573989041322324,0.9964466078788717,28,6
James Van Der Beek,27.0,False,0.11831460761748272,0.0003787358994157819,0.11756358814127794,0.11898072776726884,0.9967989083762145,28,6
Karamo Brown,25.0,False,0.10933974905791616,0.00039772710823020806,0.10857829665339047,0.11009902795813302,0.9963624655108771,28,6
Kate Flannery,27.0,False,0.11832853434652547,0.00036389144307022735,0.11775705176793295,0.11909285018326622,0.9969247363277182,28,6
Kel Mitchell,26.0,False,0.11380832725923344,0.0003430737712436742,0.11317675840220014,0.11444849212948226,0.9969855125762264,28,6
Lauren Alaina,26.0,False,0.1138242251983993,0.0003267767141370737,0.11317496298505127,0.11447410278790647,0.9971291110168552,28,6
Sailor Brinkley-Cook,27.0,True,0.1183593958929682,0.0004527728642340051,0.11750910686323528,0.11923293483286312,0.9961745929774477,28,6
Sean Spicer,21.0,False,0.09343574143860053,0.0003414650162830856,0.09279526039548126,0.09412207258723193,0.9963454561281834,28,6
Ally Brooke,27.0,False,0.1335411519559285,0.0004815933734988844,0.13265300847482092,0.13450847810741934,0.9963936706667184,28,7
Hannah Brown,26.0,False,0.12841879396256234,0.0004858208087800965,0.12752992432569538,0.12937145186727605,0.9962169025748542,28,7
James Van Der Beek,27.0,False,0.1336853789997277,0.0005070455262159246,0.1327431302282068,0.13466655570986089,0.9962071729159181,28,7
Karamo Brown,24.5,True,0.12090954190070514,0.00043904527911767244,0.11999358518734682,0.12160100623467981,0.9963688119877402,28,7
Kate Flannery,24.0,False,0.11868694722989906,0.00043262954599775105,0.11789942192871267,0.11957066394703111,0.9963548683650971,28,7
Kel Mitchell,25.5,False,0.12587620778858485,0.00044263047169917783,0.12509705139704458,0.12680196610176883,0.9964836049681239,28,7
Lauren Alaina,27.0,False,0.13354213394877998,0.0005118846200441186,0.13260135424602934,0.13453090217393845,0.9961668680519928,28,7
Sean Spicer,21.0,False,0.10533984421381248,0.00035685742953366973,0.1047390242372514,0.10605833077608934,0.9966123224104134,28,7
Ally Brooke,30.0,False,0.1543229036344106,0.0009781783169420996,0.15242666166198574,0.15614147308931953,0.9936614832023937,28,8
Hannah Brown,30.9998,False,0.160152662872502,0.0011372836658675594,0.1579507789482981,0.1622263079193226,0.9928987526934038,28,8
James Van Der Beek,31.9998,False,0.1658394646105183,0.0011703598570127539,0.16377742241907006,0.16805064592015648,0.9929428145480245,28,8
Kate Flannery,25.9998,True,0.13355636868288498,0.00106082478075752,0.13144443284162863,0.13587230055176477,0.9920571007491501,28,8
Kel Mitchell,29.9998,False,0.15459527000171097,0.0010217808690136288,0.15280310863568947,0.15646831170698614,0.9933906071705666,28,8
Lauren Alaina,24.0,False,0.12419219090282972,0.0008781167180985453,0.12270298687034402,0.12590144895958752,0.9929293725175877,28,8
Sean Spicer,20.0,False,0.10734113929514344,0.0007736899925315123,0.10560988800380565,0.10877076727962869,0.9927922323387663,28,8
Ally Brooke,40.0,False,0.19227713043303446,0.0012462102708338857,0.19015239004493473,0.1948125306562517,0.9935186765684133,28,9
Hannah Brown,35.5,False,0.16900653794621018,0.0010455849443614432,0.16732277227625061,0.1709697026797477,0.9938133461754348,28,9
James Van Der Beek,36.0,False,0.17106728179090894,0.0010932672302829379,0.16923383912055143,0.17305239846591186,0.9936091389373966,28,9
Kel Mitchell,37.0,False,0.1762207045872851,0.0010689655621190415,0.17447791030888915,0.17842989364030382,0.9939339388942826,28,9
Lauren Alaina,35.0,False,0.166587874294368,0.0010857247758736548,0.16441033365188648,0.16851622565761176,0.9934825702022277,28,9
Sean Spicer,25.0,True,0.12484047094819342,0.0008378291756612765,0.12341827084060188,0.12651587345806328,0.9932888015457025,28,9
Ally Brooke,29.5,False,0.2147896926185873,0.0004554156338554968,0.2139028242286246,0.2154975404061796,0.9978797137409,28,10
Hannah Brown,27.0,False,0.19625543931247433,0.00043655665772716597,0.19553343233229326,0.19716200222135236,0.9977755691294136,28,10
James Van Der Beek,25.5,True,0.1857408474032277,0.00036330668773712277,0.18509291829747945,0.1864860140887911,0.9980440129739022,28,10
Kel Mitchell,28.5,False,0.20707921688517072,0.0004441255831129987,0.20622283204148634,0.20801816463043862,0.9978552865430272,28,10
Lauren Alaina,27.0,False,0.19613480378053996,0.00045227891340279814,0.1953063777014487,0.19686385656756164,0.9976940405033424,28,10
Ally Brooke,30.0,False,0.2564465384820156,0.00019987562270205257,0.2561259670552645,0.25683235329295545,0.9992205953572811,28,11
Hannah Brown,29.0,False,0.2478300862113253,0.00020980958607812528,0.24743903808268633,0.24816164558731799,0.9991534135774814,28,11
Kel Mitchell,29.5,False,0.2520892740790761,0.00019120984031622277,0.2516894452452399,0.2524468919395584,0.9992414995004657,28,11
Lauren Alaina,28.5,True,0.24363410122758292,0.00022210445337329148,0.24316767767879482,0.24401064724942742,0.999088368778204,28,11
AJ McLean,18.0,False,0.06827233319984151,0.0005886812557402142,0.06727328696009369,0.06947412955900344,0.9913774551395941,29,1
Anne Heche,18.0,False,0.06836746796662366,0.0006048410439197576,0.06725348738331069,0.06969897217638386,0.9911530869592093,29,1
Carole Baskin,11.0,False,0.045699535203517196,0.00033882348709509807,0.045054393923471936,0.04638962972272219,0.992585843913156,29,1
Charles Oakley,12.0,False,0.048356001226496526,0.00043192594742951103,0.04754614315156723,0.04911181748396907,0.9910677902127102,29,1
Chrishell Stause,13.0,False,0.0511523827556131,0.0004026783300193259,0.050428210069202825,0.05207325836207735,0.9921278675923432,29,1
Jeannie Mai,18.0,False,0.06827265443939903,0.000540906280782644,0.06719408591608482,0.06930531479716541,0.9920772630678544,29,1
Jesse Metcalfe,18.0,False,0.06821430093033451,0.0005705733156291095,0.06713068005293973,0.06933190856367945,0.9916355762963572,29,1
Johnny Weir,18.0,False,0.06825617631900367,0.0005288429561895936,0.06727543018187064,0.06913589761369725,0.9922520864087379,29,1
Justina Machado,21.0,False,0.08109919100815162,0.0007021066462989672,0.0798346834416878,0.08254351058307371,0.9913426183717616,29,1
Kaitlyn Bristowe,20.0,False,0.0766818848087922,0.0007052740234732032,0.07536138711655573,0.07801044263199891,0.9908025992679781,29,1
Monica Aldama,19.0,False,0.07237328159962977,0.0005999080719080097,0.07115376685325338,0.07356160081242802,0.9917109179154441,29,1
Nelly,16.0,False,0.06084680676394092,0.000515050646318869,0.05972127960351327,0.061788569755306486,0.9915352888062468,29,1
Nev Schulman,20.0,False,0.07671087142478428,0.0006330433054409015,0.07531677984832207,0.07771574028805915,0.9917476715661925,29,1
Skai Jackson,21.0,False,0.08124209399362915,0.0007238842893052933,0.07972029466194472,0.08263468411382127,0.9910897878953975,29,1
Veron Davis,17.0,False,0.06445501836024284,0.0005055103677504234,0.06359968636105127,0.0654501480923067,0.9921571604413314,29,1
AJ McLean,19.0,False,0.0691999033158425,0.00034691276219434936,0.06848803399452241,0.06991389270957644,0.994986802790591,29,2
Anne Heche,18.0,False,0.06550751796578021,0.00032606067859276453,0.06487933488519226,0.06612032417223632,0.9950225456753973,29,2
Carole Baskin,16.0,False,0.058686882539586434,0.00033199408149212593,0.05813026314944705,0.059433794152389634,0.9943429593271004,29,2
Charles Oakley,15.0,True,0.055587329147458134,0.00025959962183954004,0.055104430491495666,0.05611902608036538,0.9953298777649329,29,2
Chrishell Stause,18.0,False,0.06555052487818026,0.00035051222405098467,0.06490758084077176,0.06624960679750688,0.994652793021835,29,2
Jeannie Mai,18.0,False,0.06547301416595813,0.00033082441615684235,0.06481878140055128,0.06611570303479196,0.994947163799145,29,2
Jesse Metcalfe,20.0,False,0.07312197782510914,0.00038935697155701934,0.07235068497089366,0.07393165383220385,0.9946752401516235,29,2
Johnny Weir,18.0,False,0.06549780584354599,0.00035526176214386885,0.06479937165571348,0.0662508869267394,0.9945759746060429,29,2
Justina Machado,21.0,False,0.07719815598375289,0.00042720129189217416,0.07647750972008573,0.07804470114014418,0.994466172326939,29,2
Kaitlyn Bristowe,22.0,False,0.08163902126900713,0.00047190444350328335,0.08069876315279803,0.08266933594617384,0.994219621497564,29,2
Monica Aldama,16.0,False,0.0587376747926454,0.00029516660991681624,0.05814274937250857,0.05935530456808876,0.99497483325721,29,2
Nelly,18.0,False,0.06549998932852802,0.0003832199421422597,0.06475717851285676,0.06623723053040406,0.9941493129072106,29,2
Nev Schulman,21.0,False,0.07726945067138616,0.00042574662518513257,0.07649855884351363,0.07820412267054033,0.9944901041551886,29,2
Skai Jackson,15.0,False,0.05558942557690427,0.00034416153938846635,0.054800901883829314,0.05620566747101664,0.9938088667796658,29,2
Veron Davis,18.0,False,0.06544132669631529,0.00036158033857485876,0.06484708802659174,0.06604145659643508,0.9944747400942405,29,2
AJ McLean,21.0,False,0.07379184258882417,0.0005839272615120613,0.07279270581306689,0.07492815689937839,0.9920868318092317,29,3
Anne Heche,15.0,False,0.05480516683055597,0.00047263540475607496,0.053881269146545084,0.055592044986235746,0.9913760794448935,29,3
Carole Baskin,12.0,True,0.04714430263091609,0.00037987152054961513,0.04647714206780939,0.04769664757928319,0.9919423663231683,29,3
Chrishell Stause,22.0,False,0.07771462866192022,0.0006459127131433868,0.07648942824997204,0.0788600812612646,0.9916886598538187,29,3
Jeannie Mai,22.0,False,0.07769115542003358,0.0006367159248607361,0.07643972867863764,0.07890732080776634,0.9918045249627405,29,3
Jesse Metcalfe,20.0,False,0.07022190439840839,0.0004994033093928147,0.06927342658360769,0.07121179116953108,0.9928882118240568,29,3
Johnny Weir,24.0,False,0.08576953276900909,0.0007356076498850609,0.0846090478656252,0.0874301418063905,0.9914234387650662,29,3
Justina Machado,19.0,False,0.06688951927625528,0.0005227746691745907,0.06602704512349508,0.06778858496602783,0.9921845055125076,29,3
Kaitlyn Bristowe,23.0,False,0.081570387088745,0.0006275516315802229,0.08035501775932628,0.08267115590861394,0.9923066243280484,29,3
Monica Aldama,21.0,False,0.07382058680365153,0.0006370132211777939,0.07251602563075722,0.07487657314777568,0.9913707916888804,29,3
Nelly,18.0,False,0.06362160981516482,0.000462510886570642,0.06289537269741638,0.0645023043556704,0.9927302863301583,29,3
Nev Schulman,24.0,False,0.08573180061395437,0.0006696043884066522,0.08452232148396935,0.08723096548935926,0.9921895447942142,29,3
Skai Jackson,18.0,False,0.0636480576368217,0.0004085592022468254,0.06287770568421895,0.06437578638351862,0.993580963545218,29,3
Veron Davis,22.0,False,0.0775795054657397,0.0005493906709467643,0.07660172296225277,0.07857216947436703,0.9929183530154186,29,3
AJ McLean,24.0,False,0.07954801241080837,0.0003733669949747721,0.07899194442216423,0.08029260081068416,0.9953063944194281,29,4
Anne Heche,21.0,True,0.06979377617980675,0.0003016661428768801,0.06915399908036395,0.07034017767335647,0.9956777500890666,29,4
Chrishell Stause,22.0,False,0.07290556798499945,0.00031129470383003943,0.0722885169671609,0.07350847928594403,0.995730165576735,29,4
Jeannie Mai,21.0,False,0.06982707367755095,0.0002928737958605103,0.06924007974705003,0.07049129522399669,0.9958057271995537,29,4
Jesse Metcalfe,21.0,False,0.06985383946114274,0.0003138829704619466,0.06929671330237575,0.0705049242697659,0.9955065752593807,29,4
Johnny Weir,24.0,False,0.07942906441298882,0.00031220740488083795,0.07877758212468607,0.08002370209071175,0.9960693556296027,29,4
Justina Machado,24.0,False,0.07946217250743672,0.0003716233243023305,0.07877553594622197,0.08016980873003816,0.99532326750483,29,4
Kaitlyn Bristowe,25.0,False,0.08292964093725376,0.00031155856548188677,0.0824225980239946,0.08362367476408042,0.9962430976191297,29,4
Monica Aldama,24.0,False,0.0795318067439905,0.00035602904334722636,0.07893202505064402,0.08018741769329944,0.9955234382579379,29,4
Nelly,21.0,False,0.06983752294039458,0.000259476556446612,0.06927210800916313,0.07027669332335844,0.9962845681587522,29,4
Nev Schulman,24.0,False,0.0794778101778274,0.0003130472266487399,0.07891850643524592,0.08008593746005406,0.996061199648703,29,4
Skai Jackson,28.0,False,0.09444524074308838,0.0004185625383635067,0.09364650473294259,0.09521148608875021,0.9955681987247819,29,4
Veron Davis,22.0,False,0.07295847182271156,0.00032980596481361476,0.07219690801482088,0.07353096976869522,0.9954795384747772,29,4
AJ McLean,24.0,False,0.08297022903373104,0.0004922497977139575,0.08206050270275074,0.0838246202535225,0.9940671515139022,29,5
Chrishell Stause,19.0,False,0.06731762308681416,0.0003641165963663138,0.0666657756320384,0.06803606697947026,0.9945910657615356,29,5
Jeannie Mai,24.0,False,0.08303030391102471,0.0005442212523918469,0.08184886125188559,0.08414674171729042,0.9934455105334188,29,5
Jesse Metcalfe,19.0,True,0.06738650340897326,0.00039742694381936477,0.0666845922228151,0.06810450083946941,0.9941022768104266,29,5
Johnny Weir,29.0,False,0.10226751572768306,0.0005617930004943809,0.1013784754774325,0.10337611831878313,0.9945066329567415,29,5
Justina Machado,24.0,False,0.08302861234192288,0.0004554076710702122,0.08214156170705768,0.0838947448206182,0.9945150513994527,29,5
Kaitlyn Bristowe,27.0,False,0.09414040987980155,0.0005674598102139838,0.09313735666326886,0.09531409737419705,0.993972197370518,29,5
Monica Aldama,26.0,False,0.09020388917333136,0.00048587217376648437,0.08921499920296107,0.09114645215794351,0.9946136227803565,29,5
Nelly,24.0,False,0.08305933306182539,0.0005373951162458527,0.08224309155906812,0.08418543244923915,0.993529985175226,29,5
Nev Schulman,26.0,False,0.09031497414420314,0.0005275590667607558,0.08936200969848153,0.09120358406515763,0.9941586755489913,29,5
Skai Jackson,24.0,False,0.08299076579082731,0.00044534723125590295,0.08216412923096515,0.08386631726356049,0.9946337736853956,29,5
Veron Davis,21.0,False,0.07328984043986213,0.0004596141663353134,0.07254858437498556,0.07425200081375319,0.9937288147500819,29,5
AJ McLean,27.0,False,0.10062345080050003,0.0006302935816230324,0.09957698422223327,0.10186471899178162,0.9937361164161158,29,6
Chrishell Stause,24.0,False,0.08906611721308293,0.0005119071752505377,0.0881514066905858,0.08995701377727763,0.994252503743642,29,6
Jeannie Mai,25.0,False,0.09274286211561017,0.0005242965179340013,0.0917824923614194,0.09372115264933756,0.9943467722908914,29,6
Johnny Weir,22.0,False,0.0819917543251581,0.0004967028477056027,0.08104026120832948,0.0828079998195044,0.9939420390282685,29,6
Justina Machado,27.0,False,0.100576490670138,0.0005701072186833028,0.09954246489092755,0.1017266146157324,0.9943316055781555,29,6
Kaitlyn Bristowe,27.0,False,0.10063370668689813,0.000531927507542092,0.09960665829782032,0.10154350498033936,0.9947142212579223,29,6
Monica Aldama,27.0,False,0.10060560540056572,0.0005190089150799652,0.09958858489582503,0.10144120735358175,0.9948411531046057,29,6
Nelly,24.0,False,0.08889375703550291,0.0004608269904124844,0.08801903719606685,0.0897579920868256,0.9948159802692507,29,6
Nev Schulman,26.0,False,0.09662435614179021,0.0005092621652451039,0.09575618215837757,0.09759995860006766,0.9947294638165786,29,6
Skai Jackson,18.0,False,0.06952784364758484,0.00039061621979085185,0.06878886545328575,0.0702847766827658,0.9943818735157275,29,6
Veron Davis,21.0,True,0.07871405596316892,0.00044015080771339236,0.077887595862934,0.0796349989361542,0.994408231130672,29,6
AJ McLean,26.0,False,0.0996624197827013,0.00033685193158061424,0.09907769619289476,0.10038271779678168,0.9966200707115573,29,7
Chrishell Stause,26.0,False,0.09978109680034139,0.00037350696953869804,0.09913413253531268,0.10037924871846511,0.9962567361803402,29,7
Jeannie Mai,25.0,True,0.09588825201741363,0.000365734254815213,0.09519183845256003,0.09659869816938399,0.9961858283249465,29,7
Johnny Weir,27.0,False,0.10363703384023168,0.00039667025496370776,0.1029677161101059,0.10425965353097182,0.9961725047479145,29,7
Justina Machado,26.0,False,0.09970612394359898,0.0003898116050654169,0.09903898562590785,0.10053845479343512,0.9960903945550433,29,7
Kaitlyn Bristowe,24.0,False,0.0923496325683634,0.0003496940211694156,0.09167847450576737,0.09291349200648455,0.9962133685706811,29,7
Monica Aldama,22.0,True,0.08550834700159943,0.00034904037676169157,0.08494843169349987,0.08619109854885605,0.9959180549150931,29,7
Nelly,27.0,False,0.10363702103815059,0.00034660508245252906,0.10293433718577846,0.10433096397958495,0.9966555862086682,29,7
Nev Schulman,30.0,False,0.11626345217781613,0.0004250958191202349,0.11551336188615953,0.11702081513009414,0.9963436848712347,29,7
Skai Jackson,27.0,False,0.10356662082978339,0.0004029777798296587,0.10278050389769437,0.10431785517022656,0.9961089994382266,29,7
AJ McLean,27.0,False,0.12143018668212503,0.00040084660042099423,0.12053571976035522,0.12220539453212977,0.9966989542602753,29,8
Chrishell Stause,27.0,True,0.12138535509523014,0.0003221688376253943,0.12073098349816282,0.12191118151904835,0.9973459002746036,29,8
Johnny Weir,30.0,False,0.13525232861270486,0.00039531853965976596,0.1345652385806232,0.13604887854898964,0.9970771775708812,29,8
Justina Machado,28.9998,False,0.13046571417413647,0.00038780387757388995,0.12981857535805955,0.13114939325527133,0.9970275418332798,29,8
Kaitlyn Bristowe,28.0,False,0.12586080278512188,0.0004374470015839107,0.12486691750397558,0.12661413912161654,0.996524358720874,29,8
Nelly,24.0,False,0.10899937420586266,0.00034272604491567313,0.10844786866984438,0.10977591074079013,0.9968557063064566,29,8
Nev Schulman,30.0,False,0.13531449304695115,0.0004074256176886537,0.13466478688206265,0.13617362061433386,0.9969890467124812,29,8
Skai Jackson,26.9998,False,0.12129174539786786,0.00042151184197289246,0.12046377730589909,0.12207196385845623,0.9965248101543083,29,8
AJ McLean,24.9998,True,0.12980263768405026,0.0005304561872532405,0.12889516517060198,0.1309751748591239,0.9959133635747495,29,9
Johnny Weir,30.0,False,0.15541569932859173,0.0005257265534564441,0.15430467583526838,0.15650559717171048,0.9966172879848842,29,9
Justina Machado,25.9998,False,0.13442947871385658,0.0005377115610867695,0.13332521221194138,0.1353793976438194,0.9960000472646976,29,9
Kaitlyn Bristowe,30.0,False,0.15543744683667116,0.0005768561245279417,0.15431446582855002,0.15655277580642274,0.9962888214116506,29,9
Nelly,24.0,False,0.1250024674891202,0.0005265137681277858,0.12401344785288747,0.12602231709633893,0.9957879730000241,29,9
Nev Schulman,28.9998,False,0.14997936351369953,0.0005417766920651514,0.1490354763052131,0.15106547326524034,0.9963876584126478,29,9
Skai Jackson,28.9998,False,0.1499329064340106,0.0005808611060645756,0.14886127962306903,0.1510135578791183,0.9961258597603441,29,9
Johnny Weir,28.5,True,0.16378000308821833,0.0002002353118961773,0.16336435507891323,0.16416773927800277,0.9987774129434573,29,10
Justina Machado,29.0,False,0.16664095329202058,0.0002275540471118453,0.16617180349790373,0.16701845233268903,0.9986344650422572,29,10
Kaitlyn Bristowe,30.0,False,0.17245865409896807,0.00019258663120688907,0.17208386014657784,0.17283720296938127,0.9988832881004837,29,10
Nelly,28.0,False,0.1609719808163022,0.00021761039947892514,0.1605860475696644,0.16139317830808056,0.9986481473460449,29,10
Nev Schulman,30.0,False,0.17241236909865293,0.0001923704979822794,0.1720931433516248,0.17277596816335702,0.9988842418964025,29,10
Skai Jackson,28.5,True,0.16373603960583782,0.00020832751844627,0.16335007836163212,0.1641282132803133,0.9987276624074469,29,10
Justina Machado,30.0,True,0.25311594001724363,0.00022945233848798945,0.25270251637801583,0.2535701938002666,0.9990934891794158,29,11
Kaitlyn Bristowe,30.0,False,0.25315534558467134,0.00024395559873129766,0.25270235620475073,0.253586459535485,0.9990363403223113,29,11
Nelly,28.5,False,0.24062599125454576,0.00021713932640098115,0.24020544337840355,0.2410013001943367,0.9990976065167819,29,11
Nev Schulman,30.0,False,0.25310272314353927,0.000234275454520911,0.2526897692310873,0.25357043913947913,0.9990743858793331,29,11
Amanda Kloots,28.0,False,0.07644539405312893,0.0006155502246945793,0.07519902314760353,0.07755332114184305,0.9919478441792481,30,1
Brian Austin Green,24.0,False,0.06490227040229934,0.0004407750707262717,0.06412016712180617,0.06584096043807813,0.9932086340278374,30,1
Christine Chiu,25.0,False,0.06758423291092379,0.0004877753616568845,0.06677719804539928,0.0688266589047084,0.9927827047722836,30,1
Cody Rigsby,24.0,False,0.0649549130176679,0.00044411653331895653,0.0641371483881305,0.06584997218216018,0.9931626952806764,30,1
Iman Shumpert,21.0,False,0.05741172173486077,0.0004649442154292272,0.05664160159750942,0.05835165904871504,0.9919015803501515,30,1
Jimmie Allen,22.0,False,0.05979660165072479,0.00046658887309079577,0.05900731847292906,0.060817368269794364,0.9921970670538074,30,1
JoJo Siwa,29.0,False,0.07960515589967165,0.0005645113853563703,0.0785134809986092,0.08070941168765067,0.992908607753148,30,1
Kenya Moore,26.0,False,0.07052396126814743,0.00046275696820103376,0.06965443583274053,0.07129454580694614,0.993438301537806,30,1
Martin Kove,13.0,False,0.04133464345014963,0.00029199439255795425,0.04079744916431023,0.04183597371431495,0.9929358434430405,30,1
Matt James,24.0,False,0.06479455791462335,0.0005186617974141569,0.06396965972271144,0.06590690898791961,0.9919952876583004,30,1
Melanie C,27.0,False,0.07340431996580325,0.0005819863428479704,0.07239130299762327,0.07450284885404967,0.9920714973843624,30,1
Melora Hardin,26.0,False,0.07040496655374824,0.0005543722205970411,0.0692204654849443,0.07129868146916905,0.9921259500894184,30,1
"Mike ""The Miz"" Mizanin",24.0,False,0.06489879846188114,0.00047586272737249076,0.0638652582865088,0.06569972165473578,0.9926676188365492,30,1
Olivia Jade,25.0,False,0.06747943041010988,0.00045363947580267177,0.06666202300755612,0.06843189564130442,0.9932773665538424,30,1
Suni Lee,28.0,False,0.07645903230625993,0.0005927868242739469,0.07512881839826809,0.07750944910082783,0.9922470006957514,30,1
Amanda Kloots,32.0,False,0.08429287651643126,0.000613062065069582,0.08312342933219478,0.0856187501292722,0.9927270003064841,30,2
Brian Austin Green,23.0,False,0.05950730946250404,0.0004016477131491524,0.0587832195161101,0.06034509988206798,0.993250447436172,30,2
Christine Chiu,24.0,False,0.061671235228882904,0.00044908089173553267,0.06086092235680323,0.06243136823845035,0.9927181466356424,30,2
Cody Rigsby,24.0,False,0.061751318899268194,0.00048259793968950115,0.060824067626138914,0.06262863514933459,0.9921848156720873,30,2
Iman Shumpert,25.0,False,0.06417752727542968,0.0005387135796197943,0.06306257172513118,0.06508158014307024,0.9916058844506769,30,2
Jimmie Allen,27.0,False,0.06943442252732225,0.00044881053898846747,0.06850393722479836,0.07025964685140038,0.993536195410686,30,2
JoJo Siwa,31.0,False,0.0811166676166067,0.0005825909183359306,0.07988259733324009,0.08220670174442465,0.9928178642509143,30,2
Kenya Moore,24.0,False,0.06174186841606692,0.0004471819124689071,0.06080478179962938,0.06266350542585745,0.9927572338845428,30,2
Martin Kove,15.0,True,0.04346428267140794,0.0003331708671398217,0.04285690338888105,0.04403295134417923,0.9923346056425546,30,2
Matt James,22.0,False,0.05716767540485439,0.00044328976140118524,0.05641130987435823,0.057933382722950476,0.9922457969777175,30,2
Melanie C,30.0,False,0.07790519293199762,0.0006254854765967131,0.07677245580065249,0.07896180188175604,0.9919711966166018,30,2
Melora Hardin,27.0,False,0.06944825955898008,0.0005303117115346526,0.06849695611980684,0.07044296889237925,0.9923639308615895,30,2
"Mike ""The Miz"" Mizanin",26.0,False,0.06676560363541173,0.0004911357643470213,0.06588184873779464,0.06760130476790273,0.9926438804173932,30,2
Olivia Jade,27.0,False,0.06938777413656276,0.0004879406352845088,0.068480562858795,0.07026112743338982,0.9929679163028895,30,2
Suni Lee,28.0,False,0.07216798571827351,0.0005380320144744436,0.07104414710949103,0.07333090579226574,0.9925447272898154,30,2
Amanda Kloots,24.0,False,0.08085135076935394,0.00030300116362841974,0.08020945516081228,0.0813317045361288,0.9962523673291149,30,3
Brian Austin Green,19.0,False,0.0639134358068342,0.0002803914736808554,0.06348715925901605,0.06454860337404361,0.9956129494504367,30,3
Christine Chiu,21.0,True,0.0702135085985067,0.0002997398403599045,0.06967908038282045,0.07066927292358498,0.9957310231842441,30,3
Cody Rigsby,18.0,False,0.06097012088337604,0.0002756464913428045,0.060357595528378744,0.061435318849637086,0.9954789905719547,30,3
Iman Shumpert,19.0,False,0.0638810453941339,0.0003161011895956676,0.06323944334022664,0.06448213646671605,0.9950517217173673,30,3
Jimmie Allen,20.0,False,0.0669231810089314,0.0002803082655695368,0.06635713864179561,0.06755490364077578,0.9958114922013027,30,3
JoJo Siwa,24.0,False,0.08083321556318453,0.0003224808965141869,0.08028798648169085,0.08148441562226391,0.9960105397976885,30,3
Kenya Moore,21.0,False,0.0702145260509837,0.00029113201746458484,0.0696657505092907,0.07069802405072168,0.9958536782367058,30,3
Matt James,20.0,False,0.06701856431225851,0.00027462424177310653,0.06649410335609408,0.067607200980554,0.9959022661169888,30,3
Melanie C,22.0,False,0.0735637598264356,0.00029925204670334997,0.07302803859749978,0.07415949311901401,0.9959320724306452,30,3
Melora Hardin,23.0,False,0.07710483420630083,0.0003386045667730269,0.07639959005569297,0.07767099583959913,0.9956085170241459,30,3
"Mike ""The Miz"" Mizanin",22.0,False,0.07352871106188759,0.0003548957403532227,0.07288685153486395,0.07419779761905841,0.9951733719355625,30,3
Olivia Jade,24.0,False,0.0808070103091063,0.0003542728052786089,0.08012651490706205,0.08158175961549484,0.9956158159555287,30,3
Suni Lee,21.0,False,0.0701767362087067,0.0002800122786856234,0.06969624962781677,0.07074984244978509,0.9960098988095876,30,3
Amanda Kloots,34.0,False,0.08129443594322852,0.00035804877265089094,0.08060368885282033,0.08203139547255268,0.9955956546287997,30,4
Brian Austin Green,26.0,True,0.06340692815919502,0.0002823517642826051,0.06287358493722979,0.06401468632352467,0.9955469887521801,30,4
Cody Rigsby,29.0,False,0.06961630795134881,0.00030383376134630007,0.06902229639172608,0.07012407790690105,0.9956355950166356,30,4
Iman Shumpert,31.5,False,0.07522171955412103,0.0003633250547073475,0.07451596564551047,0.07593697851875367,0.9951699448395893,30,4
Jimmie Allen,32.5,False,0.07757127182635237,0.00032518404725343604,0.07697072793560253,0.07818265131616457,0.9958079319882575,30,4
JoJo Siwa,35.0,False,0.08399834250278058,0.0003460434145362141,0.08335529048234065,0.0846861487734661,0.9958803542519334,30,4
Kenya Moore,29.5,False,0.07071803269877376,0.00032152109332026397,0.07007131668865313,0.07128746761416743,0.9954534779737186,30,4
Matt James,28.5,True,0.0684638857899232,0.00028983260613159404,0.06791958833258684,0.06897471156847101,0.9957666351714111,30,4
Melanie C,33.0,False,0.07889364200877197,0.00035978815472327596,0.07821658904188805,0.07957492315066632,0.9954395798500052,30,4
Melora Hardin,36.5,False,0.08800890205969975,0.000444952895707262,0.08695939579531888,0.08876606206894477,0.9949442285349108,30,4
"Mike ""The Miz"" Mizanin",32.5,False,0.07760286996676735,0.00034091379644731503,0.07703963422891627,0.07821504937848883,0.9956069434468944,30,4
Olivia Jade,35.0,False,0.08387761517642263,0.0003574911849677252,0.08327765778437372,0.0845504349271017,0.9957379429038868,30,4
Suni Lee,34.0,False,0.081326046362615,0.00034803944829418104,0.08072569409336491,0.08197585142651699,0.9957204430331907,30,4
Amanda Kloots,39.0,False,0.10152164185152587,0.00039077918371204385,0.10084230975428131,0.10229176079119809,0.9961507795127708,30,5
Cody Rigsby,32.0,False,0.08308121819875317,0.0003567126212224172,0.0824493949486392,0.08378135223138898,0.9957064589451606,30,5
Iman Shumpert,28.0,False,0.07414696560315451,0.0003070794662650108,0.07361873024536436,0.07481364645600709,0.9958585025864909,30,5
Jimmie Allen,34.0,False,0.08794445839463666,0.00036477084360859964,0.08719883758413537,0.08862004916129171,0.9958522589112807,30,5
JoJo Siwa,40.0,False,0.10434115143527851,0.00044359837521565067,0.10329682730641898,0.10522996705796614,0.9957485769601574,30,5
Kenya Moore,36.0,False,0.0931701886458637,0.0004218515403656006,0.09226140216027895,0.09397529565401698,0.9954722476524219,30,5
Melanie C,36.0,True,0.0932095692852036,0.0003924883434381638,0.09247872192572439,0.09393249453167855,0.995789184024258,30,5
Melora Hardin,36.0,False,0.09311947584509966,0.00041795844027723395,0.09231351351914696,0.09387680113184639,0.9955115894233287,30,5
"Mike ""The Miz"" Mizanin",32.0,False,0.08312790713139245,0.00031638632864595603,0.08248017683540797,0.08367352112939816,0.9961939817858535,30,5
Olivia Jade,36.0,False,0.0931232127685723,0.0004327638678718151,0.09235364540651218,0.09395473959635513,0.9953527820292529,30,5
Suni Lee,36.0,False,0.09321421084051963,0.00040993952219264406,0.09243577036406204,0.09396527614192814,0.9956021778385915,30,5
Amanda Kloots,38.0,False,0.10424085287708376,0.0002966498315390707,0.10367610571009304,0.10477180944556383,0.9971541883690374,30,6
Cody Rigsby,36.0,False,0.09866156585823402,0.0003538485493306468,0.09807919689075102,0.0992728411034268,0.9964135117231051,30,6
Iman Shumpert,40.0,False,0.11014587240348962,0.0003631028429223016,0.109460270080628,0.11079573822687777,0.9967034366790235,30,6
Jimmie Allen,38.0,False,0.10425272864222984,0.00031224262033831496,0.10362286135216961,0.10475258884825257,0.9970049453438302,30,6
JoJo Siwa,40.0,False,0.1101413315388445,0.0003690161514216696,0.10946596631875072,0.11086811957030916,0.9966496124001232,30,6
Kenya Moore,32.0,True,0.08838330061765987,0.0002728303890631514,0.08784690346342736,0.08889437611707247,0.9969131002445428,30,6
Melora Hardin,34.0,False,0.09338008027792483,0.0003099897425222841,0.09274209202018223,0.09393956443684054,0.9966803440134162,30,6
"Mike ""The Miz"" Mizanin",34.0,False,0.09342732008231647,0.0002944986872545198,0.09293600298795171,0.09403235602992079,0.9968478311590759,30,6
Olivia Jade,36.0,False,0.09866539745167113,0.00029817484147214653,0.09808240711944521,0.0991870466616852,0.9969779188127408,30,6
Suni Lee,36.0,False,0.09870155025054604,0.0003289577736416396,0.0979033649087265,0.09936748399711602,0.996667146840079,30,6
Amanda Kloots,34.0,False,0.10383786541875978,0.00041121950283855166,0.10303065322058405,0.10463573134617582,0.9960397924092509,30,7
Cody Rigsby,36.0,False,0.10977976096459063,0.00048039106532787043,0.10887080961991702,0.11059746733705056,0.9956240470820226,30,7
Iman Shumpert,34.0,False,0.10380903752605743,0.00040376175691157995,0.10307012528036118,0.10455912207266385,0.9961105336632157,30,7
Jimmie Allen,38.0,False,0.11595406718091017,0.00039514307614684136,0.11520295910900914,0.11668744902777409,0.9965922447935324,30,7
JoJo Siwa,39.0,False,0.11907975045125582,0.0004479814454406568,0.11819516275223489,0.11992118044319715,0.9962379712441198,30,7
Melora Hardin,38.0,False,0.11599151877084168,0.0004515205008146492,0.11511628883497403,0.1167677210516169,0.996107297278289,30,7
"Mike ""The Miz"" Mizanin",32.0,True,0.09833442773845297,0.00041928715889224464,0.09746312748078491,0.09912242674653456,0.9957361102460732,30,7
Olivia Jade,42.0,False,0.1293612697686034,0.00048314909817145067,0.12841116105646194,0.1301197756251969,0.996265117843728,30,7
Suni Lee,34.0,False,0.10385230218052824,0.00042186388006888335,0.103125914784599,0.10464336522273866,0.9959378475853569,30,7
Amanda Kloots,42.0,False,0.13637563313179524,0.0006621506243221814,0.13502651863159282,0.13756993801390524,0.9951446559101781,30,8
Cody Rigsby,38.0,False,0.12283701608072504,0.0005822338357898689,0.12180436922463095,0.12391804195217183,0.9952601108821526,30,8
Iman Shumpert,35.0,False,0.11365661460416879,0.0005400185112864118,0.11274780512116667,0.11479572281523291,0.9952486838256873,30,8
Jimmie Allen,32.0,True,0.10505455647926551,0.0005074052306588291,0.10398011470772067,0.10599454243450825,0.9951700787889293,30,8
JoJo Siwa,41.0,False,0.13286854366349513,0.0006425778853497888,0.13155101446181758,0.13409596466182527,0.9951638072666982,30,8
Melora Hardin,42.0,False,0.1363064531423214,0.0005800419800564065,0.135166809484442,0.13718504630443512,0.9957445743273008,30,8
Olivia Jade,36.0,True,0.11656086844326667,0.0005297774624157561,0.11548416649388016,0.11744479691124463,0.9954549286609544,30,8
Suni Lee,42.0,False,0.1363403144549621,0.0005826941880644395,0.135069423710077,0.13741989644707184,0.9957261783472201,30,8
Amanda Kloots,39.5,False,0.17478410517875026,0.0003336804347033435,0.1742649317608268,0.17551626060624143,0.9980908994306885,30,9
Cody Rigsby,35.5,False,0.15722342128189526,0.00028523819644655395,0.15662332224950487,0.15777917781940792,0.9981857779577564,30,9
Iman Shumpert,37.5,False,0.1657410823753842,0.0003268277934666515,0.16511441967748777,0.16633321319642824,0.9980280821822654,30,9
JoJo Siwa,40.0,False,0.17716279367416715,0.00031385503886133986,0.17656230552999846,0.17779389488760827,0.9982284370642824,30,9
Melora Hardin,36.0,True,0.15929213326550407,0.00029380836723793895,0.15873232990160996,0.15982107506358387,0.998155537494446,30,9
Suni Lee,37.5,True,0.16579646422429925,0.00032572544185234775,0.16522430517416456,0.16637464431737403,0.998035389696781,30,9
Amanda Kloots,39.0,True,0.24834143562030012,0.00025060929836650273,0.2478829322813753,0.24887207678628212,0.9989908679647416,30,10
Cody Rigsby,38.0,False,0.2420932764738949,0.00022222729608423617,0.24165502410051123,0.2425567425433404,0.9990820591991608,30,10
Iman Shumpert,40.0,False,0.2547795616825263,0.00023988917407105346,0.25432307131187365,0.25522134832087684,0.9990584441998139,30,10
JoJo Siwa,40.0,False,0.25478572622327894,0.00022248937635134194,0.25431651472616523,0.25515341118832857,0.9991267588665608,30,10
Charli D'Amelio,32.0,False,0.08635697569515147,0.0007430109392079085,0.08515578829282655,0.08796137293259275,0.9913960518739006,31,1
Cheryl Ladd,21.0,False,0.054566558109225956,0.00045746883959426563,0.05362178049209759,0.055593567713904606,0.9916163149107087,31,1
Daniel Durant,27.0,False,0.07008901180451454,0.0006105985158780043,0.06898764058702554,0.07135050079949204,0.991288241906149,31,1
Gabby Windey,28.0,False,0.07304353820606534,0.0006457599009997906,0.07181773387619975,0.07436435761417787,0.9911592467060123,31,1
Heidi D'Amelio,24.0,False,0.061829892818592205,0.0005406256479909908,0.060709736516084176,0.06284932992153236,0.9912562415468328,31,1
Jason Lewis,18.0,True,0.047997231559158804,0.000447900630811711,0.047116202783771204,0.04867184967884105,0.9906681986385057,31,1
Jessie James Decker,20.0,False,0.05222112146356957,0.00047512087724973655,0.05127933944218599,0.05299197814221046,0.9909017488722224,31,1
Jordin Sparks,26.0,False,0.06720326358979839,0.0005903170462212994,0.06623831419017247,0.06821461658556324,0.9912159467459121,31,1
Joseph Baena,23.0,False,0.05922416299078913,0.0005355121932243296,0.05821011437692406,0.06010274753440245,0.9909578765459697,31,1
Sam Champion,20.0,False,0.05220570423704089,0.00044119187829077915,0.05137661032566627,0.052988254582877085,0.9915489718079936,31,1
Selma Blair,28.0,False,0.07308191584510937,0.0006902213421632464,0.071625304446786,0.07415752860086419,0.9905555111113109,31,1
Shangela,28.0,False,0.07311080889320273,0.0006183522734628075,0.07191391125745526,0.0741927068686548,0.991542259170377,31,1
Teresa Giudice,20.0,False,0.05221588065879126,0.00042768132436476987,0.051485922231741726,0.05308124492762667,0.9918093629951492,31,1
Trevor Donovan,21.0,False,0.05452054377165279,0.00047018900356402807,0.053761331554680075,0.05552196606643019,0.9913759296764664,31,1
Vinny Guadagnino,17.0,False,0.04610041833422529,0.00038491173267599967,0.045311528225893,0.046755136738400024,0.9916505804809533,31,1
Wayne Brady,29.0,False,0.07623297202311231,0.00060986046610765,0.07519327768480853,0.07748082938842493,0.9920000434205457,31,1
Charli D'Amelio,32.0,False,0.07810904803517395,0.00044077076931632245,0.0771312889409814,0.0787617713451263,0.9943569819322617,31,2
Cheryl Ladd,21.0,False,0.05232335009473887,0.00028143333305537575,0.05187215342704537,0.052851478566649894,0.9946212669382637,31,2
Daniel Durant,29.0,False,0.07000577478578865,0.00040780151481252855,0.0691986344062473,0.07065969938875723,0.9941747446398477,31,2
Gabby Windey,32.0,False,0.07805227852608546,0.00043526947526850403,0.07730538508768002,0.07891728734646342,0.9944233597854157,31,2
Heidi D'Amelio,28.0,False,0.06749013964967591,0.0003648279328686261,0.06678390293694049,0.06819248692336385,0.99459435208221,31,2
Jessie James Decker,25.0,False,0.06050115247228684,0.0003370391067716848,0.059895632002106666,0.0610944313792137,0.9944292117918568,31,2
Jordin Sparks,27.0,False,0.06509591516921548,0.0003567564281688156,0.06444713265477083,0.06578303507449665,0.9945195266516887,31,2
Joseph Baena,24.0,False,0.058406430287757535,0.0003360983272072297,0.057718820371683306,0.05901804046130617,0.9942455252691983,31,2
Sam Champion,26.0,False,0.06279819521609217,0.00038193600819619425,0.06206669886176591,0.06345639848161855,0.9939180416430451,31,2
Selma Blair,28.0,False,0.06757783565697065,0.00037767881279301307,0.06691907771294875,0.06832093871373326,0.9944112028874358,31,2
Shangela,28.0,False,0.06760398192506038,0.00039371914552769027,0.06688425995241523,0.06838340476073029,0.9941760953376366,31,2
Teresa Giudice,23.0,True,0.05626586350335639,0.000322675422181169,0.05570080472670442,0.056925252661359435,0.9942651653757714,31,2
Trevor Donovan,30.0,False,0.07261822988110125,0.0003915467770726689,0.0719071721976746,0.07334462921107276,0.994608147599938,31,2
Vinny Guadagnino,27.0,False,0.06504678448635735,0.00037129394624288404,0.06429252325431148,0.06571963316113374,0.9942918939164355,31,2
Wayne Brady,32.0,False,0.07810502031033913,0.00043842816106624285,0.07735186830769804,0.07899132696650261,0.9943866839887601,31,2
Charli D'Amelio,33.0,False,0.08216302600525108,0.00045795580675854773,0.08113308714192455,0.0830461307777272,0.9944262543746955,31,3
Cheryl Ladd,24.0,True,0.060122069802994955,0.0003203645804661979,0.05959147303877988,0.06070367431085308,0.994671431281126,31,3
Daniel Durant,31.0,False,0.07664929057603626,0.000434775180732154,0.07580359359051599,0.0774868866435203,0.9943277337929063,31,3
Gabby Windey,33.0,False,0.08217739091168803,0.0004665547743543732,0.08129047323389457,0.08307711667969725,0.9943225895933377,31,3
Heidi D'Amelio,32.0,False,0.07938664683262335,0.0004860279038555605,0.07830451504843096,0.08022946569879165,0.9938777121437024,31,3
Jessie James Decker,26.0,False,0.06444056812676827,0.00041054313121473556,0.06360480391817878,0.06514392058472668,0.9936291199294347,31,3
Jordin Sparks,29.0,False,0.07148406649004609,0.0003807265717999762,0.07068740414862723,0.07222441041858253,0.9946739659550148,31,3
Joseph Baena,29.0,False,0.07153202437397878,0.0003890142667214582,0.07076777380576754,0.07234011946400914,0.9945616768136235,31,3
Sam Champion,25.0,False,0.062246547835228726,0.00033274274984921594,0.06154329170511259,0.06288327740061406,0.9946544384962519,31,3
Selma Blair,28.0,False,0.06903036343185248,0.00036964084240198933,0.06844792709625934,0.06975330899306571,0.994645242701541,31,3
Shangela,30.0,False,0.07397185943278012,0.00042815615974126927,0.07316120605040863,0.0747498452851761,0.9942119048645743,31,3
Trevor Donovan,27.0,False,0.06662600029050822,0.00037074294999598224,0.06597673600458694,0.06755319122451611,0.994435461405766,31,3
Vinny Guadagnino,23.0,False,0.058038109123139246,0.000295934202644607,0.05742972396159128,0.058604787731783285,0.994901036454914,31,3
Wayne Brady,33.0,False,0.08213203676710443,0.00042449036774238935,0.08143095912431471,0.08287789390310758,0.9948316103623963,31,3
Charli D'Amelio,36.0,False,0.08813011712887256,0.0004387709154975421,0.0872250346071809,0.08891700617315948,0.9950213283518513,31,4
Daniel Durant,29.0,False,0.07053883048125349,0.00042413956105910973,0.06974052626575723,0.07127297387143453,0.9939871478139714,31,4
Gabby Windey,36.0,False,0.08804967956372939,0.0004513458092575035,0.0872528184254493,0.08896087878967482,0.994873964204142,31,4
Heidi D'Amelio,34.0,False,0.08266214429647169,0.0004485037042341308,0.0815305385420314,0.0835724437636957,0.9945742551436175,31,4
Jessie James Decker,31.0,False,0.07518373228014769,0.0004283019142078906,0.0744059366976827,0.0759582112296234,0.9943032634691243,31,4
Jordin Sparks,34.0,False,0.08263887057033555,0.00045540495154481524,0.08179026925952715,0.08353149423685324,0.9944892161714963,31,4
Joseph Baena,28.0,False,0.0684070881674419,0.00035562085923222596,0.0677228776114392,0.06901309445448076,0.9948014033522117,31,4
Sam Champion,25.0,True,0.06219786336869137,0.000340829218013978,0.06160364285609943,0.06292764856607627,0.9945202423434767,31,4
Selma Blair,32.0,False,0.07756377337359123,0.0004381602373020067,0.07671362982265376,0.07845036079593175,0.9943509680067836,31,4
Shangela,32.0,False,0.07756995745190577,0.0003888635962349367,0.07672907899422181,0.07816015195886719,0.9949869303914981,31,4
Trevor Donovan,28.0,False,0.06838311911982363,0.0003165767300233956,0.06775632565182081,0.06914071984997675,0.9953705426997461,31,4
Vinny Guadagnino,29.0,False,0.07058373193578504,0.00039223734776916945,0.06991833294979698,0.07142793996732827,0.9944429497135967,31,4
Wayne Brady,36.0,False,0.08809109226195076,0.0004987372161985476,0.08718966888672425,0.08909567828472952,0.9943383921870842,31,4
Charli D'Amelio,42.0,False,0.09393340028012384,0.0003650345732993846,0.09328242736834245,0.0947182457196025,0.9961139001440298,31,5
Daniel Durant,33.5,False,0.07483450683035028,0.00029861881469027315,0.07427985414316422,0.07541882953430713,0.9960096107085032,31,5
Gabby Windey,41.0,False,0.09142786806150116,0.000326341250325249,0.09080035693178123,0.09206886504005565,0.9964306151150136,31,5
Heidi D'Amelio,39.0,False,0.08669860060018462,0.00039185227035603567,0.08594776494056341,0.0873911906334841,0.9954802930192255,31,5
Jessie James Decker,36.0,False,0.08005572975931302,0.00035813595979106464,0.07934946790704399,0.08064535742538123,0.9955264168989802,31,5
Jordin Sparks,35.5,False,0.0789125792018256,0.00033522472787153677,0.07832451277699212,0.07957148752256256,0.9957519481524717,31,5
Joseph Baena,35.0,True,0.0779438532796704,0.00029620292987686043,0.0774474271106122,0.07845851804372858,0.9961997910365805,31,5
Selma Blair,40.0,True,0.08906510034442702,0.00038245824061679224,0.08844811563354443,0.08986998451306058,0.9957058574106157,31,5
Shangela,38.5,False,0.0855762929017463,0.0004040354428487467,0.08487601930552018,0.08632241053915002,0.9952786521926974,31,5
Trevor Donovan,36.0,False,0.08008270118381561,0.00029182417609331613,0.0795781333670953,0.08066615353321013,0.9963559648740683,31,5
Vinny Guadagnino,31.0,False,0.07001250775569051,0.00027826817167223396,0.06952000708698258,0.07046002615085527,0.9960254505860117,31,5
Wayne Brady,41.0,False,0.09145685980135157,0.00039987676949378577,0.09061673723954222,0.09222499278508309,0.9956277006409106,31,5
Charli D'Amelio,40.0,False,0.11679389866971744,0.0004814248253460186,0.11588133626159976,0.1176443619870935,0.9958779967889637,31,6
Daniel Durant,34.0,False,0.09824099139410773,0.0003643989221122838,0.09751406847647066,0.09893348829664278,0.9962907650163011,31,6
Gabby Windey,37.0,False,0.10713636920281708,0.00043363851389227587,0.10631770993208027,0.1079621410303907,0.9959524621086294,31,6
Heidi D'Amelio,36.0,False,0.1039814441358832,0.00041799959042711736,0.10310223654019605,0.1048306560884834,0.9959800559234312,31,6
Jessie James Decker,32.0,True,0.09266038744950261,0.0004138380775554294,0.09198003688558028,0.09346526184420409,0.995533818830825,31,6
Jordin Sparks,34.0,False,0.09820628847383657,0.00038736748137344925,0.09735379288572237,0.0989159992186612,0.996055573554471,31,6
Shangela,36.0,False,0.1041197498647289,0.0003953518723122811,0.10336201697290555,0.10488391612615457,0.9962029118123514,31,6
Trevor Donovan,34.0,False,0.09818954405964998,0.00044636021957894566,0.0972016692460165,0.0988670478234318,0.9954540962191679,31,6
Vinny Guadagnino,28.0,False,0.08247902331617084,0.00032003493605336895,0.0818212712649955,0.08300555457376171,0.9961198020637737,31,6
Wayne Brady,34.0,False,0.09819230343358555,0.0004201128874352088,0.09742394924818863,0.09893641255887409,0.9957215293587713,31,6
Charli D'Amelio,39.0,False,0.11995413698217407,0.0003391096832332227,0.1192816027586882,0.12052106737391378,0.9971730055189041,31,7
Daniel Durant,36.5,False,0.11191911378676009,0.00030685673011418514,0.11133297463267394,0.11251049796010094,0.9972582276634281,31,7
Gabby Windey,35.5,False,0.10891780629585161,0.0003339954862964571,0.10828063136177928,0.10958621860382622,0.9969335088755898,31,7
Heidi D'Amelio,35.0,False,0.10741986957169557,0.00032722132749517935,0.10681290489267138,0.10802292015252309,0.9969538100465037,31,7
Jordin Sparks,34.5,True,0.10587833589638208,0.00030413503484706634,0.10531153958050218,0.10642963660927711,0.9971275045808737,31,7
Shangela,36.5,False,0.11195004727736144,0.00032171417461582616,0.11140097905758345,0.1126099314300199,0.9971262703103755,31,7
Trevor Donovan,39.0,False,0.11989601114469949,0.0003530875558074074,0.11919356475668326,0.12057145391791735,0.9970550516865714,31,7
Vinny Guadagnino,31.5,False,0.09745855433690233,0.0003121613493166999,0.09679667243010763,0.09810006340912376,0.9967969835850674,31,7
Wayne Brady,38.0,False,0.11660612470817347,0.00026940406957732366,0.11606176970879752,0.11715269472122798,0.9976896233345243,31,7
Charli D'Amelio,45.0,False,0.14353591545768285,0.0008614279070906732,0.14204703315528144,0.1453399856242701,0.9939985201310494,31,8
Daniel Durant,39.0,False,0.12331205784343427,0.0007089197398175862,0.1219484022661082,0.12458858568494104,0.9942510103860429,31,8
Gabby Windey,40.0,False,0.12652382145538796,0.0007260710633540711,0.12519740597899545,0.12795924620473795,0.9942613884484189,31,8
Heidi D'Amelio,35.0,True,0.11136444647944778,0.000677169625382822,0.11018906311998322,0.11283543558408991,0.9939193373936646,31,8
Shangela,42.0,False,0.13299079495695046,0.0007901954628498085,0.1313092224779635,0.1345034291667639,0.9940582694982341,31,8
Trevor Donovan,39.0,False,0.1231686966641209,0.0007695556766558753,0.12171290312982913,0.1246213551536507,0.9937520189991582,31,8
Vinny Guadagnino,29.0,True,0.09550475334507208,0.0005393504368041213,0.0946215443048368,0.09658103000255777,0.994352632534892,31,8
Wayne Brady,45.0,False,0.14359951379790376,0.0008242137761618484,0.14172986895911033,0.14501480522466204,0.9942603303147544,31,8
Charli D'Amelio,40.0,False,0.1820211374590624,0.0005962597341445425,0.18088216591698003,0.1831283528262588,0.9967242280623664,31,9
Daniel Durant,34.5,True,0.1566155927222782,0.0005738985868608098,0.1554601783497247,0.15754758460015714,0.9963356229294583,31,9
Gabby Windey,40.0,False,0.18197279933965302,0.0006474703485663243,0.18052532107630756,0.18314312229352933,0.9964419388451687,31,9
Shangela,36.5,False,0.16550676908618084,0.0004989460945291217,0.16449143606795216,0.1666046081334564,0.9969853432745743,31,9
Trevor Donovan,32.5,True,0.14837095703265296,0.0005315586463098137,0.14742472609832014,0.14953394773772094,0.996417367273618,31,9
Wayne Brady,36.5,False,0.16551274436017274,0.0005761198001778239,0.16443193655637398,0.16677173615928031,0.996519181635197,31,9
Charli D'Amelio,40.0,False,0.2563800903023506,0.00028729181246999396,0.2558602618282714,0.25694118937110166,0.99887943009876,31,10
Gabby Windey,40.0,False,0.25643432558076257,0.0003289237543505356,0.2558193227164204,0.2571840656658929,0.998717317763113,31,10
Shangela,38.0,True,0.24356875898712727,0.00025898340511490214,0.24310867538531672,0.24409034935379026,0.9989367133691863,31,10
Wayne Brady,38.0,False,0.24361682512975963,0.00032219482601249726,0.24299545401111505,0.24432407812443205,0.998677452487771,31,10
Adrian Peterson,18.0,False,0.07651285008911927,0.000759822287537957,0.07507808106767401,0.07794924061310866,0.9900693506168841,32,1
Alyson Hannigan,13.0,False,0.05655631296975242,0.0005608038826114788,0.055498179119075834,0.05755405516492447,0.9900841505896714,32,1
Ariana Madix,21.0,False,0.09194108869377507,0.000932968936758006,0.09009710131362202,0.09387494801250902,0.9898525354657762,32,1
Barry Williams,16.0,False,0.06793680220753372,0.0007620330224347046,0.06664366498648275,0.06937194264710791,0.9887832073681236,32,1
Charity Lawson,22.0,False,0.09764207131883343,0.0010851030619903786,0.09574273705105303,0.09980188814980197,0.9888869311421389,32,1
Harry Jowsey,12.0,False,0.05321396003225459,0.0005451881415541734,0.052255188789453594,0.05412537147536712,0.9897547910130402,32,1
Jamie Lynn Spears,15.0,False,0.0638456647623783,0.0005595889879929818,0.06275318967493117,0.06495894344616851,0.9912352860593484,32,1
Jason Mraz,21.0,False,0.09188752333360384,0.0008204108365780588,0.09026954065757209,0.09371746193805237,0.9910715752605552,32,1
Lele Pons,19.0,False,0.08137592976809993,0.0007282043872507271,0.07984620909986187,0.08281728369738107,0.9910513540143145,32,1
Matt Walsh,12.0,True,0.05332673497608562,0.00047135390795228355,0.0524003880909984,0.05411389183530783,0.9911610206744579,32,1
Mauricio Umansky,15.0,False,0.06386453075009203,0.0006247338708582546,0.06269754051974548,0.06495850228550748,0.9902178272740639,32,1
Mira Sorvino,17.0,False,0.07210750827589198,0.0007052113383547561,0.07077123820772056,0.07359232178156733,0.9902200012839644,32,1
Tyson Beckford,12.0,False,0.05331983405583311,0.0005690700625986134,0.05218258597701069,0.05420701461920578,0.9893272349271995,32,1
Xochitl Gomez,18.0,False,0.07646918876674684,0.0007197562013889331,0.07482215963880193,0.07787503378362468,0.9905876312669617,32,1
Adrian Peterson,15.0,False,0.06296454744122722,0.0006550894363133615,0.06171681543398041,0.06419114924825864,0.9895959001861351,32,2
Alyson Hannigan,19.0,False,0.07839036280724569,0.0006703169426724679,0.0773780992777634,0.0799127555765854,0.991448987877238,32,2
Ariana Madix,20.0,False,0.08286714567721638,0.0006537747880070785,0.08147499983988095,0.08430388225017955,0.9921105670689605,32,2
Barry Williams,15.0,False,0.0631316098091857,0.0005485143826114752,0.0619267842888511,0.06405414695611433,0.9913115730096326,32,2
Charity Lawson,21.0,False,0.08752678378122844,0.0008261268032721583,0.08590671000642797,0.08928978264544099,0.9905614399663416,32,2
Harry Jowsey,15.0,False,0.062962823866204,0.0005887760105981222,0.06184339024107994,0.06413414449423134,0.9906488309379314,32,2
Jamie Lynn Spears,16.0,True,0.06650308510413497,0.0005822508675665755,0.06543504405206879,0.0676642271061269,0.99124475403427,32,2
Jason Mraz,24.0,False,0.10296692960385054,0.0009104121399567428,0.10121561433224355,0.1046944114512199,0.9911582083348565,32,2
Lele Pons,21.0,False,0.08751316713955964,0.0007848206466134575,0.08565183232564066,0.08879487206086467,0.9910319707049126,32,2
Mauricio Umansky,12.0,False,0.05343162364642263,0.00046191884079082516,0.052379487360209684,0.054265686957238005,0.9913549540652644,32,2
Mira Sorvino,18.0,False,0.07418110029279065,0.0006364900617649011,0.07301439959729217,0.07539801201832101,0.9914197813290354,32,2
Tyson Beckford,18.0,False,0.07427778116053725,0.000633322652614649,0.07306617407793918,0.07535686693549476,0.9914735922005284,32,2
Xochitl Gomez,24.0,False,0.10328303967039681,0.0009670932335593807,0.10162334143375676,0.10531341499737706,0.990636475875946,32,2
Adrian Peterson,22.0,False,0.06841467231642585,0.0005370971865446392,0.06738778600376773,0.06933867031484658,0.9921493859670847,32,3
Alyson Hannigan,24.0,False,0.07363783649137573,0.0006826454745337784,0.0724547238111196,0.07495485545069182,0.9907296913236482,32,3
Ariana Madix,34.0,False,0.10684130868325208,0.0008762223072634723,0.10523221835390156,0.1084817124990657,0.9917988433681473,32,3
Barry Williams,25.0,False,0.07629035982956255,0.0006838412245446238,0.07493119360708923,0.07744680510566399,0.99103633504846,32,3
Charity Lawson,32.0,False,0.09913892132111442,0.0008376680913090255,0.09769166310643407,0.10087613087133136,0.9915505627845618,32,3
Harry Jowsey,24.0,False,0.07357933752172814,0.0006473992233520504,0.07237200528181369,0.07484153613354988,0.9912013447639308,32,3
Jason Mraz,34.0,False,0.10682044822593434,0.0008624835786743095,0.10546537803692276,0.10840357144469694,0.9919258569590526,32,3
Lele Pons,27.0,False,0.08224894847225803,0.0007176927459928937,0.08100692355423242,0.08370765785002157,0.9912741407723289,32,3
Mauricio Umansky,23.0,False,0.07090464408026122,0.0006306842654553173,0.06964712820624736,0.07211169085469893,0.9911051769085617,32,3
Mira Sorvino,26.0,False,0.07933225400532286,0.00062062105368223,0.078148336117521,0.08052977004625557,0.9921769391092734,32,3
Tyson Beckford,20.0,True,0.06348980782980013,0.0005124478355717686,0.06252477556038016,0.06445794626749657,0.9919286598418204,32,3
Xochitl Gomez,32.0,False,0.09930146122296474,0.0007845646623315153,0.09796409723271908,0.10071732378300881,0.9920991629662941,32,3
Adrian Peterson,21.0,True,0.0867635371532206,0.000499901823588555,0.08561329654396226,0.08759333414010136,0.9942383420502353,32,4
Alyson Hannigan,18.0,False,0.07572027265736012,0.0004433091535398952,0.07487144549794052,0.07663201489357131,0.9941454363807444,32,4
Ariana Madix,25.0,False,0.10424985310172065,0.0006096385058671405,0.10299182218615541,0.10533929215962107,0.9941521403845789,32,4
Barry Williams,18.0,False,0.07559943897890685,0.0004658621237062667,0.07474944179427119,0.07664042583487712,0.993837756867002,32,4
Charity Lawson,24.0,False,0.09963806297996342,0.000700877595627153,0.09839467025577212,0.10083686490695243,0.9929657645415277,32,4
Harry Jowsey,21.0,False,0.08685805029481887,0.00048060764795560397,0.0859527660289046,0.08780788685978093,0.9944667460721914,32,4
Jason Mraz,24.0,False,0.0996192566228316,0.0005355002131549404,0.09850890977088927,0.100569638569332,0.9946245311267239,32,4
Lele Pons,22.0,False,0.09107836781568862,0.0005311858752602629,0.08993535244276563,0.09196610522319545,0.9941678151684141,32,4
Mauricio Umansky,19.0,False,0.07920491166997225,0.0005118313665045828,0.07823249386485591,0.08010491800164637,0.9935378835009973,32,4
Mira Sorvino,21.0,False,0.0868657702952528,0.0004886243030501134,0.08584786552820685,0.08778078641956423,0.9943749499786936,32,4
Xochitl Gomez,27.0,False,0.11440247843026423,0.0006116410065797566,0.11344810657047197,0.1154905920469239,0.9946536035322645,32,4
Alyson Hannigan,21.0,False,0.08760355618775946,0.00053278744082916,0.08665350512583998,0.08856726264193963,0.9939181984840062,32,5
Ariana Madix,24.0,False,0.09912611100233379,0.0006058996333450656,0.09803631163541524,0.1002240373923804,0.99388758797033,32,5
Barry Williams,24.0,False,0.09925769778178484,0.0005744961149922771,0.09821545933363757,0.10030091226434555,0.9942120749540727,32,5
Charity Lawson,28.0,False,0.11734503968769593,0.0006918363546964897,0.11599203806176415,0.11856545675901403,0.9941042556503644,32,5
Harry Jowsey,18.0,False,0.07722428762023498,0.0005032909314401491,0.07624392261638414,0.07820088094532164,0.9934827377894999,32,5
Jason Mraz,27.0,False,0.11234416569254752,0.0006320565046085098,0.11114061336580142,0.11342207760706617,0.9943739267570133,32,5
Lele Pons,24.0,False,0.09923558644638326,0.0005743060218837714,0.09803695746628828,0.10021049981903188,0.9942127008823184,32,5
Mauricio Umansky,24.0,False,0.09925976254639034,0.0006444057407251216,0.0981222826163456,0.10048284177841357,0.99350788552991,32,5
Mira Sorvino,22.0,True,0.09136105211205345,0.0005213716881256261,0.09032602569631978,0.0923837831205281,0.9942932827931298,32,5
Xochitl Gomez,28.0,False,0.11724274092281639,0.0007273652775937077,0.11585175632216259,0.11850322326830494,0.9937960740949194,32,5
Alyson Hannigan,31.0,False,0.09660490348309508,0.0006077265850724333,0.09542718094810224,0.09790543750976231,0.9937091538507796,32,6
Ariana Madix,41.0,False,0.12768944388453307,0.000722996928076855,0.1263188247059774,0.12926807033849966,0.994337848877072,32,6
Barry Williams,32.0,False,0.09919107645999886,0.0005536434874580036,0.09822494043987774,0.10021905839516748,0.9944184143653156,32,6
Charity Lawson,38.0,False,0.11720794909769523,0.0006564355792403299,0.11587339768207103,0.11837262421749417,0.9943993936904981,32,6
Harry Jowsey,29.0,False,0.09131802876893419,0.0005301856133569155,0.09030176791970812,0.0923345864779476,0.9941940751404252,32,6
Jason Mraz,39.0,False,0.12067861880492937,0.0006976330752839952,0.11914937431794195,0.12177989479519617,0.9942190830306761,32,6
Lele Pons,37.0,False,0.11407816099797533,0.0005726352816003599,0.1130279768568927,0.1152141996378843,0.994980325098241,32,6
Mauricio Umansky,33.0,True,0.10193642404850795,0.000602779031712876,0.10079334723774203,0.10321111220686793,0.9940867159375139,32,6
Xochitl Gomez,42.0,False,0.13129539445433097,0.0006697759169580133,0.1299549388968365,0.1327535025273157,0.9948987097396551,32,6
Alyson Hannigan,35.0,False,0.12390310262745576,0.0002885118638924001,0.1233751657466823,0.12440062072861538,0.9976714718374738,32,7
Ariana Madix,37.0,False,0.13118547737505304,0.0003144966700837857,0.13069260361741716,0.13175193838252233,0.9976026563581832,32,7
Barry Williams,32.5,False,0.1154939897741466,0.000281928265213341,0.11503122708720653,0.11605290994129895,0.9975589356141851,32,7
Charity Lawson,36.0,False,0.12750333198530633,0.0003317819456592587,0.12690588734053537,0.12815014211258177,0.9973978566638753,32,7
Harry Jowsey,32.0,False,0.11391925706733509,0.0002759034908165524,0.11331347932281537,0.11441319159929761,0.9975780785626659,32,7
Jason Mraz,36.0,False,0.12748332510128038,0.0003364060035124122,0.12692553799948228,0.12822768706120236,0.9973611764264452,32,7
Lele Pons,36.5,True,0.12934425389565368,0.0003171510623690609,0.1287223098976786,0.12997834747080003,0.997548008103824,32,7
Xochitl Gomez,37.0,False,0.13116726217376923,0.0003391061056924157,0.13057156527677033,0.131781953646062,0.9974147047054838,32,7
Alyson Hannigan,36.0,False,0.14115815288353964,0.0006680500958829825,0.14007683453336336,0.1425602273000599,0.9952673644260976,32,8
Ariana Madix,42.0,False,0.1669446179060576,0.000814312660870657,0.1655105028213444,0.16867085942809315,0.9951222586802476,32,8
Barry Williams,35.0,True,0.13739446669820463,0.0008150974065871071,0.13589515428736929,0.13889385044071192,0.99406746555247,32,8
Charity Lawson,39.0,False,0.1534857083435552,0.0008647457251508133,0.15161138030754018,0.1551491280243749,0.9943659528011871,32,8
Harry Jowsey,28.0,False,0.11328379788440086,0.0006823523944695828,0.11194920559202896,0.11464137038973123,0.9939766108904128,32,8
Jason Mraz,33.0,False,0.12996848893030027,0.0006944238369315645,0.1285203236397366,0.13110248985513417,0.9946569830683808,32,8
Xochitl Gomez,40.0,False,0.15776476735394174,0.0009039114450490904,0.1560177031976063,0.1596209021849165,0.9942705113428705,32,8
Alyson Hannigan,32.0,False,0.14504671515811413,0.0008286736555704842,0.14353954825734952,0.14655171245036172,0.9942868498975165,32,9
Ariana Madix,37.0,False,0.16620557782885118,0.0009722304222818136,0.1645177854786414,0.16826863450340676,0.9941504344500222,32,9
Charity Lawson,38.0,False,0.17077241853834133,0.0008726404777986978,0.16919820545635234,0.17244820669064956,0.9948900385362711,32,9
Harry Jowsey,30.0,True,0.1371661998697241,0.0008450562807139632,0.13555249187306406,0.13849679244841054,0.9938391799035289,32,9
Jason Mraz,43.0,False,0.19564482162962615,0.0010719864279683084,0.19344417519906046,0.19763554957551596,0.9945207523560339,32,9
Xochitl Gomez,41.0,False,0.1851642669753431,0.0011367260340489774,0.183226747306947,0.18725568040074736,0.9938609859633428,32,9
Alyson Hannigan,25.5,False,0.17979006409348067,0.0005235778603941141,0.17882451365993005,0.18079973180527756,0.9970878376230964,32,10
Ariana Madix,29.0,False,0.2032877971223461,0.0004794102047428967,0.202466809463293,0.20417651417632018,0.9976417167605276,32,10
Charity Lawson,29.5,False,0.2067462925744121,0.0004896692784839873,0.20586044498801476,0.20781462820388805,0.9976315450575359,32,10
Jason Mraz,28.5,False,0.19967948658181048,0.0005106448309371642,0.19877815148916964,0.2006121516899778,0.9974426775645382,32,10
Xochitl Gomez,30.0,False,0.21049635962795057,0.0005289371857509911,0.2093481636474216,0.21150523075635128,0.9974871908156232,32,10
Alyson Hannigan,26.5,True,0.1827490810047178,0.00034579199670712555,0.1821320486468174,0.18340979211980415,0.9981078318161382,32,11
Ariana Madix,29.5,False,0.2025703336325855,0.0003932585898275293,0.20190772424190764,0.2033837798835185,0.9980586565526381,32,11
Charity Lawson,29.5,True,0.20261665469977927,0.0004165081809606825,0.20176823815039224,0.20351899974550566,0.9979443536782412,32,11
Jason Mraz,30.0,False,0.20603778474973297,0.00039425289614998266,0.2053087712503199,0.20672256456680035,0.9980865019655066,32,11
Xochitl Gomez,30.0,False,0.2060261459131845,0.0004247604763748892,0.20505726998816998,0.20687735772342894,0.9979383176125914,32,11
Anna Delvey,18.0,False,0.07247431142550895,0.00044107559949961366,0.07173758824271567,0.07341659497237424,0.9939140422195945,33,1
Brooks Nader,18.0,False,0.0724744762536032,0.00043059566287558703,0.07174708603730022,0.07327382595547247,0.9940586578181145,33,1
Chandler Kinney,23.0,False,0.09425041916562753,0.0005112446429502056,0.09342362903253726,0.09529300916511751,0.9945756777797264,33,1
Danny Amendola,20.0,False,0.0804899667953307,0.00043428107618498823,0.0796992053640471,0.08127993134748589,0.9946045315524943,33,1
Dwight Howard ,22.0,False,0.08953966970430091,0.00048611350435313005,0.08859126961187139,0.09045983060629917,0.9945709705434642,33,1
Eric Roberts,15.0,False,0.06189554949163058,0.00035034193836186347,0.06126147034416093,0.06269252428156105,0.9943397878968788,33,1
Ilona Maher,18.0,False,0.0724345593516159,0.0003926413048584316,0.0716927189957955,0.07328293064834104,0.9945793650382762,33,1
Jenn Tran,19.0,False,0.07638416638082002,0.00042590856770585115,0.07568891626761523,0.07724480233509844,0.9944241249478007,33,1
Joey Graziadei,21.0,False,0.08479748652150138,0.0005381252769667222,0.08375353036434413,0.08586797777369874,0.993653994958562,33,1
Phaedra Parks,19.0,False,0.07639922636568822,0.00037639746114995513,0.07568907501299572,0.07709779365737983,0.9950732817718819,33,1
Reginald VelJohnson,16.0,False,0.06522764837976804,0.0004081950354642468,0.06461127120962364,0.06609201671159262,0.993741993685137,33,1
Stephen Nedoroscik,21.0,False,0.08485370568161699,0.0004977982526199085,0.08386542749634748,0.08580181944177999,0.9941334529986502,33,1
Tori Spelling,17.0,False,0.06877881448298762,0.0003666357341030233,0.06802889992180446,0.06947803549242801,0.9946693507752491,33,1
Anna Delvey,17.0,True,0.06618058965470654,0.00039024351152602084,0.06546341468225174,0.06697395115320987,0.9941033539658366,33,2
Brooks Nader,20.0,False,0.07683529980098676,0.00046683605145517886,0.07599245908425648,0.07767363172601582,0.9939241982179501,33,2
Chandler Kinney,24.0,False,0.09399235213508962,0.0006073402018630474,0.09289618430819395,0.09490290572387763,0.993538408305921,33,2
Danny Amendola,21.0,False,0.08071819972407565,0.0004948127763836581,0.07982551461780317,0.0817665743562123,0.9938698734848509,33,2
Dwight Howard ,22.0,False,0.08501794739237116,0.0005835964681697283,0.08397307567950481,0.08611668774018086,0.9931356085853692,33,2
Eric Roberts,15.0,False,0.05976601954499381,0.00044075404426306025,0.058941400608302906,0.06068754447410081,0.9926253404924976,33,2
Ilona Maher,21.0,False,0.08085135961713709,0.0005580689714651133,0.07984671540281167,0.08183766121430215,0.9930975932364305,33,2
Jenn Tran,19.0,False,0.07313669357753275,0.0004707184459441867,0.07226660018425299,0.0741165028170129,0.9935638538889487,33,2
Joey Graziadei,22.0,False,0.08491416106343767,0.0005813333425499039,0.08378185091482612,0.08601636360501573,0.993153870505585,33,2
Phaedra Parks,21.0,False,0.08078262922158398,0.0005230741422381115,0.07994944638469773,0.08187926235680626,0.9935249180760961,33,2
Reginald VelJohnson,15.0,False,0.05970737929749311,0.00036448987119121586,0.05906485938106726,0.06051786490888076,0.9938953965911795,33,2
Stephen Nedoroscik,22.0,False,0.0850126402871208,0.000518051484189108,0.08394253455766228,0.08603085241516945,0.9939061828636372,33,2
Tori Spelling,19.0,True,0.07308472868347103,0.00047049613618905953,0.07228812309731168,0.07400653828008769,0.9935623194521694,33,2
Brooks Nader,30.5,False,0.09506283232201675,0.0005921640216961862,0.09390122715583332,0.09631173359539182,0.9937708144473301,33,3
Chandler Kinney,34.5,False,0.10923349430015451,0.0007152126939980766,0.1078085732326186,0.11063358040805116,0.9934524415008386,33,3
Danny Amendola,30.0,False,0.09351197461817742,0.0005873558792862838,0.0923973405709668,0.09457578730783357,0.9937189233605157,33,3
Dwight Howard ,26.0,False,0.08130426032267594,0.0005674606624185901,0.08020864423187195,0.08239988002937398,0.99302052979553,33,3
Eric Roberts,23.0,True,0.07332421987016886,0.0005060926764432193,0.07231922739264396,0.07427411861419377,0.9930978784726339,33,3
Ilona Maher,28.0,False,0.0871443523229709,0.000519659067465078,0.08617243253564649,0.08809854314188684,0.9940368015412044,33,3
Jenn Tran,31.0,False,0.09662072409177133,0.000739233451280491,0.09500781299017087,0.0980133529979276,0.9923491211825493,33,3
Joey Graziadei,35.0,False,0.11122053264528171,0.0007825620930823002,0.10999258982878898,0.11270341780397047,0.9929638702992176,33,3
Phaedra Parks,28.0,False,0.08726597229980884,0.0005684947416113762,0.08625953603336788,0.0884406878876899,0.9934854935248041,33,3
Reginald VelJohnson,21.0,True,0.06853615260512232,0.0005146728049013049,0.06771506212301741,0.06972284007928145,0.9924904917282614,33,3
Stephen Nedoroscik,31.0,False,0.09677548460185136,0.0005880629118789054,0.0955890873552479,0.09801530052420537,0.993923430977398,33,3
Brooks Nader,32.0,True,0.10863957947452818,0.00033254036159901016,0.10801547540072573,0.10928160568190941,0.9969390496243868,33,4
Chandler Kinney,32.0,False,0.10864531162985822,0.00028948505116743907,0.10803635068447177,0.10919333697345328,0.9973355035129939,33,4
Danny Amendola,36.0,False,0.12274099055858015,0.00034324745607657524,0.12204448586131954,0.12337558782217528,0.9972034814570544,33,4
Dwight Howard ,29.0,False,0.09912610076384094,0.00023781290975379132,0.09867040711506656,0.09959181329084842,0.9976009052316064,33,4
Ilona Maher,32.0,False,0.10861889962084517,0.0003404625426035158,0.10798390210939443,0.10927028008014925,0.9968655312860656,33,4
Jenn Tran,32.0,False,0.10862982558867013,0.0003598074927878278,0.10791539519724477,0.10926158409311958,0.9966877651617498,33,4
Joey Graziadei,36.0,False,0.12282053928474972,0.00035198232322212325,0.12224657845986833,0.12342565110670023,0.9971341737687206,33,4
Phaedra Parks,32.0,False,0.10870662793899948,0.00027783863854978816,0.10823057421369933,0.10918706932914252,0.997444142608253,33,4
Stephen Nedoroscik,33.0,False,0.11207212513992816,0.00030481122788366045,0.11150858265465581,0.1125595404596762,0.9972802226467724,33,4
Chandler Kinney,27.0,False,0.13382912385899146,0.0002926090941297894,0.13326759177089179,0.13433375122798144,0.9978135619087061,33,5
Danny Amendola,25.5,False,0.12617241885638172,0.00022423444824757347,0.12571929814270683,0.12656063305531953,0.9982227934577143,33,5
Dwight Howard ,24.0,False,0.11884593874781041,0.0002310787497005826,0.11837364398831574,0.11927181685025168,0.9980556445417043,33,5
Ilona Maher,26.0,False,0.12871893823292976,0.0002649212373229697,0.12817748006765323,0.1292135461758177,0.9979418627828986,33,5
Jenn Tran,25.5,False,0.1261497152852316,0.00024548794025514237,0.12570302890490348,0.126615341504817,0.9980539952888512,33,5
Joey Graziadei,26.0,False,0.1286109318961942,0.0002651008475455093,0.12814517257248653,0.12915246847501521,0.9979387378379353,33,5
Phaedra Parks,24.0,True,0.11884644639615383,0.000255019560375446,0.11832082447292724,0.1193150534922736,0.9978542096284025,33,5
Stephen Nedoroscik,24.0,False,0.11882648672630719,0.00023660316656313026,0.11823734652123438,0.11920404210967284,0.998008834788593,33,5
Chandler Kinney,32.0,False,0.15524055478690404,0.0006404666447382552,0.15407504654671947,0.15676125200338967,0.9958743599852666,33,6
Danny Amendola,28.0,False,0.13551784470898443,0.0005907300979845885,0.13441279397149705,0.1366412204489707,0.9956409423478277,33,6
Dwight Howard ,31.0,False,0.15012879054022318,0.000677097603817775,0.14872933720110307,0.15134802628555197,0.9954898883726345,33,6
Ilona Maher,24.0,False,0.11814099686887491,0.0005109133965925514,0.11722579537195937,0.11919519770463093,0.9956753928768722,33,6
Jenn Tran,31.0,True,0.1501137882881497,0.0007068370653357908,0.14888220762079687,0.15168121992542724,0.995291324844997,33,6
Joey Graziadei,32.0,False,0.15521639765932618,0.0006081587705184739,0.15405941950717678,0.15634958704370958,0.9960818651915033,33,6
Stephen Nedoroscik,28.0,False,0.1356416271475376,0.0005677528668479142,0.13461149586647625,0.13662052676880673,0.9958143168967564,33,6
Chandler Kinney,30.0,False,0.18842532741106022,0.0005352061173619607,0.18745825945746677,0.18950472674857366,0.9971595850477448,33,7
Danny Amendola,25.5,False,0.15919083080471924,0.0004029338458840655,0.15839298347415098,0.1599963055628944,0.9974688627237687,33,7
Dwight Howard ,24.0,True,0.15045180540659261,0.0004576335041873027,0.14956394865372757,0.15122912356942875,0.9969582717671579,33,7
Ilona Maher,26.0,False,0.16206078104665697,0.0005037701732794569,0.1611581454003157,0.16310799900892867,0.9968914738653862,33,7
Joey Graziadei,27.5,False,0.1715602083269873,0.0006001978848327315,0.17042935936375517,0.1727303989837849,0.996501532082027,33,7
Stephen Nedoroscik,27.0,False,0.16831104700398364,0.0005395274260631308,0.167328249380743,0.1692553701193181,0.9967944621837546,33,7
Chandler Kinney,29.0,False,0.20715451316191186,0.00034629670201485955,0.20663774421875925,0.2078401217328879,0.9983283168841984,33,8
Danny Amendola,27.0,False,0.19286858764275716,0.00029063881207581243,0.1922924145220155,0.19337390806889385,0.9984930733634336,33,8
Ilona Maher,28.5,False,0.20340804792429637,0.00037938576492886443,0.20264192181220161,0.20407516170998502,0.9981348537149816,33,8
Joey Graziadei,29.0,False,0.20716860497282558,0.00032389314210210077,0.2066382905669292,0.20776010672992984,0.9984365722685414,33,8
Stephen Nedoroscik,26.5,False,0.18940024629820906,0.00029931234960176435,0.18885522075677588,0.18998438341833507,0.9984196834193632,33,8
Chandler Kinney,30.0,False,0.20621406337467676,0.00024500485504006094,0.20575257170784086,0.2066862432759039,0.9988118906585197,33,9
Danny Amendola,28.0,True,0.19254508335591058,0.00020451705278299716,0.19216753529407798,0.19289812185525254,0.998937822512949,33,9
Ilona Maher,28.5,False,0.1958600267225903,0.000238257504630681,0.19542489937358715,0.196330239429086,0.9987835317465358,33,9
Joey Graziadei,29.5,False,0.20265878314892852,0.00022047641508666938,0.20224300716820423,0.20304178078446544,0.9989120806329689,33,9
Stephen Nedoroscik,29.5,True,0.20272204339789357,0.00023114708279407006,0.20233979816174746,0.20316203892841095,0.9988597831843062,33,9
Alix Earle,13.0,False,0.07840544516695915,0.000598511562960378,0.07732323071844781,0.07955522646019529,0.9923664541195336,34,1
Andy Richter,9.0,False,0.055765326184138486,0.0004618093474287493,0.054937630439299764,0.05677143819956647,0.9917187008661288,34,1
Baron Davis,10.0,False,0.06082880351139699,0.0004883439731057882,0.05995197985557008,0.061873822981365734,0.9919718300391311,34,1
Corey Feldman,9.0,False,0.05570658167670367,0.00047548477618712784,0.0548176273105838,0.05660140913044016,0.9914644775917749,34,1
Danielle Fishel,12.0,False,0.07216126636052789,0.0005532197740727955,0.07116786080659052,0.07308634733427179,0.99233356339246,34,1
Dylan Efron,10.0,False,0.060687548493213096,0.0005138085206536316,0.0597032753151781,0.061701448517402856,0.9915335429851628,34,1
Elaine Hendrix,12.0,False,0.07216279920043084,0.0005549524627556956,0.07126925715309751,0.07320029432654647,0.9923097154087063,34,1
Hilaria Baldwin,14.0,False,0.0856360533367749,0.000703426946069708,0.08402011286414754,0.08684556383848434,0.9917858551549148,34,1
Jen Affleck,12.0,False,0.07201650187989742,0.000719991053471645,0.07089923575509631,0.07356528419361845,0.9900024156314565,34,1
Jordan Chiles,10.0,False,0.06077607102257998,0.000517630290829665,0.059776304224139126,0.06169619194315964,0.991482991872947,34,1
Lauren Jauregui,13.0,False,0.078516757546788,0.0007115870341558118,0.07702657999862805,0.07966474531143006,0.9909371316851466,34,1
Robert Irwin,15.0,False,0.09324766561449485,0.0007369637975579499,0.09198871553925947,0.09465695193368148,0.992096705127132,34,1
Scott Hoying,10.0,False,0.06078666642768536,0.00047293336168672656,0.05985564790485694,0.06156628129787579,0.9922197845435503,34,1
Whitney Leavitt,15.0,False,0.09330251357840938,0.0007635312103729254,0.09195938651355777,0.09479844824745606,0.9918166062082425,34,1
Alix Earle,21.0,False,0.07518348193176495,0.00038944088756639187,0.07443755941158725,0.07600651665708087,0.994820127007155,34,2
Andy Richter,16.0,False,0.058447814374328264,0.00032198077274105927,0.05783116998205507,0.05906230057286925,0.9944911409230988,34,2
Baron Davis,18.0,True,0.0646394467071895,0.0003642592537269147,0.06389819915950144,0.0653009536991249,0.9943647529135425,34,2
Corey Feldman,15.0,True,0.05565662894856362,0.00027404657081624113,0.05516554977393313,0.05618472450222525,0.9950761198442416,34,2
Danielle Fishel,19.0,False,0.06797618567777873,0.00035105485655512105,0.06730327116892669,0.06856239417384037,0.9948356199593311,34,2
Dylan Efron,20.0,False,0.07151862917584795,0.0003978352754976289,0.0708971866886383,0.07237558233620843,0.9944373196175301,34,2
Elaine Hendrix,21.0,False,0.07520858685271911,0.0004100222922138821,0.07445082722091768,0.07600591710199132,0.9945481984255757,34,2
Hilaria Baldwin,21.0,False,0.0752173084724397,0.0004107110160638704,0.07436716255784742,0.07597138976722184,0.9945396741201613,34,2
Jen Affleck,22.0,False,0.07904682433837827,0.0004008689442457679,0.07829185526471974,0.07980987784356619,0.9949287153835585,34,2
Jordan Chiles,22.0,False,0.07899327568400087,0.0004447173218275323,0.07817300169647741,0.07986649250458377,0.9943701876143667,34,2
Lauren Jauregui,21.0,False,0.07520474877513718,0.0004402250906490373,0.07442824405741989,0.07610827564306759,0.9941463125956937,34,2
Robert Irwin,22.0,False,0.07911871464490168,0.00042601896407183713,0.07835417922629964,0.07991314749220052,0.99461544634561,34,2
Scott Hoying,18.0,False,0.06467338140572475,0.00032294700032078737,0.06415389129432185,0.06539581709557324,0.9950064927285184,34,2
Whitney Leavitt,22.0,False,0.0791149730112254,0.00043299477575796613,0.0783405429647195,0.07988302645571652,0.9945270185999238,34,2
Alix Earle,23.0,False,0.08935538252422308,0.00040911818914822257,0.08846689501612814,0.09013854835663068,0.9954214488529852,34,3
Andy Richter,18.0,False,0.07075657904088771,0.0003238121325478791,0.07016038999821618,0.07132528905906374,0.9954235756315923,34,3
Danielle Fishel,21.0,False,0.08134193538339803,0.0004256691151723278,0.08061412572838421,0.082100081252535,0.9947669168041555,34,3
Dylan Efron,23.0,False,0.08940067183328199,0.00039542269923284104,0.08852807267184719,0.09013397687231346,0.9955769605404058,34,3
Elaine Hendrix,21.0,False,0.08138236941804963,0.0003778662101439268,0.08068769753662353,0.08204581650102717,0.9953569033090831,34,3
Hilaria Baldwin,22.0,False,0.08520783783920248,0.0003809402226983797,0.08451423559314952,0.086015165061018,0.995529281902244,34,3
Jen Affleck,19.0,False,0.07409523386338768,0.00029554588477712865,0.07350037078620271,0.07459335227129407,0.9960112699647856,34,3
Jordan Chiles,24.0,False,0.09358683318842656,0.0004035279485732281,0.09284550693268971,0.09430615238773535,0.9956881974223791,34,3
Lauren Jauregui,18.0,True,0.07072159741816227,0.00032524519372983225,0.07000786444299116,0.07135324734299037,0.9954010485395752,34,3
Robert Irwin,22.0,False,0.08528884286167215,0.0003986972313471623,0.0845121585326979,0.08606691637455792,0.99532532957454,34,3
Scott Hoying,22.0,False,0.0852246016031469,0.0003515667081485198,0.08458933485010554,0.08590198074043588,0.9958748213363835,34,3
Whitney Leavitt,24.0,False,0.09363811502616164,0.00045795866761646445,0.09287559268263415,0.09454999682631758,0.9951092707548789,34,3
Alix Earle,24.0,False,0.09669511483467312,0.00040959421100728304,0.09589075236950845,0.09761236705135291,0.9957640651060026,34,4
Andy Richter,18.0,False,0.07409865617706908,0.00032028119151212566,0.07354395997758377,0.07476132273025313,0.9956776383265741,34,4
Danielle Fishel,21.0,False,0.08457589363991987,0.0003333602934497973,0.08397988001617245,0.0851297444796042,0.9960584478732312,34,4
Dylan Efron,23.0,False,0.09246734627773538,0.0003722074807657226,0.09174649720486118,0.09305720011050275,0.9959747143640549,34,4
Elaine Hendrix,24.0,False,0.09665549250399515,0.00038947424818695526,0.0958612944268198,0.0973943741536544,0.9959704902629216,34,4
Hilaria Baldwin,23.0,True,0.09243549966202042,0.0003440218006283103,0.09171692360887627,0.0930477353279464,0.9962782502189507,34,4
Jen Affleck,23.0,False,0.09243706490392309,0.0004088624322195306,0.09157653868574898,0.09316390597124018,0.9955768561816141,34,4
Jordan Chiles,24.0,False,0.09662977855561569,0.0003813076453355711,0.0957710672817732,0.09741337524428868,0.996053932327744,34,4
Robert Irwin,22.0,False,0.08843478309107848,0.0003668473209247032,0.08775839924203685,0.0891110361044701,0.9958517756463892,34,4
Scott Hoying,21.0,False,0.08452452556361836,0.000312597606363922,0.08381992231260103,0.0850397703334767,0.9963016934519361,34,4
Whitney Leavitt,25.0,False,0.10104584479035134,0.00037288591753493046,0.10040571566496703,0.10182337277738662,0.9963097352661201,34,4
Alix Earle,35.0,False,0.11179355317495614,0.0005699621900199194,0.11052762971939392,0.11277958702858608,0.9949016542203651,34,5
Andy Richter,24.0,False,0.07866816856014011,0.0004633160110272116,0.07785501146212746,0.0795946441075652,0.9941105021318373,34,5
Danielle Fishel,29.0,False,0.09234149955565925,0.00048819208325696564,0.09140978397017989,0.09311332521016737,0.9947131887005722,34,5
Dylan Efron,36.0,False,0.11559999133732506,0.0005935075998819277,0.1144453297442862,0.116839009014122,0.9948658508273582,34,5
Elaine Hendrix,30.0,False,0.09534327452111585,0.0005213359314382535,0.09425759700183346,0.09619866526327694,0.9945320114705858,34,5
Jen Affleck,29.0,False,0.09241320104843517,0.000495923438394198,0.09147382415134031,0.09354465420400337,0.9946336299060318,34,5
Jordan Chiles,32.0,False,0.10167100416841539,0.0005842938412107926,0.10065221931942085,0.10270743113907256,0.9942530926492776,34,5
Robert Irwin,35.0,False,0.11186923313902332,0.0006127916416813888,0.11054733570264245,0.11301069264041562,0.9945222504482546,34,5
Scott Hoying,30.0,False,0.09540529943517945,0.000466874923515658,0.09455963874462209,0.09648966911325785,0.9951064047146263,34,5
Whitney Leavitt,33.0,False,0.10489477505975023,0.0005443120279890508,0.10399166691148523,0.10594728921086953,0.9948108756829975,34,5
Alix Earle,35.0,False,0.10233249955240593,0.000523284031902084,0.10135446636068267,0.1034636530443157,0.9948864335944995,34,6
Andy Richter,27.0,False,0.08083673199830142,0.0004262439830718514,0.0801366521147823,0.08175547991283806,0.9947271002607971,34,6
Danielle Fishel,36.0,False,0.10535240636608922,0.0005578390071937988,0.10436958838958281,0.10653136028211004,0.9947050188369181,34,6
Dylan Efron,32.0,False,0.09374213965223488,0.0005237174983738157,0.09274594719651919,0.09483408032907092,0.9944132116002824,34,6
Elaine Hendrix,36.0,False,0.10523272848730882,0.0005431120813210672,0.10425705650291817,0.10614194394394863,0.9948389432724196,34,6
Jen Affleck,32.0,False,0.09368178506582302,0.0005477636675128244,0.0925462796077683,0.09460602778159377,0.9941529330688142,34,6
Jordan Chiles,39.0,False,0.11505781094783522,0.0006352499525161576,0.11369133760349116,0.1161562035764594,0.9944788628665622,34,6
Robert Irwin,36.0,False,0.10534719329092823,0.000595993629621678,0.10441203645586442,0.10644333086721615,0.9943425770444992,34,6
Scott Hoying,28.0,True,0.08331467518543514,0.0004359329718438697,0.08246198897900672,0.08414945956666306,0.9947676328225057,34,6
Whitney Leavitt,39.0,False,0.11510202945363808,0.0005943248553682467,0.11398580314765963,0.11630758169639656,0.9948365388673912,34,6
Alix Earle,43.0,False,0.13014765991918537,0.0006849606768792497,0.12887762789337878,0.13133623808798764,0.9947370496149944,34,7
Andy Richter,29.0,False,0.08908479295547274,0.000496649349875278,0.08815566642817425,0.08996868900605505,0.9944249817123836,34,7
Danielle Fishel,35.0,False,0.10481802236281262,0.0005735255241287029,0.10375381333946099,0.10593637203029928,0.9945283691563697,34,7
Dylan Efron,38.0,False,0.1135663273403861,0.0007231041126432377,0.11199399794969238,0.11476192541261018,0.9936327595548994,34,7
Elaine Hendrix,32.0,False,0.09658696105330261,0.0005848834927438424,0.0955856470468664,0.09774486424371781,0.993944488092745,34,7
Jen Affleck,34.0,True,0.10204814779057707,0.0005949041692357083,0.10091718434573896,0.10317645269266267,0.9941703579916358,34,7
Jordan Chiles,38.0,False,0.1136499171658503,0.0006504842577741092,0.11248164302597184,0.11470436931887519,0.9942764211888967,34,7
Robert Irwin,41.0,False,0.12337180434215757,0.0006780538028512998,0.12210513311895883,0.12474105002088313,0.9945039808206841,34,7
Whitney Leavitt,42.0,False,0.1267263670702556,0.0007163144992179335,0.1255996544571771,0.128115640286916,0.994347549639604,34,7
Alix Earle,38.5,False,0.1275868163558151,0.00024879728575333574,0.1270995897455843,0.1280072417458442,0.9980499765347268,34,8
Andy Richter,34.0,False,0.11326557922221603,0.0002224128195895765,0.11286295494415995,0.11371142694653104,0.9980363600211392,34,8
Danielle Fishel,37.0,True,0.12263027878057896,0.0002604138902457815,0.12211632843527977,0.123106819232514,0.9978764307409613,34,8
Dylan Efron,38.0,False,0.12591751250813016,0.0002282533409892972,0.12550539645262868,0.12636097023439233,0.9981872788268863,34,8
Elaine Hendrix,37.5,False,0.12429977008373876,0.0002575710452563257,0.1238318415458395,0.12481356633115226,0.997927823638911,34,8
Jordan Chiles,39.0,False,0.12930214382250035,0.0002564917666566816,0.12880909193471748,0.12993198663055058,0.9980163378651418,34,8
Robert Irwin,38.0,False,0.12591699373520662,0.0002584693246390716,0.1254434495251868,0.12635764671946736,0.9979473038787552,34,8
Whitney Leavitt,39.5,False,0.131080905491814,0.0002142386968272315,0.1306745133560605,0.13152953534251616,0.9983655995049514,34,8
Alix Earle,40.0,False,0.14734435996472262,0.0007621721615046649,0.14578944704219707,0.14871419745237993,0.9948272729157251,34,9
Andy Richter,29.0,True,0.11069335204339499,0.0006011469091322405,0.10959997470299808,0.11186186786174392,0.9945692591466868,34,9
Dylan Efron,42.0,False,0.15522872379026167,0.0008142994155689666,0.1535446016075188,0.1566202499486052,0.9947541962873494,34,9
Elaine Hendrix,36.0,False,0.13286537377595548,0.0007435131067086639,0.1316579670767501,0.1340366123888851,0.9944040114773439,34,9
Jordan Chiles,39.0,False,0.14348921343132612,0.0007307466745412457,0.142078295232235,0.14476398059037124,0.9949073058729185,34,9
Robert Irwin,42.0,False,0.1552265663360386,0.0008642250342646789,0.15366030338023942,0.1569500974594797,0.9944324927448709,34,9
Whitney Leavitt,42.0,False,0.15515241065830054,0.0007737975846529622,0.15342633733108138,0.1564801062711848,0.9950126615411917,34,9
Alix Earle,29.0,False,0.168576226289718,0.0001619089751746727,0.16829702679448838,0.16892274940263,0.999039550364021,34,10
Dylan Efron,27.5,False,0.15997468838146106,0.00016058339019184558,0.15969586372426645,0.16031391508922588,0.9989961950117451,34,10
Elaine Hendrix,28.5,False,0.1656421373728757,0.00017212743545515878,0.165357714070545,0.16592441021989732,0.9989608475344188,34,10
Jordan Chiles,28.5,False,0.16568325940677273,0.0001701377684131151,0.1653758978279782,0.16597888584567308,0.9989731143084565,34,10
Robert Irwin,29.5,False,0.1715312194684529,0.00017606247605782507,0.17112659184245377,0.17190980688274585,0.9989735834875808,34,10
Whitney Leavitt,29.0,True,0.16859246908071956,0.00016368243461613725,0.16831393782921522,0.16891014210340696,0.9990291236879758,34,10
Alix Earle,30.0,False,0.20316866735286318,9.405226186595842e-05,0.20297919822337251,0.20332813341243566,0.9995370729990437,34,11
Dylan Efron,29.3332,True,0.19863451181059763,0.00010370300642893926,0.1984455200686514,0.19881344331494452,0.9994779205009056,34,11
Elaine Hendrix,28.9998,True,0.19640802429803972,0.00010500502634149794,0.19621510531592726,0.19663362099335702,0.9994653730329156,34,11
Jordan Chiles,29.666600000000003,False,0.20090515337619627,0.00010653114739770063,0.20072303820771858,0.20110660440630448,0.9994697440777031,34,11
Robert Irwin,29.666600000000003,False,0.20088364316230328,0.00010256434124880001,0.20067788912433066,0.20107961979151134,0.9994894340841582,34,11
