celebrity_name,total_score,judge_rank,popularity_factor,estimated_vote_share,estimated_votes,is_eliminated,season,week
Evander Holyfield,18.0,4.0,0.0,0.16370525531293273,163705.25531293274,False,1,1
Joey McIntyre,20.0,1.0,0.0,0.18275735248519073,182757.35248519073,False,1,1
John O'Hurley,20.0,1.0,0.0,0.18275735248519073,182757.35248519073,False,1,1
Kelly Monaco,13.0,6.0,0.0,0.12431743191856226,124317.43191856226,False,1,1
Rachel Hunter,20.0,1.0,0.0,0.18275735248519073,182757.35248519073,False,1,1
Trista Sutter,18.0,4.0,0.0,0.16370525531293273,163705.25531293274,False,1,1
Evander Holyfield,14.0,6.0,-2.871350487420488e-09,0.12031135970697053,120311.35970697053,False,1,2
Joey McIntyre,21.0,3.0,-2.871350487420488e-09,0.17023681288851628,170236.8128885163,False,1,2
John O'Hurley,26.0,1.0,-2.8713504874204876e-09,0.21813723192793796,218137.23192793797,False,1,2
Kelly Monaco,17.0,5.0,-2.8713504874204876e-09,0.13960868156497205,139608.68156497207,False,1,2
Rachel Hunter,24.0,2.0,-2.8713504874204876e-09,0.19754192005704374,197541.92005704375,False,1,2
Trista Sutter,19.0,4.0,-2.8713504874204876e-09,0.1541639938545593,154163.99385455932,True,1,2
Evander Holyfield,13.0,5.0,0.0,0.13308907363048111,133089.0736304811,True,1,3
Joey McIntyre,22.0,3.0,0.0,0.2034757702100179,203475.7702100179,False,1,3
John O'Hurley,24.0,2.0,0.0,0.2236062192627559,223606.21926275588,False,1,3
Kelly Monaco,21.0,4.0,0.0,0.19410070477664362,194100.70477664363,False,1,3
Rachel Hunter,26.0,1.0,0.0,0.2457282321201013,245728.2321201013,False,1,3
Joey McIntyre,20.0,4.0,-2.871350487420487e-09,0.2180870036316262,218087.0036316262,False,1,4
John O'Hurley,21.0,3.0,-2.871350487420487e-09,0.2277781988188176,227778.19881881762,False,1,4
Kelly Monaco,26.0,1.0,-2.8713504874204876e-09,0.2830896544403393,283089.6544403393,False,1,4
Rachel Hunter,25.0,2.0,-2.871350487420486e-09,0.2710451431092169,271045.1431092169,True,1,4
Joey McIntyre,22.5,3.0,0.0,0.30815804878893144,308158.04878893145,False,1,5
John O'Hurley,27.0,1.0,0.0,0.3707560516568129,370756.0516568129,False,1,5
Kelly Monaco,23.5,2.0,0.0,0.32108589955425565,321085.89955425565,False,1,5
John O'Hurley,27.0,2.0,0.0,0.4954129727296112,495412.9727296112,False,1,6
Kelly Monaco,27.5,1.0,0.0,0.5045870272703887,504587.02727038873,False,1,6
Drew Lachey,24.0,1.0,-2.871350487420489e-09,0.12356727126735509,123567.27126735509,False,2,1
George Hamilton,18.0,8.0,-2.871350487420489e-09,0.09083942675215774,90839.42675215774,False,2,1
Giselle Fernandez,23.0,2.0,-2.871350487420489e-09,0.11739022752728052,117390.22752728053,False,2,1
Jerry Rice,21.0,5.0,-2.871350487420489e-09,0.10594706266459164,105947.06266459163,False,2,1
Kenny Mayne,13.0,9.0,-2.871350487420488e-09,0.07029376828444242,70293.76828444243,True,2,1
Lisa Rinna,19.0,7.0,-2.871350487420488e-09,0.09561937414804278,95619.37414804279,False,2,1
Master P,12.0,10.0,-2.871350487420489e-09,0.06677983067868112,66779.83067868113,False,2,1
Stacy Keibler,22.0,4.0,-2.871350487420488e-09,0.11152196999714208,111521.96999714208,False,2,1
Tatum O'Neal,23.0,2.0,-2.8713504874204872e-09,0.11739022752728052,117390.22752728053,False,2,1
Tia Carrere,20.0,6.0,-2.8713504874204872e-09,0.10065084115302625,100650.84115302625,False,2,1
Drew Lachey,27.0,2.0,-2.8713504874204893e-09,0.1355531374598457,135553.13745984572,False,2,2
George Hamilton,22.0,5.0,-2.8713504874204893e-09,0.10824137876540606,108241.37876540606,False,2,2
Giselle Fernandez,24.0,3.0,-2.8713504874204893e-09,0.11843493307790254,118434.93307790253,False,2,2
Jerry Rice,23.0,4.0,-2.8713504874204893e-09,0.11322349778354654,113223.49778354654,False,2,2
Lisa Rinna,20.0,7.0,-2.8713504874204893e-09,0.09892517159045952,98925.17159045952,False,2,2
Master P,16.0,9.0,-2.871350487420489e-09,0.08262924898825946,82629.24898825947,False,2,2
Stacy Keibler,29.0,1.0,-2.871350487420489e-09,0.1483187570841206,148318.7570841206,False,2,2
Tatum O'Neal,17.0,8.0,-2.871350487420489e-09,0.08643249648505358,86432.49648505358,True,2,2
Tia Carrere,22.0,5.0,-2.871350487420486e-09,0.10824137876540606,108241.37876540606,False,2,2
Drew Lachey,27.0,1.0,-1.8197913646209569e-09,0.1482255901120096,148225.59011200958,False,2,3
George Hamilton,22.0,5.0,2.9595396813183282e-08,0.11897997258889959,118979.97258889959,False,2,3
Giselle Fernandez,22.0,5.0,-3.323497954242532e-08,0.11897996535979025,118979.96535979025,True,2,3
Jerry Rice,19.0,7.0,-1.8197913646210208e-09,0.10428077480981428,104280.77480981428,False,2,3
Lisa Rinna,25.0,4.0,-1.81979136462098e-09,0.13575112999451713,135751.12999451713,False,2,3
Master P,14.0,8.0,-1.819791364620944e-09,0.08370567688154595,83705.67688154595,False,2,3
Stacy Keibler,27.0,1.0,-1.8197913646209796e-09,0.1482255901120096,148225.59011200958,False,2,3
Tia Carrere,26.0,3.0,-1.8197913646209804e-09,0.14185130014141367,141851.30014141367,False,2,3
Drew Lachey,28.0,1.0,0.0,0.17577238109027019,175772.38109027018,False,2,4
George Hamilton,21.0,6.0,0.0,0.12890339998012318,128903.39998012318,False,2,4
Jerry Rice,24.0,5.0,0.0,0.14722686241597488,147226.86241597487,False,2,4
Lisa Rinna,26.0,2.0,0.0,0.1608676977124541,160867.6977124541,False,2,4
Master P,8.0,7.0,0.0,0.07246574151759137,72465.74151759138,True,2,4
Stacy Keibler,26.0,2.0,0.0,0.1608676977124541,160867.6977124541,False,2,4
Tia Carrere,25.0,4.0,0.0,0.15389621957113214,153896.21957113215,False,2,4
Drew Lachey,27.0,2.0,0.0,0.17823102747066502,178231.02747066502,False,2,5
George Hamilton,24.0,4.0,0.0,0.15820241455074754,158202.41455074755,False,2,5
Jerry Rice,23.0,5.0,0.0,0.15203947917346394,152039.47917346394,False,2,5
Lisa Rinna,25.0,3.0,0.0,0.16461516512518296,164615.16512518295,False,2,5
Stacy Keibler,30.0,1.0,0.0,0.2007952864907702,200795.2864907702,False,2,5
Tia Carrere,22.0,6.0,0.0,0.1461166271891704,146116.6271891704,True,2,5
Drew Lachey,30.0,1.0,0.0,0.22570375369861534,225703.75369861533,False,2,6
George Hamilton,23.0,4.0,0.0,0.17348053802201252,173480.5380220125,True,2,6
Jerry Rice,23.0,4.0,0.0,0.17348053802201252,173480.5380220125,False,2,6
Lisa Rinna,27.0,3.0,0.0,0.20163141655874423,201631.4165587442,False,2,6
Stacy Keibler,30.0,1.0,0.0,0.22570375369861534,225703.75369861533,False,2,6
Drew Lachey,27.5,1.0,-2.871350487420487e-09,0.26870973132570924,268709.73132570926,False,2,7
Jerry Rice,20.5,4.0,-2.871350487420487e-09,0.20420449686747724,204204.49686747725,False,2,7
Lisa Rinna,26.5,3.0,-2.8713504874204876e-09,0.25837604048110424,258376.04048110425,True,2,7
Stacy Keibler,27.5,1.0,-2.871350487420486e-09,0.26870973132570924,268709.73132570926,False,2,7
Drew Lachey,28.9998,1.0,0.0,0.3438121652054386,343812.1652054386,False,2,8
Jerry Rice,26.666600000000003,3.0,0.0,0.31642803586544205,316428.03586544207,False,2,8
Stacy Keibler,28.6665,2.0,0.0,0.33975979892911934,339759.79892911937,False,2,8
Emmitt Smith,24.0,2.0,-0.4283443090587793,0.07994471763484849,79944.7176348485,False,3,1
Harry Hamlin,17.0,8.0,-0.10590093920913012,0.08795204770695168,87952.04770695168,False,3,1
Jerry Springer,16.0,9.0,-0.09743887411157737,0.08375160458658046,83751.60458658046,False,3,1
Joey Lawrence,21.0,5.0,-0.2263580548748809,0.0940954779949527,94095.4779949527,False,3,1
Mario Lopez,26.0,1.0,-0.5471973820575644,0.07051057091788758,70510.57091788758,False,3,1
Monique Coleman,19.0,6.0,-0.1236550205405905,0.09658009719526559,96580.09719526558,False,3,1
Sara Evans,15.0,10.0,-0.08930901027663005,0.0796391573320491,79639.1573320491,False,3,1
Shanna Moakler,18.0,7.0,-0.11469999376478748,0.09222629910339952,92226.29910339952,False,3,1
Tucker Carlson,12.0,11.0,0.8349707393218033,0.1365483079874886,136548.3079874886,True,3,1
Vivica A. Fox,22.0,3.0,-0.2977659773459994,0.08937867990157891,89378.67990157891,False,3,1
Willa Ford,22.0,3.0,-0.29781045047752513,0.08937303963899733,89373.03963899733,False,3,1
Emmitt Smith,24.0,3.0,-0.014849901381647353,0.10463047547300103,104630.47547300103,False,3,2
Harry Hamlin,21.0,7.0,-0.012198948432386088,0.09197428501410335,91974.28501410334,False,3,2
Jerry Springer,19.0,10.0,-0.010607793700875846,0.08435354154238572,84353.54154238572,False,3,2
Joey Lawrence,29.0,1.0,-0.2547804995317249,0.09559117344133763,95591.17344133764,False,3,2
Mario Lopez,21.0,7.0,-0.012198949108274508,0.09197428495606227,91974.28495606227,False,3,2
Monique Coleman,26.0,2.0,-0.05838219494605285,0.10860454765716791,108604.54765716792,False,3,2
Sara Evans,21.0,7.0,-0.012198949123003035,0.09197428495479747,91974.28495479746,False,3,2
Shanna Moakler,22.0,6.0,0.26492174011269043,0.12602595354374213,126025.95354374213,True,3,2
Vivica A. Fox,24.0,3.0,-0.014849901426300868,0.10463047546801564,104630.47546801565,False,3,2
Willa Ford,23.0,5.0,-0.013928202175081313,0.1002409779493869,100240.9779493869,False,3,2
Emmitt Smith,19.0,9.0,-0.008706035494682147,0.09362834941491807,93628.34941491808,False,3,3
Harry Hamlin,22.0,4.0,0.24585675261071813,0.13687499700708863,136874.99700708862,True,3,3
Jerry Springer,21.0,8.0,-0.010006190756932773,0.10209751467809776,102097.51467809775,False,3,3
Joey Lawrence,22.0,4.0,-0.010697307373319337,0.10660171601334886,106601.71601334887,False,3,3
Mario Lopez,22.0,4.0,-0.010697307303104878,0.10660171602064171,106601.7160206417,False,3,3
Monique Coleman,27.0,1.0,-0.14722787190163747,0.1127204111928687,112720.4111928687,False,3,3
Sara Evans,25.0,3.0,-0.0064247162182789214,0.12215273396625569,122152.73396625569,False,3,3
Vivica A. Fox,27.0,1.0,-0.14722464774607963,0.1127208457699426,112720.84576994259,False,3,3
Willa Ford,22.0,4.0,-0.01069730810995455,0.10660171593683802,106601.71593683802,False,3,3
Emmitt Smith,24.0,4.0,-0.00903329132697356,0.12125929624076459,121259.2962407646,False,3,4
Jerry Springer,22.0,7.0,-0.007878791391828278,0.11190856219956487,111908.56219956487,False,3,4
Joey Lawrence,27.0,3.0,-0.018342211248152107,0.13557953837332762,135579.5383733276,False,3,4
Mario Lopez,29.0,1.0,-0.15113993641017545,0.1254776742191699,125477.67421916989,False,3,4
Monique Coleman,24.0,4.0,-0.009028346641174892,0.12125988646705087,121259.88646705086,False,3,4
Sara Evans,20.0,8.0,-0.006775986290030293,0.10325495728942219,103254.9572894222,False,3,4
Vivica A. Fox,24.0,4.0,0.2119844752752973,0.1507310540155912,150731.0540155912,True,3,4
Willa Ford,28.0,2.0,-0.08645722353618551,0.13052903119510864,130529.03119510865,False,3,4
Emmitt Smith,27.0,1.0,-0.08958685744336288,0.138898230943559,138898.230943559,False,3,5
Jerry Springer,24.0,6.0,-0.0042163086906691245,0.1351964881242471,135196.4881242471,False,3,5
Joey Lawrence,25.0,5.0,-0.004475666174771052,0.1405963486783788,140596.3486783788,False,3,5
Mario Lopez,27.0,1.0,-0.08958689751021318,0.13889822499512242,138898.2249951224,False,3,5
Monique Coleman,27.0,1.0,-0.08957766971019794,0.13889959498682938,138899.59498682938,False,3,5
Sara Evans,24.0,6.0,0.14287429865660425,0.15547418109069377,155474.18109069378,True,3,5
Willa Ford,27.0,1.0,-0.005027677637884702,0.1520369311811694,152036.9311811694,True,3,5
Emmitt Smith,25.0,2.0,0.0,0.21025437485955087,210254.37485955088,False,3,6
Jerry Springer,18.0,5.0,0.0,0.15628916872448542,156289.1687244854,False,3,6
Joey Lawrence,24.0,3.0,0.0,0.20153140497017846,201531.40497017847,False,3,6
Mario Lopez,28.0,1.0,0.0,0.2387547204294406,238754.7204294406,False,3,6
Monique Coleman,23.0,4.0,0.0,0.19317033101634473,193170.33101634475,False,3,6
Emmitt Smith,28.5,1.0,-0.13725105801982332,0.18890751061618943,188907.51061618942,False,3,7
Jerry Springer,23.0,5.0,0.2898181621040979,0.22964810166732197,229648.10166732196,True,3,7
Joey Lawrence,28.5,1.0,-0.13725124596350816,0.18890747169773994,188907.47169773994,False,3,7
Mario Lopez,28.0,3.0,-0.1038164194653244,0.1926110862822738,192611.0862822738,False,3,7
Monique Coleman,27.0,4.0,-0.03473213003456443,0.19992582973647488,199925.82973647487,False,3,7
Emmitt Smith,27.0,2.0,-0.0024697913440258415,0.24797449310218475,247974.49310218476,False,3,8
Joey Lawrence,27.0,2.0,-0.0024697913440258432,0.24797449310218475,247974.49310218476,False,3,8
Mario Lopez,28.5,1.0,-0.07485510970968795,0.242851232404397,242851.232404397,False,3,8
Monique Coleman,26.5,4.0,0.06957440286332299,0.2611997813912335,261199.7813912335,True,3,8
Emmitt Smith,29.5,1.0,0.0,0.3333333333333333,333333.3333333333,False,3,9
Joey Lawrence,29.5,1.0,0.0,0.3333333333333333,333333.3333333333,False,3,9
Mario Lopez,29.5,1.0,0.0,0.3333333333333333,333333.3333333333,False,3,9
Emmitt Smith,29.666600000000003,1.0,0.0,0.5,500000.0,False,3,10
Mario Lopez,29.666600000000003,1.0,0.0,0.5,500000.0,False,3,10
Apolo Anton Ohno,21.0,3.0,0.0,0.10113871363426001,101138.71363426001,False,4,1
Billy Ray Cyrus,13.0,11.0,0.0,0.06597715270024375,65977.15270024375,False,4,1
Clyde Drexler,16.0,9.0,0.0,0.07743994135284184,77439.94135284184,False,4,1
Heather Mills,18.0,7.0,0.0,0.08616799337373104,86167.99337373105,False,4,1
Ian Ziering,21.0,3.0,0.0,0.10113871363426001,101138.71363426001,False,4,1
Joey Fatone,24.0,1.0,0.0,0.11871042825875124,118710.42825875124,False,4,1
John Ratzenberger,17.0,8.0,0.0,0.08168747978334132,81687.47978334132,False,4,1
Laila Ali,23.0,2.0,0.0,0.11253779192001913,112537.79192001912,False,4,1
Leeza Gibbons,15.0,10.0,0.0,0.07341326397432268,73413.26397432269,False,4,1
Paulina Porizkova,19.0,5.0,0.0,0.09089426068411448,90894.26068411447,False,4,1
Shandi Finnessey,19.0,5.0,0.0,0.09089426068411448,90894.26068411447,False,4,1
Apolo Anton Ohno,26.0,2.0,-0.1294790774948398,0.09375612429983288,93756.12429983288,False,4,2
Billy Ray Cyrus,21.0,6.0,-0.011213550377093304,0.0860660940684723,86066.0940684723,False,4,2
Clyde Drexler,18.0,11.0,-0.0090496257134214,0.07526924589911206,75269.24589911207,False,4,2
Heather Mills,24.0,3.0,-0.013669924853022503,0.09832158150780308,98321.58150780309,False,4,2
Ian Ziering,22.0,5.0,-0.01199731536731328,0.08998129446796266,89981.29446796265,False,4,2
Joey Fatone,24.0,3.0,-0.01366992493794633,0.09832158149862708,98321.58149862707,False,4,2
John Ratzenberger,21.0,6.0,-0.01121354980033846,0.08606609411620395,86066.09411620394,False,4,2
Laila Ali,27.0,1.0,-0.19772241668613968,0.08967460010971182,89674.60010971181,False,4,2
Leeza Gibbons,21.0,6.0,-0.011213550489577236,0.08606609405916325,86066.09405916325,False,4,2
Paulina Porizkova,21.0,6.0,0.282600274224846,0.11416439438465782,114164.39438465782,True,4,2
Shandi Finnessey,20.0,10.0,-0.01046221936069272,0.08231289558845298,82312.89558845297,False,4,2
Apolo Anton Ohno,23.0,5.0,-0.00813808608086844,0.10484837182035045,104848.37182035045,False,4,3
Billy Ray Cyrus,21.0,6.0,-0.007112438318213054,0.09576754989676327,95767.54989676327,False,4,3
Clyde Drexler,16.0,10.0,-0.0049007285478612,0.07627586583338573,76275.86583338573,False,4,3
Heather Mills,24.0,1.0,-0.05325442800220981,0.10440912804769525,104409.12804769525,False,4,3
Ian Ziering,24.0,1.0,-0.05319108057547527,0.10441645697743397,104416.45697743398,False,4,3
Joey Fatone,24.0,1.0,-0.053191094718198176,0.10441645534114559,104416.45534114559,False,4,3
John Ratzenberger,20.0,9.0,-0.006632258632726515,0.09151721200369192,91517.21200369192,False,4,3
Laila Ali,21.0,6.0,-0.007112370530065814,0.09576755619092758,95767.55619092759,False,4,3
Leeza Gibbons,24.0,1.0,-0.05330364405739788,0.10440343439073964,104403.43439073964,False,4,3
Shandi Finnessey,21.0,6.0,0.2097612459203075,0.11817796949786674,118177.96949786674,True,4,3
Apolo Anton Ohno,26.0,2.0,-0.31338170678060734,0.10496253406751427,104962.53406751427,False,4,4
Billy Ray Cyrus,21.0,5.0,-0.07298763726357788,0.11446682558917062,114466.82558917062,False,4,4
Clyde Drexler,15.0,9.0,-0.045902473689606565,0.08679860058649937,86798.60058649936,False,4,4
Heather Mills,23.0,4.0,-0.11033290259965077,0.12074584636875893,120745.84636875892,False,4,4
Ian Ziering,24.0,3.0,-0.1819641936915205,0.11548864782446189,115488.64782446189,False,4,4
Joey Fatone,28.0,1.0,-0.43275319909186655,0.09443623908637734,94436.23908637735,False,4,4
John Ratzenberger,16.0,7.0,-0.049968173600610115,0.09104033715104123,91040.33715104124,False,4,4
Laila Ali,21.0,5.0,-0.07298756122414247,0.11446683539857534,114466.83539857535,False,4,4
Leeza Gibbons,16.0,7.0,0.5890691334251075,0.15759413392760094,157594.13392760092,True,4,4
Apolo Anton Ohno,30.0,1.0,-0.6248972706485382,0.09155254015078697,91552.54015078697,False,4,5
Billy Ray Cyrus,17.0,7.0,-0.13214649535099182,0.11417030302384976,114170.30302384976,False,4,5
Clyde Drexler,13.0,8.0,0.7440975998616988,0.18814341635154339,188143.4163515434,True,4,5
Heather Mills,21.0,5.0,-0.15164229758521092,0.1384926346562956,138492.63465629562,False,4,5
Ian Ziering,24.0,4.0,-0.3221037155324063,0.12562585891002323,125625.85891002323,False,4,5
Joey Fatone,25.0,3.0,-0.37854765296942333,0.11994865205309245,119948.65205309245,False,4,5
John Ratzenberger,18.0,6.0,-0.1426952589283225,0.11915823995627627,119158.23995627626,False,4,5
Laila Ali,28.0,2.0,-0.5318951772066881,0.10290835489813228,102908.35489813228,False,4,5
Apolo Anton Ohno,28.0,1.0,-0.1570430919575003,0.14389225141750397,143892.25141750398,False,4,6
Billy Ray Cyrus,21.0,6.0,-0.01062826155928889,0.12744500016222107,127445.00016222107,False,4,6
Heather Mills,23.0,5.0,0.21459344391581664,0.17332468645415677,173324.68645415676,True,4,6
Ian Ziering,24.0,4.0,-0.012879045314522771,0.14443783164276122,144437.83164276122,False,4,6
Joey Fatone,27.0,3.0,-0.09114884340978929,0.14979613448943743,149796.13448943742,False,4,6
John Ratzenberger,19.0,7.0,-0.009267228869272502,0.11719110320914809,117191.10320914809,False,4,6
Laila Ali,28.0,1.0,-0.15692324395780693,0.1439129926247715,143912.9926247715,False,4,6
Apolo Anton Ohno,27.0,3.0,-0.06290347558225703,0.17419168968843424,174191.68968843424,False,4,7
Billy Ray Cyrus,19.0,6.0,-0.015881333731666485,0.13234954778344327,132349.54778344327,False,4,7
Ian Ziering,27.0,3.0,-0.06307123477948857,0.17415886909513298,174158.86909513298,False,4,7
Joey Fatone,29.5,1.0,-0.22175611661103592,0.15801132948778435,158011.32948778436,False,4,7
John Ratzenberger,22.5,5.0,0.2896959735715462,0.20331791532501953,203317.91532501954,True,4,7
Laila Ali,29.5,1.0,-0.2219659265538947,0.1579706486201856,157970.6486201856,False,4,7
Apolo Anton Ohno,29.0,1.0,-0.3383784124625364,0.1732972036026289,173297.2036026289,False,4,8
Billy Ray Cyrus,19.0,5.0,0.4512944019824611,0.25297896203791825,252978.96203791825,True,4,8
Ian Ziering,23.5,4.0,-0.07084107235288964,0.1952827026044417,195282.7026044417,False,4,8
Joey Fatone,27.5,2.0,-0.24851480101626044,0.18524996015939976,185249.96015939975,False,4,8
Laila Ali,26.5,3.0,-0.18503820530464427,0.1931911715956114,193191.17159561138,False,4,8
Apolo Anton Ohno,29.5,3.0,-0.000884555862871142,0.24899833284424094,248998.33284424094,False,4,9
Ian Ziering,29.0,4.0,0.04447754154437246,0.255960033232285,255960.033232285,True,4,9
Joey Fatone,30.0,1.0,-0.023405024647685357,0.24752121840043476,247521.21840043477,False,4,9
Laila Ali,30.0,1.0,-0.023408223976308536,0.24752041552303936,247520.41552303935,False,4,9
Apolo Anton Ohno,29.3332,1.0,0.0,0.33979549435897405,339795.49435897404,False,4,10
Joey Fatone,28.6665,2.0,0.0,0.3320138389771359,332013.8389771359,False,4,10
Laila Ali,28.333200000000005,3.0,0.0,0.3281906666638901,328190.66666389006,False,4,10
Albert Reed,21.0,5.0,-0.047997094294767964,0.08384160307298781,83841.60307298781,False,5,1
Cameron Mathison,21.0,5.0,-0.04799709429476798,0.08384160307298781,83841.60307298781,False,5,1
Floyd Mayweather Jr. ,18.0,11.0,-0.03868415166482898,0.07317307085813016,73173.07085813016,False,5,1
Helio Castroneves,25.0,2.0,-0.2531250453951001,0.0784211347424101,78421.1347424101,False,5,1
Jane Seymour,24.0,3.0,-0.18214817873866834,0.08231232300822292,82312.32300822291,False,5,1
Jennie Garth,21.0,5.0,-0.047997094770925744,0.08384160303054503,83841.60303054503,False,5,1
Josie Maran,16.0,12.0,0.622767497485797,0.11344058909532981,113440.58909532981,True,5,1
Marie Osmond,21.0,5.0,-0.04799709613693476,0.0838416029087845,83841.6029087845,False,5,1
Mark Cuban,21.0,5.0,-0.04799709377030095,0.08384160311973668,83841.60311973668,False,5,1
Mel B,24.0,3.0,-0.1821482218901147,0.0823123186925793,82312.3186925793,False,5,1
Sabrina Bryan,26.0,1.0,-0.32051063316304435,0.07453036796173018,74530.36796173018,False,5,1
Wayne Newton,19.0,10.0,-0.041667388625077406,0.07660218043655569,76602.18043655569,False,5,1
Albert Reed,21.0,5.0,0.2787457845545802,0.11746373903985088,117463.73903985089,True,5,2
Cameron Mathison,21.0,5.0,-0.011433418657508668,0.08813890208206689,88138.90208206688,False,5,2
Floyd Mayweather Jr. ,21.0,5.0,-0.011433418657508663,0.08813890208206689,88138.90208206688,False,5,2
Helio Castroneves,27.0,1.0,-0.19525478996528972,0.09225430676448874,92254.30676448875,False,5,2
Jane Seymour,21.0,5.0,-0.01143341865750865,0.08813890208206689,88138.90208206688,False,5,2
Jennie Garth,21.0,5.0,-0.011433418657508658,0.08813890208206689,88138.90208206688,False,5,2
Marie Osmond,24.0,3.0,-0.013980574085144542,0.1010700876652727,101070.0876652727,False,5,2
Mark Cuban,18.0,10.0,-0.009203693449473213,0.07678614049400118,76786.14049400117,False,5,2
Mel B,23.0,4.0,-0.013092527487608821,0.0965733785210589,96573.37852105891,False,5,2
Sabrina Bryan,26.0,2.0,-0.12796157044650547,0.09645568380646091,96455.68380646092,False,5,2
Wayne Newton,15.0,11.0,-0.0072374353592631925,0.06684105538059917,66841.05538059918,False,5,2
Cameron Mathison,23.0,7.0,-0.04717593624389165,0.09977140693812792,99771.40693812791,False,5,3
Floyd Mayweather Jr. ,21.0,8.0,-0.04146011319405081,0.09193676489707989,91936.76489707989,False,5,3
Helio Castroneves,24.0,6.0,-0.047959268530351915,0.1041320332000454,104132.0332000454,False,5,3
Jane Seymour,27.0,1.0,-0.22726794765886138,0.09508179880305867,95081.79880305867,False,5,3
Jennie Garth,26.0,4.0,-0.16613414945980284,0.09870585832036785,98705.85832036786,False,5,3
Marie Osmond,26.0,4.0,-0.16138243170403865,0.09926594936867045,99265.94936867045,False,5,3
Mark Cuban,20.0,9.0,-0.03875502580922797,0.08820626783764515,88206.26783764515,False,5,3
Mel B,27.0,1.0,-0.2272684492259699,0.0950817398301538,95081.7398301538,False,5,3
Sabrina Bryan,27.0,1.0,-0.227287155128768,0.09507954046678513,95079.54046678513,False,5,3
Wayne Newton,18.0,10.0,0.5638128376689772,0.13273864033806573,132738.64033806574,True,5,3
Cameron Mathison,27.0,2.0,-0.04699445756033932,0.11266903715102598,112669.03715102599,False,5,4
Floyd Mayweather Jr. ,23.0,8.0,0.27420497430060775,0.12977323189126638,129773.23189126638,True,5,4
Helio Castroneves,27.0,2.0,-0.047046237984248264,0.11266281094229338,112662.81094229338,False,5,4
Jane Seymour,26.0,5.0,-0.015635622255152415,0.11205755636540228,112057.55636540228,False,5,4
Jennie Garth,27.0,2.0,-0.04691711776008203,0.11267833732439429,112678.33732439429,False,5,4
Marie Osmond,26.0,5.0,-0.01563556679234322,0.11205756275271377,112057.56275271377,False,5,4
Mark Cuban,22.0,9.0,-0.01229904292732622,0.09618519546943573,96185.19546943573,False,5,4
Mel B,26.0,5.0,-0.015635565889844903,0.11205756285664897,112057.56285664898,False,5,4
Sabrina Bryan,30.0,1.0,-0.2440787872816545,0.0998587052468193,99858.7052468193,False,5,4
Cameron Mathison,26.0,3.0,-0.05089810504036039,0.12937412342592058,129374.12342592058,False,5,5
Helio Castroneves,23.0,6.0,-0.02655462655369222,0.11748852674322557,117488.52674322558,False,5,5
Jane Seymour,26.0,3.0,-0.050851711650852456,0.129380698130226,129380.69813022601,False,5,5
Jennie Garth,25.0,5.0,-0.02999299226036061,0.12707038755738512,127070.38755738511,False,5,5
Marie Osmond,21.0,7.0,-0.023364107938313797,0.10854246697798266,108542.46697798265,False,5,5
Mark Cuban,21.0,7.0,0.37573871878997106,0.15450665778030928,154506.6577803093,True,5,5
Mel B,29.0,1.0,-0.25043668237489086,0.11430565273525979,114305.65273525979,False,5,5
Sabrina Bryan,28.0,2.0,-0.18718974984539827,0.11933148664969095,119331.48664969095,False,5,5
Cameron Mathison,25.0,4.0,0.003665561460941196,0.13998862894727623,139988.62894727624,False,5,6
Helio Castroneves,28.0,2.0,-0.04254224716942781,0.14974003934407437,149740.03934407438,False,5,6
Jane Seymour,22.0,7.0,0.0030587643422089884,0.12433266830379389,124332.6683037939,False,5,6
Jennie Garth,27.0,3.0,0.004108764136792257,0.15152466326904407,151524.66326904407,False,5,6
Marie Osmond,23.0,6.0,0.0032538007265965276,0.12934352762469803,129343.52762469804,False,5,6
Mel B,30.0,1.0,-0.17180312860283278,0.13864611159761986,138646.11159761986,False,5,6
Sabrina Bryan,25.0,4.0,0.1801069544505342,0.16642436091349347,166424.36091349347,True,5,6
Cameron Mathison,25.5,5.0,-0.0013039702010165335,0.16368897727083118,163688.97727083118,False,5,7
Helio Castroneves,26.0,3.0,-0.0013422923814701612,0.16686579518653383,166865.79518653383,False,5,7
Jane Seymour,25.0,6.0,0.08800343458404439,0.1750066538575774,175006.65385757742,True,5,7
Jennie Garth,26.5,2.0,-0.028896090437063274,0.16538663395000788,165386.63395000788,False,5,7
Marie Osmond,26.0,3.0,-0.0013422923438103894,0.1668657951928358,166865.7951928358,False,5,7
Mel B,27.0,1.0,-0.0656437920582198,0.162186144542214,162186.144542214,False,5,7
Cameron Mathison,25.5,3.0,0.12834624167891645,0.22137825128266542,221378.2512826654,True,5,8
Helio Castroneves,28.5,1.0,-0.08994583523595248,0.19856456977967138,198564.56977967138,False,5,8
Jennie Garth,25.0,4.0,-0.00502792159585913,0.19063913047309844,190639.13047309843,False,5,8
Marie Osmond,24.5,5.0,-0.004882892544738995,0.18706239591805138,187062.39591805136,False,5,8
Mel B,28.0,2.0,-0.056080090791927585,0.20235565254651336,202355.65254651336,False,5,8
Helio Castroneves,30.0,1.0,-0.0327476921972785,0.2501359247703064,250135.9247703064,False,5,9
Jennie Garth,29.0,3.0,0.03419669529314874,0.25868308575929894,258683.08575929893,True,5,9
Marie Osmond,28.0,4.0,-0.001994246870762011,0.24104440388007897,241044.403880079,False,5,9
Mel B,30.0,1.0,-0.032745139055114905,0.2501365855903157,250136.58559031572,False,5,9
Helio Castroneves,27.999900000000004,2.0,0.0,0.35206183106645106,352061.83106645104,False,5,10
Marie Osmond,23.0,3.0,0.0,0.29141093295471465,291410.93295471463,False,5,10
Mel B,28.3332,1.0,0.0,0.35652723597883434,356527.23597883433,False,5,10
Adam Carolla,15.0,11.0,0.0,0.0632369260258084,63236.926025808396,False,6,1
Cristian de la Fuente,21.0,6.0,0.0,0.08504535474236215,85045.35474236215,False,6,1
Jason Taylor,22.0,4.0,0.0,0.0893505516336418,89350.55163364181,False,6,1
Kristi Yamaguchi,27.0,1.0,0.0,0.11437482524533828,114374.82524533827,False,6,1
Mario,24.0,2.0,0.0,0.09862579574627255,98625.79574627255,False,6,1
Marissa Jaret Winokur,18.0,8.0,0.0,0.07333489487741418,73334.89487741418,False,6,1
Marlee Matlin,22.0,4.0,0.0,0.0893505516336418,89350.55163364181,False,6,1
Monica Seles,15.0,11.0,0.0,0.0632369260258084,63236.926025808396,False,6,1
Penn Jillette,16.0,10.0,0.0,0.06643812870366356,66438.12870366356,False,6,1
Priscilla Presley,24.0,2.0,0.0,0.09862579574627255,98625.79574627255,False,6,1
Shannon Elizabeth,21.0,6.0,0.0,0.08504535474236215,85045.35474236215,False,6,1
Steve Guttenberg,18.0,8.0,0.0,0.07333489487741418,73334.89487741418,False,6,1
Adam Carolla,19.0,9.0,-0.0641098009910902,0.07815475844791106,78154.75844791107,False,6,2
Cristian de la Fuente,20.0,8.0,-0.06881496491592014,0.08173715357681179,81737.15357681179,False,6,2
Jason Taylor,27.0,1.0,-0.360930208363471,0.0759922443762521,75992.2443762521,False,6,2
Kristi Yamaguchi,27.0,1.0,-0.36093397785932496,0.07599183259873861,75991.8325987386,False,6,2
Mario,26.0,3.0,-0.30027651254650123,0.07988335996400407,79883.35996400408,False,6,2
Marissa Jaret Winokur,21.0,6.0,-0.07375278746795917,0.08541871496222803,85418.71496222803,False,6,2
Marlee Matlin,24.0,4.0,-0.16921707122412466,0.08766524687767988,87665.24687767988,False,6,2
Monica Seles,15.0,12.0,0.7500951653623813,0.1226847020309184,122684.7020309184,True,6,2
Penn Jillette,17.0,10.0,-0.05516712484861134,0.071316605749832,71316.60574983199,True,6,2
Priscilla Presley,21.0,6.0,-0.07384134452850877,0.08541025786119383,85410.25786119382,False,6,2
Shannon Elizabeth,24.0,4.0,-0.1692160463278374,0.08766536168416057,87665.36168416057,False,6,2
Steve Guttenberg,16.0,11.0,-0.050641979808710616,0.06807976187026969,68079.7618702697,False,6,2
Adam Carolla,21.0,6.0,-0.009325051320946218,0.09291891578671412,92918.91578671412,False,6,3
Cristian de la Fuente,25.0,3.0,-0.04926483679645147,0.10610564429516124,106105.64429516124,False,6,3
Jason Taylor,23.0,5.0,-0.01062747681382342,0.10140186746880597,101401.86746880597,False,6,3
Kristi Yamaguchi,27.0,1.0,-0.1910744902591826,0.09733373380664506,97333.73380664506,False,6,3
Mario,21.0,6.0,-0.009322031469746502,0.09291917960108087,92919.17960108088,False,6,3
Marissa Jaret Winokur,19.0,10.0,-0.008095415817568381,0.08512049274786926,85120.49274786926,False,6,3
Marlee Matlin,21.0,6.0,-0.009322031469746505,0.09291917960108087,92919.17960108088,False,6,3
Priscilla Presley,26.0,2.0,-0.12209831472990063,0.1017195848608021,101719.5848608021,False,6,3
Shannon Elizabeth,24.0,4.0,-0.011351995459957189,0.10591187825939943,105911.87825939944,False,6,3
Steve Guttenberg,21.0,6.0,0.29458035292756823,0.12364952357244102,123649.52357244102,True,6,3
Adam Carolla,19.0,9.0,0.49310622473432375,0.1435649857768723,143564.9857768723,True,6,4
Cristian de la Fuente,26.0,4.0,-0.12002678982820027,0.11245381906363366,112453.81906363367,False,6,4
Jason Taylor,29.0,1.0,-0.308868679850336,0.09912116281487636,99121.16281487636,False,6,4
Kristi Yamaguchi,29.0,1.0,-0.3088686795798691,0.09912116284946669,99121.1628494667,False,6,4
Mario,24.0,5.0,-0.04459666447305238,0.11270614734128036,112706.14734128036,False,6,4
Marissa Jaret Winokur,24.0,5.0,-0.04459666447305237,0.11270614734128037,112706.14734128038,False,6,4
Marlee Matlin,24.0,5.0,-0.04459651830395828,0.11270616493228364,112706.16493228363,False,6,4
Priscilla Presley,22.0,8.0,-0.039332920639414945,0.10405521712211561,104055.21712211562,False,6,4
Shannon Elizabeth,28.0,3.0,-0.24897932311314613,0.10356519275819101,103565.19275819101,False,6,4
Cristian de la Fuente,23.0,5.0,-0.020494657700105442,0.11963192115994016,119631.92115994016,False,6,5
Jason Taylor,27.0,2.0,-0.12588653218278428,0.12522869599606903,125228.69599606903,False,6,5
Kristi Yamaguchi,29.0,1.0,-0.2549213221709793,0.11502387122944935,115023.87122944935,False,6,5
Mario,27.0,2.0,-0.12588654370877392,0.12522869433458153,125228.69433458152,False,6,5
Marissa Jaret Winokur,24.0,4.0,-0.02201048304311183,0.12454018936847011,124540.1893684701,False,6,5
Marlee Matlin,22.0,7.0,-0.019229582935932098,0.11487522073046624,114875.22073046624,False,6,5
Priscilla Presley,21.0,8.0,0.36812831481245806,0.15584094087090605,155840.94087090605,True,6,5
Shannon Elizabeth,23.0,5.0,-0.020507059783997906,0.11963046631011749,119630.4663101175,False,6,5
Cristian de la Fuente,27.0,3.0,-0.10359733673533064,0.1424612667144416,142461.2667144416,False,6,6
Jason Taylor,24.0,5.0,-0.036587262209261624,0.13622562084995668,136225.62084995667,False,6,6
Kristi Yamaguchi,30.0,1.0,-0.2934020820303829,0.12579456365547162,125794.56365547162,False,6,6
Mario,28.0,2.0,-0.16992254548790478,0.1369056506053941,136905.65060539413,False,6,6
Marissa Jaret Winokur,26.0,4.0,-0.04256463880361137,0.14659274388411828,146592.74388411827,False,6,6
Marlee Matlin,21.0,7.0,0.39431567261608763,0.17579453415939503,175794.53415939503,True,6,6
Shannon Elizabeth,24.0,5.0,-0.03658726751863037,0.13622562013122266,136225.62013122268,False,6,6
Cristian de la Fuente,23.0,6.0,-0.000980584032440183,0.149791722546328,149791.722546328,False,6,7
Jason Taylor,27.5,1.0,-0.06352311122208298,0.16688863550067862,166888.63550067862,False,6,7
Kristi Yamaguchi,27.0,2.0,-0.027940183206863468,0.1701200007391117,170120.0007391117,False,6,7
Mario,25.5,4.0,-0.001138713696224146,0.16506512880231353,165065.12880231353,False,6,7
Marissa Jaret Winokur,26.0,3.0,-0.001172183547095842,0.1683008943920322,168300.8943920322,False,6,7
Shannon Elizabeth,25.5,4.0,0.08516278986026954,0.17983361801953593,179833.61801953593,True,6,7
Cristian de la Fuente,28.5,1.0,-0.07290065873610425,0.19841768990042682,198417.68990042683,False,6,8
Jason Taylor,26.0,4.0,-0.002647846127712039,0.1947884931081354,194788.4931081354,False,6,8
Kristi Yamaguchi,27.5,2.0,-0.004093907048616305,0.20574665428507996,205746.65428507997,False,6,8
Mario,26.5,3.0,0.0701533892164102,0.2133989428481624,213398.9428481624,True,6,8
Marissa Jaret Winokur,25.0,5.0,-0.0025003300786224656,0.18764821985819538,187648.21985819537,False,6,8
Cristian de la Fuente,28.0,2.0,-0.041629545122305,0.24545474689362215,245454.74689362216,False,6,9
Jason Taylor,27.5,3.0,-0.005996415530449404,0.24999495295760432,249994.9529576043,False,6,9
Kristi Yamaguchi,28.5,1.0,-0.0763524824309462,0.24091151032904307,240911.51032904306,False,6,9
Marissa Jaret Winokur,26.0,4.0,0.10718714755252236,0.2636387898197304,263638.7898197304,True,6,9
Cristian de la Fuente,26.0,3.0,0.0,0.3081278780361163,308127.8780361163,False,6,10
Jason Taylor,28.5,2.0,0.0,0.33672692209929345,336726.92209929344,False,6,10
Kristi Yamaguchi,30.0,1.0,0.0,0.3551451998645903,355145.1998645903,False,6,10
Brooke Burke,24.5,1.0,-0.47237092715083945,0.061474218528398586,61474.21852839859,False,7,1
Cloris Leachman,16.0,12.0,-0.07302502384415226,0.06900896236529394,69008.96236529395,False,7,1
Cody Linley,20.5,6.0,-0.1849731216145945,0.07733455760920283,77334.55760920282,False,7,1
Jeffrey Ross,12.0,13.0,0.8894111142159484,0.11107678998512424,111076.78998512424,True,7,1
Kim Kardashian,18.5,8.0,-0.0886606106382672,0.07805011363645513,78050.11363645513,False,7,1
Lance Bass,21.5,3.0,-0.26312357282615767,0.07337776697367134,73377.76697367133,False,7,1
Maurice Greene,19.5,7.0,-0.10336312078883729,0.0810663605801496,81066.3605801496,False,7,1
Misty May-Treanor,21.0,5.0,-0.22463825026742285,0.07536288778529913,75362.88778529913,False,7,1
Rocco DiSpirito,17.5,11.0,-0.08204136905163825,0.0743707281506258,74370.7281506258,False,7,1
Susan Lucci,18.5,8.0,-0.08854930881064742,0.07805986978441584,78059.86978441585,False,7,1
Ted McGinley,18.5,8.0,-0.08887071942120453,0.07803169990042365,78031.69990042364,True,7,1
Toni Braxton,22.5,2.0,-0.33657774254213735,0.0694097561777307,69409.7561777307,False,7,1
Warren Sapp,21.5,3.0,-0.2631390113057746,0.07337628852320931,73376.28852320931,False,7,1
Brooke Burke,24.0,1.0,-0.23508184667737178,0.08660639057478701,86606.39057478702,False,7,2
Cloris Leachman,15.0,11.0,-0.022950528405957557,0.07136089236956657,71360.89236956657,False,7,2
Cody Linley,21.0,4.0,-0.017918215493829378,0.09750121932494707,97501.21932494707,False,7,2
Kim Kardashian,17.0,9.0,0.43045906057747246,0.11828054264473574,118280.54264473575,True,7,2
Lance Bass,20.0,7.0,-0.034013544064438496,0.09107365060782843,91073.65060782843,False,7,2
Maurice Greene,19.0,8.0,-0.03161462774653688,0.08679359378713092,86793.59378713091,False,7,2
Misty May-Treanor,21.0,4.0,-0.03651346542168982,0.09553019635857732,95530.19635857732,True,7,2
Rocco DiSpirito,16.0,10.0,-0.02498496430777591,0.07497431939761703,74974.31939761703,False,7,2
Susan Lucci,21.0,4.0,0.006519252024871513,0.1001534665728743,100153.4665728743,False,7,2
Toni Braxton,23.0,3.0,-0.1594864432468236,0.09113121858165477,91131.21858165477,False,7,2
Warren Sapp,24.0,1.0,-0.23519114830505744,0.0865945097802808,86594.5097802808,False,7,2
Brooke Burke,28.0,1.0,0.0,0.1435300747631496,143530.0747631496,False,7,3
Cloris Leachman,16.0,9.0,0.0,0.08341523992899345,83415.23992899345,False,7,3
Cody Linley,21.0,6.0,0.0,0.10458097784210456,104580.97784210456,False,7,3
Lance Bass,22.0,4.0,0.0,0.10941935671257846,109419.35671257846,False,7,3
Maurice Greene,24.0,3.0,0.0,0.11977800496362177,119778.00496362177,False,7,3
Rocco DiSpirito,20.0,8.0,0.0,0.09995654566988936,99956.54566988935,False,7,3
Susan Lucci,21.0,6.0,0.0,0.10458097784210456,104580.97784210456,False,7,3
Toni Braxton,22.0,4.0,0.0,0.10941935671257846,109419.35671257846,False,7,3
Warren Sapp,25.0,2.0,0.0,0.1253194655649797,125319.46556497969,False,7,3
Brooke Burke,26.0,1.0,-0.25823450163197287,0.10102592008026769,101025.9200802677,False,7,4
Cloris Leachman,22.0,5.0,-0.04142875837814237,0.10999096423433775,109990.96423433775,False,7,4
Cody Linley,23.0,4.0,-0.043741922282753753,0.11478939914749646,114789.39914749646,False,7,4
Lance Bass,26.0,1.0,-0.25831377783727305,0.10101609944102478,101016.09944102478,False,7,4
Maurice Greene,20.0,8.0,-0.026478634858983097,0.10190897868459721,101908.97868459721,False,7,4
Rocco DiSpirito,18.0,9.0,0.45940398243975755,0.14043456441616978,140434.56441616977,True,7,4
Susan Lucci,24.0,3.0,-0.11423411046490603,0.11087543352570367,110875.43352570367,False,7,4
Toni Braxton,22.0,5.0,-0.04163282886943069,0.10996767657860815,109967.67657860815,False,7,4
Warren Sapp,22.0,5.0,-0.04142876137954234,0.10999096389179451,109990.96389179451,False,7,4
Brooke Burke,29.0,1.0,-0.2058618472460132,0.12149232336527178,121492.32336527179,False,7,5
Cloris Leachman,21.0,7.0,-0.01744771475096638,0.10973742110661333,109737.42110661333,False,7,5
Cody Linley,28.0,2.0,-0.14272852884531886,0.12662039916248558,126620.39916248557,False,7,5
Lance Bass,21.0,7.0,-0.01744771740612544,0.10973742084678674,109737.42084678674,False,7,5
Maurice Greene,27.0,3.0,-0.07636899537477022,0.13174567283862718,131745.6728386272,False,7,5
Susan Lucci,22.0,5.0,-0.0186163449136918,0.11428800383343925,114288.00383343924,False,7,5
Toni Braxton,22.0,5.0,0.32392496783204006,0.15738972602155718,157389.72602155717,True,7,5
Warren Sapp,25.0,4.0,-0.02239755309950722,0.12898903282521898,128989.03282521898,False,7,5
Brooke Burke,26.0,2.0,-0.36529857054860204,0.12537493647338985,125374.93647338985,False,7,6
Cloris Leachman,15.0,7.0,0.6462221977356782,0.19412493486591006,194124.93486591007,True,7,6
Cody Linley,23.0,4.0,-0.16899014483143313,0.14412316149514004,144123.16149514003,False,7,6
Lance Bass,27.0,1.0,-0.424288075703243,0.11912524775224477,119125.24775224477,False,7,6
Maurice Greene,21.0,6.0,-0.10618899833655461,0.14150717590481995,141507.17590481995,False,7,6
Susan Lucci,23.0,4.0,-0.16901116713677122,0.14411944213911954,144119.44213911955,False,7,6
Warren Sapp,25.0,3.0,-0.30345170092710355,0.131625101369376,131625.101369376,False,7,6
Brooke Burke,30.0,1.0,-0.2259268283037241,0.16091133907947003,160911.33907947002,False,7,7
Cody Linley,22.0,5.0,-0.012728231941233133,0.15111893714573071,151118.9371457307,False,7,7
Lance Bass,25.0,2.0,-0.01535511085080434,0.17056455140302304,170564.55140302304,False,7,7
Maurice Greene,25.0,2.0,-0.015355111679979163,0.17056455125524578,170564.55125524578,False,7,7
Susan Lucci,24.0,4.0,0.19295806614333097,0.20172766555023933,201727.66555023933,True,7,7
Warren Sapp,21.0,6.0,-0.011920370869745806,0.14511295556629092,145112.9555662909,False,7,7
Brooke Burke,27.5,1.0,-0.11016746682254186,0.19422229816439926,194222.29816439925,False,7,8
Cody Linley,24.0,4.0,-0.007750519693113728,0.1892226661447137,189222.6661447137,False,7,8
Lance Bass,25.0,3.0,-0.008227612857474368,0.19673791197028964,196737.91197028963,False,7,8
Maurice Greene,24.0,4.0,0.15824594070625034,0.2216732775847797,221673.2775847797,True,7,8
Warren Sapp,27.0,2.0,-0.0750540443815607,0.19814384613581762,198143.8461358176,False,7,8
Brooke Burke,24.5,2.0,-0.021236579474849214,0.24600354689887086,246003.54689887085,False,7,9
Cody Linley,23.0,4.0,0.18445683924587872,0.281359429462755,281359.429462755,True,7,9
Lance Bass,28.5,1.0,-0.22852485933244177,0.22663347673950318,226633.47673950318,False,7,9
Warren Sapp,24.5,2.0,-0.02123657947484919,0.24600354689887088,246003.54689887087,False,7,9
Brooke Burke,30.0,1.0,0.0,0.35322073723920494,353220.73723920493,False,7,10
Lance Bass,27.5,2.0,0.0,0.32338963138039756,323389.63138039754,False,7,10
Warren Sapp,27.5,2.0,0.0,0.32338963138039756,323389.63138039754,False,7,10
Belinda Carlisle,17.0,9.0,0.0,0.0691862041283515,69186.2041283515,False,8,1
Chuck Wicks,20.0,5.0,0.0,0.08123086677249845,81230.86677249846,False,8,1
David Alan Grier,19.0,6.0,0.0,0.07699937964131424,76999.37964131424,False,8,1
Denise Richards,18.0,7.0,0.0,0.07298831959718212,72988.31959718213,False,8,1
Gilles Marini,24.0,1.0,0.0,0.10061356375434252,100613.56375434253,False,8,1
Holly Madison,18.0,7.0,0.0,0.07298831959718212,72988.31959718213,False,8,1
Lawrence Taylor,16.0,11.0,0.0,0.06558214887132055,65582.14887132055,False,8,1
Lil' Kim,21.0,4.0,0.0,0.08569489452186407,85694.89452186407,False,8,1
Melissa Rycroft,23.0,2.0,0.0,0.09537239106759207,95372.39106759208,False,8,1
Shawn Johnson,23.0,2.0,0.0,0.09537239106759207,95372.39106759208,False,8,1
Steve Wozniak,13.0,13.0,0.0,0.05585782990220778,55857.82990220778,False,8,1
Steve-O,17.0,9.0,0.0,0.0691862041283515,69186.2041283515,False,8,1
Ty Murray,14.0,12.0,0.0,0.05892748695020103,58927.48695020103,False,8,1
Belinda Carlisle,18.0,9.0,0.4598431704281818,0.10811029096171203,108110.29096171203,True,8,2
Chuck Wicks,20.0,6.0,-0.025939366621594,0.07620922266789404,76209.22266789404,False,8,2
David Alan Grier,17.0,11.0,-0.02066652555985161,0.0658738143232663,65873.8143232663,False,8,2
Denise Richards,21.0,5.0,-0.02789750792697534,0.07995664704785611,79956.64704785611,False,8,2
Gilles Marini,27.0,1.0,-0.2982103457052012,0.0741480563883721,74148.0563883721,False,8,2
Holly Madison,18.0,9.0,-0.022366121145071728,0.06916922937954116,69169.22937954117,False,8,2
Lawrence Taylor,20.0,6.0,-0.025939367138188625,0.07620922262738108,76209.22262738108,False,8,2
Lil' Kim,23.0,4.0,-0.031168559025962196,0.08802737242470329,88027.3724247033,False,8,2
Melissa Rycroft,26.0,2.0,-0.2341121628442203,0.07792161145910852,77921.61145910852,False,8,2
Shawn Johnson,24.0,3.0,-0.09543902932227943,0.08546710602227854,85467.10602227855,False,8,2
Steve Wozniak,17.0,11.0,-0.020657487662072906,0.06587433508305951,65874.33508305952,False,8,2
Steve-O,14.0,13.0,-0.016000895718265854,0.05682261096115856,56822.610961158556,False,8,2
Ty Murray,20.0,6.0,-0.02592332574688278,0.07621048065366885,76210.48065366886,False,8,2
Chuck Wicks,23.0,6.0,-0.12362337835906584,0.08556103879338389,85561.0387933839,False,8,3
David Alan Grier,24.0,5.0,-0.059009676347211965,0.09712185332602612,97121.85332602612,False,8,3
Denise Richards,16.0,10.0,0.7477853758833485,0.12862948163607718,128629.48163607718,True,8,3
Gilles Marini,27.0,1.0,-0.25543798257911,0.08532240204369879,85322.40204369879,False,8,3
Holly Madison,17.0,9.0,-0.08505584090415003,0.06728215473471598,67282.15473471598,False,8,3
Lawrence Taylor,20.0,8.0,-0.10414011686848464,0.07611852758353758,76118.52758353758,False,8,3
Lil' Kim,25.0,4.0,-0.12921980676681585,0.0930789417327203,93078.9417327203,False,8,3
Melissa Rycroft,27.0,1.0,-0.2566798462397236,0.08517314553323267,85173.14553323267,False,8,3
Shawn Johnson,27.0,1.0,-0.25555404033709705,0.08530844227735636,85308.44227735636,False,8,3
Steve Wozniak,10.0,12.0,-0.046158948308966566,0.049145034623425926,49145.03462342593,False,8,3
Steve-O,15.0,11.0,-0.07334931581182803,0.061714123373896784,61714.123373896786,False,8,3
Ty Murray,23.0,6.0,-0.1237808935748333,0.08554485434192831,85544.85434192831,False,8,3
Chuck Wicks,22.0,6.0,-0.08261998115864012,0.0946834083494781,94683.4083494781,False,8,4
David Alan Grier,22.0,6.0,-0.08261998115864012,0.0946834083494781,94683.4083494781,False,8,4
Gilles Marini,30.0,1.0,-0.43094330704975065,0.0803843985846415,80384.3985846415,False,8,4
Holly Madison,16.0,9.0,0.710767153170752,0.138234942784424,138234.942784424,True,8,4
Lawrence Taylor,19.0,8.0,-0.06698142099878689,0.08320671613494043,83206.71613494043,False,8,4
Lil' Kim,27.0,3.0,-0.26680309838410693,0.09277903564450707,92779.03564450706,False,8,4
Melissa Rycroft,29.0,2.0,-0.37848865306801116,0.08451525462719923,84515.25462719923,False,8,4
Shawn Johnson,25.0,4.0,-0.1432851948441763,0.1010449541511746,101044.9541511746,False,8,4
Steve Wozniak,12.0,11.0,-0.038749755653488586,0.06006428548357614,60064.28548357614,True,8,4
Steve-O,15.0,10.0,-0.04774627512150049,0.06941403129203072,69414.03129203072,False,8,4
Ty Murray,25.0,4.0,-0.14370191696540277,0.10098956459855012,100989.56459855012,False,8,4
Chuck Wicks,23.0,5.0,-0.009879327091389866,0.11040242739593223,110402.42739593223,False,8,5
David Alan Grier,22.0,6.0,0.2630058847403278,0.13763944381696386,137639.44381696385,True,8,5
Gilles Marini,29.0,1.0,-0.25926390063775934,0.10430616055142337,104306.16055142337,False,8,5
Lawrence Taylor,20.0,8.0,-0.008109447729304537,0.0970320933036256,97032.0933036256,False,8,5
Lil' Kim,26.0,2.0,-0.06155592304131245,0.1185913281308982,118591.32813089821,False,8,5
Melissa Rycroft,25.0,4.0,0.01044573354505138,0.12317172608645689,123171.7260864569,False,8,5
Shawn Johnson,26.0,2.0,-0.0618547036245394,0.11855081504211636,118550.81504211636,False,8,5
Steve-O,18.0,9.0,-0.007035912670228027,0.0890001314115397,89000.1314115397,False,8,5
Ty Murray,21.0,7.0,-0.00867709849838486,0.10130587426104382,101305.87426104382,False,8,5
Chuck Wicks,23.0,5.0,-0.08656940997214123,0.13176734486169625,131767.34486169624,False,8,6
Gilles Marini,26.0,3.0,-0.2643662481180457,0.11978758044480989,119787.5804448099,False,8,6
Lawrence Taylor,22.0,6.0,-0.08996987130068033,0.12533593863616743,125335.93863616743,False,8,6
Lil' Kim,28.0,1.0,-0.38324817191139304,0.10903490575674801,109034.90575674802,False,8,6
Melissa Rycroft,27.0,2.0,-0.3252021444988647,0.11441094738026435,114410.94738026435,False,8,6
Shawn Johnson,26.0,3.0,-0.2643695906874561,0.11978705331109891,119787.05331109892,False,8,6
Steve-O,16.0,8.0,0.6530248166488503,0.17355073529631088,173550.7352963109,True,8,6
Ty Murray,18.0,7.0,-0.06821616564641021,0.10632549431290422,106325.49431290422,False,8,6
Chuck Wicks,27.0,3.0,-0.09689931829636621,0.14044528692235078,140445.2869223508,False,8,7
Gilles Marini,27.0,3.0,-0.09689931674298657,0.14044528716076526,140445.28716076526,False,8,7
Lawrence Taylor,21.0,7.0,0.409215310372711,0.17341428414998403,173414.284149984,True,8,7
Lil' Kim,26.0,5.0,-0.035768377345650346,0.14440126188235605,144401.26188235605,False,8,7
Melissa Rycroft,29.0,1.0,-0.22968030824971644,0.12929149614606195,129291.49614606195,False,8,7
Shawn Johnson,28.0,2.0,-0.16435132575462238,0.13495317809805407,134953.17809805408,False,8,7
Ty Murray,24.0,6.0,-0.009210543930842962,0.1370492056404278,137049.2056404278,False,8,7
Chuck Wicks,25.5,5.0,0.10766923364505761,0.18229802460052372,182298.02460052373,True,8,8
Gilles Marini,27.5,2.0,-0.041534015793239114,0.16947394811202518,169473.9481120252,False,8,8
Lil' Kim,28.0,1.0,-0.07627712550441552,0.16627237712797482,166272.37712797482,False,8,8
Melissa Rycroft,23.0,6.0,-0.0022338617060882957,0.14855663949871536,148556.63949871538,False,8,8
Shawn Johnson,26.0,3.0,-0.0026678490871176047,0.16669950533154956,166699.50533154956,False,8,8
Ty Murray,26.0,3.0,-0.0026678491010790626,0.16669950532921135,166699.50532921136,False,8,8
Gilles Marini,28.0,2.0,-0.034675203220550246,0.20357148857506563,203571.48857506562,False,8,9
Lil' Kim,26.0,4.0,0.11193934660345263,0.21855505993111263,218555.05993111263,True,8,9
Melissa Rycroft,28.5,1.0,-0.06885970851085943,0.19982846802866297,199828.46802866296,False,8,9
Shawn Johnson,28.0,2.0,-0.03466729758829103,0.20357318969090263,203573.18969090263,False,8,9
Ty Murray,23.0,5.0,-0.0024815294199171355,0.1744717937742561,174471.79377425608,False,8,9
Gilles Marini,30.0,1.0,-0.20409293979210547,0.22608354081205126,226083.54081205127,False,8,10
Melissa Rycroft,27.5,3.0,-0.039334990491233644,0.2488751010007891,248875.10100078912,False,8,10
Shawn Johnson,28.0,2.0,-0.0745579209049832,0.2441612819465078,244161.2819465078,False,8,10
Ty Murray,24.0,4.0,0.23412210645864906,0.2808800762406518,280880.07624065183,True,8,10
Gilles Marini,29.0,2.0,0.0,0.3313580538381513,331358.05383815133,False,8,11
Melissa Rycroft,28.5,3.0,0.0,0.32572604236823255,325726.04236823256,False,8,11
Shawn Johnson,30.0,1.0,0.0,0.34291590379361614,342915.90379361616,False,8,11
Aaron Carter,31.9999,2.0,-0.25661661314171635,0.0631850225647813,63185.0225647813,False,9,1
Ashley Hamiliton,18.9999,15.0,0.7531074448300806,0.09520485323951863,95204.85323951863,True,9,1
Chuck Liddell,22.0,10.0,-0.041028779978789134,0.056272124175218895,56272.124175218894,False,9,1
Debi Mazar,22.0,10.0,-0.04102878104786735,0.056272124118228295,56272.1241182283,False,9,1
Donny Osmond,29.9999,5.0,-0.1490359957716768,0.06810290891409712,68102.90891409712,False,9,1
Joanna Krupa,33.9999,1.0,-0.35579278227809513,0.05825846027939394,58258.460279393934,False,9,1
Kathy Ireland,19.9999,12.0,-0.03608233454983361,0.05203245935051135,52032.45935051135,False,9,1
Kelly Osbourne,30.9998,4.0,-0.20397924670389622,0.06564867291817614,65648.67291817613,False,9,1
Louie Vito,26.9998,7.0,-0.05495366160357874,0.06806546221215537,68065.46221215537,False,9,1
Macy Gray,18.9999,15.0,-0.03372922962744547,0.05001316493769092,50013.16493769092,True,9,1
Mark Dacascos,28.9998,6.0,-0.09311072896093694,0.0704011551894435,70401.1551894435,False,9,1
Melissa Joan Hart,24.0,9.0,-0.0463177787781637,0.06078364023507157,60783.64023507157,False,9,1
Michael Irvin,19.0,14.0,-0.03372946189615581,0.05001336352873143,50013.36352873143,False,9,1
Mya,30.9999,3.0,-0.20398188687947186,0.06564866657724604,65648.66657724604,False,9,1
Natalie Coughlin,26.9998,7.0,-0.05495365911327102,0.06806546240922429,68065.46240922429,False,9,1
Tom DeLay,19.9999,12.0,-0.036082334549833645,0.05203245935051134,52032.45935051134,False,9,1
Aaron Carter,27.0,1.0,-0.2657274095078301,0.0702654774029155,70265.4774029155,False,9,2
Chuck Liddell,19.0,9.0,-0.024396306453673723,0.06588477624496467,65884.77624496467,False,9,2
Debi Mazar,21.0,4.0,-0.028120963701737577,0.07234550248067491,72345.50248067491,False,9,2
Donny Osmond,25.0,3.0,-0.13297796985514673,0.07706797395247234,77067.97395247234,False,9,2
Joanna Krupa,20.0,7.0,-0.026220166921318466,0.0690486814330978,69048.6814330978,False,9,2
Kathy Ireland,18.0,13.0,0.5036634585412627,0.10087773596115336,100877.73596115336,True,9,2
Kelly Osbourne,19.0,9.0,-0.0243963068687694,0.06588477621901234,65884.77621901235,False,9,2
Louie Vito,19.0,9.0,-0.024396306868769386,0.06588477621901234,65884.77621901235,False,9,2
Mark Dacascos,21.0,4.0,-0.028120963820081786,0.07234550247169509,72345.50247169509,False,9,2
Melissa Joan Hart,19.0,9.0,-0.02439630679396751,0.06588477622368905,65884.77622368904,False,9,2
Michael Irvin,20.0,7.0,-0.02622016868366167,0.06904868131154494,69048.68131154495,False,9,2
Mya,27.0,1.0,-0.26572630044503126,0.07026558249053598,70265.58249053598,False,9,2
Natalie Coughlin,21.0,4.0,-0.02812096258801084,0.07234550256518309,72345.50256518308,False,9,2
Tom DeLay,18.0,13.0,-0.022645685738401564,0.06285025502404877,62850.25502404877,False,9,2
Aaron Carter,21.0,4.0,-0.03787692505923615,0.08239640701455721,82396.4070145572,False,9,3
Chuck Liddell,17.0,10.0,-0.02804301484028405,0.0676635428808463,67663.5428808463,False,9,3
Debi Mazar,17.0,10.0,0.5120348618804257,0.11059311846160987,110593.11846160986,True,9,3
Donny Osmond,21.0,4.0,-0.037876924667543756,0.08239640705082518,82396.40705082518,False,9,3
Joanna Krupa,23.0,3.0,-0.07504548903882567,0.08724897717258087,87248.97717258087,False,9,3
Kelly Osbourne,20.0,6.0,-0.03525505366492997,0.07848148986481071,78481.4898648107,False,9,3
Louie Vito,20.0,6.0,-0.03525505366493005,0.07848148986481071,78481.4898648107,False,9,3
Mark Dacascos,18.0,9.0,-0.0303434036856692,0.07111818343817977,71118.18343817977,False,9,3
Melissa Joan Hart,19.0,8.0,-0.032745657780560884,0.07472306454236728,74723.06454236728,False,9,3
Michael Irvin,14.0,13.0,-0.02170132215470247,0.0581638853608209,58163.8853608209,False,9,3
Mya,27.0,1.0,-0.34663361426848305,0.07183369976448226,71833.69976448225,False,9,3
Natalie Coughlin,26.0,2.0,-0.28373500334397855,0.07570939804214193,75709.39804214193,False,9,3
Tom DeLay,15.0,12.0,-0.023727046863174686,0.06119033654196695,61190.33654196695,True,9,3
Aaron Carter,18.0,8.0,-0.041414371837629346,0.07820821650577421,78208.21650577421,False,9,4
Chuck Liddell,17.0,9.0,0.60316843420716,0.12899284586006748,128992.84586006748,True,9,4
Donny Osmond,24.0,4.0,-0.07584200141951129,0.10006722527287681,100067.2252728768,False,9,4
Joanna Krupa,26.0,3.0,-0.21319167184892007,0.09180178544695068,91801.78544695069,False,9,4
Kelly Osbourne,23.0,6.0,-0.057302337186755856,0.09760553596732514,97605.53596732514,False,9,4
Louie Vito,16.0,10.0,-0.035466601020842294,0.071392908400264,71392.90840026399,False,9,4
Mark Dacascos,22.0,7.0,-0.054503828946894595,0.09339529973198035,93395.29973198035,False,9,4
Melissa Joan Hart,28.0,1.0,-0.3367123141932743,0.08353830226213528,83538.30226213529,False,9,4
Michael Irvin,16.0,10.0,-0.03546500438684485,0.07139299966689727,71392.99966689727,False,9,4
Mya,28.0,1.0,-0.3367121607003811,0.0835383202286285,83538.32022862851,False,9,4
Natalie Coughlin,24.0,4.0,-0.07584753157912569,0.10006656065710032,100066.56065710032,False,9,4
Aaron Carter,24.0,4.0,-0.01515519440048591,0.09968605955800812,99686.05955800811,False,9,5
Donny Osmond,29.0,1.0,-0.23361562143866121,0.0939046625617403,93904.6625617403,False,9,5
Joanna Krupa,24.0,4.0,-0.01515517896807011,0.0996860611212295,99686.0611212295,False,9,5
Kelly Osbourne,24.0,4.0,-0.015155178968070114,0.0996860611212295,99686.0611212295,False,9,5
Louie Vito,22.0,8.0,-0.013356697164014898,0.09186373376826149,91863.73376826149,False,9,5
Mark Dacascos,26.0,3.0,-0.032542240398744746,0.1063016355543056,106301.63555430561,False,9,5
Melissa Joan Hart,23.0,7.0,-0.014237935123008366,0.09570032513392375,95700.32513392375,False,9,5
Michael Irvin,21.0,10.0,-0.012508604544180704,0.08817177153427798,88171.77153427798,False,9,5
Mya,27.0,2.0,-0.10305713752700547,0.10216943091245566,102169.43091245566,False,9,5
Natalie Coughlin,22.0,8.0,0.29851659359266997,0.12283025873456817,122830.25873456817,True,9,5
Aaron Carter,32.9998,3.0,-0.15150385310716163,0.11371352798633051,113713.52798633052,False,9,6
Donny Osmond,30.9999,5.0,-0.04412064659666978,0.12077520478542796,120775.20478542795,False,9,6
Joanna Krupa,35.9999,1.0,-0.30253467442409715,0.10220017522990052,102200.17522990052,False,9,6
Kelly Osbourne,24.9998,6.0,-0.031179579228670762,0.09890272446630728,98902.72446630728,False,9,6
Louie Vito,24.0,7.0,0.4668020760796179,0.1483543929017721,148354.3929017721,True,9,6
Mark Dacascos,32.0,4.0,-0.09694620091963987,0.11754448963065305,117544.48963065304,False,9,6
Melissa Joan Hart,23.9999,8.0,-0.029475726091388755,0.09557231402741964,95572.31402741965,True,9,6
Michael Irvin,21.9998,9.0,-0.026221164338155297,0.0891984273179717,89198.4273179717,False,9,6
Mya,33.0,2.0,-0.15132700074398203,0.11373874365421727,113738.74365421727,False,9,6
Aaron Carter,26.5,2.0,-0.1047988128060298,0.1389778549244217,138977.8549244217,False,9,7
Donny Osmond,26.0,3.0,-0.06885887788154892,0.14178657160034966,141786.57160034965,False,9,7
Joanna Krupa,27.5,1.0,-0.17439371515806437,0.13327960934654132,133279.6093465413,False,9,7
Kelly Osbourne,26.0,3.0,-0.06860065921726728,0.1418256991019321,141825.6991019321,False,9,7
Mark Dacascos,21.5,7.0,0.3144236274625995,0.1674676045639475,167467.6045639475,True,9,7
Michael Irvin,23.5,6.0,-0.01596006704870464,0.1356044358787133,135604.4358787133,True,9,7
Mya,24.5,5.0,-0.016965040653422945,0.14105822458409434,141058.22458409434,False,9,7
Aaron Carter,25.0,4.0,0.14965028485077347,0.22389686768703593,223896.86768703593,True,9,8
Donny Osmond,25.0,4.0,-0.00975275664143924,0.19183365618250134,191833.65618250135,False,9,8
Joanna Krupa,26.0,2.0,-0.010338268763478459,0.19922680164862264,199226.80164862264,False,9,8
Kelly Osbourne,25.5,3.0,-0.01004268889049841,0.19549693906216722,195496.93906216722,False,9,8
Mya,29.5,1.0,-0.1712942726673453,0.18954573541967296,189545.73541967294,False,9,8
Donny Osmond,24.666600000000003,4.0,-0.002072959719847843,0.23189901267929836,231899.01267929835,False,9,9
Joanna Krupa,27.0,2.0,0.06697132465153692,0.2715410545864427,271541.05458644265,True,9,9
Kelly Osbourne,25.9998,3.0,-0.002238050403702989,0.24376795206554971,243767.9520655497,False,9,9
Mya,28.9999,1.0,-0.07215649308203559,0.2527919806687092,252791.98066870924,False,9,9
Donny Osmond,28.9998,1.0,0.0,0.35114858182961173,351148.58182961174,False,9,10
Kelly Osbourne,25.2222,3.0,0.0,0.3061067878458941,306106.7878458941,False,9,10
Mya,28.3332,2.0,0.0,0.34274463032449415,342744.63032449415,False,9,10
Aiden Turner,15.0,10.0,0.0,0.0725907297186147,72590.7297186147,False,10,1
Buzz Aldrin,14.0,11.0,0.0,0.06886896525995506,68868.96525995506,False,10,1
Chad Ochocinco,18.0,6.0,0.0,0.08500686013409384,85006.86013409383,False,10,1
Erin Andrews,21.0,3.0,0.0,0.09954668175768949,99546.6817576895,False,10,1
Evan Lysacek,23.0,2.0,0.0,0.11059665620799286,110596.65620799286,False,10,1
Jake Pavelka,20.0,5.0,0.0,0.0944428716213345,94442.87162133449,False,10,1
Kate Gosselin,16.0,9.0,0.0,0.07651362295325433,76513.62295325432,False,10,1
Nicole Scherzinger,25.0,1.0,0.0,0.12287321032118818,122873.21032118818,False,10,1
Niecy Nash,18.0,6.0,0.0,0.08500686013409384,85006.86013409383,False,10,1
Pamela Anderson,21.0,3.0,0.0,0.09954668175768949,99546.6817576895,False,10,1
Shannen Doherty,18.0,6.0,0.0,0.08500686013409384,85006.86013409383,False,10,1
Aiden Turner,19.0,8.0,-0.015131976434346347,0.08600618718357814,86006.18718357813,False,10,2
Buzz Aldrin,12.0,11.0,-0.00828014165667149,0.060562948624541785,60562.94862454179,False,10,2
Chad Ochocinco,16.0,9.0,-0.011945607800170255,0.07406288078383313,74062.88078383314,False,10,2
Erin Andrews,23.0,3.0,-0.010131293473947357,0.10597264424086299,105972.64424086298,False,10,2
Evan Lysacek,24.0,2.0,-0.05140323622392837,0.10596905440917684,105969.05440917684,False,10,2
Jake Pavelka,20.0,6.0,-0.016291318068598095,0.090372073160591,90372.073160591,False,10,2
Kate Gosselin,15.0,10.0,-0.010971749775981369,0.07044220808151284,70442.20808151284,False,10,2
Nicole Scherzinger,28.0,1.0,-0.31745834462553024,0.0877899106008176,87789.9106008176,False,10,2
Niecy Nash,21.0,5.0,-0.017503944387947355,0.09494277572299384,94942.77572299384,False,10,2
Pamela Anderson,22.0,4.0,-0.018772800181629124,0.09972584147536345,99725.84147536346,False,10,2
Shannen Doherty,20.0,6.0,0.2921074342275179,0.12415347571672845,124153.47571672846,True,10,2
Aiden Turner,20.0,7.0,-0.10625570661988681,0.10438959213498666,104389.59213498667,False,10,3
Buzz Aldrin,13.0,10.0,0.7697976230247761,0.14133859704882046,141338.59704882046,True,10,3
Chad Ochocinco,20.0,7.0,-0.10637951317334143,0.10437433212131252,104374.33212131252,False,10,3
Erin Andrews,23.0,2.0,-0.3152511892161581,0.09207726667365625,92077.26667365625,False,10,3
Evan Lysacek,26.0,1.0,-0.5082236496746061,0.07729942531505056,77299.42531505055,False,10,3
Jake Pavelka,21.0,4.0,-0.16804802181034129,0.10192971797033655,101929.71797033655,False,10,3
Kate Gosselin,15.0,9.0,-0.07193774734850521,0.08265568013318164,82655.68013318164,False,10,3
Nicole Scherzinger,23.0,2.0,-0.31524764150950413,0.09207771026681653,92077.71026681653,False,10,3
Niecy Nash,21.0,4.0,-0.16804770528027516,0.10192975797319348,101929.75797319348,False,10,3
Pamela Anderson,21.0,4.0,-0.16806224584468027,0.1019279203626453,101927.9203626453,False,10,3
Aiden Turner,16.5,8.0,0.5154677611809769,0.15191714280141028,151917.1428014103,True,10,4
Chad Ochocinco,22.0,4.0,-0.05771250480506782,0.12117292354853545,121172.92354853546,False,10,4
Erin Andrews,19.5,5.0,-0.047566713621397284,0.10810248943209405,108102.48943209405,False,10,4
Evan Lysacek,26.0,1.0,-0.337223759539305,0.10070420430072978,100704.20430072978,False,10,4
Jake Pavelka,19.0,6.0,-0.04582917305599681,0.10559773384184722,105597.73384184722,False,10,4
Kate Gosselin,16.0,9.0,-0.03616158339437285,0.09150637421190011,91506.37421190011,False,10,4
Nicole Scherzinger,25.0,2.0,-0.2712752781727155,0.10609529854014838,106095.29854014837,False,10,4
Niecy Nash,18.0,7.0,-0.04246612290137137,0.1007224632666044,100722.4632666044,False,10,4
Pamela Anderson,23.5,3.0,-0.16567022618716049,0.11418137005673042,114181.37005673042,False,10,4
Chad Ochocinco,18.0,6.0,-0.0889241001887822,0.11344487378434844,113444.87378434844,False,10,5
Erin Andrews,22.0,4.0,-0.11948615752089306,0.13399080755552156,133990.80755552158,False,10,5
Evan Lysacek,27.0,2.0,-0.4293417056039291,0.10731616704453613,107316.16704453612,False,10,5
Jake Pavelka,23.0,3.0,-0.17868189719857813,0.13042935152118865,130429.35152118864,False,10,5
Kate Gosselin,15.0,8.0,0.6206221362307965,0.17668055268778868,176680.55268778867,True,10,5
Nicole Scherzinger,29.0,1.0,-0.5388707206363493,0.09575572062313277,95755.72062313277,False,10,5
Niecy Nash,18.0,6.0,-0.08892400885410628,0.11344488423029937,113444.88423029937,False,10,5
Pamela Anderson,21.0,5.0,-0.11024092590738596,0.12893764255318435,128937.64255318436,False,10,5
Chad Ochocinco,30.9999,3.0,-0.04469077176482861,0.15067161244619318,150671.61244619318,False,10,6
Erin Andrews,34.0,2.0,-0.21030114628183086,0.13647717009899688,136477.17009899687,False,10,6
Evan Lysacek,27.0,5.0,-0.03702503438440614,0.13239068970576556,132390.68970576557,False,10,6
Jake Pavelka,24.9999,7.0,0.380519710440122,0.179541710066968,179541.71006696802,True,10,6
Nicole Scherzinger,35.9999,1.0,-0.3105800541589515,0.12691040036336387,126910.40036336388,False,10,6
Niecy Nash,25.9998,6.0,-0.03515239045632548,0.1281279705045565,128127.97050455649,False,10,6
Pamela Anderson,29.9998,4.0,-0.04294237255972093,0.14588044681415596,145880.44681415596,False,10,6
Chad Ochocinco,26.0,3.0,-0.0022413574119818894,0.16857909913958166,168579.09913958167,False,10,7
Erin Andrews,25.5,4.0,-0.0007335759048391159,0.16557869342801104,165578.69342801103,False,10,7
Evan Lysacek,27.0,1.0,-0.05563124974931293,0.16568633743213046,165686.33743213047,False,10,7
Nicole Scherzinger,27.0,1.0,-0.05563393066925959,0.1656858696546641,165685.8696546641,False,10,7
Niecy Nash,24.5,6.0,-0.0014774368611301966,0.15913623752594389,159136.2375259439,False,10,7
Pamela Anderson,25.5,4.0,0.05682238128088855,0.17533376281966884,175333.76281966883,True,10,7
Chad Ochocinco,22.5,4.0,-0.032571731426854454,0.18455463331528407,184554.63331528407,False,10,8
Erin Andrews,26.5,2.0,-0.10770405508115129,0.19989702510826707,199897.02510826706,False,10,8
Evan Lysacek,26.5,2.0,-0.1077040677649,0.19989702225230171,199897.02225230171,False,10,8
Nicole Scherzinger,29.5,1.0,-0.2990520986508171,0.17620513299573198,176205.13299573198,False,10,8
Niecy Nash,21.5,5.0,0.29734388736319267,0.23944618632841508,239446.1863284151,True,10,8
Chad Ochocinco,26.0,4.0,0.1569265494756502,0.2708244385955531,270824.4385955531,True,10,9
Erin Andrews,28.0,3.0,-0.007212113122820411,0.24949555869502707,249495.55869502708,False,10,9
Evan Lysacek,29.5,1.0,-0.09495686048868786,0.23982900207275967,239829.00207275967,False,10,9
Nicole Scherzinger,29.5,1.0,-0.0948703635006711,0.23985100063666018,239851.00063666017,False,10,9
Erin Andrews,26.9998,2.0,0.0,0.3265173765768477,326517.3765768477,False,10,10
Evan Lysacek,26.8887,3.0,0.0,0.32520354885652203,325203.548856522,False,10,10
Nicole Scherzinger,28.7777,1.0,0.0,0.3482790745666303,348279.0745666303,False,10,10
Audrina Patridge,19.0,5.0,-0.04529089222268394,0.08549088977974363,85490.88977974364,False,11,1
Brandy,23.0,2.0,-0.226446741105056,0.08381107482187014,83811.07482187013,False,11,1
Bristol Palin,18.0,7.0,-0.04190497631032607,0.08123987381755456,81239.87381755456,False,11,1
David Hasselhoff,15.0,10.0,0.5961680669284366,0.11905287237431111,119052.87237431112,True,11,1
Florence Henderson,18.0,7.0,-0.041913354510077765,0.08123917466890372,81239.17466890372,False,11,1
Jennifer Grey,24.0,1.0,-0.29810250415111017,0.07940568563150177,79405.68563150176,False,11,1
Kurt Warner,19.0,5.0,-0.045292109380819776,0.08549077695636659,85490.7769563666,False,11,1
Kyle Massey,23.0,2.0,-0.22644887757766052,0.08381083980182652,83810.83980182651,False,11,1
Margaret Cho,15.0,10.0,-0.032638986675128726,0.06949906402740799,69499.06402740799,False,11,1
Michael Bolton,16.0,9.0,-0.03559866131316025,0.07324533369638807,73245.33369638807,False,11,1
Rick Fox,22.0,4.0,-0.1504888208800415,0.08821555134677736,88215.55134677736,False,11,1
The Situation,15.0,10.0,-0.0326423645193351,0.06949886307734855,69498.86307734855,False,11,1
Audrina Patridge,23.0,2.0,-0.3083094094450929,0.08296460212677735,82964.60212677735,False,11,2
Brandy,21.0,5.0,-0.15700827089928082,0.09201423479052433,92014.23479052432,False,11,2
Bristol Palin,22.0,3.0,-0.2350381076024623,0.08748993019317387,87489.93019317387,False,11,2
Florence Henderson,19.0,8.0,-0.1145449617708305,0.08746208435153856,87462.08435153856,False,11,2
Jennifer Grey,24.0,1.0,-0.37763848469593303,0.07843792234195018,78437.92234195018,False,11,2
Kurt Warner,21.0,5.0,-0.1570031097756257,0.09201481032911556,92014.81032911556,False,11,2
Kyle Massey,22.0,3.0,-0.23504388921036054,0.08748928797542325,87489.28797542326,False,11,2
Margaret Cho,18.0,9.0,-0.10781967759760905,0.08368765778721234,83687.65778721233,False,11,2
Michael Bolton,12.0,11.0,1.0043711824001142,0.13273879071433922,132738.7907143392,True,11,2
Rick Fox,21.0,5.0,-0.1570180882436589,0.09201314002712647,92013.14002712647,False,11,2
The Situation,18.0,9.0,-0.10782103983577827,0.08368753936281886,83687.53936281886,False,11,2
Audrina Patridge,26.0,1.0,-0.2588296361055323,0.0909791718462701,90979.1718462701,False,11,3
Brandy,24.0,2.0,-0.11351735915403462,0.10002135683780031,100021.35683780031,False,11,3
Bristol Palin,19.0,9.0,-0.02026749347818299,0.08820419495761761,88204.19495761761,False,11,3
Florence Henderson,20.0,7.0,-0.02177293210805571,0.09225244587387922,92252.44587387922,False,11,3
Jennifer Grey,24.0,2.0,-0.11388236681994181,0.09997996049823697,99979.96049823698,False,11,3
Kurt Warner,23.0,5.0,-0.034198145980403015,0.1045538318659688,104553.8318659688,False,11,3
Kyle Massey,23.0,5.0,-0.03419820178471822,0.10455382552462325,104553.82552462324,False,11,3
Margaret Cho,18.0,10.0,0.46437739766614544,0.12717826377457325,127178.26377457325,True,11,3
Rick Fox,24.0,2.0,-0.11348251834614657,0.10002530910810693,100025.30910810693,False,11,3
The Situation,20.0,7.0,-0.021782178449225306,0.09225163971292362,92251.63971292361,False,11,3
Audrina Patridge,23.0,3.0,-0.26683890367106716,0.11081824408497112,110818.24408497113,False,11,4
Brandy,24.0,2.0,-0.33635825723819307,0.10476694473643872,104766.94473643872,False,11,4
Bristol Palin,16.0,8.0,-0.07764217836640347,0.09766214825770347,97662.14825770348,False,11,4
Florence Henderson,17.5,6.0,-0.08797469527653569,0.10497497650969419,104974.97650969418,False,11,4
Jennifer Grey,28.0,1.0,-0.5705328386796611,0.08288494112630868,82884.94112630868,False,11,4
Kurt Warner,17.0,7.0,-0.08445421410216418,0.10250764174817106,102507.64174817107,False,11,4
Kyle Massey,20.0,4.0,-0.11493521548991491,0.1165404174305485,116540.4174305485,False,11,4
Rick Fox,19.5,5.0,-0.07622844564815802,0.11874576439584694,118745.76439584694,False,11,4
The Situation,14.0,9.0,0.6495915789359318,0.16109892171031726,161098.92171031726,True,11,4
Audrina Patridge,23.0,5.0,-0.016095745920587257,0.12663633948673889,126636.33948673889,False,11,5
Brandy,27.0,1.0,-0.2263345534500935,0.11708640314360773,117086.40314360773,False,11,5
Bristol Palin,18.0,8.0,-0.011363503244408085,0.10185801656867076,101858.01656867076,False,11,5
Florence Henderson,21.0,6.0,0.25699640602798146,0.15005346050180002,150053.46050180003,True,11,5
Jennifer Grey,25.0,2.0,-0.08479752943603458,0.12807185149979616,128071.85149979616,False,11,5
Kurt Warner,24.0,3.0,-0.014777494418613491,0.13256322931037706,132563.22931037706,False,11,5
Kyle Massey,20.0,7.0,-0.01313836998652575,0.1111674702325435,111167.4702325435,False,11,5
Rick Fox,24.0,3.0,-0.014777494794836487,0.1325632292564658,132563.2292564658,False,11,5
Audrina Patridge,31.9998,2.0,0.10525707838252277,0.17353630505353487,173536.30505353486,True,11,6
Brandy,35.9999,1.0,-0.11399177781306914,0.15421271885292673,154212.71885292672,False,11,6
Bristol Palin,27.9998,6.0,-0.0028692237563232043,0.134707936108653,134707.936108653,False,11,6
Jennifer Grey,29.0,5.0,-0.0030189603726900097,0.1393340424231433,139334.04242314328,False,11,6
Kurt Warner,21.9999,7.0,-0.00206350773090379,0.1099777937620939,109977.7937620939,False,11,6
Kyle Massey,29.9999,4.0,-0.0031736293688370927,0.1441153588305178,144115.3588305178,False,11,6
Rick Fox,30.0,3.0,-0.0031736453683669707,0.1441158449691304,144115.8449691304,False,11,6
Brandy,36.5,1.0,-0.05459759007578337,0.16699504462956855,166995.04462956855,False,11,7
Bristol Palin,32.5,6.0,0.00865038602822731,0.15882729274204377,158827.29274204376,False,11,7
Jennifer Grey,36.5,1.0,-0.05459546811880557,0.16699542040009116,166995.42040009116,False,11,7
Kurt Warner,35.0,3.0,-0.003019315493857034,0.1688839098461768,168883.9098461768,False,11,7
Kyle Massey,33.5,5.0,-0.0029739478022049013,0.16171054357693862,161710.54357693862,False,11,7
Rick Fox,34.5,4.0,0.05593282273278442,0.17658778880518106,176587.78880518104,True,11,7
Brandy,28.5,1.0,-0.1323601229728889,0.19470181118773164,194701.81118773163,False,11,8
Bristol Palin,23.5,5.0,-0.011894382908235891,0.1834576972537367,183457.6972537367,False,11,8
Jennifer Grey,28.5,1.0,-0.1323601233097513,0.19470181111396,194701.81111396002,False,11,8
Kurt Warner,24.0,4.0,0.2000699338354428,0.22866335759585266,228663.35759585266,True,11,8
Kyle Massey,28.0,3.0,-0.09949570308009677,0.19847532284871908,198475.32284871908,False,11,8
Brandy,28.5,3.0,0.0493454091461103,0.26265853381585164,262658.5338158516,True,11,9
Bristol Palin,26.5,4.0,0.0007192015699125094,0.23319855715257956,233198.55715257957,False,11,9
Jennifer Grey,30.0,1.0,-0.05189945113954673,0.24950062638065507,249500.62638065507,False,11,9
Kyle Massey,29.0,2.0,0.0008213478759616852,0.2546422826509137,254642.28265091372,False,11,9
Bristol Palin,25.666600000000003,3.0,0.0,0.3094392584198106,309439.2584198106,False,11,10
Jennifer Grey,30.0,1.0,0.0,0.3619083883064785,361908.3883064785,False,11,10
Kyle Massey,27.3332,2.0,0.0,0.3286523532737109,328652.3532737109,False,11,10
Chelsea Kane,21.0,3.0,0.0,0.10060204991937925,100602.04991937925,False,12,1
Chris Jericho,19.0,5.0,0.0,0.09045861390143103,90458.61390143103,False,12,1
Hines Ward,21.0,3.0,0.0,0.10060204991937925,100602.04991937925,False,12,1
Kendra Wilkinson,18.0,7.0,0.0,0.08577712345422638,85777.12345422637,False,12,1
Kirstie Alley,23.0,2.0,0.0,0.11188290436341923,111882.90436341923,False,12,1
Mike Catherwood,13.0,11.0,0.0,0.06576263773223287,65762.63773223288,False,12,1
Petra Nemcova,18.0,7.0,0.0,0.08577712345422638,85777.12345422637,False,12,1
Ralph Macchio,24.0,1.0,0.0,0.11798917987010912,117989.17987010912,False,12,1
Romeo,19.0,5.0,0.0,0.09045861390143103,90458.61390143103,False,12,1
Sugar Ray Leonard,17.0,9.0,0.0,0.08133791344734721,81337.91344734721,False,12,1
Wendy Williams,14.0,10.0,0.0,0.06935179003681809,69351.79003681809,False,12,1
Chelsea Kane,18.0,7.0,-0.021291644144547282,0.08369686339217958,83696.86339217957,False,12,2
Chris Jericho,23.0,1.0,-0.1552634031600241,0.09203842349542991,92038.42349542992,False,12,2
Hines Ward,23.0,1.0,-0.15526140974217026,0.09203864472165883,92038.64472165883,False,12,2
Kendra Wilkinson,19.0,6.0,-0.022969497619252058,0.08795622815747617,87956.22815747617,False,12,2
Kirstie Alley,20.0,5.0,-0.024721079454308948,0.09240895005319588,92408.95005319588,False,12,2
Mike Catherwood,17.0,9.0,0.43882352241779266,0.11981642260314217,119816.42260314217,True,12,2
Petra Nemcova,18.0,7.0,-0.02129192423887959,0.08369684127006206,83696.84127006207,False,12,2
Ralph Macchio,21.0,4.0,-0.026549618731617555,0.09706103519423089,97061.03519423089,False,12,2
Romeo,23.0,1.0,-0.15527629043874264,0.09203699329930261,92036.9932993026,False,12,2
Sugar Ray Leonard,17.0,9.0,-0.019683593005648953,0.07962479884085952,79624.79884085951,False,12,2
Wendy Williams,17.0,9.0,-0.019683591151145055,0.0796247989724625,79624.7989724625,False,12,2
Chelsea Kane,23.0,3.0,-0.19719556364612628,0.09612281838561564,96122.81838561564,False,12,3
Chris Jericho,21.0,5.0,-0.06644554656248734,0.10203887087469553,102038.87087469552,False,12,3
Hines Ward,25.0,1.0,-0.3393173849987794,0.08680019978982045,86800.19978982046,False,12,3
Kendra Wilkinson,23.0,3.0,-0.1970031510683437,0.09614510534294911,96145.10534294911,False,12,3
Kirstie Alley,21.0,5.0,-0.06644497434879207,0.10203893510736516,102038.93510736515,False,12,3
Petra Nemcova,25.0,1.0,-0.3393172818728447,0.08680021151288914,86800.21151288913,False,12,3
Ralph Macchio,21.0,5.0,-0.06644479641515177,0.10203895508094765,102038.95508094765,False,12,3
Romeo,20.0,8.0,-0.06570561898742074,0.09724408597197906,97244.08597197906,False,12,3
Sugar Ray Leonard,20.0,8.0,-0.06572418531804262,0.09724219437897533,97242.19437897533,False,12,3
Wendy Williams,15.0,10.0,0.649260610632811,0.1335286235547629,133528.6235547629,True,12,3
Chelsea Kane,26.0,1.0,-0.16906014309568157,0.10721316003074728,107213.16003074728,False,12,4
Chris Jericho,23.0,4.0,-0.011095668658062587,0.11283515954115762,112835.15954115763,False,12,4
Hines Ward,25.0,2.0,-0.09630658670497606,0.1120667661225027,112066.7661225027,False,12,4
Kendra Wilkinson,18.0,9.0,-0.007847221015659257,0.09064440722417365,90644.40722417364,False,12,4
Kirstie Alley,22.0,7.0,-0.010391032969074947,0.10801843284730861,108018.4328473086,False,12,4
Petra Nemcova,23.0,4.0,-0.01109566776581958,0.11283515964493662,112835.15964493662,False,12,4
Ralph Macchio,25.0,2.0,-0.09630669936188864,0.11206675197666463,112066.75197666463,False,12,4
Romeo,23.0,4.0,-0.011095667765819595,0.11283515964493662,112835.15964493662,False,12,4
Sugar Ray Leonard,21.0,8.0,0.2456099655521528,0.13148500296757232,131485.0029675723,True,12,4
Chelsea Kane,26.0,2.0,-0.06761179711993993,0.12714044365314486,127140.44365314486,False,12,5
Chris Jericho,26.0,2.0,-0.07119604727057428,0.12664293276762367,126642.93276762367,False,12,5
Hines Ward,27.0,1.0,-0.13856344944852308,0.12198793825458554,121987.93825458553,False,12,5
Kendra Wilkinson,22.0,6.0,-0.011169574984944457,0.11450555779607023,114505.55779607024,False,12,5
Kirstie Alley,23.0,5.0,-0.0014227200707752831,0.12050095076158353,120500.95076158353,False,12,5
Petra Nemcova,22.0,6.0,0.2643004263139607,0.14776113408479596,147761.13408479595,True,12,5
Ralph Macchio,22.0,6.0,-0.011046846060447518,0.1145185660543658,114518.5660543658,False,12,5
Romeo,26.0,2.0,-0.06903634093767207,0.1269424766278304,126942.4766278304,False,12,5
Chelsea Kane,28.0,1.0,-0.17492427752837145,0.1342532702466834,134253.27024668342,False,12,6
Chris Jericho,22.0,7.0,0.2977022268759358,0.16758660319450316,167586.60319450317,True,12,6
Hines Ward,27.0,3.0,-0.10833518291391198,0.1396771980047334,139677.19800473342,False,12,6
Kendra Wilkinson,25.0,5.0,-0.019527093660528513,0.14218372081564698,142183.720815647,False,12,6
Kirstie Alley,26.0,4.0,-0.03692168138292259,0.14527445007538012,145274.45007538013,False,12,6
Ralph Macchio,24.0,6.0,-0.018397287970569887,0.13677084309040305,136770.84309040304,False,12,6
Romeo,28.0,1.0,-0.17492006737178012,0.13425391457264987,134253.91457264987,False,12,6
Chelsea Kane,32.0,3.0,-0.009041006636826748,0.17026501201236394,170265.01201236394,False,12,7
Hines Ward,33.0,1.0,-0.06856599268464521,0.16500653482899064,165006.53482899064,False,12,7
Kendra Wilkinson,30.5,4.0,0.08642474739708314,0.17826865206048512,178268.65206048512,True,12,7
Kirstie Alley,30.0,5.0,-0.0026029204454588954,0.16072661278489409,160726.6127848941,False,12,7
Ralph Macchio,33.0,1.0,-0.06856576193821401,0.16500657532414575,165006.57532414576,False,12,7
Romeo,30.0,5.0,-0.0026029191312935377,0.16072661298912055,160726.61298912056,False,12,7
Chelsea Kane,27.5,1.0,-0.04995776360959519,0.20093152563246594,200931.52563246593,False,12,8
Hines Ward,27.0,2.0,-0.014158630847967004,0.2047724733351409,204772.4733351409,False,12,8
Kirstie Alley,26.5,3.0,-0.0004602486662896263,0.2037502651540533,203750.2651540533,False,12,8
Ralph Macchio,23.0,5.0,-0.00037444776207044974,0.1780757471445035,178075.7471445035,False,12,8
Romeo,26.0,4.0,0.060602486719606455,0.2124699887338364,212469.98873383642,True,12,8
Chelsea Kane,36.5,1.0,-0.4410085737632325,0.19968088186811525,199680.88186811525,False,12,9
Hines Ward,30.0,2.0,-0.10855922454238814,0.25499339203765825,254993.39203765825,False,12,9
Kirstie Alley,27.0,3.0,-0.07066134949321948,0.23926224078787442,239262.2407878744,False,12,9
Ralph Macchio,24.0,4.0,0.3115272311713034,0.3060634853063521,306063.4853063521,True,12,9
Chelsea Kane,29.666600000000003,1.0,0.0,0.3396329676151756,339632.9676151756,False,12,10
Hines Ward,29.666600000000003,1.0,0.0,0.3396329676151756,339632.9676151756,False,12,10
Kirstie Alley,27.9999,3.0,0.0,0.3207340647696488,320734.0647696488,False,12,10
Carson Kressley,17.0,7.0,-0.04110137367640436,0.08039611285535435,80396.11285535435,False,13,1
Chaz Bono,17.0,7.0,-0.04110137367640441,0.08039611285535435,80396.11285535435,False,13,1
Chynna Phillips,22.0,1.0,-0.28261512926780274,0.07794920285544117,77949.20285544117,False,13,1
David Arquette,18.0,6.0,-0.04461227621998712,0.08480274883932899,84802.748839329,False,13,1
Elisabetta Canalis,15.0,11.0,-0.03455805119409411,0.07213641575723334,72136.41575723334,False,13,1
Hope Solo,21.0,3.0,-0.20254452107758708,0.08255743336270699,82557.43336270699,False,13,1
J.R. Martinez,22.0,1.0,-0.2826170677968621,0.07794900480511856,77949.00480511856,False,13,1
Kristin Cavallari,19.0,5.0,-0.04743599040954691,0.0894830851166014,89483.0851166014,False,13,1
Metta World Peace (Ron),14.0,12.0,0.5916367160229064,0.11481547665385569,114815.47665385569,True,13,1
Nancy Grace,16.0,9.0,-0.03775309898917171,0.0761747733169388,76174.7733169388,False,13,1
Ricki Lake,20.0,4.0,-0.11709356244199198,0.08716486216933564,87164.86216933564,False,13,1
Rob Kardashian,16.0,9.0,-0.03775312521407239,0.0761747714127306,76174.7714127306,False,13,1
Carson Kressley,18.0,9.0,-0.0011531749855188793,0.08103441514375727,81034.41514375727,False,13,2
Chaz Bono,17.0,11.0,-0.0010652768772817028,0.07713492210239671,77134.92210239671,False,13,2
Chynna Phillips,21.0,4.0,-0.0014429613484197236,0.093948630449057,93948.630449057,False,13,2
David Arquette,18.0,9.0,-0.0011531749855188788,0.08103441514375727,81034.41514375727,False,13,2
Elisabetta Canalis,21.0,4.0,0.08712547852163441,0.1029990418796495,102999.0418796495,True,13,2
Hope Solo,19.0,8.0,-0.0012452287731411177,0.08512997146180916,85129.97146180915,False,13,2
J.R. Martinez,22.0,2.0,-0.004321030231282157,0.0983954493677034,98395.4493677034,False,13,2
Kristin Cavallari,22.0,2.0,-0.004321030231282124,0.0983954493677034,98395.4493677034,False,13,2
Nancy Grace,21.0,4.0,-0.0014429617849087562,0.09394863040647379,93948.63040647379,False,13,2
Ricki Lake,23.0,1.0,-0.08750865173304938,0.09403044418559665,94030.44418559666,False,13,2
Rob Kardashian,21.0,4.0,-0.0014429609072593645,0.0939486304920959,93948.6304920959,False,13,2
Carson Kressley,23.0,8.0,-0.002564383813286134,0.09676684569020036,96766.84569020035,False,13,3
Chaz Bono,18.0,10.0,-0.0018266409580420145,0.07837515481974028,78375.15481974027,False,13,3
Chynna Phillips,26.0,2.0,-0.02457872704174981,0.1072178770877763,107217.8770877763,False,13,3
David Arquette,24.0,4.0,-0.002730311233404355,0.10092803225442197,100928.03225442197,False,13,3
Hope Solo,24.0,4.0,-0.002730311264674088,0.10092803225121189,100928.03225121189,False,13,3
J.R. Martinez,26.0,2.0,-0.024493697706942392,0.10722792320199921,107227.9232019992,False,13,3
Kristin Cavallari,24.0,4.0,0.13130425106504456,0.11566976678590915,115669.76678590915,True,13,3
Nancy Grace,21.0,9.0,-0.0022519316370282197,0.08894679788095446,88946.79788095446,False,13,3
Ricki Lake,27.0,1.0,-0.09568115440995784,0.1030115377842721,103011.5377842721,False,13,3
Rob Kardashian,24.0,4.0,-0.0027303113396580933,0.10092803224351421,100928.03224351422,False,13,3
Carson Kressley,20.0,9.0,-0.01804782720450998,0.09759744213363762,97597.44213363763,False,13,4
Chaz Bono,21.0,6.0,-0.019333543816471708,0.10184394740311865,101843.94740311865,False,13,4
Chynna Phillips,21.0,6.0,0.31754391671477494,0.1396246729716301,139624.6729716301,True,13,4
David Arquette,23.0,5.0,-0.02206962371343253,0.11084242798391387,110842.42798391388,False,13,4
Hope Solo,24.0,3.0,-0.02352630430721628,0.1156034336412043,115603.4336412043,False,13,4
J.R. Martinez,26.0,2.0,-0.09796789357267914,0.11569352134566502,115693.52134566502,False,13,4
Nancy Grace,21.0,6.0,-0.01933354296804482,0.10184394748404677,101843.94748404676,False,13,4
Ricki Lake,29.0,1.0,-0.29364278621303463,0.10134717327834976,101347.17327834976,False,13,4
Rob Kardashian,24.0,3.0,-0.023526303359835205,0.11560343375843386,115603.43375843386,False,13,4
Carson Kressley,19.0,8.0,0.4203641863963993,0.15543182885288906,155431.82885288907,True,13,5
Chaz Bono,21.0,7.0,-0.03082409096690441,0.11507116144181792,115071.16144181792,False,13,5
David Arquette,25.0,2.0,-0.12339194543035814,0.12351492621878789,123514.92621878789,False,13,5
Hope Solo,24.0,4.0,-0.057561063883178706,0.1275153010966667,127515.3010966667,False,13,5
J.R. Martinez,28.0,1.0,-0.3263175483833227,0.107559501879638,107559.501879638,False,13,5
Nancy Grace,22.0,6.0,-0.03294608289735507,0.11998385074850516,119983.85074850517,False,13,5
Ricki Lake,24.0,4.0,-0.05766834889122289,0.12750042230651096,127500.42230651095,False,13,5
Rob Kardashian,25.0,2.0,-0.12404903715034986,0.12342300745518435,123423.00745518434,False,13,5
Chaz Bono,19.0,7.0,0.45156884449531215,0.18841819918587466,188418.19918587466,True,13,6
David Arquette,23.0,4.0,-0.05885934409499803,0.1428874920708157,142887.4920708157,False,13,6
Hope Solo,20.0,6.0,-0.04831426672407071,0.1265034059527733,126503.40595277329,False,13,6
J.R. Martinez,29.0,1.0,-0.33394145884495796,0.12817730288952223,128177.30288952222,False,13,6
Nancy Grace,24.0,3.0,-0.06321585458008268,0.14857007801624245,148570.07801624245,False,13,6
Ricki Lake,29.0,1.0,-0.3339417397659222,0.12817725421080345,128177.25421080345,False,13,6
Rob Kardashian,22.0,5.0,-0.055214213372860435,0.1372662676739681,137266.2676739681,False,13,6
David Arquette,23.5,5.0,0.12772947111254643,0.18274093698345198,182740.93698345197,True,13,7
Hope Solo,25.0,3.0,-0.005443159313425473,0.17079785626844543,170797.85626844544,False,13,7
J.R. Martinez,24.0,4.0,-0.005120247619818859,0.1639817601640881,163981.7601640881,False,13,7
Nancy Grace,22.0,6.0,-0.004512245817236264,0.15113747452417745,151137.47452417744,False,13,7
Ricki Lake,26.5,1.0,-0.10861064489468004,0.16226310620553996,162263.10620553995,False,13,7
Rob Kardashian,25.5,2.0,-0.0345562136531758,0.1690788658542972,169078.8658542972,False,13,7
Hope Solo,26.0,2.0,-0.037635454867072225,0.20063518161946137,200635.18161946136,False,13,8
J.R. Martinez,30.0,1.0,-0.304267447268909,0.16974985194759015,169749.85194759016,False,13,8
Nancy Grace,22.0,5.0,0.29892028352405997,0.2315259115480226,231525.9115480226,True,13,8
Ricki Lake,26.0,2.0,-0.037668266827543255,0.20062828640654742,200628.2864065474,False,13,8
Rob Kardashian,25.5,4.0,-0.03429058232654795,0.19746076847837832,197460.7684783783,False,13,8
Hope Solo,24.4998,4.0,0.3173681670797528,0.3001707838257215,300170.7838257215,True,13,9
J.R. Martinez,28.0,3.0,-0.052263844771625496,0.24294979739507594,242949.79739507593,False,13,9
Ricki Lake,33.4999,1.0,-0.27283926461036795,0.2242203368268549,224220.3368268549,False,13,9
Rob Kardashian,32.4998,2.0,-0.2196180128693443,0.2326590819523476,232659.0819523476,False,13,9
J.R. Martinez,28.1665,2.0,0.0,0.3333290493229531,333329.0493229531,False,13,10
Ricki Lake,27.9999,3.0,0.0,0.3313632869930061,331363.2869930061,False,13,10
Rob Kardashian,28.3332,1.0,0.0,0.3353076636840408,335307.6636840408,False,13,10
Donald Driver,21.0,8.0,0.0,0.07762919442970223,77629.19442970223,False,14,1
Gavin DeGraw,20.0,10.0,0.0,0.07425455546542696,74254.55546542697,False,14,1
Gladys Knight,23.0,4.0,0.0,0.08484554299099133,84845.54299099132,False,14,1
Jack Wagner,23.0,4.0,0.0,0.08484554299099133,84845.54299099132,False,14,1
Jaleel White,26.0,1.0,0.0,0.0969471316650453,96947.13166504531,False,14,1
Katherine Jenkins,26.0,1.0,0.0,0.0969471316650453,96947.13166504531,False,14,1
Maria Menounos,21.0,8.0,0.0,0.07762919442970223,77629.19442970223,False,14,1
Martina Navratilova,20.0,10.0,0.0,0.07425455546542696,74254.55546542697,False,14,1
Melissa Gilbert,20.0,10.0,0.0,0.07425455546542696,74254.55546542697,False,14,1
Roshon Fegan,23.0,4.0,0.0,0.08484554299099133,84845.54299099132,False,14,1
Sherri Sheperd,23.0,4.0,0.0,0.08484554299099133,84845.54299099132,False,14,1
William Levy,24.0,3.0,0.0,0.08870150945025865,88701.50945025864,False,14,1
Donald Driver,24.0,5.0,-0.10039597432544001,0.08561790553669259,85617.90553669259,False,14,2
Gavin DeGraw,21.0,8.0,-0.0386758917043326,0.08006252744750639,80062.52744750639,False,14,2
Gladys Knight,19.0,11.0,-0.03364977642934555,0.07336306918454835,73363.06918454835,False,14,2
Jack Wagner,21.0,8.0,-0.03867589197627229,0.08006252742563912,80062.52742563911,False,14,2
Jaleel White,22.0,7.0,-0.041338216777131176,0.08359501731917961,83595.0173191796,False,14,2
Katherine Jenkins,26.0,1.0,-0.24265432502355055,0.07818255630550923,78182.55630550924,False,14,2
Maria Menounos,25.0,3.0,-0.17350987646255103,0.08190002575798673,81900.02575798673,False,14,2
Martina Navratilova,17.0,12.0,0.5964299871240353,0.11163980945781442,111639.80945781442,True,14,2
Melissa Gilbert,20.0,10.0,-0.03611551418532408,0.07665231054090745,76652.31054090745,False,14,2
Roshon Fegan,26.0,1.0,-0.24264956421139905,0.07818301915413076,78183.01915413076,False,14,2
Sherri Sheperd,23.0,6.0,-0.027690117652759767,0.08884089472018075,88840.89472018075,False,14,2
William Levy,25.0,3.0,-0.17350669659497087,0.08190033714990484,81900.33714990484,False,14,2
Donald Driver,26.0,4.0,-0.010557903996998318,0.09286024706189978,92860.24706189979,False,14,3
Gavin DeGraw,24.0,7.0,-0.009386869686620867,0.08592703706583162,85927.03706583161,False,14,3
Gladys Knight,24.0,7.0,-0.009386869571409641,0.08592703707528253,85927.03707528253,False,14,3
Jack Wagner,24.0,7.0,0.21953045873471574,0.1069152762208498,106915.2762208498,True,14,3
Jaleel White,25.0,5.0,-0.009961318110574546,0.08932946459403264,89329.46459403264,False,14,3
Katherine Jenkins,29.0,1.0,-0.1491538902505585,0.08905829859676143,89058.29859676142,False,14,3
Maria Menounos,27.0,3.0,-0.014553432153851529,0.0961742839137808,96174.2839137808,False,14,3
Melissa Gilbert,24.0,7.0,-0.009386869299313882,0.08592703709760284,85927.03709760284,False,14,3
Roshon Fegan,25.0,5.0,-0.009961318463772682,0.08932946456265714,89329.46456265714,False,14,3
Sherri Sheperd,24.0,7.0,-0.009386869101191235,0.08592703711385505,85927.03711385505,False,14,3
William Levy,28.0,2.0,-0.08351157029234293,0.09262481669744635,92624.81669744635,False,14,3
Donald Driver,27.0,1.0,-0.1748450075179047,0.09755426622052009,97554.26622052009,False,14,4
Gavin DeGraw,23.0,5.0,-0.014420760501852986,0.09923669630347905,99236.69630347905,False,14,4
Gladys Knight,20.0,10.0,-0.011817203931080957,0.08734572987929617,87345.72987929618,False,14,4
Jaleel White,22.0,6.0,-0.013517874808102877,0.0951137392705535,95113.7392705535,False,14,4
Katherine Jenkins,24.0,4.0,-0.015361243824896391,0.10352605380597725,103526.05380597725,False,14,4
Maria Menounos,26.0,2.0,-0.10542526170581001,0.10184583861360447,101845.83861360447,False,14,4
Melissa Gilbert,22.0,6.0,-0.013517875665602148,0.09511373919170948,95113.73919170948,False,14,4
Roshon Fegan,26.0,2.0,-0.10543133985510855,0.10184513139182926,101845.13139182926,False,14,4
Sherri Sheperd,21.0,9.0,0.31477467140123666,0.12330506614697932,123305.06614697933,True,14,4
William Levy,22.0,6.0,-0.013517875835896961,0.09511373917605148,95113.73917605149,False,14,4
Donald Driver,27.0,3.0,-0.1474725711354653,0.11128601900548923,111286.01900548923,False,14,5
Gavin DeGraw,19.0,9.0,0.5458721330835689,0.1470012159407866,147001.2159407866,True,14,5
Gladys Knight,22.0,7.0,-0.0442791387302085,0.10198421777217333,101984.21777217333,False,14,5
Jaleel White,24.0,6.0,-0.05260584792915725,0.10992548399240502,109925.48399240502,False,14,5
Katherine Jenkins,29.0,1.0,-0.2720833885102539,0.10235896914117491,102358.96914117491,False,14,5
Maria Menounos,27.0,3.0,-0.14748496608541928,0.11128438739741706,111284.38739741706,False,14,5
Melissa Gilbert,21.0,8.0,-0.04153638366596753,0.0980494173564795,98049.4173564795,False,14,5
Roshon Fegan,26.0,5.0,-0.08014024775170796,0.11575196383899766,115751.96383899766,False,14,5
William Levy,29.0,1.0,-0.27208833747361005,0.10235832555507665,102358.32555507665,False,14,5
Donald Driver,33.9999,4.0,-0.12132771890844954,0.12883033596581112,128830.33596581111,False,14,6
Gladys Knight,24.0,8.0,0.5601621206998031,0.1675928031951544,167592.8031951544,True,14,6
Jaleel White,36.9998,2.0,-0.2661080191349578,0.11720676044346523,117206.76044346523,False,14,6
Katherine Jenkins,38.9999,1.0,-0.35424583902158574,0.1094530282987932,109453.0282987932,False,14,6
Maria Menounos,29.9999,6.0,-0.06489916535739348,0.12092663927681949,120926.6392768195,False,14,6
Melissa Gilbert,30.0,5.0,-0.06490037214257229,0.12092688010338394,120926.88010338394,False,14,6
Roshon Fegan,27.9998,7.0,-0.05888807757376262,0.11398158751957387,113981.58751957386,False,14,6
William Levy,36.0,3.0,-0.2197258654785169,0.1210819651969987,121081.96519699869,False,14,6
Donald Driver,26.5,3.0,-0.0017393575275106048,0.14461924294869122,144619.24294869122,False,14,7
Jaleel White,25.5,6.0,0.10742472613942831,0.15485883467024106,154858.83467024105,True,14,7
Katherine Jenkins,27.0,2.0,-0.007525144184384931,0.14653192725735623,146531.92725735623,False,14,7
Maria Menounos,28.5,1.0,-0.11131776598312322,0.13851010092239224,138510.10092239224,False,14,7
Melissa Gilbert,23.5,7.0,-0.0014583661688060807,0.12897395801491598,128973.95801491599,False,14,7
Roshon Fegan,26.0,5.0,-0.0016902659683670578,0.14188669313376645,141886.69313376644,False,14,7
William Levy,26.5,3.0,-0.0017393568196317796,0.14461924305263693,144619.24305263694,False,14,7
Donald Driver,27.5,3.0,-0.028993309668585713,0.16475135800196097,164751.35800196097,False,14,8
Katherine Jenkins,27.5,3.0,-0.028992922492572702,0.1647514229783267,164751.4229783267,False,14,8
Maria Menounos,26.5,5.0,-0.004254012989850005,0.16283770827280614,162837.70827280614,False,14,8
Melissa Gilbert,25.5,6.0,0.12300782565323996,0.17698689623718125,176986.89623718124,True,14,8
Roshon Fegan,28.0,2.0,-0.004626809354178591,0.17203412536609175,172034.12536609176,True,14,8
William Levy,28.5,1.0,-0.09887916683836058,0.15863848914363304,158638.48914363305,False,14,8
Donald Driver,28.5,3.0,0.0,0.24778866803694838,247788.66803694837,False,14,9
Katherine Jenkins,28.0,4.0,0.0,0.24351655637139707,243516.55637139708,False,14,9
Maria Menounos,29.5,1.0,0.0,0.2565590484672838,256559.04846728378,True,14,9
William Levy,29.0,2.0,0.0,0.2521357271243707,252135.72712437072,False,14,9
Donald Driver,29.666600000000003,2.0,0.0,0.3320869889076331,332086.9889076331,False,14,10
Katherine Jenkins,30.0,1.0,0.0,0.3358260221847338,335826.02218473377,False,14,10
William Levy,29.666600000000003,2.0,0.0,0.3320869889076331,332086.9889076331,False,14,10
Apolo Anton Ohno,22.0,4.0,-0.05033833591810826,0.0784232935294022,78423.29352940219,False,15,1
Bristol Palin,19.5,11.0,-0.022600779683074522,0.07169221882787469,71692.21882787469,False,15,1
Drew Lachey,21.5,6.0,-0.026030893820326334,0.07860692408678333,78606.92408678333,False,15,1
Emmitt Smith,24.5,1.0,-0.24938446258303568,0.06938180318410575,69381.80318410575,False,15,1
Gilles Marini,24.0,2.0,-0.21184575417750323,0.07119010438439612,71190.10438439612,False,15,1
Helio Castroneves,21.5,6.0,-0.02604492248815773,0.07860576353165967,78605.76353165967,False,15,1
Joey Fatone,20.5,10.0,-0.024296697827704224,0.07507774379557866,75077.74379557866,False,15,1
Kelly Monaco,21.5,6.0,-0.026042277554725154,0.07860598233879774,78605.98233879774,False,15,1
Kirstie Alley,19.0,12.0,-0.02180120250999007,0.070049629740543,70049.62974054301,False,15,1
Melissa Rycroft,21.0,9.0,-0.025160796067622053,0.07682393769185158,76823.93769185159,False,15,1
Pamela Anderson,17.0,13.0,0.47830566453829965,0.0965057592979556,96505.7592979556,True,15,1
Sabrina Bryan,22.5,3.0,-0.09263163476558489,0.07661425454955832,76614.25454955832,False,15,1
Shawn Johnson,22.0,4.0,-0.050346724979291775,0.07842258504149345,78422.58504149345,False,15,1
Apolo Anton Ohno,24.5,4.0,-0.0037675647263913405,0.08882218181359905,88822.18181359905,False,15,2
Bristol Palin,18.0,12.0,-0.0024311936000399894,0.06698442980286225,66984.42980286224,False,15,2
Drew Lachey,22.5,7.0,-0.0033177925111319913,0.08144531910837922,81445.31910837922,False,15,2
Emmitt Smith,22.5,7.0,-0.003317792511131982,0.08144531910837922,81445.31910837922,False,15,2
Gilles Marini,25.5,2.0,-0.06623922368213273,0.08653366905788075,86533.66905788075,False,15,2
Helio Castroneves,23.0,6.0,-0.003426619441672488,0.08323092856311967,83230.92856311967,False,15,2
Joey Fatone,22.5,7.0,0.17850869102474362,0.09740424105318858,97404.24105318858,True,15,2
Kelly Monaco,22.0,10.0,-0.003210858203819217,0.07969749304483821,79697.49304483821,False,15,2
Kirstie Alley,21.0,11.0,-0.0030041933306691956,0.07631198592235762,76311.98592235762,False,15,2
Melissa Rycroft,23.5,5.0,-0.0035378510183471826,0.08505507068871954,85055.07068871954,False,15,2
Sabrina Bryan,26.0,1.0,-0.1027903824728128,0.08472309811580449,84723.09811580449,False,15,2
Shawn Johnson,25.0,3.0,-0.02860552406138755,0.08834626372087147,88346.26372087147,False,15,2
Apolo Anton Ohno,25.5,4.0,-0.002881280274487587,0.09259811960436402,92598.11960436402,False,15,3
Bristol Palin,22.5,11.0,-0.0023996177277096787,0.08216802460251485,82168.02460251485,False,15,3
Drew Lachey,24.0,9.0,0.14017862885387114,0.10007925970242532,100079.25970242532,True,15,3
Emmitt Smith,25.0,8.0,-0.002796997627402772,0.0907731735005004,90773.1735005004,False,15,3
Gilles Marini,25.5,4.0,-0.0028812802744876123,0.09259811960436402,92598.11960436402,False,15,3
Helio Castroneves,25.5,4.0,-0.00288128027448758,0.09259811960436404,92598.11960436404,True,15,3
Kelly Monaco,27.0,1.0,-0.09344814380754862,0.08913873209314263,89138.73209314264,False,15,3
Kirstie Alley,24.0,9.0,-0.00263346694196559,0.08722916497343577,87229.16497343578,False,15,3
Melissa Rycroft,27.0,1.0,-0.09351051976345237,0.08913271317722482,89132.71317722482,False,15,3
Sabrina Bryan,25.5,4.0,-0.0028813037521588786,0.09259811738165367,92598.11738165368,False,15,3
Shawn Johnson,26.5,3.0,-0.055999812065691906,0.0910864557560106,91086.4557560106,False,15,3
Apolo Anton Ohno,34.5,7.0,-0.012347068759156886,0.10788646853436248,107886.46853436249,False,15,4
Bristol Palin,32.0,8.0,0.27360775898579653,0.13058088150135813,130580.88150135813,True,15,4
Emmitt Smith,36.0,5.0,-0.013143773168791471,0.11245929801447369,112459.29801447368,False,15,4
Gilles Marini,39.5,1.0,-0.14257885939312634,0.10725362691353743,107253.62691353743,False,15,4
Kelly Monaco,37.5,3.0,-0.04423772801324492,0.11347368733496134,113473.68733496135,False,15,4
Kirstie Alley,30.0,9.0,-0.01013520917516608,0.09520011759299563,95200.11759299562,False,15,4
Melissa Rycroft,37.0,4.0,-0.01887247373913738,0.11497710313798117,114977.10313798116,False,15,4
Sabrina Bryan,35.5,6.0,-0.01287469531902335,0.1109151182027524,110915.1182027524,False,15,4
Shawn Johnson,39.5,1.0,-0.14257826581955219,0.10725369876757769,107253.69876757769,False,15,4
Apolo Anton Ohno,28.25,2.0,0.0,0.1270297220076315,127029.72200763148,False,15,5
Emmitt Smith,28.0,6.0,0.0,0.12589172542426738,125891.72542426738,False,15,5
Gilles Marini,28.25,2.0,0.0,0.1270297220076315,127029.72200763148,False,15,5
Kelly Monaco,25.75,8.0,0.0,0.1160977303279885,116097.7303279885,False,15,5
Kirstie Alley,26.25,7.0,0.0,0.11820614473196095,118206.14473196094,False,15,5
Melissa Rycroft,28.25,2.0,0.0,0.1270297220076315,127029.72200763148,False,15,5
Sabrina Bryan,29.25,1.0,0.0,0.13168551148525715,131685.51148525716,False,15,5
Shawn Johnson,28.25,2.0,0.0,0.1270297220076315,127029.72200763148,False,15,5
Apolo Anton Ohno,30.0,1.0,0.0,0.1328471900439604,132847.1900439604,False,15,6
Emmitt Smith,26.5,8.0,0.0,0.11736699269242198,117366.99269242199,False,15,6
Gilles Marini,27.5,5.0,0.0,0.12159598433391176,121595.98433391177,False,15,6
Kelly Monaco,27.0,7.0,0.0,0.11946277664923949,119462.77664923949,False,15,6
Kirstie Alley,27.5,5.0,0.0,0.12159598433391176,121595.98433391177,False,15,6
Melissa Rycroft,29.5,3.0,0.0,0.13051659789290151,130516.59789290151,False,15,6
Sabrina Bryan,30.0,1.0,0.0,0.1328471900439604,132847.1900439604,True,15,6
Shawn Johnson,28.0,4.0,0.0,0.12376728400969275,123767.28400969275,False,15,6
Apolo Anton Ohno,33.0,6.0,0.0,0.1358691468781234,135869.1468781234,False,15,7
Emmitt Smith,34.4999,4.0,0.0,0.14189366370756964,141893.66370756965,False,15,7
Gilles Marini,33.4998,5.0,0.0,0.1378476836433594,137847.6836433594,False,15,7
Kelly Monaco,36.0,3.0,0.0,0.14818616838514728,148186.1683851473,False,15,7
Kirstie Alley,27.9999,7.0,0.0,0.11757316929362491,117573.1692936249,False,15,7
Melissa Rycroft,38.9999,1.0,0.0,0.16161930421261833,161619.30421261833,False,15,7
Shawn Johnson,37.9998,2.0,0.0,0.1570108638795571,157010.8638795571,False,15,7
Apolo Anton Ohno,29.2777,2.0,0.00010752858239693235,0.14684608809872252,146846.0880987225,False,15,8
Emmitt Smith,29.0554,4.0,0.00010629937152258934,0.1457034278159395,145703.4278159395,False,15,8
Gilles Marini,29.2777,2.0,0.02352678620285068,0.15042629130215,150426.29130215,True,15,8
Kelly Monaco,28.3333,5.0,0.00010237247333318572,0.14205273094597495,142052.73094597497,False,15,8
Kirstie Alley,25.5,7.0,8.786821586059579e-05,0.12859111007242366,128591.11007242366,True,15,8
Melissa Rycroft,30.0,1.0,-0.024258607784061262,0.14680169520531916,146801.69520531915,False,15,8
Shawn Johnson,27.8333,6.0,9.970929943093803e-05,0.13957865655947035,139578.65655947034,False,15,8
Apolo Anton Ohno,28.611,3.0,0.029634546829309643,0.2090672325003096,209067.2325003096,True,15,9
Emmitt Smith,27.0,5.0,0.00021302611165587127,0.1916444715061932,191644.47150619322,True,15,9
Kelly Monaco,27.111,4.0,0.00021430875133864855,0.19240090912613744,192400.90912613744,False,15,9
Melissa Rycroft,28.7777,2.0,0.00023416917660366323,0.20412513358722414,204125.13358722415,False,15,9
Shawn Johnson,29.5,1.0,-0.03065842485610877,0.20276225328013542,202762.25328013542,False,15,9
Kelly Monaco,29.1109,2.0,0.0,0.33311633980740846,333116.33980740845,False,15,10
Melissa Rycroft,29.3331,1.0,0.0,0.33566707521923383,335667.0752192338,False,15,10
Shawn Johnson,28.9443,3.0,0.0,0.33121658497335776,331216.5849733578,False,15,10
Alexandra Raisman,21.0,2.0,0.0,0.09118168734396549,91181.68734396549,False,16,1
Andy Dick,17.0,11.0,0.0,0.07393949276171959,73939.49276171958,False,16,1
D. L. Hughley,12.0,12.0,0.0,0.05689675785040406,56896.75785040406,False,16,1
Dorothy Hamill,21.0,2.0,0.0,0.09118168734396549,91181.68734396549,False,16,1
Ingo Rademacher,20.0,5.0,0.0,0.08652663914552328,86526.63914552328,False,16,1
Jacoby Jones,20.0,5.0,0.0,0.08652663914552328,86526.63914552328,False,16,1
Kellie Pickler,21.0,2.0,0.0,0.09118168734396549,91181.68734396549,False,16,1
Lisa Vanderpump,18.0,8.0,0.0,0.07791736484797156,77917.36484797156,False,16,1
Sean Lowe,19.0,7.0,0.0,0.08210924254534636,82109.24254534637,False,16,1
Victor Ortiz,18.0,8.0,0.0,0.07791736484797156,77917.36484797156,False,16,1
Wynonna Judd,18.0,8.0,0.0,0.07791736484797156,77917.36484797156,False,16,1
Zendaya,24.0,1.0,0.0,0.10670407197567232,106704.07197567231,False,16,1
Alexandra Raisman,24.0,3.0,-0.22702161824739178,0.0838662814958583,83866.2814958583,False,16,2
Andy Dick,20.0,5.0,-0.06209801956167896,0.08482012399571465,84820.12399571465,False,16,2
D. L. Hughley,16.0,11.0,-0.0457310176277822,0.07006812410431516,70068.12410431517,False,16,2
Dorothy Hamill,15.0,12.0,0.6806102745132632,0.1207514984044399,120751.4984044399,True,16,2
Ingo Rademacher,20.0,5.0,-0.062006973624497676,0.08482858066542355,84828.58066542355,False,16,2
Jacoby Jones,23.0,4.0,-0.15553696599269984,0.08796337887223367,87963.37887223368,False,16,2
Kellie Pickler,26.0,1.0,-0.3587307793202526,0.0756695480608304,75669.5480608304,False,16,2
Lisa Vanderpump,18.0,8.0,-0.05363823564686258,0.07718219374102842,77182.19374102842,False,16,2
Sean Lowe,20.0,5.0,-0.062012773623356096,0.08482804191580508,84828.04191580508,False,16,2
Victor Ortiz,18.0,8.0,-0.05364529937027112,0.07718165644943244,77181.65644943244,False,16,2
Wynonna Judd,18.0,8.0,-0.05379005680680561,0.07717064651439519,77170.6465143952,False,16,2
Zendaya,26.0,1.0,-0.3587272727236672,0.07566992578052341,75669.92578052341,False,16,2
Alexandra Raisman,23.0,4.0,-0.13400038076232068,0.09460238471251001,94602.38471251,False,16,3
Andy Dick,18.0,9.0,-0.058414933899139224,0.08089635529901576,80896.35529901576,False,16,3
D. L. Hughley,16.0,10.0,-0.049958636196155,0.07377665107773719,73776.65107773719,False,16,3
Ingo Rademacher,21.0,6.0,-0.07230992317320341,0.09245071748769837,92450.71748769836,False,16,3
Jacoby Jones,25.9998,1.0,-0.3375729532219575,0.08207503539500184,82075.03539500185,False,16,3
Kellie Pickler,25.0,3.0,-0.27309279510758705,0.08628804441520513,86288.04441520514,False,16,3
Lisa Vanderpump,21.0,6.0,-0.07230992111402004,0.09245071769841562,92450.71769841562,False,16,3
Sean Lowe,21.0,6.0,-0.07230992111402017,0.09245071769841562,92450.71769841562,False,16,3
Victor Ortiz,23.0,4.0,-0.13193085439242036,0.0948400256462001,94840.0256462001,False,16,3
Wynonna Judd,15.0,11.0,0.7189693634986156,0.12888183726647784,128881.83726647784,True,16,3
Zendaya,25.9998,1.0,-0.3446085045472239,0.08128751330332258,81287.51330332259,False,16,3
Alexandra Raisman,27.0,1.0,-0.2717771524387693,0.0931647669030462,93164.7669030462,False,16,4
Andy Dick,21.0,6.0,-0.03589620974954168,0.09579295397432397,95792.95397432397,False,16,4
D. L. Hughley,21.0,6.0,-0.03589330879229602,0.09579323188845115,95793.23188845115,False,16,4
Ingo Rademacher,23.0,5.0,-0.040828440266320654,0.10444008517212525,104440.08517212524,False,16,4
Jacoby Jones,24.0,4.0,-0.06323568991511891,0.10655717888957796,106557.17888957796,False,16,4
Kellie Pickler,26.0,2.0,-0.20596634065721256,0.09762915515755848,97629.15515755847,False,16,4
Lisa Vanderpump,18.0,9.0,0.5106186401196524,0.13334343915868932,133343.43915868932,True,16,4
Sean Lowe,20.0,8.0,-0.033556789999678614,0.09169830702139689,91698.30702139689,False,16,4
Victor Ortiz,18.0,9.0,-0.029122556449677137,0.08395285120698882,83952.85120698882,False,16,4
Zendaya,26.0,2.0,-0.20597564326591475,0.09762803062784195,97628.03062784194,False,16,4
Alexandra Raisman,25.0,4.0,-0.09972916710603838,0.11648186018377907,116481.86018377906,False,16,5
Andy Dick,18.0,8.0,-0.040905873367909996,0.0910611750662567,91061.1750662567,False,16,5
D. L. Hughley,18.0,8.0,0.5493794445313213,0.14997459474029318,149974.59474029316,True,16,5
Ingo Rademacher,21.0,6.0,-0.050561317255947216,0.1032467098346359,103246.7098346359,False,16,5
Jacoby Jones,26.0,3.0,-0.16912585423274892,0.11164046402112113,111640.46402112112,False,16,5
Kellie Pickler,27.0,2.0,-0.23403775816958997,0.10691137518129208,106911.37518129208,False,16,5
Sean Lowe,24.0,5.0,-0.035127979213915,0.12009290034748862,120092.90034748863,False,16,5
Victor Ortiz,21.0,6.0,-0.050549952222087885,0.10324786695257147,103247.86695257148,False,16,5
Zendaya,29.0,1.0,-0.3557129579484609,0.09734305367256187,97343.05367256187,False,16,5
Alexandra Raisman,26.0,2.0,-0.15142689990882707,0.12165598816135137,121655.98816135137,False,16,6
Andy Dick,21.5,7.0,-0.02317582778959664,0.11607427830597616,116074.27830597616,False,16,6
Ingo Rademacher,23.0,4.0,-0.025513281612301562,0.12355680471096626,123556.80471096626,False,16,6
Jacoby Jones,22.5,6.0,-0.024723446579286826,0.12101597571683814,121015.97571683815,False,16,6
Kellie Pickler,27.0,1.0,-0.22018415537433292,0.11634846401963267,116348.46401963267,False,16,6
Sean Lowe,23.0,4.0,-0.025514645063262332,0.12355663322171635,123556.63322171636,False,16,6
Victor Ortiz,20.0,8.0,0.36570484743968534,0.1534862269341114,153486.22693411142,True,16,6
Zendaya,25.5,3.0,-0.11569745693766036,0.12430562892940768,124305.62892940767,False,16,6
Alexandra Raisman,32.0,1.0,-0.47595575829775527,0.11485725819681997,114857.25819681997,False,16,7
Andy Dick,17.0,7.0,0.6521326618745752,0.19637800425400168,196378.0042540017,True,16,7
Ingo Rademacher,25.0,5.0,-0.11884959657384274,0.14737081261094342,147370.81261094342,False,16,7
Jacoby Jones,27.0,4.0,-0.2129635685879231,0.14203060285898458,142030.60285898458,False,16,7
Kellie Pickler,29.0,3.0,-0.325167672674861,0.13116128819844555,131161.28819844555,False,16,7
Sean Lowe,24.0,6.0,-0.11183360679553317,0.14247563763255988,142475.63763255987,False,16,7
Zendaya,30.0,2.0,-0.37742647621180536,0.12572639624824497,125726.39624824497,False,16,7
Alexandra Raisman,28.0,2.0,-0.17914990082874022,0.15743720923954924,157437.20923954924,False,16,8
Ingo Rademacher,24.0,5.0,-0.03770685566111916,0.1581610484710116,158161.0484710116,False,16,8
Jacoby Jones,26.0,4.0,-0.04283156579730281,0.17028723836424856,170287.23836424857,False,16,8
Kellie Pickler,27.5,3.0,-0.14639527037787678,0.16065307209267277,160653.07209267275,False,16,8
Sean Lowe,21.0,6.0,0.384862555909461,0.20245418856518232,202454.18856518232,True,16,8
Zendaya,29.0,1.0,-0.24232257454925313,0.1510072432673355,151007.2432673355,False,16,8
Alexandra Raisman,29.5,1.0,-0.11437288117069166,0.19202303999002002,192023.03999002,False,16,9
Ingo Rademacher,25.5,5.0,0.17150562374280517,0.22039169681748416,220391.69681748416,True,16,9
Jacoby Jones,29.5,1.0,-0.11437011418808944,0.19202361632386356,192023.61632386356,False,16,9
Kellie Pickler,29.0,3.0,-0.08197628238601566,0.1955622012202508,195562.2012202508,False,16,9
Zendaya,27.5,4.0,-0.00971401351453854,0.19999944564838162,199999.44564838163,False,16,9
Alexandra Raisman,29.0,3.0,0.034203608217254905,0.25857278612786067,258572.78612786066,True,16,10
Jacoby Jones,27.9999,4.0,0.00011407135500930249,0.24143743714955299,241437.43714955298,False,16,10
Kellie Pickler,30.0,1.0,-0.033007599831801356,0.24996400309367162,249964.0030936716,False,16,10
Zendaya,30.0,1.0,-0.03276870417612868,0.25002577362891476,250025.77362891476,False,16,10
Amber Riley,27.0,1.0,0.0,0.10737922529875071,107379.22529875071,False,17,1
Bill Engvall,18.0,10.0,0.0,0.07042101522885061,70421.0152288506,False,17,1
Bill Nye,14.0,12.0,0.0,0.05838107215654256,58381.07215654256,False,17,1
Brant Daugherty,22.0,6.0,0.0,0.08494395876397515,84943.95876397514,False,17,1
Christina Milian,22.0,6.0,0.0,0.08494395876397515,84943.95876397514,False,17,1
Corbin Bleu,24.0,2.0,0.0,0.09329268766939462,93292.68766939463,False,17,1
Elizabeth Berkley Lauren,24.0,2.0,0.0,0.09329268766939462,93292.68766939463,False,17,1
Jack Osbourne,23.0,4.0,0.0,0.08902050446031785,89020.50446031785,False,17,1
Keyshawn Johnson,17.0,11.0,0.0,0.06719620215568697,67196.20215568697,False,17,1
Leah Remini,21.0,8.0,0.0,0.08105409168639695,81054.09168639695,False,17,1
"Nicole ""Snooki"" Polizzi",23.0,4.0,0.0,0.08902050446031785,89020.50446031785,False,17,1
Valerie Harper,21.0,8.0,0.0,0.08105409168639695,81054.09168639695,False,17,1
Amber Riley,24.0,4.0,-0.07858862606332341,0.0868320227552335,86832.0227552335,False,17,2
Bill Engvall,21.0,8.0,-0.024764522142212985,0.0803640498199032,80364.0498199032,False,17,2
Bill Nye,17.0,12.0,-0.018504259161086493,0.06714126711547082,67141.26711547082,False,17,2
Brant Daugherty,23.0,7.0,-0.03856072057473662,0.08682885710047798,86828.85710047798,False,17,2
Christina Milian,25.0,2.0,-0.15267481557147938,0.0830863828703782,83086.3828703782,False,17,2
Corbin Bleu,26.0,1.0,-0.22285209900628203,0.0793272152164747,79327.21521647471,False,17,2
Elizabeth Berkley Lauren,25.0,2.0,-0.15275649281381024,0.08307834564910527,83078.34564910526,False,17,2
Jack Osbourne,24.0,4.0,-0.07858862182104953,0.08683202317407128,86832.02317407128,False,17,2
Keyshawn Johnson,18.0,11.0,0.4994973325765791,0.1094021677960954,109402.16779609541,True,17,2
Leah Remini,24.0,4.0,-0.07926487993943757,0.08676528217555911,86765.28217555911,False,17,2
"Nicole ""Snooki"" Polizzi",20.0,9.0,-0.02310246670154846,0.07685643911924653,76856.43911924653,False,17,2
Valerie Harper,19.0,10.0,-0.02150695531482286,0.0734859472079839,73485.9472079839,False,17,2
Amber Riley,24.0,6.0,-0.103363916410661,0.09388544846458695,93885.44846458695,False,17,3
Bill Engvall,24.0,6.0,-0.10612781551755332,0.09358458544863703,93584.58544863702,False,17,3
Bill Nye,16.0,10.0,0.7175564601795867,0.12527916921298798,125279.16921298798,True,17,3
Brant Daugherty,27.0,1.0,-0.3053333800069829,0.08213527591568234,82135.27591568234,False,17,3
Christina Milian,26.0,2.0,-0.24148318306558458,0.08606327877686634,86063.27877686634,False,17,3
Corbin Bleu,26.0,2.0,-0.2414855829217592,0.08606301893466746,86063.01893466746,False,17,3
Elizabeth Berkley Lauren,25.0,4.0,-0.17431974682662935,0.08998355526765191,89983.55526765191,False,17,3
Jack Osbourne,22.0,9.0,-0.06717966837344469,0.08946275623717186,89462.75623717185,False,17,3
Leah Remini,24.0,6.0,-0.10316975363654646,0.09390662029208593,93906.62029208594,False,17,3
"Nicole ""Snooki"" Polizzi",25.0,4.0,-0.17431271705556134,0.08998432047665919,89984.3204766592,False,17,3
Valerie Harper,16.0,10.0,-0.040687729360412844,0.06965197097300292,69651.97097300293,False,17,3
Amber Riley,27.0,1.0,-0.20434325228816064,0.09519538830786194,95195.38830786194,False,17,4
Bill Engvall,21.0,8.0,-0.04412930872611243,0.0894029277420594,89402.92774205939,False,17,4
Brant Daugherty,21.0,8.0,-0.04412930863441048,0.08940292774972786,89402.92774972785,False,17,4
Christina Milian,24.0,4.0,-0.05314923024121242,0.10060855797675383,100608.55797675383,False,17,4
Corbin Bleu,27.0,1.0,-0.20433259951564256,0.09519660787046562,95196.60787046562,False,17,4
Elizabeth Berkley Lauren,27.0,1.0,-0.2043323757291366,0.09519663349040994,95196.63349040993,False,17,4
Jack Osbourne,24.0,4.0,-0.05314922350189477,0.10060855870155866,100608.55870155866,False,17,4
Leah Remini,24.0,4.0,-0.053149228609583474,0.1006085581522334,100608.5581522334,False,17,4
"Nicole ""Snooki"" Polizzi",24.0,4.0,-0.05314922950085097,0.10060855805637872,100608.55805637872,False,17,4
Valerie Harper,18.0,10.0,0.6122071825996143,0.13317128195255068,133171.2819525507,True,17,4
Amber Riley,26.0,6.0,0.0,0.1103684198353423,110368.4198353423,False,17,5
Bill Engvall,24.0,8.0,0.0,0.10223031888207705,102230.31888207704,False,17,5
Brant Daugherty,27.0,3.0,0.0,0.11467727890884523,114677.27890884523,False,17,5
Christina Milian,28.0,1.0,0.0,0.11915435880623061,119154.35880623061,True,17,5
Corbin Bleu,28.0,1.0,0.0,0.11915435880623061,119154.35880623061,False,17,5
Elizabeth Berkley Lauren,26.0,6.0,0.0,0.1103684198353423,110368.4198353423,False,17,5
Jack Osbourne,27.0,3.0,0.0,0.11467727890884523,114677.27890884523,False,17,5
Leah Remini,22.0,9.0,0.0,0.0946922871082414,94692.2871082414,False,17,5
"Nicole ""Snooki"" Polizzi",27.0,3.0,0.0,0.11467727890884523,114677.27890884523,False,17,5
Amber Riley,31.9999,1.0,0.0,0.13870212005073523,138702.12005073525,False,17,6
Bill Engvall,23.9999,8.0,0.0,0.10513774796778608,105137.74796778608,False,17,6
Brant Daugherty,31.0,3.0,0.0,0.13398125753175444,133981.25753175444,False,17,6
Corbin Bleu,26.9999,6.0,0.0,0.11664881496315699,116648.81496315698,False,17,6
Elizabeth Berkley Lauren,31.9998,2.0,0.0,0.1387016396962409,138701.63969624092,False,17,6
Jack Osbourne,26.9998,7.0,0.0,0.11664841098387749,116648.41098387749,False,17,6
Leah Remini,27.9999,5.0,0.0,0.12075938282589808,120759.38282589808,False,17,6
"Nicole ""Snooki"" Polizzi",30.0,4.0,0.0,0.12942062598055082,129420.62598055082,False,17,6
Amber Riley,29.5,1.0,-0.07601986781177096,0.12426546029715041,124265.4602971504,False,17,7
Bill Engvall,25.0,8.0,-4.147216168559147e-05,0.11442980915167836,114429.80915167836,False,17,7
Brant Daugherty,28.5,3.0,-0.009816459685019317,0.1287115138820209,128711.5138820209,False,17,7
Corbin Bleu,29.5,1.0,-0.07602017006248325,0.12426541984287964,124265.41984287964,False,17,7
Elizabeth Berkley Lauren,27.0,5.0,-0.00021382427994286033,0.12307708165585257,123077.08165585257,False,17,7
Jack Osbourne,28.5,3.0,-0.009589251294165529,0.12874194813387033,128741.94813387033,False,17,7
Leah Remini,26.5,7.0,0.0006472573240720966,0.12095182638427368,120951.82638427368,False,17,7
"Nicole ""Snooki"" Polizzi",27.0,5.0,0.09775840582137625,0.1355569406522742,135556.9406522742,True,17,7
Amber Riley,28.0,3.0,-0.00396785947832849,0.14799767115333132,147997.67115333132,False,17,8
Bill Engvall,24.0,7.0,-0.003169261953608882,0.12770007802641692,127700.07802641692,False,17,8
Brant Daugherty,27.0,5.0,0.10023621840148932,0.15835096312246258,158350.9631224626,True,17,8
Corbin Bleu,30.0,1.0,-0.10286667684113905,0.14272595900210971,142725.9590021097,False,17,8
Elizabeth Berkley Lauren,25.0,6.0,-0.003357141942214748,0.13250172245466543,132501.72245466543,False,17,8
Jack Osbourne,30.0,1.0,-0.10286667849173965,0.14272595873917068,142725.9587391707,False,17,8
Leah Remini,28.0,3.0,-0.003968012889436607,0.14799764750184347,147997.64750184346,False,17,8
Amber Riley,25.5,5.0,0.00024142456110276978,0.1613171954025211,161317.1954025211,False,17,9
Bill Engvall,21.0,6.0,0.00018400415319146104,0.13588415632437434,135884.15632437434,False,17,9
Corbin Bleu,29.0,1.0,-0.03442183579256708,0.17741176158444896,177411.76158444895,False,17,9
Elizabeth Berkley Lauren,28.0,2.0,0.033017548659782625,0.18376097044675022,183760.9704467502,True,17,9
Jack Osbourne,27.0,3.0,0.0002627356736770901,0.17081295812095262,170812.95812095262,False,17,9
Leah Remini,27.0,3.0,0.00026273567367708997,0.17081295812095262,170812.95812095262,False,17,9
Amber Riley,39.5,1.0,-0.17516715968491162,0.19012119956617574,190121.19956617572,False,17,10
Bill Engvall,30.0,5.0,-0.012096997655564101,0.17442769271100236,174427.69271100237,False,17,10
Corbin Bleu,37.5,2.0,-0.07800234471289277,0.2015459219589239,201545.9219589239,False,17,10
Jack Osbourne,35.5,3.0,-0.01542910662017169,0.2037840108104968,203784.0108104968,False,17,10
Leah Remini,32.5,4.0,0.20324576595500074,0.23012117495340134,230121.17495340135,True,17,10
Amber Riley,31.3332,1.0,-0.19126498457377408,0.22919882886765788,229198.8288676579,False,17,11
Bill Engvall,25.4999,4.0,0.21153222043014144,0.2801449472953192,280144.9472953192,True,17,11
Corbin Bleu,29.6664,2.0,-0.08839676800375407,0.2437552751538162,243755.2751538162,False,17,11
Jack Osbourne,27.9999,3.0,-0.02146884000857174,0.24690094868320675,246900.94868320675,False,17,11
Amy Purdy,24.0,3.0,-0.06676876094985416,0.0882548361771519,88254.8361771519,False,18,1
Billy Dee Williams,15.0,12.0,-0.017956404631109524,0.06127427662319028,61274.27662319028,False,18,1
Candace Cameron Bure,25.0,2.0,-0.1412174100562425,0.08444205781013137,84442.05781013136,False,18,1
Charlie White,27.0,1.0,-0.27856845783501627,0.07680869348484597,76808.69348484596,False,18,1
Cody Simpson,22.0,6.0,-0.030313291675723806,0.08389546688442152,83895.46688442152,False,18,1
Danica McKellar,24.0,3.0,-0.06678703422630314,0.08825299422517098,88252.99422517099,False,18,1
Diana Nyad,18.0,11.0,0.5136694714831699,0.1111598384601918,111159.8384601918,True,18,1
Drew Carey,21.0,7.0,-0.028157198112649075,0.08028468443966498,80284.68443966498,False,18,1
James Maslow,21.0,7.0,-0.028158681667736114,0.08028456540539541,80284.56540539542,False,18,1
Meryl Davis,24.0,3.0,-0.06672892154928638,0.08825885213446455,88258.85213446456,False,18,1
NeNe Leakes,21.0,7.0,-0.028143859593244183,0.08028575467472956,80285.75467472957,False,18,1
Sean Avery,20.0,10.0,-0.02621397858673638,0.07679797968064166,76797.97968064166,False,18,1
Amy Purdy,24.0,4.0,-0.15109226933015563,0.0903446485269945,90344.6485269945,False,18,2
Billy Dee Williams,15.0,11.0,0.8230440199617064,0.1272300226875501,127230.0226875501,True,18,2
Candace Cameron Bure,21.0,7.0,-0.07854417521973446,0.08591730741665113,85917.30741665112,False,18,2
Charlie White,25.0,1.0,-0.22293065374786497,0.08623924168865277,86239.24168865276,False,18,2
Cody Simpson,22.0,6.0,-0.08145348353712122,0.08961222700593681,89612.2270059368,False,18,2
Danica McKellar,24.0,4.0,-0.1512998610257914,0.09032254761794,90322.54761794,False,18,2
Drew Carey,21.0,7.0,-0.07854582676082673,0.08591716108826605,85917.16108826605,False,18,2
James Maslow,25.0,1.0,-0.22286092280603903,0.08624662461729306,86246.62461729306,False,18,2
Meryl Davis,25.0,1.0,-0.22293604974494974,0.08623867040102562,86238.67040102562,False,18,2
NeNe Leakes,21.0,7.0,-0.0836920442136355,0.08546240861069357,85462.40861069357,False,18,2
Sean Avery,21.0,7.0,-0.07233581284758593,0.08646914033899634,86469.14033899634,True,18,2
Amy Purdy,36.0,2.0,0.0,0.11549001817341566,115490.01817341565,False,18,3
Candace Cameron Bure,32.0,7.0,0.0,0.10286613435522211,102866.13435522211,False,18,3
Charlie White,36.0,2.0,0.0,0.11549001817341566,115490.01817341565,False,18,3
Cody Simpson,35.0,6.0,0.0,0.11219575932913181,112195.7593291318,False,18,3
Danica McKellar,36.0,2.0,0.0,0.11549001817341566,115490.01817341565,False,18,3
Drew Carey,30.0,9.0,0.0,0.09708148359889811,97081.4835988981,False,18,3
James Maslow,36.0,2.0,0.0,0.11549001817341566,115490.01817341565,False,18,3
Meryl Davis,39.0,1.0,0.0,0.12596458849280948,125964.58849280947,False,18,3
NeNe Leakes,31.0,8.0,0.0,0.0999319615302759,99931.9615302759,False,18,3
Amy Purdy,34.0,3.0,0.0,0.11410435624631729,114104.35624631729,False,18,4
Candace Cameron Bure,28.0,9.0,0.0,0.09513483998545702,95134.83998545702,False,18,4
Charlie White,33.0,4.0,0.0,0.1106985127907007,110698.5127907007,False,18,4
Cody Simpson,31.0,8.0,0.0,0.10418876941943878,104188.76941943877,False,18,4
Danica McKellar,32.0,6.0,0.0,0.10739432864087893,107394.32864087893,False,18,4
Drew Carey,33.0,4.0,0.0,0.1106985127907007,110698.5127907007,False,18,4
James Maslow,35.0,2.0,0.0,0.11761498674334697,117614.98674334698,False,18,4
Meryl Davis,39.0,1.0,0.0,0.13277136474228074,132771.36474228074,False,18,4
NeNe Leakes,32.0,6.0,0.0,0.10739432864087893,107394.32864087893,False,18,4
Amy Purdy,37.0,3.0,-0.006748453614990395,0.11494134669822605,114941.34669822604,False,18,5
Candace Cameron Bure,35.0,7.0,-0.006211683856291765,0.10872974314267048,108729.74314267047,False,18,5
Charlie White,37.0,3.0,-0.0067484536149903995,0.11494134669822605,114941.34669822604,False,18,5
Cody Simpson,34.0,8.0,0.18892010469076825,0.12750109462640616,127501.09462640616,True,18,5
Danica McKellar,39.0,2.0,-0.08144420451362339,0.11197318494760107,111973.18494760107,False,18,5
Drew Carey,28.0,9.0,-0.004543571338775443,0.08945837777983036,89458.37777983036,False,18,5
James Maslow,40.0,1.0,-0.1293136495285715,0.10886755431102196,108867.55431102196,False,18,5
Meryl Davis,36.0,5.0,-0.006476389703420967,0.11179367592533648,111793.67592533649,False,18,5
NeNe Leakes,36.0,5.0,-0.006476390184412427,0.11179367587068145,111793.67587068146,False,18,5
Amy Purdy,38.0,2.0,-0.09839704697643811,0.12380601933254096,123806.01933254095,False,18,6
Candace Cameron Bure,32.0,7.0,-0.011311433130471385,0.11474406904395476,114744.06904395476,False,18,6
Charlie White,36.0,3.0,-0.013466619409471095,0.12838912330381416,128389.12330381417,False,18,6
Danica McKellar,36.0,3.0,-0.013466619409471083,0.12838912330381416,128389.12330381417,False,18,6
Drew Carey,32.0,7.0,0.24166582465618036,0.14508324166806752,145083.24166806752,True,18,6
James Maslow,35.0,5.0,-0.012886008767567484,0.12484394970215892,124843.94970215892,False,18,6
Meryl Davis,40.0,1.0,-0.1943621288630432,0.11671435442050933,116714.35442050933,False,18,6
NeNe Leakes,33.0,6.0,-0.011747280742856962,0.1180301192251402,118030.1192251402,False,18,6
Amy Purdy,37.5,2.0,-0.05928664800628674,0.14090094041031448,140900.94041031448,False,18,7
Candace Cameron Bure,37.0,3.0,-0.0331120924408186,0.14287900432873984,142879.00432873986,False,18,7
Charlie White,35.5,5.0,-0.0066989787208581045,0.14084351597034372,140843.51597034372,False,18,7
Danica McKellar,36.0,4.0,-0.006838336574805501,0.14279492039608094,142794.92039608094,False,18,7
James Maslow,35.0,6.0,-0.006558816810200083,0.13891834659570074,138918.34659570074,False,18,7
Meryl Davis,39.0,1.0,-0.13483941629406068,0.1349738832411543,134973.8832411543,False,18,7
NeNe Leakes,33.0,7.0,0.19771659144863837,0.15868938905766608,158689.3890576661,True,18,7
Amy Purdy,40.0,1.0,-0.04929821792232748,0.1697134861352128,169713.48613521282,False,18,8
Candace Cameron Bure,36.0,4.0,-0.0003729290466675495,0.160679650075741,160679.650075741,False,18,8
Charlie White,40.0,1.0,-0.049289256471296325,0.16971511613492513,169715.11613492513,False,18,8
Danica McKellar,38.0,3.0,0.05067536380862891,0.17856540324811862,178565.40324811862,True,18,8
James Maslow,36.0,4.0,-0.00047925254941466334,0.16066317220300122,160663.17220300122,False,18,8
Meryl Davis,36.0,4.0,-0.00047925254941465933,0.16066317220300122,160663.17220300122,False,18,8
Amy Purdy,39.0,2.0,-0.0019241262142918954,0.20387623224456985,203876.23224456987,False,18,9
Candace Cameron Bure,36.0,5.0,0.0005498628053977343,0.1889349855812469,188934.9855812469,False,18,9
Charlie White,38.0,3.0,0.05058762760552486,0.2092735920963575,209273.59209635752,True,18,9
James Maslow,38.0,3.0,0.0005953832573041952,0.19911320699623533,199113.20699623533,False,18,9
Meryl Davis,40.0,1.0,-0.050927113862514084,0.19880198308159044,198801.98308159044,False,18,9
Amy Purdy,29.666600000000003,2.0,-0.008062862277281648,0.25650060349432635,256500.60349432635,False,18,10
Candace Cameron Bure,25.9998,4.0,3.800933635160153e-05,0.22758586062508843,227585.86062508842,False,18,10
James Maslow,29.0,3.0,0.036890829783603765,0.26231724381179944,262317.24381179945,True,18,10
Meryl Davis,30.0,1.0,-0.029961494905988383,0.2535962920687858,253596.2920687858,False,18,10
Alfonso Ribeiro,36.0,1.0,-0.34044106956080517,0.06831408290068992,68314.08290068993,False,19,1
Antonio Sabato Jr.,25.0,10.0,-0.03303229174132098,0.06942457540002855,69424.57540002855,False,19,1
Bethany Mota,32.0,3.0,-0.13617907204697313,0.07906514316637797,79065.14316637797,False,19,1
Betsey Johnson,20.0,13.0,-0.024128428761531442,0.05830229742519951,58302.29742519951,False,19,1
Janel Parrish,29.0,7.0,-0.04218732986506986,0.07946426588157852,79464.26588157853,False,19,1
Jonathan Bennett,30.0,6.0,-0.04910178099831853,0.08173170220231742,81731.70220231742,False,19,1
Lea Thompson,32.0,3.0,-0.1361604261838087,0.0790669119764648,79066.9119764648,False,19,1
Lolo Jones,22.0,12.0,0.6112994595516731,0.10594925127105857,105949.25127105857,True,19,1
Michael Waltrip,25.0,10.0,-0.032651457741336654,0.06944936247547367,69449.36247547368,False,19,1
Randy Couture,31.0,5.0,-0.07952329559936738,0.0817557040743924,81755.70407439239,False,19,1
Sadie Robertson,34.0,2.0,-0.24222180024956821,0.07368991472026583,73689.91472026584,False,19,1
Tavis Smiley,29.0,7.0,-0.04196768771778288,0.07948324588254709,79483.24588254708,False,19,1
Tommy Chong,27.0,9.0,-0.03756911474253134,0.07430354262360575,74303.54262360575,False,19,1
Alfonso Ribeiro,32.0,4.0,-0.009816910881629372,0.08863770201616403,88637.70201616402,False,19,2
Antonio Sabato Jr.,31.0,5.0,-0.009358245135679557,0.08577472964327112,85774.72964327113,False,19,2
Bethany Mota,33.0,3.0,-0.05126206585319327,0.08751913134495343,87519.13134495342,False,19,2
Betsey Johnson,28.0,8.0,-0.008066410999489534,0.07770824876635433,77708.24876635433,False,19,2
Janel Parrish,34.0,2.0,-0.10719570596908497,0.08475772680189439,84757.72680189439,False,19,2
Jonathan Bennett,30.0,7.0,-0.008913998976395776,0.08300046105226155,83000.46105226155,False,19,2
Lea Thompson,35.0,1.0,-0.1608457307950491,0.08199529611575926,81995.29611575927,False,19,2
Michael Waltrip,24.0,12.0,-0.0065195837960657236,0.06808316482599457,68083.16482599457,False,19,2
Randy Couture,28.0,8.0,-0.00806641097500116,0.07770824876814683,77708.24876814683,False,19,2
Sadie Robertson,31.0,5.0,-0.009358245588524203,0.08577472960276274,85774.72960276273,False,19,2
Tavis Smiley,28.0,8.0,0.2737329648976001,0.10133231224189443,101332.31224189443,True,19,2
Tommy Chong,28.0,8.0,-0.008066410259184083,0.07770824882054331,77708.2488205433,False,19,2
Alfonso Ribeiro,32.0,4.0,-0.03340240390017291,0.09541155609092719,95411.55609092719,False,19,3
Antonio Sabato Jr.,29.0,8.0,-0.02883734803029761,0.08682013820123285,86820.13820123285,False,19,3
Bethany Mota,40.0,1.0,-0.3865926743528463,0.07671929258161526,76719.29258161527,False,19,3
Betsey Johnson,29.0,8.0,-0.02882950987437519,0.08682081110685057,86820.81110685057,False,19,3
Janel Parrish,40.0,1.0,-0.38659069169058474,0.07671950004144162,76719.50004144163,False,19,3
Jonathan Bennett,32.0,4.0,-0.03341922872746571,0.09540980456049467,95409.80456049467,False,19,3
Lea Thompson,31.0,7.0,-0.03191190691238356,0.09246376217774828,92463.76217774829,False,19,3
Michael Waltrip,28.0,10.0,-0.02722822190290801,0.0841213871887548,84121.3871887548,False,19,3
Randy Couture,26.0,11.0,0.4137408871906479,0.11637938305458982,116379.38305458982,True,19,3
Sadie Robertson,32.0,4.0,-0.03333677307448955,0.09541838882434983,95418.38882434984,False,19,3
Tommy Chong,34.0,3.0,-0.10572808730513271,0.0937159761719951,93715.9761719951,False,19,3
Alfonso Ribeiro,40.0,1.0,-0.22501336233953428,0.09952240712677093,99522.40712677094,False,19,4
Antonio Sabato Jr.,29.0,6.0,-0.01971727934673297,0.09154751090209004,91547.51090209004,False,19,4
Bethany Mota,33.0,5.0,-0.023750104621376757,0.10353488342128854,103534.88342128854,False,19,4
Betsey Johnson,29.0,6.0,0.38388806702003664,0.13389655508532802,133896.55508532803,True,19,4
Janel Parrish,36.0,4.0,-0.037735427715038045,0.112021526294306,112021.52629430601,False,19,4
Jonathan Bennett,24.0,10.0,-0.015267740330350279,0.07834405095812338,78344.05095812338,False,19,4
Lea Thompson,39.0,2.0,-0.18073841031330215,0.10264730785035044,102647.30785035044,False,19,4
Michael Waltrip,25.0,9.0,-0.01611030362306497,0.08083529786984349,80835.29786984349,False,19,4
Sadie Robertson,37.0,3.0,-0.08728341806446802,0.10889642779244608,108896.42779244609,False,19,4
Tommy Chong,28.0,8.0,-0.01877815782633165,0.08875403269945299,88754.03269945299,False,19,4
Alfonso Ribeiro,34.0,2.0,0.0,0.128122374083308,128122.37408330801,False,19,5
Antonio Sabato Jr.,28.0,6.0,0.0,0.10442200197981806,104422.00197981806,False,19,5
Bethany Mota,32.0,5.0,0.0,0.11967790828895222,119677.90828895223,False,19,5
Janel Parrish,33.0,4.0,0.0,0.12382817827661426,123828.17827661426,False,19,5
Jonathan Bennett,24.0,7.0,0.0,0.09111083785945231,91110.83785945231,False,19,5
Lea Thompson,34.0,2.0,0.0,0.128122374083308,128122.37408330801,False,19,5
Michael Waltrip,20.0,9.0,0.0,0.07949651048689721,79496.51048689721,False,19,5
Sadie Robertson,36.0,1.0,0.0,0.137162680860946,137162.68086094598,False,19,5
Tommy Chong,23.0,8.0,0.0,0.08805713408070391,88057.13408070391,False,19,5
Alfonso Ribeiro,39.0,1.0,-0.1890594411506522,0.10837003641939447,108370.03641939447,False,19,6
Antonio Sabato Jr.,28.0,8.0,0.0013621208565419488,0.09696813477585765,96968.13477585766,False,19,6
Bethany Mota,36.0,2.0,-0.04059341079314606,0.11860052430909032,118600.52430909032,False,19,6
Janel Parrish,33.0,4.0,0.0017184549460181953,0.11327883574056659,113278.83574056659,False,19,6
Jonathan Bennett,32.0,5.0,0.1893284381598194,0.1322643819835218,132264.3819835218,True,19,6
Lea Thompson,32.0,5.0,0.001643175732960185,0.10980933640651752,109809.33640651753,False,19,6
Michael Waltrip,30.0,7.0,0.001498783157568648,0.10318790926110263,103187.90926110263,False,19,6
Sadie Robertson,35.0,3.0,0.0018755786484538945,0.12055270635869082,120552.70635869082,False,19,6
Tommy Chong,28.0,8.0,0.001362120492743815,0.09696813474525819,96968.13474525818,False,19,6
Alfonso Ribeiro,34.0,3.0,-0.029915846214500393,0.13007974120529395,130079.74120529395,False,19,7
Antonio Sabato Jr.,29.5,7.0,0.2527803517531962,0.14750860114319264,147508.60114319265,True,19,7
Bethany Mota,37.5,1.0,-0.2129470088427826,0.11656061197311136,116560.61197311136,False,19,7
Janel Parrish,33.5,4.0,-0.0021388814636166776,0.1319261691384508,131926.1691384508,False,19,7
Lea Thompson,35.0,2.0,-0.08535793629484564,0.12614668781327723,126146.68781327723,False,19,7
Michael Waltrip,28.0,8.0,-0.01076263977288778,0.11005275361298766,110052.75361298767,False,19,7
Sadie Robertson,31.0,5.0,-0.012451918550897922,0.12068679421121992,120686.79421121992,False,19,7
Tommy Chong,30.0,6.0,-0.011871868647219704,0.1170386409024665,117038.6409024665,False,19,7
Alfonso Ribeiro,41.0,2.0,-0.3154773048359179,0.1325105221943229,132510.5221943229,False,19,8
Bethany Mota,40.0,3.0,-0.2758929098985309,0.13654270573079005,136542.70573079004,False,19,8
Janel Parrish,43.0,1.0,-0.3911041436419898,0.12444575733481678,124445.75733481678,False,19,8
Lea Thompson,32.0,5.0,-0.0864094810683462,0.13778051623739515,137780.51623739515,False,19,8
Michael Waltrip,25.0,7.0,0.5984120264614406,0.19702640228213533,197026.40228213533,True,19,8
Sadie Robertson,38.0,4.0,-0.19249673212725926,0.14460773830329104,144607.73830329106,False,19,8
Tommy Chong,29.0,6.0,-0.07544334383605653,0.1270863579172488,127086.35791724878,False,19,8
Alfonso Ribeiro,38.5,1.0,-0.08416973073076144,0.16680176617601578,166801.76617601578,False,19,9
Bethany Mota,37.0,3.0,-0.009226973044439462,0.1735863385966986,173586.3385966986,False,19,9
Janel Parrish,38.5,1.0,-0.08417007144860209,0.16680170382670365,166801.70382670366,False,19,9
Lea Thompson,35.0,5.0,0.10119554023411137,0.18315612432356704,183156.12432356703,True,19,9
Sadie Robertson,36.5,4.0,-0.0028279247192655034,0.17229607968759508,172296.07968759508,False,19,9
Tommy Chong,28.5,6.0,-0.0019720182781592364,0.1373579873894199,137357.9873894199,False,19,9
Alfonso Ribeiro,37.5,3.0,-0.08332408248124945,0.1945215689085122,194521.56890851218,False,19,10
Bethany Mota,38.0,2.0,-0.10856596993325063,0.1917776062493847,191777.6062493847,False,19,10
Janel Parrish,39.0,1.0,-0.1576112137899602,0.18630153093674182,186301.53093674182,False,19,10
Sadie Robertson,37.0,4.0,-0.05761008113893756,0.19726129155141103,197261.29155141104,False,19,10
Tommy Chong,31.0,5.0,0.3000956231829763,0.2301380023539504,230138.0023539504,True,19,10
Alfonso Ribeiro,40.0,1.0,-0.046072314789252306,0.2443962043026626,244396.2043026626,False,19,11
Bethany Mota,38.0,4.0,0.056546783632319665,0.25718940080243263,257189.40080243265,True,19,11
Janel Parrish,38.99980000000001,3.0,9.366328178397811e-05,0.24975293027406698,249752.93027406698,False,19,11
Sadie Robertson,39.333200000000005,2.0,-0.012730035464671684,0.2486614646208378,248661.4646208378,False,19,11
Charlotte McKinney,22.0,11.0,0.0,0.06984345281148348,69843.45281148348,False,20,1
Chris Soules,26.0,5.0,0.0,0.08122310454430977,81223.10454430977,False,20,1
Michael Sam,26.0,5.0,0.0,0.08122310454430977,81223.10454430977,False,20,1
Nastia Liukin,30.0,3.0,0.0,0.09445685237845486,94456.85237845486,False,20,1
Noah Galloway,26.0,5.0,0.0,0.08122310454430977,81223.10454430977,False,20,1
Patti LaBelle,25.0,8.0,0.0,0.07821519173232937,78215.19173232936,False,20,1
Redfoo,22.0,11.0,0.0,0.06984345281148348,69843.45281148348,False,20,1
Riker Lynch,31.0,2.0,0.0,0.09808936890313222,98089.36890313221,False,20,1
Robert Herjavec,28.0,4.0,0.0,0.08759040355918948,87590.40355918948,False,20,1
Rumer Willis,32.0,1.0,0.0,0.10186158070633936,101861.58070633936,False,20,1
Suzanne Somers,25.0,8.0,0.0,0.07821519173232937,78215.19173232936,False,20,1
Willow Shields,25.0,8.0,0.0,0.07821519173232937,78215.19173232936,False,20,1
Charlotte McKinney,26.0,11.0,-0.0009531939974948353,0.07492001767613785,74920.01767613784,False,20,2
Chris Soules,21.0,12.0,-0.0007147665819338936,0.06302339992686264,63023.399926862636,False,20,2
Michael Sam,28.0,6.0,-0.0010596905777924982,0.08028262311414185,80282.62311414184,False,20,2
Nastia Liukin,34.0,1.0,-0.08896773442073236,0.08909209645925119,89092.09645925119,False,20,2
Noah Galloway,27.0,10.0,-0.0010055715714591496,0.07755519027104328,77555.19027104328,False,20,2
Patti LaBelle,28.0,6.0,-0.0010596905777924988,0.08028262311414185,80282.62311414184,False,20,2
Redfoo,31.0,5.0,0.08541597571582056,0.0977374738210203,97737.47382102029,True,20,2
Riker Lynch,32.0,2.0,-0.0012953118132980278,0.0921804430930763,92180.4430930763,False,20,2
Robert Herjavec,28.0,6.0,-0.001059690577792501,0.08028262311414185,80282.62311414184,False,20,2
Rumer Willis,32.0,2.0,-0.0012953117555638649,0.09218044309897741,92180.44309897741,False,20,2
Suzanne Somers,28.0,6.0,-0.0010596893466734965,0.08028262321003599,80282.62321003599,False,20,2
Willow Shields,32.0,2.0,-0.0012953117341161352,0.09218044310116962,92180.44310116961,False,20,2
Charlotte McKinney,22.0,10.0,0.5829025359874148,0.12451846534928487,124518.46534928487,True,20,3
Chris Soules,28.0,7.0,-0.046005710388190596,0.09149150568823644,91491.50568823644,False,20,3
Michael Sam,24.0,9.0,-0.03711302857369576,0.07978781187830324,79787.81187830324,False,20,3
Nastia Liukin,34.0,1.0,-0.2606572148620414,0.08617986282648973,86179.86282648973,False,20,3
Noah Galloway,30.0,5.0,-0.04730377524317881,0.09822479547872567,98224.79547872567,False,20,3
Patti LaBelle,22.0,10.0,-0.03303926222798349,0.07441131722562729,74411.31722562728,False,20,3
Riker Lynch,34.0,1.0,-0.26065722724500046,0.08617986144793467,86179.86144793467,False,20,3
Robert Herjavec,29.0,6.0,-0.04792084703212028,0.09466856873618687,94668.56873618688,False,20,3
Rumer Willis,33.0,3.0,-0.20922000534448662,0.08937473379700764,89374.73379700763,False,20,3
Suzanne Somers,25.0,8.0,-0.03924047591601942,0.08259374299888474,82593.74299888474,False,20,3
Willow Shields,32.0,4.0,-0.15562206595638586,0.09256933457331885,92569.33457331885,False,20,3
Chris Soules,27.0,10.0,-0.008216308465249534,0.08483944546347767,84839.44546347768,False,20,4
Michael Sam,30.0,7.0,0.2763662356624982,0.1217812825048995,121781.2825048995,True,20,4
Nastia Liukin,36.0,2.0,-0.08182245441254186,0.10331827453473404,103318.27453473404,False,20,4
Noah Galloway,32.0,6.0,-0.010495903589083798,0.09890546735423707,98905.46735423707,False,20,4
Patti LaBelle,30.0,7.0,-0.010229071518376981,0.09297041284569683,92970.41284569683,False,20,4
Riker Lynch,34.0,4.0,-0.01210878202026909,0.1050648031348037,105064.80313480369,False,20,4
Robert Herjavec,34.0,4.0,-0.0112850949357431,0.10515722504114523,105157.22504114523,False,20,4
Rumer Willis,35.0,3.0,-0.02887092809440913,0.10639666570753101,106396.665707531,False,20,4
Suzanne Somers,28.0,9.0,-0.00815242029244591,0.08752772533804153,87527.72533804152,False,20,4
Willow Shields,39.0,1.0,-0.22930715917161207,0.09403869807543332,94038.69807543332,False,20,4
Chris Soules,27.0,7.0,-0.02326063767295683,0.09756861402825988,97568.61402825988,False,20,5
Nastia Liukin,38.0,2.0,-0.17262436437243237,0.1155775863397725,115577.5863397725,False,20,5
Noah Galloway,28.0,5.0,-0.024457009608854625,0.10069333143173792,100693.33143173793,False,20,5
Patti LaBelle,27.0,7.0,-0.02326063900383676,0.09756861391108691,97568.61391108691,False,20,5
Riker Lynch,38.0,2.0,-0.17263356961846965,0.11557623518601104,115576.23518601104,False,20,5
Robert Herjavec,24.0,9.0,-0.01986288009121495,0.08870812097438502,88708.12097438502,False,20,5
Rumer Willis,39.0,1.0,-0.21766300948645687,0.11204380179331883,112043.80179331882,False,20,5
Suzanne Somers,28.0,5.0,0.40793651230685296,0.15091304701056782,150913.04701056783,True,20,5
Willow Shields,34.0,4.0,-0.032390544833826536,0.12135064932486006,121350.64932486006,False,20,5
Chris Soules,35.0,5.0,-0.003183712537926376,0.12412915128175675,124129.15128175676,False,20,6
Nastia Liukin,36.5,2.0,-0.02481251360452387,0.12664973233777768,126649.73233777768,False,20,6
Noah Galloway,34.0,6.0,-0.003050089880977395,0.120669985554793,120669.98555479299,False,20,6
Patti LaBelle,34.0,6.0,0.11726641823420624,0.1355821192142392,135582.1192142392,True,20,6
Riker Lynch,38.0,1.0,-0.10205560768256991,0.12144785056150355,121447.85056150355,False,20,6
Robert Herjavec,33.5,8.0,-0.0029846664730087766,0.1189762245128081,118976.2245128081,False,20,6
Rumer Willis,35.5,4.0,-0.003251940478998361,0.12589520425815284,125895.20425815284,False,20,6
Willow Shields,36.5,2.0,-0.024812514051162925,0.1266497322789688,126649.7322789688,False,20,6
Chris Soules,31.0,6.0,-0.0005137524611797636,0.12296722356505731,122967.22356505731,False,20,7
Nastia Liukin,41.0,1.0,-0.04839930779046079,0.15346745663505254,153467.45663505254,False,20,7
Noah Galloway,38.0,3.0,-0.0006889718633820046,0.14911944044173803,149119.44044173803,False,20,7
Riker Lynch,37.0,4.0,-0.000661905702945619,0.14506859669115782,145068.5966911578,False,20,7
Robert Herjavec,31.0,6.0,-0.0005137534720687349,0.12296722345874901,122967.22345874901,False,20,7
Rumer Willis,37.0,4.0,-0.0006619057029456191,0.14506859669115782,145068.5966911578,False,20,7
Willow Shields,39.0,2.0,0.046904908126546886,0.16134146251708745,161341.46251708744,True,20,7
Chris Soules,32.0,4.0,0.2675166771728226,0.19986009546628464,199860.09546628463,True,20,8
Nastia Liukin,38.0,3.0,-0.0704717301010742,0.17146529724856968,171465.2972485697,False,20,8
Noah Galloway,31.5,5.0,-0.0166491343878789,0.1509932855012679,150993.2855012679,False,20,8
Riker Lynch,39.0,2.0,-0.11869970851668535,0.16675929024445363,166759.29024445362,False,20,8
Robert Herjavec,31.0,6.0,-0.016279997512627473,0.14888698064832323,148886.98064832322,True,20,8
Rumer Willis,40.0,1.0,-0.16529334000191676,0.1620350508911008,162035.05089110078,False,20,8
Nastia Liukin,40.0,1.0,0.0,0.254766350306594,254766.35030659402,True,20,9
Noah Galloway,38.0,4.0,0.0,0.2421098231305959,242109.8231305959,False,20,9
Riker Lynch,40.0,1.0,0.0,0.254766350306594,254766.35030659402,False,20,9
Rumer Willis,39.0,3.0,0.0,0.24835747625621604,248357.47625621603,False,20,9
Noah Galloway,36.0,3.0,0.0,0.3107542543809806,310754.25438098056,False,20,10
Riker Lynch,40.0,1.0,0.0,0.3446228728095097,344622.8728095097,False,20,10
Rumer Willis,40.0,1.0,0.0,0.3446228728095097,344622.8728095097,False,20,10
Alek Skarlatos,22.0,5.0,0.0,0.08672983420369079,86729.83420369079,False,21,1
Alexa PenaVega,22.0,5.0,0.0,0.08672983420369079,86729.83420369079,False,21,1
Andy Grammer,21.0,7.0,0.0,0.08233513522606146,82335.13522606147,False,21,1
Bindi Irwin,24.0,1.0,0.0,0.09623546348716833,96235.46348716832,False,21,1
Carlos PenaVega,23.0,3.0,0.0,0.09135910350237378,91359.10350237378,False,21,1
Chaka Khan,13.0,12.0,0.0,0.05431486427629697,54314.86427629697,False,21,1
Gary Busey,15.0,9.0,0.0,0.06026779810965723,60267.79810965723,False,21,1
Hayes Grier,21.0,7.0,0.0,0.08233513522606146,82335.13522606147,False,21,1
Kim Zolciak-Biermann,12.0,13.0,0.0,0.051562668556142346,51562.668556142344,False,21,1
Nick Carter,24.0,1.0,0.0,0.09623546348716833,96235.46348716832,False,21,1
Paula Deen,15.0,9.0,0.0,0.06026779810965723,60267.79810965723,False,21,1
Tamar Braxton,23.0,3.0,0.0,0.09135910350237378,91359.10350237378,False,21,1
Victor Espinoza,15.0,9.0,0.0,0.06026779810965723,60267.79810965723,False,21,1
Alek Skarlatos,22.5,4.0,-0.12427109078782836,0.07867656610555157,78676.56610555157,False,21,2
Alexa PenaVega,23.0,3.0,-0.1630918297874952,0.07682833093560605,76828.33093560605,False,21,2
Andy Grammer,22.0,8.0,-0.08423197645978188,0.08051869861772824,80518.69861772824,False,21,2
Bindi Irwin,24.0,2.0,-0.23728478798060101,0.07313223023984618,73132.23023984618,False,21,2
Carlos PenaVega,22.5,4.0,-0.12426839848370012,0.07867681510188831,78676.8151018883,False,21,2
Chaka Khan,15.0,13.0,0.6988301672482801,0.1064039474318502,106403.94743185019,True,21,2
Gary Busey,16.5,12.0,-0.03670918932412244,0.0644773982682324,64477.3982682324,False,21,2
Hayes Grier,22.5,4.0,-0.12426005252839156,0.07867758697820008,78677.58697820008,False,21,2
Kim Zolciak-Biermann,18.5,9.0,-0.04285854786867768,0.07088256330467696,70882.56330467697,True,21,2
Nick Carter,22.5,4.0,-0.12426839963438667,0.07867681499546751,78676.81499546752,False,21,2
Paula Deen,18.5,9.0,-0.042857218611782495,0.07088265437158307,70882.65437158308,False,21,2
Tamar Braxton,24.5,1.0,-0.27284931830773135,0.07128392035871556,71283.92035871556,False,21,2
Victor Espinoza,18.5,9.0,-0.042859861758859336,0.07088247329065374,70882.47329065374,True,21,2
Alek Skarlatos,33.0,3.0,0.0,0.10733463946334725,107334.63946334725,False,21,3
Alexa PenaVega,36.0,1.0,0.0,0.11842881721230432,118428.81721230432,False,21,3
Andy Grammer,29.0,8.0,0.0,0.09414196272261617,94141.96272261617,False,21,3
Bindi Irwin,32.0,5.0,0.0,0.10387253687185947,103872.53687185947,False,21,3
Carlos PenaVega,31.0,6.0,0.0,0.10052210516699242,100522.10516699242,False,21,3
Gary Busey,25.0,9.0,0.0,0.08257081953764706,82570.81953764705,False,21,3
Hayes Grier,30.0,7.0,0.0,0.0972797423795412,97279.7423795412,False,21,3
Nick Carter,36.0,1.0,0.0,0.11842881721230432,118428.81721230432,False,21,3
Paula Deen,20.0,10.0,0.0,0.07008591997004046,70085.91997004046,False,21,3
Tamar Braxton,33.0,3.0,0.0,0.10733463946334725,107334.63946334725,False,21,3
Alek Skarlatos,24.0,6.0,-0.03968098948708755,0.10814529825408689,108145.2982540869,False,21,4
Alexa PenaVega,21.0,8.0,-0.08663152429074704,0.09008216952532565,90082.16952532565,False,21,4
Andy Grammer,23.0,7.0,-0.09820815482999089,0.096976766557179,96976.766557179,False,21,4
Bindi Irwin,28.0,1.0,-0.3036062271878081,0.09144747458231803,91447.47458231803,False,21,4
Carlos PenaVega,25.0,5.0,-0.11013554145019114,0.10412766616593691,104127.66616593691,False,21,4
Gary Busey,16.0,10.0,0.8034001365127359,0.14229563100651546,142295.63100651547,True,21,4
Hayes Grier,27.0,2.0,-0.24231962428467152,0.09568454892296965,95684.54892296965,False,21,4
Nick Carter,27.0,2.0,-0.24230407966762094,0.09568644689782255,95686.44689782255,False,21,4
Paula Deen,18.0,9.0,-0.07061578567813208,0.08022597288402257,80225.97288402257,False,21,4
Tamar Braxton,27.0,2.0,-0.24524507418896507,0.09532802520382322,95328.02520382321,False,21,4
Alek Skarlatos,29.0,7.0,0.0,0.09631990873356501,96319.90873356501,False,21,5
Alexa PenaVega,40.0,1.0,0.0,0.1338311175792813,133831.1175792813,False,21,5
Andy Grammer,36.0,4.0,0.0,0.11874488396751669,118744.88396751668,False,21,5
Bindi Irwin,37.0,3.0,0.0,0.12234900920699529,122349.0092069953,False,21,5
Carlos PenaVega,39.0,2.0,0.0,0.1298887553826323,129888.75538263231,False,21,5
Hayes Grier,30.0,6.0,0.0,0.09924339480329648,99243.39480329648,False,21,5
Nick Carter,35.0,5.0,0.0,0.11524692811041433,115246.92811041433,False,21,5
Paula Deen,26.0,9.0,0.0,0.08805609348273351,88056.09348273351,False,21,5
Tamar Braxton,29.0,7.0,0.0,0.09631990873356501,96319.90873356501,False,21,5
Alek Skarlatos,30.0,7.0,-0.06839558239890452,0.10232021609382186,102320.21609382186,False,21,6
Alexa PenaVega,30.0,7.0,-0.06839508933747979,0.10232026624554628,102320.26624554629,False,21,6
Andy Grammer,40.0,1.0,-0.2859147259612444,0.1044277272691789,104427.7272691789,False,21,6
Bindi Irwin,40.0,1.0,-0.2859148451593979,0.10442771077056932,104427.71077056932,False,21,6
Carlos PenaVega,38.0,5.0,-0.2011636226314696,0.1108178111790191,110817.81117901909,False,21,6
Hayes Grier,32.0,6.0,-0.07488719570272628,0.10808991301492636,108089.91301492637,False,21,6
Nick Carter,39.0,4.0,-0.24428346822853322,0.10762292404967036,107622.92404967036,False,21,6
Paula Deen,24.0,9.0,0.691163141127292,0.15554592059137154,155545.92059137154,True,21,6
Tamar Braxton,40.0,1.0,-0.28591628999802865,0.10442751078589628,104427.51078589627,False,21,6
Alek Skarlatos,26.5,8.0,0.0001756044841662893,0.12001640892500208,120016.40892500208,False,21,7
Alexa PenaVega,27.5,5.0,0.0001854677427785665,0.12444350532449036,124443.50532449035,False,21,7
Andy Grammer,28.0,2.0,0.00019053296813196732,0.1267179723205659,126717.9723205659,False,21,7
Bindi Irwin,29.0,1.0,-0.0353383514421199,0.1265797297653527,126579.7297653527,False,21,7
Carlos PenaVega,28.0,2.0,0.00019053296813196735,0.1267179723205659,126717.9723205659,False,21,7
Hayes Grier,28.0,2.0,0.033758945319261914,0.13110461923584346,131104.61923584345,True,21,7
Nick Carter,27.0,6.0,0.0001804928726161358,0.1222098960540898,122209.8960540898,False,21,7
Tamar Braxton,27.0,6.0,0.0001804928726161359,0.1222098960540898,122209.8960540898,False,21,7
Alek Skarlatos,25.0,6.0,-0.023754416229458234,0.1309126813871477,130912.6813871477,False,21,8
Alexa PenaVega,26.9998,5.0,-0.026549946108615014,0.14047765543084934,140477.65543084932,False,21,8
Andy Grammer,23.9998,7.0,0.30554081613097267,0.1698275970711566,169827.5970711566,True,21,8
Bindi Irwin,28.0,3.0,-0.03150935361299978,0.14495361383638505,144953.61383638505,False,21,8
Carlos PenaVega,28.9998,2.0,-0.07061295804392578,0.14405395663506615,144053.95663506616,False,21,8
Nick Carter,33.0,1.0,-0.3078543993481484,0.1234351629121878,123435.16291218779,False,21,8
Tamar Braxton,28.0,3.0,-0.02246571816523732,0.1463393327272074,146339.3327272074,False,21,8
Alek Skarlatos,25.5,5.0,0.0,0.15497058865897542,154970.5886589754,False,21,9
Alexa PenaVega,30.0,1.0,0.0,0.18261298674883697,182612.98674883696,True,21,9
Bindi Irwin,30.0,1.0,0.0,0.18261298674883697,182612.98674883696,False,21,9
Carlos PenaVega,27.0,4.0,0.0,0.16368544937836238,163685.4493783624,False,21,9
Nick Carter,27.5,3.0,0.0,0.166697980748091,166697.980748091,False,21,9
Tamar Braxton,24.5,6.0,0.0,0.14942000771689729,149420.0077168973,True,21,9
Alek Skarlatos,28.5,3.0,0.0,0.24016701714947164,240167.01714947165,False,21,10
Bindi Irwin,31.5,1.0,0.0,0.2657617973467576,265761.7973467576,False,21,10
Carlos PenaVega,31.5,1.0,0.0,0.2657617973467576,265761.7973467576,False,21,10
Nick Carter,27.0,4.0,0.0,0.22830938815701315,228309.38815701316,False,21,10
Alek Skarlatos,27.9999,4.0,0.0,0.2375040816746454,237504.0816746454,False,21,11
Bindi Irwin,30.0,1.0,0.0,0.2541653061084515,254165.3061084515,False,21,11
Carlos PenaVega,30.0,1.0,0.0,0.2541653061084515,254165.3061084515,True,21,11
Nick Carter,30.0,1.0,0.0,0.2541653061084515,254165.3061084515,False,21,11
Antonio Brown,21.0,4.0,0.0,0.0877019698394156,87701.9698394156,False,22,1
Doug Flutie,15.0,11.0,0.0,0.0647249589801974,64724.95898019739,False,22,1
Geraldo Rivera,13.0,12.0,0.0,0.05849147804006439,58491.47804006439,False,22,1
Ginger Zee,23.0,1.0,0.0,0.09704843492671698,97048.43492671699,False,22,1
Jodie Sweetin,20.0,8.0,0.0,0.08337191056397251,83371.91056397252,False,22,1
Kim Fields,20.0,8.0,0.0,0.08337191056397251,83371.91056397252,False,22,1
Marla Maples,21.0,4.0,0.0,0.0877019698394156,87701.9698394156,False,22,1
Mischa Barton,16.0,10.0,0.0,0.06808655771397991,68086.55771397991,False,22,1
Nyle DiMarco,23.0,1.0,0.0,0.09704843492671698,97048.43492671699,False,22,1
Paige VanZant,21.0,4.0,0.0,0.0877019698394156,87701.9698394156,False,22,1
Von Miller,21.0,4.0,0.0,0.0877019698394156,87701.9698394156,False,22,1
Wanya Morris,23.0,1.0,0.0,0.09704843492671698,97048.43492671699,False,22,1
Antonio Brown,19.0,9.0,-0.07679680203293437,0.08399270662725553,83992.70662725552,False,22,2
Doug Flutie,20.0,5.0,-0.10914063682147625,0.0853493720244195,85349.3720244195,False,22,2
Geraldo Rivera,13.0,12.0,0.7781942369526919,0.11605236665564088,116052.36665564089,True,22,2
Ginger Zee,21.0,3.0,-0.1841147924362043,0.08203236383963892,82032.36383963893,False,22,2
Jodie Sweetin,21.0,3.0,-0.1829155614129894,0.08215224450022389,82152.2445002239,False,22,2
Kim Fields,19.0,9.0,-0.0768293978252839,0.08398969033422207,83989.69033422208,False,22,2
Marla Maples,20.0,5.0,-0.098758955812662,0.08638317949489033,86383.17949489033,False,22,2
Mischa Barton,15.0,11.0,-0.05175929948761545,0.06929517300537213,69295.17300537214,False,22,2
Nyle DiMarco,20.0,5.0,-0.10307864178411943,0.0859515127523447,85951.5127523447,False,22,2
Paige VanZant,24.0,1.0,-0.4058360177345385,0.06944128688821052,69441.28688821052,False,22,2
Von Miller,20.0,5.0,-0.10341449015004989,0.08591804189821706,85918.04189821705,False,22,2
Wanya Morris,24.0,1.0,-0.4058279973192336,0.06944206197956457,69442.06197956456,False,22,2
Antonio Brown,20.0,8.0,-0.019180234210703313,0.08579387203401384,85793.87203401384,False,22,3
Doug Flutie,20.0,8.0,-0.01918023421070323,0.08579387203401385,85793.87203401385,False,22,3
Ginger Zee,21.0,6.0,-0.020581998916104998,0.08981900699747726,89819.00699747726,False,22,3
Jodie Sweetin,23.0,3.0,-0.0854749940884806,0.0918602499427753,91860.24994277529,False,22,3
Kim Fields,22.0,5.0,-0.00982414254813693,0.09524023172094793,95240.23172094794,False,22,3
Marla Maples,21.0,6.0,-0.020585102572046245,0.08981872487653271,89818.72487653271,False,22,3
Mischa Barton,18.0,11.0,0.40689136502011225,0.11295738017887548,112957.38017887548,True,22,3
Nyle DiMarco,25.0,1.0,-0.2386193160566298,0.08342147004957856,83421.47004957857,False,22,3
Paige VanZant,23.0,3.0,-0.08547471040522973,0.09186027882722635,91860.27882722634,False,22,3
Von Miller,20.0,8.0,-0.019177168207141528,0.08579412556699155,85794.12556699156,False,22,3
Wanya Morris,24.0,2.0,-0.16423520614221476,0.0876407877715671,87640.7877715671,False,22,3
Antonio Brown,35.0,3.0,-0.11099385703024651,0.10139816288575164,101398.16288575163,False,22,4
Doug Flutie,24.0,10.0,-0.008231224266095863,0.07979077397018049,79790.77397018048,False,22,4
Ginger Zee,36.0,1.0,-0.1623082222696522,0.09826324978531091,98263.24978531091,False,22,4
Jodie Sweetin,27.0,9.0,-0.009662871100346205,0.08785125477614908,87851.25477614909,False,22,4
Kim Fields,32.0,6.0,-0.01235943996844411,0.10303711845398907,103037.11845398907,False,22,4
Marla Maples,28.0,8.0,0.3247549356211684,0.12334161874662175,123341.61874662175,True,22,4
Nyle DiMarco,34.0,5.0,-0.057535101201272545,0.10453123323428655,104531.23323428656,False,22,4
Paige VanZant,36.0,1.0,-0.17020591332984977,0.0973519470486904,97351.94704869039,False,22,4
Von Miller,32.0,6.0,-0.01235954852508858,0.10303710672418796,103037.10672418796,False,22,4
Wanya Morris,35.0,3.0,-0.11099926115620973,0.10139753437483208,101397.53437483207,False,22,4
Antonio Brown,26.0,9.0,0.0,0.09485314053303216,94853.14053303216,False,22,5
Doug Flutie,28.0,7.0,0.0,0.10124539238671387,101245.39238671387,False,22,5
Ginger Zee,32.0,3.0,0.0,0.11535126835501365,115351.26835501366,False,22,5
Jodie Sweetin,35.0,2.0,0.0,0.12720603149872578,127206.03149872577,False,22,5
Kim Fields,28.0,7.0,0.0,0.10124539238671387,101245.39238671387,False,22,5
Nyle DiMarco,37.0,1.0,0.0,0.13577857834406776,135778.57834406776,False,22,5
Paige VanZant,31.0,4.0,0.0,0.11165048080275747,111650.48080275746,False,22,5
Von Miller,29.0,6.0,0.0,0.10460129094777759,104601.2909477776,False,22,5
Wanya Morris,30.0,5.0,0.0,0.10806842474519786,108068.42474519786,False,22,5
Antonio Brown,27.0,3.0,-0.10761714350341484,0.11047276730785789,110472.7673078579,False,22,6
Doug Flutie,21.0,9.0,0.3940691208312312,0.1369046448225366,136904.6448225366,True,22,6
Ginger Zee,24.0,6.0,-0.025543908344619597,0.1072841229160103,107284.12291601031,False,22,6
Jodie Sweetin,25.0,4.0,-0.02710988862223904,0.11152017522198808,111520.17522198807,False,22,6
Kim Fields,24.0,6.0,-0.0255439056413327,0.10728412320419742,107284.12320419741,False,22,6
Nyle DiMarco,25.0,4.0,-0.027109889486376774,0.11152017512223826,111520.17512223826,False,22,6
Paige VanZant,28.0,2.0,-0.17458967817473872,0.1060675136405909,106067.5136405909,False,22,6
Von Miller,24.0,6.0,-0.025543903107105984,0.10728412347436168,107284.12347436168,False,22,6
Wanya Morris,29.0,1.0,-0.2383805098654048,0.10166235429021882,101662.35429021882,False,22,6
Antonio Brown,26.0,5.0,-0.001794317222854632,0.121560463116418,121560.46311641799,False,22,7
Ginger Zee,27.5,2.0,-0.01712647712630758,0.1265609918019021,126560.99180190211,False,22,7
Jodie Sweetin,25.5,8.0,-0.0017440855992659377,0.11931357670263776,119313.57670263776,False,22,7
Kim Fields,26.0,5.0,0.09506633111850879,0.13359219941392422,133592.19941392422,True,22,7
Nyle DiMarco,28.0,1.0,-0.052267461292422115,0.12424640509068259,124246.40509068259,False,22,7
Paige VanZant,27.5,2.0,-0.016956475658929163,0.12658316778923304,126583.16778923303,False,22,7
Von Miller,26.0,5.0,-0.0017943172965308432,0.12156046310769125,121560.46310769125,True,22,7
Wanya Morris,27.5,2.0,-0.016959808646162457,0.12658273297751105,126582.73297751104,False,22,7
Antonio Brown,27.0,5.0,0.0,0.15959245775606556,159592.45775606556,False,22,8
Ginger Zee,30.0,1.0,0.0,0.17752870292661665,177528.70292661665,False,22,8
Jodie Sweetin,30.0,1.0,0.0,0.17752870292661665,177528.70292661665,True,22,8
Nyle DiMarco,29.0,3.0,0.0,0.17133648025942838,171336.48025942838,False,22,8
Paige VanZant,28.0,4.0,0.0,0.16536024306911196,165360.24306911195,False,22,8
Wanya Morris,25.0,6.0,0.0,0.1486534130621608,148653.41306216078,False,22,8
Antonio Brown,27.5,5.0,0.06916204603540671,0.20553502011924715,205535.02011924714,True,22,9
Ginger Zee,28.0,4.0,-0.002513329032592907,0.19522387758474744,195223.87758474745,False,22,9
Nyle DiMarco,28.5,3.0,-0.003920110280607211,0.19837921004956188,198379.2100495619,False,22,9
Paige VanZant,29.5,2.0,-0.07141356406760463,0.19159775813659413,191597.75813659414,False,22,9
Wanya Morris,30.0,1.0,-0.0027895430301823195,0.20926413410984945,209264.13410984946,True,22,9
Ginger Zee,28.3332,3.0,0.0,0.32570048782625693,325700.48782625695,False,22,10
Nyle DiMarco,28.9998,2.0,0.0,0.33327384941669286,333273.84941669286,False,22,10
Paige VanZant,29.666600000000003,1.0,0.0,0.34102566275705026,341025.66275705025,False,22,10
Amber Rose,24.0,9.0,0.0,0.07229116922101783,72291.16922101783,False,23,1
Babyface,26.0,5.0,0.0,0.078217222486627,78217.22248662701,False,23,1
Calvin Johnson Jr.,26.0,5.0,0.0,0.078217222486627,78217.22248662701,False,23,1
Jake T. Austin,22.0,11.0,0.0,0.0668140977293759,66814.09772937589,False,23,1
James Hinchcliffe,31.0,1.0,0.0,0.095245670287494,95245.67028749401,False,23,1
Jana Kramer,27.0,3.0,0.0,0.0813600038530717,81360.0038530717,False,23,1
Laurie Hernandez,31.0,1.0,0.0,0.095245670287494,95245.67028749401,False,23,1
Marilu Henner,27.0,3.0,0.0,0.0813600038530717,81360.0038530717,False,23,1
Maureen McCormick,22.0,11.0,0.0,0.0668140977293759,66814.09772937589,False,23,1
Rick Perry,20.0,13.0,0.0,0.06175199133579239,61751.991335792394,False,23,1
Ryan Lochte,24.0,9.0,0.0,0.07229116922101783,72291.16922101783,False,23,1
Terra Jole,25.0,7.0,0.0,0.07519584075451749,75195.84075451749,False,23,1
Vanilla Ice,25.0,7.0,0.0,0.07519584075451749,75195.84075451749,False,23,1
Amber Rose,24.0,10.0,-0.012170261261162886,0.06886333750296118,68863.33750296118,False,23,2
Babyface,30.0,3.0,-0.07838286721218468,0.07990029202186175,79900.29202186175,False,23,2
Calvin Johnson Jr.,28.0,6.0,-0.015195349749907114,0.07967760351874967,79677.60351874967,False,23,2
Jake T. Austin,24.0,10.0,0.36559572954650554,0.09694512126433202,96945.12126433202,True,23,2
James Hinchcliffe,29.0,4.0,-0.014666478204000898,0.08274122668167105,82741.22668167105,False,23,2
Jana Kramer,29.0,4.0,-0.014673479710499739,0.0827405929161194,82740.5929161194,False,23,2
Laurie Hernandez,32.0,1.0,-0.197093224177311,0.07421825504625935,74218.25504625935,False,23,2
Marilu Henner,27.0,7.0,-0.014399992896470681,0.07683404086425913,76834.04086425914,False,23,2
Maureen McCormick,26.0,8.0,-0.013631488682243828,0.07408556301572611,74085.5630157261,False,23,2
Rick Perry,22.0,13.0,-0.01080314070874661,0.0639901119784733,63990.1119784733,False,23,2
Ryan Lochte,24.0,10.0,-0.012170226911753066,0.06886333964455667,68863.33964455666,False,23,2
Terra Jole,31.0,2.0,-0.13911911493484164,0.07705495429267886,77054.95429267886,False,23,2
Vanilla Ice,26.0,8.0,-0.013631512949395845,0.07408556125235151,74085.56125235152,False,23,2
Amber Rose,25.0,8.0,-0.019279867025511342,0.07788610299078834,77886.10299078833,False,23,3
Babyface,25.0,8.0,-0.019282783068986568,0.07788588601792282,77885.88601792282,False,23,3
Calvin Johnson Jr.,32.0,1.0,-0.2256095939287185,0.07867127384052448,78671.27384052449,False,23,3
James Hinchcliffe,29.0,4.0,-0.04539998041635938,0.0879006431820523,87900.6431820523,False,23,3
Jana Kramer,26.0,7.0,-0.020393561772492363,0.08077095060662082,80770.95060662081,False,23,3
Laurie Hernandez,31.0,2.0,-0.16823242287724224,0.08174916125589642,81749.16125589641,False,23,3
Marilu Henner,28.0,5.0,-0.022739385697901626,0.08683197991778531,86831.97991778531,False,23,3
Maureen McCormick,28.0,5.0,-0.022739385697901605,0.08683197991778531,86831.97991778531,False,23,3
Rick Perry,23.0,11.0,0.4205517334041184,0.10636358123300081,106363.5812330008,True,23,3
Ryan Lochte,25.0,8.0,-0.019280601081121913,0.07788604837215299,77886.04837215299,False,23,3
Terra Jole,30.0,3.0,-0.10827913614409314,0.08482591876070132,84825.91876070132,False,23,3
Vanilla Ice,23.0,11.0,-0.017160482368110096,0.07239647390476898,72396.47390476898,False,23,3
Amber Rose,24.0,4.0,-0.02039266138798461,0.09674914837725428,96749.14837725427,False,23,4
Babyface,18.0,11.0,0.5680212102714961,0.11988396574898294,119883.96574898294,True,23,4
Calvin Johnson Jr.,23.0,6.0,-0.050460504178239954,0.08966765531952206,89667.65531952206,False,23,4
James Hinchcliffe,28.0,2.0,-0.29433726121420456,0.0815702516303,81570.2516303,False,23,4
Jana Kramer,23.0,6.0,-0.05046053026621296,0.08966765287235991,89667.6528723599,False,23,4
Laurie Hernandez,30.0,1.0,-0.4136833800486312,0.07390697205651252,73906.97205651252,False,23,4
Marilu Henner,21.0,10.0,-0.04415560667458898,0.08274425598174354,82744.25598174354,False,23,4
Maureen McCormick,24.0,4.0,-0.01916176826863129,0.09687923400223739,96879.23400223738,False,23,4
Ryan Lochte,22.0,9.0,-0.046407654251844475,0.08622642869996723,86226.42869996723,False,23,4
Terra Jole,25.0,3.0,-0.09372675533087553,0.09306421895569865,93064.21895569866,False,23,4
Vanilla Ice,23.0,6.0,-0.050753062026424135,0.08964021635542144,89640.21635542143,True,23,4
Amber Rose,24.0,6.0,0.0,0.10431299325569367,104312.99325569367,False,23,5
Calvin Johnson Jr.,24.0,6.0,0.0,0.10431299325569367,104312.99325569367,False,23,5
James Hinchcliffe,29.0,1.0,0.0,0.12685543156857246,126855.43156857246,False,23,5
Jana Kramer,26.0,4.0,0.0,0.11280456404199934,112804.56404199934,False,23,5
Laurie Hernandez,25.0,5.0,0.0,0.10847571953264261,108475.71953264262,False,23,5
Marilu Henner,27.0,2.0,0.0,0.1173061559170055,117306.1559170055,False,23,5
Maureen McCormick,24.0,6.0,0.0,0.10431299325569367,104312.99325569367,False,23,5
Ryan Lochte,24.0,6.0,0.0,0.10431299325569367,104312.99325569367,False,23,5
Terra Jole,27.0,2.0,0.0,0.1173061559170055,117306.1559170055,False,23,5
Amber Rose,28.0,9.0,0.4409761931501186,0.14266169346113847,142661.69346113846,True,23,6
Calvin Johnson Jr.,37.0,3.0,-0.11085633364012734,0.1131488331613765,113148.8331613765,False,23,6
James Hinchcliffe,38.0,2.0,-0.15908636136752574,0.10987513217888255,109875.13217888254,False,23,6
Jana Kramer,40.0,1.0,-0.25057761147190405,0.10331739137903863,103317.39137903863,False,23,6
Laurie Hernandez,37.0,3.0,-0.11082137007286963,0.11315338763526535,113153.38763526535,False,23,6
Marilu Henner,34.0,5.0,-0.034337059684209685,0.11291750257402203,112917.50257402203,False,23,6
Maureen McCormick,31.0,6.0,-0.030062557475855473,0.10361087268546877,103610.87268546877,False,23,6
Ryan Lochte,30.0,7.0,-0.02871122983808718,0.10065759313934451,100657.5931393445,False,23,6
Terra Jole,30.0,7.0,-0.02871122296134766,0.10065759378546321,100657.5937854632,False,23,6
Calvin Johnson Jr.,37.0,1.0,-0.07995018384776358,0.12424578631168194,124245.78631168194,False,23,7
James Hinchcliffe,37.0,1.0,-0.08063691206251529,0.12415354172655504,124153.54172655505,False,23,7
Jana Kramer,34.5,3.0,-0.004264453667237241,0.125380530395658,125380.530395658,False,23,7
Laurie Hernandez,34.5,3.0,-0.004264453667234524,0.12538053039565833,125380.53039565832,False,23,7
Marilu Henner,32.0,8.0,-0.0037812789684082086,0.11663402984182165,116634.02984182166,False,23,7
Maureen McCormick,33.0,6.0,0.1461455964909048,0.13876481766178836,138764.81766178837,True,23,7
Ryan Lochte,33.0,6.0,-0.00393560529685129,0.12006245082495949,120062.4508249595,False,23,7
Terra Jole,34.5,3.0,-0.004281992267845607,0.1253783128418771,125378.3128418771,False,23,7
Calvin Johnson Jr.,30.0,3.0,-0.026929552442237655,0.15033100503463953,150331.00503463953,False,23,8
James Hinchcliffe,34.9998,1.0,-0.25260511398079066,0.13465649105093608,134656.49105093608,False,23,8
Jana Kramer,30.0,3.0,-0.026929552189823083,0.15033100507596192,150331.00507596193,False,23,8
Laurie Hernandez,33.0,2.0,-0.1478104946453058,0.1446047486212147,144604.7486212147,False,23,8
Marilu Henner,23.0,7.0,-0.018421960860592463,0.11823668369950142,118236.68369950143,False,23,8
Ryan Lochte,26.0,5.0,0.31026961537981856,0.17943195489958533,179431.95489958534,True,23,8
Terra Jole,24.0,6.0,-0.019522295470936646,0.12240811161816106,122408.11161816107,False,23,8
Calvin Johnson Jr.,37.0,4.0,-0.0017219268176155186,0.16535905311853205,165359.05311853206,False,23,9
James Hinchcliffe,36.0,5.0,0.0005841643558748813,0.16134043327282085,161340.43327282087,False,23,9
Jana Kramer,40.0,1.0,-0.09687304367231339,0.16179231241682815,161792.31241682815,False,23,9
Laurie Hernandez,40.0,1.0,-0.09687304367231322,0.1617923124168282,161792.3124168282,False,23,9
Marilu Henner,36.0,5.0,0.11030291787304615,0.1794131108689767,179413.1108689767,True,23,9
Terra Jole,38.0,3.0,0.000847492015143824,0.170302777906014,170302.777906014,False,23,9
Calvin Johnson Jr.,28.0,5.0,0.0,0.1912582586560258,191258.2586560258,False,23,10
James Hinchcliffe,29.5,3.0,0.0,0.20130460195033803,201304.60195033802,False,23,10
Jana Kramer,29.0,4.0,0.0,0.19789851466983913,197898.51466983912,False,23,10
Laurie Hernandez,30.0,1.0,0.0,0.20476931236189852,204769.3123618985,False,23,10
Terra Jole,30.0,1.0,0.0,0.20476931236189852,204769.3123618985,True,23,10
Calvin Johnson Jr.,38.3331,3.0,-0.0240767794794778,0.24807931139372258,248079.31139372257,False,23,11
James Hinchcliffe,38.9998,2.0,-0.05794827347789744,0.24370400964295916,243704.00964295916,False,23,11
Jana Kramer,35.5,4.0,0.13062597058428868,0.2667037876422409,266703.7876422409,True,23,11
Laurie Hernandez,39.333200000000005,1.0,-0.07458344047305723,0.24151289132107742,241512.89132107742,False,23,11
Bonner Bolton,22.0,9.0,0.0,0.07238423407064248,72384.23407064249,False,24,1
Charo,21.0,10.0,0.0,0.06956443288000742,69564.43288000743,False,24,1
Chris Kattan,17.0,12.0,0.0,0.05934174478018147,59341.74478018147,False,24,1
David Ross,28.0,3.0,0.0,0.09187225782174985,91872.25782174985,False,24,1
Erika Jayne,24.0,7.0,0.0,0.07837137241442468,78371.37241442468,False,24,1
Heather Morris,28.0,3.0,0.0,0.09187225782174985,91872.25782174985,False,24,1
Mr. T,20.0,11.0,0.0,0.06685447990227111,66854.47990227111,False,24,1
Nancy Kerrigan,28.0,3.0,0.0,0.09187225782174985,91872.25782174985,False,24,1
Nick Viall,24.0,7.0,0.0,0.07837137241442468,78371.37241442468,False,24,1
Normani,27.0,6.0,0.0,0.08829328091720355,88293.28091720355,False,24,1
Rashad Jennings,31.0,2.0,0.0,0.10350339439584073,103503.39439584073,False,24,1
Simone Biles,32.0,1.0,0.0,0.1076989147597542,107698.9147597542,False,24,1
Bonner Bolton,28.0,5.0,-0.03216779839404619,0.08638145333605855,86381.45333605855,False,24,2
Charo,25.0,9.0,-0.026588261345228677,0.07767763214785559,77677.63214785559,False,24,2
Chris Kattan,22.0,11.0,0.49400311259384394,0.10781696408706054,107816.96408706054,True,24,2
David Ross,27.0,8.0,-0.029756041939611757,0.08343656330699269,83436.56330699268,False,24,2
Erika Jayne,28.0,5.0,-0.03219370460319448,0.08637904573428679,86379.04573428679,False,24,2
Heather Morris,30.0,3.0,-0.12693925719543733,0.08342128940862156,83421.28940862157,False,24,2
Mr. T,22.0,11.0,-0.022234149755997353,0.06968878804190083,69688.78804190083,False,24,2
Nancy Kerrigan,28.0,5.0,-0.0320496753420952,0.08639243198998794,86392.43198998795,False,24,2
Nick Viall,25.0,9.0,-0.026588277391912763,0.07767763095048225,77677.63095048224,False,24,2
Normani,32.0,1.0,-0.24317865924465445,0.07732917177126465,77329.17177126465,False,24,2
Rashad Jennings,32.0,1.0,-0.24323698433604135,0.07732362626125568,77323.62626125567,False,24,2
Simone Biles,29.0,4.0,-0.06456581153425207,0.08647540296423296,86475.40296423297,False,24,2
Bonner Bolton,24.0,9.0,-0.02321646356499467,0.07802275624382966,78022.75624382966,False,24,3
Charo,24.0,9.0,0.4756266942822583,0.12069417051984063,120694.17051984063,True,24,3
David Ross,31.0,5.0,-0.04023657700286571,0.09819223560545468,98192.23560545467,False,24,3
Erika Jayne,26.0,7.0,-0.02591978934920583,0.08356509128069654,83565.09128069655,False,24,3
Heather Morris,33.0,2.0,-0.1514813569135291,0.09212090908728024,92120.90908728023,False,24,3
Mr. T,24.0,9.0,-0.02321648228030166,0.07802275496680608,78022.75496680608,False,24,3
Nancy Kerrigan,33.0,2.0,-0.15147712554570017,0.09212137781806246,92121.37781806245,False,24,3
Nick Viall,26.0,7.0,-0.02592429370217802,0.08356473466605975,83564.73466605975,False,24,3
Normani,34.0,1.0,-0.20472694889867002,0.08894814193521633,88948.14193521634,False,24,3
Rashad Jennings,28.0,6.0,-0.028790541930569232,0.08945058447500943,89450.58447500944,False,24,3
Simone Biles,32.0,4.0,-0.09589369743937363,0.09529724340174409,95297.24340174408,False,24,3
Bonner Bolton,32.0,5.0,-0.0073818130540944165,0.09995988597041768,99959.88597041767,False,24,4
David Ross,31.0,7.0,-0.007038388851870647,0.09690776414294432,96907.76414294432,False,24,4
Erika Jayne,30.0,8.0,-0.006706020826871722,0.09394581246343235,93945.81246343235,False,24,4
Heather Morris,35.0,3.0,-0.07794203820980282,0.1015771588347029,101577.1588347029,False,24,4
Mr. T,28.0,10.0,0.3694577391376704,0.12304977838669583,123049.77838669582,True,24,4
Nancy Kerrigan,33.0,4.0,-0.007736824050151139,0.10310465343515103,103104.65343515103,False,24,4
Nick Viall,30.0,8.0,-0.006706021777653484,0.09394581237881243,93945.81237881244,False,24,4
Normani,32.0,5.0,-0.007381813021549027,0.09995988597370513,99959.88597370512,False,24,4
Rashad Jennings,39.0,1.0,-0.2794535216000687,0.08904245060773297,89042.45060773297,False,24,4
Simone Biles,36.0,2.0,-0.1305536291751817,0.09850679780640535,98506.79780640535,False,24,4
Bonner Bolton,30.0,8.0,-0.008104785277310619,0.09958682637580005,99586.82637580005,False,24,5
David Ross,29.0,9.0,-0.007731327651804438,0.09669293524504416,96692.93524504417,False,24,5
Erika Jayne,32.0,6.0,0.22726783524929275,0.1325632661591558,132563.2661591558,True,24,5
Heather Morris,34.0,4.0,-0.009714740396569815,0.1120163558965446,112016.3558965446,False,24,5
Nancy Kerrigan,36.0,3.0,-0.007797402714073115,0.11913449593394813,119134.49593394813,False,24,5
Nick Viall,34.0,4.0,-0.00971494675331664,0.1120163322727662,112016.3322727662,False,24,5
Normani,39.0,1.0,-0.1557672163022836,0.1095370194101875,109537.0194101875,False,24,5
Rashad Jennings,32.0,6.0,-0.008886989732434184,0.10562633145895117,105626.33145895117,False,24,5
Simone Biles,38.0,2.0,-0.10764677287908611,0.11282643724760234,112826.43724760234,False,24,5
Bonner Bolton,31.5,6.0,0.0,0.11708030985089926,117080.30985089926,False,24,6
David Ross,31.0,7.0,0.0,0.11535221880319405,115352.21880319405,False,24,6
Heather Morris,37.0,1.0,0.0,0.13788622402912015,137886.22402912015,True,24,6
Nancy Kerrigan,33.5,5.0,0.0,0.12425546677677277,124255.46677677277,False,24,6
Nick Viall,30.5,8.0,0.0,0.11364963416790748,113649.63416790748,False,24,6
Normani,36.0,2.0,0.0,0.13384589550249876,133845.89550249875,False,24,6
Rashad Jennings,35.0,3.0,0.0,0.1299239562835691,129923.95628356909,False,24,6
Simone Biles,34.5,4.0,0.0,0.12800629458603852,128006.29458603852,False,24,6
Bonner Bolton,31.0,7.0,-0.004199542027649602,0.12399121323388432,123991.21323388432,False,24,7
David Ross,32.0,6.0,-0.004389710753114923,0.12747067878306806,127470.67878306806,False,24,7
Nancy Kerrigan,36.0,4.0,0.14372036539025168,0.16539681472850135,165396.81472850134,True,24,7
Nick Viall,34.0,5.0,-0.004785156997215229,0.13471904048519004,134719.04048519005,True,24,7
Normani,42.0,1.0,-0.1514453507041058,0.14168141368278794,141681.41368278794,False,24,7
Rashad Jennings,39.0,2.0,-0.013480336067222664,0.15337041949733804,153370.41949733804,False,24,7
Simone Biles,39.0,2.0,-0.013480335517827914,0.15337041958923023,153370.41958923024,False,24,7
Bonner Bolton,29.0,5.0,0.3373548759403373,0.23953006161842139,239530.06161842137,True,24,8
David Ross,32.5,4.0,-0.03513553482858134,0.19089636782172953,190896.36782172954,False,24,8
Normani,39.5,1.0,-0.2577692494447812,0.17935722686165323,179357.22686165324,False,24,8
Rashad Jennings,37.5,2.0,-0.16413994235350923,0.19081853190878262,190818.5319087826,False,24,8
Simone Biles,36.0,3.0,-0.08934337221790462,0.19939781178941315,199397.81178941316,False,24,8
David Ross,35.0,4.0,0.0,0.23146185367692382,231461.8536769238,False,24,9
Normani,38.0,3.0,0.0,0.2505411057335233,250541.1057335233,False,24,9
Rashad Jennings,38.5,2.0,0.0,0.2538705069698892,253870.50696988922,False,24,9
Simone Biles,40.0,1.0,0.0,0.2641265336196637,264126.5336196637,True,24,9
David Ross,36.3333,3.0,0.0,0.31528516089783404,315285.16089783405,False,24,10
Normani,39.333200000000005,2.0,0.0,0.3408729205436628,340872.9205436628,False,24,10
Rashad Jennings,39.6666,1.0,0.0,0.3438419185585032,343841.9185585032,False,24,10
Barbara Corcoran,14.0,13.0,0.0,0.060088905979043886,60088.905979043884,False,25,1
Debbie Gibson,17.0,10.0,0.0,0.07073957303924573,70739.57303924573,False,25,1
Derek Fisher,18.0,7.0,0.0,0.07469390184741846,74693.90184741846,False,25,1
Drew Scott,16.0,11.0,0.0,0.0669945881793258,66994.5881793258,False,25,1
Frankie Muniz,19.0,5.0,0.0,0.07886927689111864,78869.27689111864,False,25,1
Jordan Fisher,22.0,1.0,0.0,0.09284873609011172,92848.73609011172,False,25,1
Lindsey Stirling,22.0,1.0,0.0,0.09284873609011172,92848.73609011172,False,25,1
Nick Lachey,18.0,7.0,0.0,0.07469390184741846,74693.90184741846,False,25,1
Nikki Bella,20.0,4.0,0.0,0.08327805461327531,83278.05461327531,False,25,1
Sasha Pieterse,18.0,7.0,0.0,0.07469390184741846,74693.90184741846,False,25,1
Terrell Owens,15.0,12.0,0.0,0.06344786450474336,63447.86450474337,False,25,1
Vanessa Lachey,21.0,3.0,0.0,0.08793328217964975,87933.28217964976,False,25,1
Victoria Arlen,19.0,5.0,0.0,0.07886927689111864,78869.27689111864,False,25,1
Barbara Corcoran,17.0,13.0,0.47584881463841266,0.09873875519434396,98738.75519434396,True,25,2
Debbie Gibson,20.5,7.0,-0.023082816770833757,0.07667664869243754,76676.64869243753,True,25,2
Derek Fisher,19.0,11.0,-0.020230177641558232,0.07145789631956971,71457.89631956971,False,25,2
Drew Scott,20.5,7.0,-0.024008121350342075,0.07660403224384163,76604.03224384163,False,25,2
Frankie Muniz,24.0,1.0,-0.20488795350996997,0.07314460524748706,73144.60524748707,False,25,2
Jordan Fisher,24.0,1.0,-0.20488753677704807,0.07314464178933461,73144.64178933461,False,25,2
Lindsey Stirling,22.5,4.0,-0.08755793657270451,0.07862812569742723,78628.12569742724,False,25,2
Nick Lachey,19.0,11.0,-0.02126728802355762,0.0713875965124299,71387.5965124299,False,25,2
Nikki Bella,19.5,9.0,-0.022199183804886596,0.07308772908387144,73087.72908387144,False,25,2
Sasha Pieterse,22.5,4.0,-0.08756366604447818,0.0786276193919016,78627.61939190161,False,25,2
Terrell Owens,19.5,9.0,-0.022334548976408297,0.07307809309196436,73078.09309196436,False,25,2
Vanessa Lachey,23.5,3.0,-0.16696142485522247,0.07497087922469411,74970.87922469412,False,25,2
Victoria Arlen,22.0,6.0,-0.04593773486617658,0.08045337751069694,80453.37751069694,False,25,2
Derek Fisher,21.0,6.0,0.0,0.08578668136124842,85786.68136124843,False,25,3
Drew Scott,23.0,3.0,0.0,0.0938809696913584,93880.96969135839,False,25,3
Frankie Muniz,21.0,6.0,0.0,0.08578668136124842,85786.68136124843,False,25,3
Jordan Fisher,25.0,2.0,0.0,0.10273898384150632,102738.98384150631,False,25,3
Lindsey Stirling,27.0,1.0,0.0,0.11243278414663517,112432.78414663517,False,25,3
Nick Lachey,21.0,6.0,0.0,0.08578668136124842,85786.68136124843,False,25,3
Nikki Bella,21.0,6.0,0.0,0.08578668136124842,85786.68136124843,False,25,3
Sasha Pieterse,19.0,11.0,0.0,0.07839027145939019,78390.27145939019,False,25,3
Terrell Owens,21.0,6.0,0.0,0.08578668136124842,85786.68136124843,False,25,3
Vanessa Lachey,23.0,3.0,0.0,0.0938809696913584,93880.96969135839,False,25,3
Victoria Arlen,22.0,5.0,0.0,0.08974261436350951,89742.6143635095,False,25,3
Derek Fisher,23.0,10.0,0.2461330195183583,0.10876739357690134,108767.39357690133,True,25,4
Drew Scott,24.0,4.0,-0.010617076361928608,0.08881104047246635,88811.04047246635,False,25,4
Frankie Muniz,24.0,4.0,-0.01061707636192861,0.08881104047246635,88811.04047246635,False,25,4
Jordan Fisher,29.0,1.0,-0.20202207447985512,0.08662709764551707,86627.09764551707,False,25,4
Lindsey Stirling,26.0,3.0,-0.016163447102838877,0.09578988599286056,95789.88599286057,False,25,4
Nick Lachey,22.0,11.0,-0.009368854019562566,0.08194522149380051,81945.22149380052,False,25,4
Nikki Bella,24.0,4.0,-0.010617076769848835,0.08881104043661481,88811.04043661481,False,25,4
Sasha Pieterse,24.0,4.0,-0.010617076769848834,0.08881104043661481,88811.04043661481,False,25,4
Terrell Owens,24.0,4.0,-0.01061707607105258,0.08881104049803108,88811.04049803109,False,25,4
Vanessa Lachey,24.0,4.0,-0.010617076219179854,0.08881104048501237,88811.04048501237,False,25,4
Victoria Arlen,27.0,2.0,-0.06950456933604876,0.09400415848971479,94004.15848971478,False,25,4
Drew Scott,25.0,6.0,-0.009829917887153752,0.09620127147701223,96201.27147701223,False,25,5
Frankie Muniz,29.0,2.0,-0.10718808663776279,0.1005616358405084,100561.63584050839,False,25,5
Jordan Fisher,30.0,1.0,-0.16952650041790276,0.09680291001868356,96802.91001868356,False,25,5
Lindsey Stirling,28.0,3.0,-0.040553991000013195,0.10444840281305255,104448.40281305255,False,25,5
Nick Lachey,22.0,10.0,-0.008203573425009453,0.08580314433435925,85803.14433435924,False,25,5
Nikki Bella,27.0,4.0,-0.011018523415638823,0.10379101221011655,103791.01221011655,False,25,5
Sasha Pieterse,24.0,8.0,0.26587081667997436,0.11979144481096647,119791.44481096647,True,25,5
Terrell Owens,25.0,6.0,-0.009829917716936386,0.09620127149296855,96201.27149296855,False,25,5
Vanessa Lachey,24.0,8.0,-0.009267990151533307,0.09260789476778196,92607.89476778195,False,25,5
Victoria Arlen,27.0,4.0,-0.011018523191942204,0.10379101223455035,103791.01223455035,False,25,5
Drew Scott,30.0,8.0,-0.04266509788090722,0.10163223806253603,101632.23806253604,False,25,6
Frankie Muniz,31.0,6.0,-0.04465043043611072,0.10458150833750254,104581.50833750254,False,25,6
Jordan Fisher,39.0,2.0,-0.24527357339194747,0.10397708882732754,103977.08882732753,False,25,6
Lindsey Stirling,40.0,1.0,-0.28914287129111904,0.10070901566215704,100709.01566215703,False,25,6
Nick Lachey,26.0,9.0,0.5447054972649766,0.14646064247644539,146460.64247644538,True,25,6
Nikki Bella,36.0,4.0,-0.10402705301754885,0.1137776483539486,113777.6483539486,False,25,6
Terrell Owens,37.0,3.0,-0.1529493862344184,0.11050421912435435,110504.21912435435,False,25,6
Vanessa Lachey,36.0,4.0,-0.1040018755867664,0.11378094162675534,113780.94162675533,False,25,6
Victoria Arlen,31.0,6.0,-0.044696899177325326,0.10457669752897306,104576.69752897306,False,25,6
Drew Scott,28.5,2.0,-0.07852803639213526,0.12463722925621472,124637.22925621472,False,25,7
Frankie Muniz,30.0,1.0,-0.1750567840757266,0.1176608165669886,117660.8165669886,False,25,7
Jordan Fisher,27.0,4.0,-0.014065034378051428,0.12634825239802136,126348.25239802136,False,25,7
Lindsey Stirling,25.5,6.0,-0.012930398287844992,0.11956548439647757,119565.48439647758,False,25,7
Nikki Bella,24.0,8.0,0.2642175638352903,0.14556777507556387,145567.77507556387,True,25,7
Terrell Owens,24.5,7.0,-0.012207329710429631,0.11523527982300058,115235.27982300059,False,25,7
Vanessa Lachey,27.0,4.0,-0.014065027009675107,0.12634825335457728,126348.25335457727,True,25,7
Victoria Arlen,28.5,2.0,-0.07853040462686012,0.12463690912915608,124636.90912915608,False,25,7
Drew Scott,23.5,6.0,-0.007059768935777672,0.15127481096415304,151274.81096415303,False,25,8
Frankie Muniz,26.5,3.0,-0.008421416485453422,0.16958783664498978,169587.8366449898,False,25,8
Jordan Fisher,30.0,1.0,-0.1651103052665281,0.16167722799729117,161677.22799729116,False,25,8
Lindsey Stirling,27.0,2.0,-0.008664031671152133,0.17284050020399935,172840.50020399934,False,25,8
Terrell Owens,25.5,4.0,0.1475287155393761,0.1904311786241376,190431.1786241376,True,25,8
Victoria Arlen,24.0,5.0,-0.0072760957227467485,0.15418844556542902,154188.44556542902,False,25,8
Drew Scott,24.0,5.0,0.0002443004157361633,0.1786245332741087,178624.53327410872,False,25,9
Frankie Muniz,25.5,4.0,0.00026637800439309705,0.18883934817089704,188839.34817089705,False,25,9
Jordan Fisher,29.0,1.0,-0.034224929024915744,0.2071719192417287,207171.9192417287,False,25,9
Lindsey Stirling,28.5,2.0,-0.0009090453224520246,0.21078474272347317,210784.74272347317,False,25,9
Victoria Arlen,28.0,3.0,0.03413090103980518,0.21457945658979252,214579.45658979253,True,25,9
Drew Scott,37.5,4.0,0.08095567847866991,0.2605993171835506,260599.31718355062,True,25,10
Frankie Muniz,38.8887,3.0,0.0015268394274122851,0.2501786129731104,250178.6129731104,False,25,10
Jordan Fisher,40.0,1.0,-0.04819884569732221,0.24460855883733396,244608.55883733396,False,25,10
Lindsey Stirling,40.0,1.0,-0.048179153718737856,0.24461351100600506,244613.51100600505,False,25,10
Adam Rippon,24.0,1.0,-0.16882279595440597,0.09848834367716267,98488.34367716266,False,26,1
Arike Ogunbowale,20.0,7.0,-0.014656657851618234,0.0973163862592225,97316.38625922249,False,26,1
Chris Mazdzer,21.0,5.0,-0.01562598844262956,0.10208676039404889,102086.76039404889,False,26,1
Jamie Anderson,19.0,8.0,0.2800439282176116,0.12233746036683943,122337.46036683943,True,26,1
Jennie Finch Daigle,21.0,5.0,-0.015599343033483449,0.10208959327807786,102089.59327807785,False,26,1
Johnny Damon,18.0,9.0,-0.012968263456125197,0.08838870923320698,88388.70923320697,True,26,1
Josh Norman,24.0,1.0,-0.16882365503765961,0.0984882429740796,98488.24297407959,False,26,1
Kareem Abdul-Jabbar,17.0,10.0,-0.01194050696753814,0.08423932209073356,84239.32209073356,False,26,1
Mirai Nagasu,23.0,3.0,-0.0910788793810657,0.1032749059000249,103274.9059000249,False,26,1
Tonya Harding,23.0,3.0,-0.09094841102989218,0.10329027582660352,103290.27582660352,False,26,1
Adam Rippon,37.0,1.0,-0.05259447754876657,0.13199470768635446,131994.70768635446,False,26,2
Arike Ogunbowale,35.0,3.0,0.05380966224525983,0.13947829936385928,139478.2993638593,True,26,2
Chris Mazdzer,33.0,4.0,-0.000787660325862555,0.12397229570118415,123972.29570118415,False,26,2
Jennie Finch Daigle,31.5,6.0,-0.0007378416150719528,0.11850106644878751,118501.0664487875,False,26,2
Josh Norman,31.5,6.0,-0.0007368219975745357,0.1185011811850777,118501.1811850777,False,26,2
Kareem Abdul-Jabbar,29.5,8.0,-0.0006769734230723936,0.11157850956944983,111578.50956944983,True,26,2
Mirai Nagasu,37.0,1.0,-0.05254723096450091,0.13200166386302276,132001.66386302275,False,26,2
Tonya Harding,33.0,4.0,-0.0007878185915364477,0.12397227618226427,123972.27618226426,False,26,2
Adam Rippon,41.0,1.0,-0.20337007611649696,0.15653748905964157,156537.48905964158,False,26,3
Chris Mazdzer,33.0,5.0,0.217670145852701,0.19445434066960163,194454.34066960163,True,26,3
Jennie Finch Daigle,29.0,6.0,0.004441772397483517,0.1413740253208247,141374.02532082467,True,26,3
Josh Norman,38.0,2.0,-0.061132797119061354,0.17075793001302136,170757.93001302137,False,26,3
Mirai Nagasu,35.0,3.0,0.005789588271456492,0.16843810743672152,168438.10743672153,True,26,3
Tonya Harding,35.0,3.0,0.005789588644769948,0.16843810750018923,168438.10750018922,False,26,3
Adam Rippon,29.0,1.0,0.0,0.339198084545142,339198.084545142,False,26,4
Josh Norman,28.5,2.0,0.0,0.3332991374077914,333299.1374077914,False,26,4
Tonya Harding,28.0,3.0,0.0,0.3275027780470667,327502.7780470667,False,26,4
Alexis Ren,22.0,3.0,-0.07311030667614599,0.0816926759348405,81692.6759348405,False,27,1
Bobby Bones,20.0,5.0,-0.02112704797687391,0.07828631825211602,78286.31825211602,False,27,1
Danelle Umstead,18.0,9.0,-0.0181854961860218,0.07086103743294506,70861.03743294506,False,27,1
DeMarcus Ware,23.0,1.0,-0.15444619512107335,0.07775682227196366,77756.82227196367,False,27,1
Evanna Lynch,18.0,9.0,-0.018148831272869443,0.07086348410499424,70863.48410499423,False,27,1
Joe Amabile,14.0,13.0,-0.012919612372189759,0.05792318573045433,57923.18573045433,False,27,1
John Schneider,18.0,9.0,-0.018148244622371204,0.07086352325322696,70863.52325322696,False,27,1
Juan Pablo Di Pace,22.0,3.0,-0.07308457323673914,0.08169509555760228,81695.09555760228,False,27,1
Mary Lou Retton,20.0,5.0,-0.02109472771227047,0.07828896575051919,78288.96575051919,False,27,1
Milo Manheim,20.0,5.0,-0.021126822653300036,0.07828633670907462,78286.33670907462,False,27,1
Nancy McKeon,19.5,8.0,-0.020362006069570848,0.07636678007577753,76366.78007577753,False,27,1
Nikki Glaser,17.5,12.0,0.37888468289138205,0.0993422021900923,99342.2021900923,True,27,1
Tinashe,23.0,1.0,-0.1542671855927768,0.07777357273639328,77773.57273639328,False,27,1
Alexis Ren,24.5,4.0,-0.08079005830027576,0.0866237094622966,86623.7094622966,False,27,2
Bobby Bones,19.5,10.0,-0.022651108376968234,0.0737665583592463,73766.5583592463,False,27,2
Danelle Umstead,18.5,11.0,0.48288699009765484,0.1088039742128851,108803.97421288509,True,27,2
DeMarcus Ware,23.5,6.0,-0.02636791657412679,0.08808178256217097,88081.78256217098,False,27,2
Evanna Lynch,24.0,5.0,-0.04268561826910136,0.08847172661133107,88471.72661133108,False,27,2
Joe Amabile,17.5,12.0,-0.0195751025074176,0.06753842724974836,67538.42724974836,False,27,2
John Schneider,21.5,8.0,-0.025972587869854326,0.08050331647314458,80503.31647314459,False,27,2
Juan Pablo Di Pace,26.0,1.0,-0.18865410374715239,0.0810784343105312,81078.4343105312,False,27,2
Mary Lou Retton,23.0,7.0,-0.02863999608002431,0.08590570933696545,85905.70933696545,False,27,2
Milo Manheim,26.0,1.0,-0.1886532949504504,0.08107851342904553,81078.51342904553,False,27,2
Nancy McKeon,20.5,9.0,-0.024279411932790533,0.07706967309382057,77069.67309382057,False,27,2
Tinashe,26.0,1.0,-0.18865675561417763,0.08107817489881412,81078.17489881412,False,27,2
Alexis Ren,26.0,5.0,-0.017061799809539462,0.09662236628333955,96622.36628333955,False,27,3
Bobby Bones,23.0,8.0,-0.016600578959654104,0.08545494776188432,85454.94776188432,False,27,3
DeMarcus Ware,26.0,5.0,-0.01565852240394679,0.09676984042096902,96769.84042096902,False,27,3
Evanna Lynch,27.0,2.0,-0.06627599881116927,0.09523556570717105,95235.56570717106,False,27,3
Joe Amabile,18.0,11.0,-0.01189351145492517,0.06982513212419042,69825.13212419042,False,27,3
John Schneider,21.0,10.0,-0.014615163469337115,0.07884763796139622,78847.63796139622,False,27,3
Juan Pablo Di Pace,30.0,1.0,-0.25817984822042556,0.08416600459692207,84166.00459692207,False,27,3
Mary Lou Retton,24.0,7.0,-0.01764945123186744,0.08894733486325739,88947.33486325739,False,27,3
Milo Manheim,27.0,2.0,-0.06639869490618017,0.09522237847366054,95222.37847366054,False,27,3
Nancy McKeon,22.0,9.0,0.33850003618711316,0.1136862907486642,113686.29074866419,True,27,3
Tinashe,27.0,2.0,-0.0663975542788872,0.0952225010585454,95222.5010585454,False,27,3
Alexis Ren,25.0,4.0,-0.001844198930692948,0.10695269243476158,106952.69243476157,False,27,4
Bobby Bones,20.0,9.0,-0.001336413804358933,0.08622895348608613,86228.95348608613,False,27,4
DeMarcus Ware,22.0,7.0,-0.0015272150195068273,0.09399074437112954,93990.74437112955,False,27,4
Evanna Lynch,24.0,5.0,-0.0017341057543840076,0.10244611117507843,102446.11117507843,False,27,4
Joe Amabile,15.0,10.0,-0.0009185252555545156,0.06950144267246966,69501.44267246965,False,27,4
John Schneider,21.0,8.0,-0.0014299199163211552,0.09002676426416033,90026.76426416033,False,27,4
Juan Pablo Di Pace,24.0,5.0,-0.0017341057543840044,0.10244611117507843,102446.11117507843,False,27,4
Mary Lou Retton,26.0,2.0,-0.001959079569962721,0.11165585300977425,111655.85300977425,False,27,4
Milo Manheim,29.0,1.0,-0.1033893008665672,0.11191034086028775,111910.34086028776,False,27,4
Tinashe,26.0,2.0,0.09731675006919262,0.12484098655117387,124840.98655117388,True,27,4
Alexis Ren,29.0,1.0,0.0,0.13108314512530464,131083.14512530464,False,27,5
Bobby Bones,21.0,8.0,0.0,0.09477517360458432,94775.17360458431,False,27,5
DeMarcus Ware,26.0,4.0,0.0,0.11607194285139423,116071.94285139423,False,27,5
Evanna Lynch,24.0,6.0,0.0,0.10703213481824163,107032.13481824163,False,27,5
Joe Amabile,17.0,9.0,0.0,0.08058764347463652,80587.64347463653,False,27,5
John Schneider,24.0,6.0,0.0,0.10703213481824163,107032.13481824163,False,27,5
Juan Pablo Di Pace,29.0,1.0,0.0,0.13108314512530464,131083.14512530464,False,27,5
Mary Lou Retton,25.0,5.0,0.0,0.11146043170509283,111460.43170509284,False,27,5
Milo Manheim,27.0,3.0,0.0,0.1208742484771996,120874.24847719961,False,27,5
Alexis Ren,27.0,4.0,-0.01543501174950178,0.11795218359159965,117952.18359159965,False,27,6
Bobby Bones,22.0,7.0,-0.010772052307150549,0.09717183519869335,97171.83519869336,False,27,6
DeMarcus Ware,26.0,5.0,-0.01367571650450895,0.11358299432114417,113582.99432114417,False,27,6
Evanna Lynch,29.0,3.0,-0.07819233110961409,0.1186617047247844,118661.7047247844,False,27,6
Joe Amabile,22.0,7.0,-0.01077205177745886,0.09717183524422021,97171.83524422022,False,27,6
John Schneider,19.0,9.0,-0.00884994941533159,0.0863693664433158,86369.3664433158,False,27,6
Juan Pablo Di Pace,30.0,1.0,-0.1399945739641535,0.1142963915291441,114296.3915291441,False,27,6
Mary Lou Retton,24.0,6.0,0.28890254722856523,0.14049726363525977,140497.26363525976,True,27,6
Milo Manheim,30.0,1.0,-0.13999432891179583,0.11429642531183866,114296.42531183866,False,27,6
Alexis Ren,27.5,4.0,-0.0033805071683825237,0.12647569953308113,126475.69953308113,False,27,7
Bobby Bones,26.5,6.0,-0.003199689905184172,0.12192049353323951,121920.49353323951,False,27,7
DeMarcus Ware,26.5,6.0,0.12491411779647063,0.13823124618409557,138231.24618409557,True,27,7
Evanna Lynch,29.5,1.0,-0.08583429648337212,0.12443818207495447,124438.18207495447,False,27,7
Joe Amabile,23.5,8.0,-0.002694096643526878,0.1092035646031148,109203.56460311479,False,27,7
John Schneider,27.0,5.0,-0.003284647237880827,0.12417809444830297,124178.09444830296,True,27,7
Juan Pablo Di Pace,28.0,3.0,-0.0034738277466066494,0.12881569810577856,128815.69810577856,False,27,7
Milo Manheim,29.0,2.0,-0.05300529490199714,0.12673702151743305,126737.02151743305,False,27,7
Alexis Ren,29.0,2.0,-0.201027757413439,0.15288767119775032,152887.67119775031,False,27,8
Bobby Bones,22.5,6.0,-0.015186435904766715,0.14686710247066304,146867.10247066303,False,27,8
Evanna Lynch,29.0,2.0,-0.20102773896609044,0.15288767444511456,152887.67444511456,False,27,8
Joe Amabile,23.0,5.0,0.24627473097564534,0.19015476776715232,190154.7677671523,True,27,8
Juan Pablo Di Pace,30.0,1.0,-0.02340540870350145,0.19499835024132145,194998.35024132146,True,27,8
Milo Manheim,27.5,4.0,-0.10326921873819944,0.16220443387799843,162204.43387799844,False,27,8
Alexis Ren,28.5,3.0,0.06609122060118171,0.2638905262775481,263890.5262775481,True,27,9
Bobby Bones,27.0,4.0,-0.0015339054321832778,0.23430244264874253,234302.44264874252,False,27,9
Evanna Lynch,30.0,1.0,-0.035661625828606165,0.25090351661608973,250903.51661608974,False,27,9
Milo Manheim,30.0,1.0,-0.035661634087462514,0.2509035144576196,250903.5144576196,False,27,9
Ally Brooke,16.0,7.0,0.0,0.08006001807393727,80060.01807393727,False,28,1
Hannah Brown,20.0,2.0,0.0,0.10214888456799966,102148.88456799966,False,28,1
James Van Der Beek,21.0,1.0,0.0,0.10856456957236703,108564.56957236702,False,28,1
Karamo Brown,17.0,5.0,0.0,0.08508836331312992,85088.36331312993,False,28,1
Kate Flannery,15.0,9.0,0.0,0.07532882575742411,75328.82575742411,False,28,1
Kel Mitchell,16.0,7.0,0.0,0.08006001807393727,80060.01807393727,False,28,1
Lamar Odom,11.0,12.0,0.0,0.059039579111734436,59039.579111734434,False,28,1
Lauren Alaina,19.0,3.0,0.0,0.09611233811903204,96112.33811903204,False,28,1
Mary Wilson,17.0,5.0,0.0,0.08508836331312992,85088.36331312993,False,28,1
Ray Lewis,15.0,9.0,0.0,0.07532882575742411,75328.82575742411,False,28,1
Sailor Brinkley-Cook,18.0,4.0,0.0,0.09043252481683005,90432.52481683005,False,28,1
Sean Spicer,12.0,11.0,0.0,0.06274768952305437,62747.689523054374,False,28,1
Ally Brooke,20.0,3.0,-1.932177641129811e-09,0.09041657823601136,90416.57823601137,False,28,2
Hannah Brown,24.0,1.0,-1.93217764112981e-09,0.1125734300574833,112573.4300574833,False,28,2
James Van Der Beek,20.0,3.0,-1.9321776411298097e-09,0.09041657823601136,90416.57823601137,False,28,2
Karamo Brown,19.0,6.0,-1.9321776411298097e-09,0.08559553474586164,85595.53474586163,False,28,2
Kate Flannery,21.0,2.0,-1.9321776411298093e-09,0.09550915996005285,95509.15996005286,False,28,2
Kel Mitchell,20.0,3.0,-1.9321776411298093e-09,0.09041657823601136,90416.57823601137,False,28,2
Lamar Odom,12.0,12.0,-1.9321776411298093e-09,0.05832737130124531,58327.37130124531,False,28,2
Lauren Alaina,19.0,6.0,-1.9321776411298093e-09,0.08559553474586164,85595.53474586163,False,28,2
Mary Wilson,15.0,10.0,-2.185715703042912e-08,0.06874850693726847,68748.50693726847,True,28,2
Ray Lewis,15.0,10.0,1.799280174816942e-08,0.06874850918901523,68748.50918901524,True,28,2
Sailor Brinkley-Cook,18.0,8.0,-1.9321776411298494e-09,0.08103155097625614,81031.55097625614,False,28,2
Sean Spicer,16.0,9.0,-1.9321776411298486e-09,0.07262066737892134,72620.66737892134,False,28,2
Ally Brooke,24.0,1.0,0.0,0.12131639322532649,121316.3932253265,False,28,3
Hannah Brown,21.0,5.0,0.0,0.10425989804330739,104259.89804330739,False,28,3
James Van Der Beek,23.0,3.0,0.0,0.11534145493726428,115341.45493726428,False,28,3
Karamo Brown,16.0,8.0,0.0,0.08099290424375263,80992.90424375264,False,28,3
Kate Flannery,24.0,1.0,0.0,0.12131639322532649,121316.3932253265,False,28,3
Kel Mitchell,20.0,6.0,0.0,0.09912500703503788,99125.00703503788,False,28,3
Lamar Odom,12.0,10.0,0.0,0.06617755432308783,66177.55432308784,False,28,3
Lauren Alaina,20.0,6.0,0.0,0.09912500703503788,99125.00703503788,False,28,3
Sailor Brinkley-Cook,23.0,3.0,0.0,0.11534145493726428,115341.45493726428,False,28,3
Sean Spicer,15.0,9.0,0.0,0.0770039329945948,77003.93299459481,False,28,3
Ally Brooke,32.0,1.0,0.0,0.11312921115844311,113129.21115844311,False,28,4
Hannah Brown,32.0,1.0,0.0,0.11312921115844311,113129.21115844311,False,28,4
James Van Der Beek,28.0,6.0,0.0,0.0981686242259653,98168.6242259653,False,28,4
Karamo Brown,28.0,6.0,0.0,0.0981686242259653,98168.6242259653,False,28,4
Kate Flannery,26.0,8.0,0.0,0.0914474663903087,91447.46639030869,False,28,4
Kel Mitchell,32.0,1.0,0.0,0.11312921115844311,113129.21115844311,False,28,4
Lamar Odom,20.0,10.0,0.0,0.0739211298618033,73921.1298618033,True,28,4
Lauren Alaina,32.0,1.0,0.0,0.11312921115844311,113129.21115844311,False,28,4
Sailor Brinkley-Cook,31.0,5.0,0.0,0.10918783261130685,109187.83261130685,False,28,4
Sean Spicer,21.0,9.0,0.0,0.0765894780508781,76589.4780508781,False,28,4
Ally Brooke,27.0,1.0,0.0,0.12593180433724063,125931.80433724064,False,28,5
Hannah Brown,25.0,4.0,0.0,0.11581795382402604,115817.95382402604,False,28,5
James Van Der Beek,26.0,2.0,0.0,0.12076905191193156,120769.05191193156,False,28,5
Karamo Brown,21.0,8.0,0.0,0.0979618124952528,97961.8124952528,False,28,5
Kate Flannery,24.0,5.0,0.0,0.11106983300461755,111069.83300461755,False,28,5
Kel Mitchell,26.0,2.0,0.0,0.12076905191193156,120769.05191193156,False,28,5
Lauren Alaina,23.0,7.0,0.0,0.10651636811351148,106516.36811351147,False,28,5
Sailor Brinkley-Cook,24.0,5.0,0.0,0.11106983300461755,111069.83300461755,False,28,5
Sean Spicer,19.0,9.0,0.0,0.09009429139687088,90094.29139687087,False,28,5
Ally Brooke,25.0,6.0,-1.8566817127282038e-09,0.10938282289786146,109382.82289786145,False,28,6
Hannah Brown,24.0,8.0,-1.8566817127282024e-09,0.10514918818187989,105149.18818187989,False,28,6
James Van Der Beek,27.0,1.0,1.3200375904686537e-08,0.11836833552360752,118368.33552360753,False,28,6
Karamo Brown,25.0,6.0,-1.8566817127282032e-09,0.10938282289786146,109382.82289786145,False,28,6
Kate Flannery,27.0,1.0,1.3200375904686643e-08,0.11836833552360752,118368.33552360753,False,28,6
Kel Mitchell,26.0,4.0,-1.8566817127282048e-09,0.11378691696990922,113786.91696990923,False,28,6
Lauren Alaina,26.0,4.0,-1.8566817127281999e-09,0.11378691696990922,113786.91696990923,False,28,6
Sailor Brinkley-Cook,27.0,1.0,-3.197079694755749e-08,0.11836832982500556,118368.32982500555,True,28,6
Sean Spicer,21.0,9.0,-1.8566817127282046e-09,0.09340633121035817,93406.33121035817,False,28,6
Ally Brooke,27.0,1.0,-2.8713504874204885e-09,0.13358800447932687,133588.00447932686,False,28,7
Hannah Brown,26.0,4.0,-2.871350487420488e-09,0.12840078562912582,128400.78562912582,False,28,7
James Van Der Beek,27.0,1.0,-2.8713504874204885e-09,0.13358800447932687,133588.00447932686,False,28,7
Karamo Brown,24.5,6.0,-2.871350487420489e-09,0.12099516295872637,120995.16295872636,True,28,7
Kate Flannery,24.0,7.0,-2.871350487420488e-09,0.11862278554362647,118622.78554362647,False,28,7
Kel Mitchell,25.5,5.0,-2.871350487420487e-09,0.12588320462457334,125883.20462457334,False,28,7
Lauren Alaina,27.0,1.0,-2.871350487420487e-09,0.13358800447932687,133588.00447932686,False,28,7
Sean Spicer,21.0,8.0,-2.8713504874204885e-09,0.10533404780596739,105334.04780596739,False,28,7
Ally Brooke,30.0,3.0,-2.871350487420488e-09,0.15438466876128448,154384.66876128447,False,28,8
Hannah Brown,30.9998,2.0,-2.871350487420488e-09,0.16008575870519995,160085.75870519996,False,28,8
James Van Der Beek,31.9998,1.0,-2.871350487420488e-09,0.1659985816330818,165998.58163308178,False,28,8
Kate Flannery,25.9998,5.0,-2.871350487420488e-09,0.13353475240296497,133534.75240296498,True,28,8
Kel Mitchell,29.9998,4.0,-2.871350487420488e-09,0.15438354887191527,154383.54887191526,False,28,8
Lauren Alaina,24.0,6.0,-2.8713504874204872e-09,0.12419213655343295,124192.13655343295,False,28,8
Sean Spicer,20.0,7.0,-2.8713504874204872e-09,0.1074205530721205,107420.5530721205,False,28,8
Ally Brooke,40.0,1.0,0.0,0.1922145661452299,192214.56614522988,False,28,9
Hannah Brown,35.5,4.0,0.0,0.16886775219287195,168867.75219287194,False,28,9
James Van Der Beek,36.0,3.0,0.0,0.17131506839245314,171315.06839245313,False,28,9
Kel Mitchell,37.0,2.0,0.0,0.1763166180109701,176316.6180109701,False,28,9
Lauren Alaina,35.0,5.0,0.0,0.1664553970544334,166455.39705443342,False,28,9
Sean Spicer,25.0,6.0,0.0,0.12483059820404145,124830.59820404145,True,28,9
Ally Brooke,29.5,1.0,0.0,0.21481722417445862,214817.22417445862,False,28,10
Hannah Brown,27.0,3.0,0.0,0.19614976126346548,196149.76126346548,False,28,10
James Van Der Beek,25.5,5.0,0.0,0.18573724264505098,185737.24264505098,True,28,10
Kel Mitchell,28.5,2.0,0.0,0.2071460106535595,207146.0106535595,False,28,10
Lauren Alaina,27.0,3.0,0.0,0.19614976126346548,196149.76126346548,False,28,10
Ally Brooke,30.0,1.0,0.0,0.25644630941350144,256446.30941350144,False,28,11
Hannah Brown,29.0,3.0,0.0,0.24782709080128404,247827.09080128404,False,28,11
Kel Mitchell,29.5,2.0,0.0,0.252099866736724,252099.866736724,False,28,11
Lauren Alaina,28.5,4.0,0.0,0.24362673304849045,243626.73304849045,True,28,11
AJ McLean,18.0,6.0,0.0,0.06829927448357903,68299.27448357904,False,29,1
Anne Heche,18.0,6.0,0.0,0.06829927448357903,68299.27448357904,False,29,1
Carole Baskin,11.0,15.0,0.0,0.045606624960038804,45606.624960038804,False,29,1
Charles Oakley,12.0,14.0,0.0,0.048315155884734964,48315.155884734966,False,29,1
Chrishell Stause,13.0,13.0,0.0,0.0511845436975798,51184.5436975798,False,29,1
Jeannie Mai,18.0,6.0,0.0,0.06829927448357903,68299.27448357904,False,29,1
Jesse Metcalfe,18.0,6.0,0.0,0.06829927448357903,68299.27448357904,False,29,1
Johnny Weir,18.0,6.0,0.0,0.06829927448357903,68299.27448357904,False,29,1
Justina Machado,21.0,1.0,0.0,0.08120493872886106,81204.93872886106,False,29,1
Kaitlyn Bristowe,20.0,3.0,0.0,0.07665261795585351,76652.61795585351,False,29,1
Monica Aldama,19.0,5.0,0.0,0.07235549871054554,72355.49871054554,False,29,1
Nelly,16.0,12.0,0.0,0.06085625017621523,60856.25017621523,False,29,1
Nev Schulman,20.0,3.0,0.0,0.07665261795585351,76652.61795585351,False,29,1
Skai Jackson,21.0,1.0,0.0,0.08120493872886106,81204.93872886106,False,29,1
Veron Davis,17.0,11.0,0.0,0.06447044078356126,64470.44078356126,False,29,1
AJ McLean,19.0,5.0,0.0,0.06921051107331037,69210.51107331038,False,29,2
Anne Heche,18.0,6.0,0.0,0.06551032018241562,65510.32018241562,False,29,2
Carole Baskin,16.0,12.0,0.0,0.05869283044083038,58692.83044083038,False,29,2
Charles Oakley,15.0,14.0,0.0,0.055554944689228995,55554.94468922899,True,29,2
Chrishell Stause,18.0,6.0,0.0,0.06551032018241562,65510.32018241562,False,29,2
Jeannie Mai,18.0,6.0,0.0,0.06551032018241562,65510.32018241562,False,29,2
Jesse Metcalfe,20.0,4.0,0.0,0.07311969823518864,73119.69823518864,False,29,2
Johnny Weir,18.0,6.0,0.0,0.06551032018241562,65510.32018241562,False,29,2
Justina Machado,21.0,2.0,0.0,0.07724968631342494,77249.68631342494,False,29,2
Kaitlyn Bristowe,22.0,1.0,0.0,0.08161294671003856,81612.94671003857,False,29,2
Monica Aldama,16.0,12.0,0.0,0.05869283044083038,58692.83044083038,False,29,2
Nelly,18.0,6.0,0.0,0.06551032018241562,65510.32018241562,False,29,2
Nev Schulman,21.0,2.0,0.0,0.07724968631342494,77249.68631342494,False,29,2
Skai Jackson,15.0,14.0,0.0,0.055554944689228995,55554.94468922899,False,29,2
Veron Davis,18.0,6.0,0.0,0.06551032018241562,65510.32018241562,False,29,2
AJ McLean,21.0,7.0,0.0,0.07385736457343504,73857.36457343504,False,29,3
Anne Heche,15.0,13.0,0.0,0.05477332706486733,54773.32706486733,False,29,3
Carole Baskin,12.0,14.0,0.0,0.047169011968725305,47169.0119687253,True,29,3
Chrishell Stause,22.0,4.0,0.0,0.07763029818123474,77630.29818123474,False,29,3
Jeannie Mai,22.0,4.0,0.0,0.07763029818123474,77630.29818123474,False,29,3
Jesse Metcalfe,20.0,9.0,0.0,0.07026780045335303,70267.80045335303,False,29,3
Johnny Weir,24.0,1.0,0.0,0.08576422140476787,85764.22140476787,False,29,3
Justina Machado,19.0,10.0,0.0,0.06685269382504042,66852.69382504042,False,29,3
Kaitlyn Bristowe,23.0,3.0,0.0,0.0815959685335836,81595.9685335836,False,29,3
Monica Aldama,21.0,7.0,0.0,0.07385736457343504,73857.36457343504,False,29,3
Nelly,18.0,11.0,0.0,0.0636035658271602,63603.5658271602,False,29,3
Nev Schulman,24.0,1.0,0.0,0.08576422140476787,85764.22140476787,False,29,3
Skai Jackson,18.0,11.0,0.0,0.0636035658271602,63603.5658271602,False,29,3
Veron Davis,22.0,4.0,0.0,0.07763029818123474,77630.29818123474,False,29,3
AJ McLean,24.0,3.0,0.0,0.07948426804816495,79484.26804816496,False,29,4
Anne Heche,21.0,10.0,0.0,0.06982492303530309,69824.92303530309,True,29,4
Chrishell Stause,22.0,8.0,0.0,0.07290668810433339,72906.68810433339,False,29,4
Jeannie Mai,21.0,10.0,0.0,0.06982492303530309,69824.92303530309,False,29,4
Jesse Metcalfe,21.0,10.0,0.0,0.06982492303530309,69824.92303530309,False,29,4
Johnny Weir,24.0,3.0,0.0,0.07948426804816495,79484.26804816496,False,29,4
Justina Machado,24.0,3.0,0.0,0.07948426804816495,79484.26804816496,False,29,4
Kaitlyn Bristowe,25.0,2.0,0.0,0.0829923541320469,82992.35413204691,False,29,4
Monica Aldama,24.0,3.0,0.0,0.07948426804816495,79484.26804816496,False,29,4
Nelly,21.0,10.0,0.0,0.06982492303530309,69824.92303530309,False,29,4
Nev Schulman,24.0,3.0,0.0,0.07948426804816495,79484.26804816496,False,29,4
Skai Jackson,28.0,1.0,0.0,0.0944732372772491,94473.2372772491,False,29,4
Veron Davis,22.0,8.0,0.0,0.07290668810433339,72906.68810433339,False,29,4
AJ McLean,24.0,5.0,0.0,0.08301919942916493,83019.19942916493,False,29,5
Chrishell Stause,19.0,11.0,0.0,0.06735739295485466,67357.39295485466,False,29,5
Jeannie Mai,24.0,5.0,0.0,0.08301919942916493,83019.19942916493,False,29,5
Jesse Metcalfe,19.0,11.0,0.0,0.06735739295485466,67357.39295485466,True,29,5
Johnny Weir,29.0,1.0,0.0,0.10232265786294385,102322.65786294386,False,29,5
Justina Machado,24.0,5.0,0.0,0.08301919942916493,83019.19942916493,False,29,5
Kaitlyn Bristowe,27.0,2.0,0.0,0.09411405892659339,94114.05892659338,False,29,5
Monica Aldama,26.0,3.0,0.0,0.0902601081722725,90260.10817227249,False,29,5
Nelly,24.0,5.0,0.0,0.08301919942916493,83019.19942916493,False,29,5
Nev Schulman,26.0,3.0,0.0,0.0902601081722725,90260.10817227249,False,29,5
Skai Jackson,24.0,5.0,0.0,0.08301919942916493,83019.19942916493,False,29,5
Veron Davis,21.0,10.0,0.0,0.07323228381038366,73232.28381038365,False,29,5
AJ McLean,27.0,1.0,-2.8713504874204893e-09,0.10063815295198697,100638.15295198697,False,29,6
Chrishell Stause,24.0,7.0,-2.871350487420489e-09,0.08897870855603753,88978.70855603753,False,29,6
Jeannie Mai,25.0,6.0,-2.8713504874204893e-09,0.09270680581589937,92706.80581589937,False,29,6
Johnny Weir,22.0,9.0,-2.871350487420489e-09,0.08196624852395219,81966.24852395219,False,29,6
Justina Machado,27.0,1.0,-2.871350487420489e-09,0.10063815295198697,100638.15295198697,False,29,6
Kaitlyn Bristowe,27.0,1.0,-2.8713504874204885e-09,0.10063815295198697,100638.15295198697,False,29,6
Monica Aldama,27.0,1.0,-2.871350487420488e-09,0.10063815295198697,100638.15295198697,False,29,6
Nelly,24.0,7.0,-2.871350487420488e-09,0.08897870855603753,88978.70855603753,False,29,6
Nev Schulman,26.0,5.0,-2.871350487420485e-09,0.09659110571574712,96591.10571574712,False,29,6
Skai Jackson,18.0,11.0,-2.8713504874204847e-09,0.0695557406378773,69555.7406378773,False,29,6
Veron Davis,21.0,10.0,-2.8713504874204847e-09,0.07867007038650098,78670.07038650099,True,29,6
AJ McLean,26.0,5.0,-2.871350487420489e-09,0.09970509797981791,99705.09797981792,False,29,7
Chrishell Stause,26.0,5.0,-2.871350487420489e-09,0.09970509797981791,99705.09797981792,False,29,7
Jeannie Mai,25.0,8.0,-2.871350487420489e-09,0.09594309644850195,95943.09644850195,True,29,7
Johnny Weir,27.0,2.0,-2.871350487420489e-09,0.1036146104425662,103614.6104425662,False,29,7
Justina Machado,26.0,5.0,-2.871350487420488e-09,0.09970509797981791,99705.09797981792,False,29,7
Kaitlyn Bristowe,24.0,9.0,-2.871350487420488e-09,0.09232304007152997,92323.04007152998,False,29,7
Monica Aldama,22.0,10.0,-2.871350487420489e-09,0.08548754176817167,85487.54176817166,True,29,7
Nelly,27.0,2.0,-2.871350487420488e-09,0.1036146104425662,103614.6104425662,False,29,7
Nev Schulman,30.0,1.0,-2.8713504874204872e-09,0.11628719644464401,116287.19644464401,False,29,7
Skai Jackson,27.0,2.0,-2.8713504874204872e-09,0.1036146104425662,103614.6104425662,False,29,7
AJ McLean,27.0,5.0,2.950862118395362e-08,0.1213993233041729,121399.3233041729,False,29,8
Chrishell Stause,27.0,5.0,-3.3174582771326324e-08,0.12139931590012876,121399.31590012876,True,29,8
Johnny Weir,30.0,1.0,-1.8329807936864396e-09,0.13525928647367808,135259.28647367808,False,29,8
Justina Machado,28.9998,3.0,-1.8329807936864388e-09,0.13047090721959348,130470.90721959349,False,29,8
Kaitlyn Bristowe,28.0,4.0,-1.8329807936864367e-09,0.12585385778941383,125853.85778941383,False,29,8
Nelly,24.0,8.0,-1.8329807936864365e-09,0.10895957818565878,108959.57818565879,False,29,8
Nev Schulman,30.0,1.0,-1.8329807936864367e-09,0.13525928647367808,135259.28647367808,False,29,8
Skai Jackson,26.9998,7.0,-1.8329807936864377e-09,0.12139844465367605,121398.44465367605,False,29,8
AJ McLean,24.9998,6.0,-2.871350487420488e-09,0.12968041561249757,129680.41561249757,True,29,9
Johnny Weir,30.0,1.0,-2.871350487420488e-09,0.15546618345192886,155466.18345192887,False,29,9
Justina Machado,25.9998,5.0,-2.871350487420488e-09,0.1344702066653223,134470.2066653223,False,29,9
Kaitlyn Bristowe,30.0,1.0,-2.871350487420488e-09,0.15546618345192886,155466.18345192887,False,29,9
Nelly,24.0,7.0,-2.871350487420488e-09,0.12506214276080274,125062.14276080274,False,29,9
Nev Schulman,28.9998,3.0,-2.8713504874204872e-09,0.1499274340287598,149927.4340287598,False,29,9
Skai Jackson,28.9998,3.0,-2.8713504874204872e-09,0.1499274340287598,149927.4340287598,False,29,9
Johnny Weir,28.5,4.0,-2.1972021908352584e-08,0.1637607918594868,163760.7918594868,True,29,10
Justina Machado,29.0,3.0,-1.891253658711157e-09,0.16660873775627308,166608.73775627307,False,29,10
Kaitlyn Bristowe,30.0,1.0,-1.8912536587111573e-09,0.17245406902505225,172454.06902505225,False,29,10
Nelly,28.0,6.0,-1.891253658711156e-09,0.1609615340111582,160961.5340111582,False,29,10
Nev Schulman,30.0,1.0,-1.8912536587111577e-09,0.17245406902505225,172454.06902505225,False,29,10
Skai Jackson,28.5,4.0,1.8189514590930127e-08,0.1637607983229774,163760.7983229774,True,29,10
Justina Machado,30.0,1.0,-3.667529618795694e-08,0.2531243320715467,253124.33207154673,True,29,11
Kaitlyn Bristowe,30.0,1.0,1.4897027797898645e-08,0.25312434529100036,253124.34529100035,False,29,11
Nelly,28.5,4.0,-2.2937468640531858e-09,0.2406269773464526,240626.97734645262,False,29,11
Nev Schulman,30.0,1.0,1.4897027797898678e-08,0.25312434529100036,253124.34529100035,False,29,11
Amanda Kloots,28.0,2.0,0.0,0.07644406609285846,76444.06609285845,False,30,1
Brian Austin Green,24.0,9.0,0.0,0.06488554586679149,64885.545866791486,False,30,1
Christine Chiu,25.0,7.0,0.0,0.06760003437441604,67600.03437441605,False,30,1
Cody Rigsby,24.0,9.0,0.0,0.06488554586679149,64885.545866791486,False,30,1
Iman Shumpert,21.0,14.0,0.0,0.05737875227188662,57378.752271886624,False,30,1
Jimmie Allen,22.0,13.0,0.0,0.05977919387322002,59779.19387322002,False,30,1
JoJo Siwa,29.0,1.0,0.0,0.07964210559631217,79642.10559631218,False,30,1
Kenya Moore,26.0,5.0,0.0,0.0704280835797213,70428.08357972131,False,30,1
Martin Kove,13.0,15.0,0.0,0.04133895239995998,41338.95239995998,False,30,1
Matt James,24.0,9.0,0.0,0.06488554586679149,64885.545866791486,False,30,1
Melanie C,27.0,4.0,0.0,0.07337444429746351,73374.4442974635,False,30,1
Melora Hardin,26.0,5.0,0.0,0.0704280835797213,70428.08357972131,False,30,1
"Mike ""The Miz"" Mizanin",24.0,9.0,0.0,0.06488554586679149,64885.545866791486,False,30,1
Olivia Jade,25.0,7.0,0.0,0.06760003437441604,67600.03437441605,False,30,1
Suni Lee,28.0,2.0,0.0,0.07644406609285846,76444.06609285845,False,30,1
Amanda Kloots,32.0,1.0,0.0,0.08433001315750271,84330.01315750272,False,30,2
Brian Austin Green,23.0,13.0,0.0,0.05938777986117295,59387.779861172945,False,30,2
Christine Chiu,24.0,10.0,0.0,0.061747254805095075,61747.25480509507,False,30,2
Cody Rigsby,24.0,10.0,0.0,0.061747254805095075,61747.25480509507,False,30,2
Iman Shumpert,25.0,9.0,0.0,0.06420047162695927,64200.47162695927,False,30,2
Jimmie Allen,27.0,5.0,0.0,0.06940317632278967,69403.17632278967,False,30,2
JoJo Siwa,31.0,2.0,0.0,0.0811076099317429,81107.6099317429,False,30,2
Kenya Moore,24.0,10.0,0.0,0.061747254805095075,61747.25480509507,False,30,2
Martin Kove,15.0,15.0,0.0,0.04348430929979629,43484.30929979629,True,30,2
Matt James,22.0,14.0,0.0,0.05711846474749053,57118.46474749053,False,30,2
Melanie C,30.0,3.0,0.0,0.07800834059581177,78008.34059581177,False,30,2
Melora Hardin,27.0,5.0,0.0,0.06940317632278967,69403.17632278967,False,30,2
"Mike ""The Miz"" Mizanin",26.0,8.0,0.0,0.06675115468912961,66751.1546891296,False,30,2
Olivia Jade,27.0,5.0,0.0,0.06940317632278967,69403.17632278967,False,30,2
Suni Lee,28.0,4.0,0.0,0.0721605627067399,72160.5627067399,False,30,2
Amanda Kloots,24.0,1.0,-1.8366468030988554e-09,0.08081853436412198,80818.53436412198,False,30,3
Brian Austin Green,19.0,12.0,-1.8366468030988534e-09,0.06389920986056676,63899.209860566756,False,30,3
Christine Chiu,21.0,7.0,-5.104767644950812e-08,0.07019426966883119,70194.26966883118,True,30,3
Cody Rigsby,18.0,14.0,-1.8366468030988538e-09,0.060966658348202696,60966.6583482027,False,30,3
Iman Shumpert,19.0,12.0,-1.8366468030989774e-09,0.06389920986056676,63899.209860566756,False,30,3
Jimmie Allen,20.0,10.0,-1.836646803098859e-09,0.06697281975804933,66972.81975804933,False,30,3
JoJo Siwa,24.0,1.0,-1.836646803098854e-09,0.08081853436412198,80818.53436412198,False,30,3
Kenya Moore,21.0,7.0,2.2768868020105814e-08,0.0701942747807795,70194.2747807795,False,30,3
Matt James,20.0,10.0,-1.8366468030988577e-09,0.06697281975804933,66972.81975804933,False,30,3
Melanie C,22.0,5.0,-1.8366468030988581e-09,0.0735706812193421,73570.68121934209,False,30,3
Melora Hardin,23.0,4.0,-1.8366468030988563e-09,0.07710949765312482,77109.49765312481,False,30,3
"Mike ""The Miz"" Mizanin",22.0,5.0,-1.8366468030988577e-09,0.0735706812193421,73570.68121934209,False,30,3
Olivia Jade,24.0,1.0,-1.8366468030988583e-09,0.08081853436412198,80818.53436412198,False,30,3
Suni Lee,21.0,7.0,2.2768868020105632e-08,0.0701942747807795,70194.2747807795,False,30,3
Amanda Kloots,34.0,4.0,0.0,0.08134170428475337,81341.70428475337,False,30,4
Brian Austin Green,26.0,13.0,0.0,0.06338697338678906,63386.97338678906,True,30,4
Cody Rigsby,29.0,11.0,0.0,0.06960132142160165,69601.32142160165,False,30,4
Iman Shumpert,31.5,9.0,0.0,0.07524287411379227,75242.87411379226,False,30,4
Jimmie Allen,32.5,7.0,0.0,0.07762552184988127,77625.52184988126,False,30,4
JoJo Siwa,35.0,2.0,0.0,0.08391747813505293,83917.47813505294,False,30,4
Kenya Moore,29.5,10.0,0.0,0.07069473376559934,70694.73376559935,False,30,4
Matt James,28.5,12.0,0.0,0.06852482052899962,68524.82052899963,True,30,4
Melanie C,33.0,6.0,0.0,0.0788449915677878,78844.9915677878,False,30,4
Melora Hardin,36.5,1.0,0.0,0.08793487667605514,87934.87667605514,False,30,4
"Mike ""The Miz"" Mizanin",32.5,7.0,0.0,0.07762552184988127,77625.52184988126,False,30,4
Olivia Jade,35.0,2.0,0.0,0.08391747813505293,83917.47813505294,False,30,4
Suni Lee,34.0,4.0,0.0,0.08134170428475337,81341.70428475337,False,30,4
Amanda Kloots,39.0,2.0,-1.864730973525182e-09,0.101492802382912,101492.802382912,False,30,5
Cody Rigsby,32.0,9.0,-1.864730973525181e-09,0.08309527852695632,83095.27852695632,False,30,5
Iman Shumpert,28.0,11.0,-1.864730973525181e-09,0.07412124283834262,74121.24283834262,False,30,5
Jimmie Allen,34.0,8.0,-1.8647309735251807e-09,0.08798186736945897,87981.86736945897,False,30,5
JoJo Siwa,40.0,1.0,-1.864730973525181e-09,0.10443441973442978,104434.41973442979,False,30,5
Kenya Moore,36.0,3.0,6.205468012493102e-09,0.09315582289745443,93155.82289745443,False,30,5
Melanie C,36.0,3.0,-3.4145526917598674e-08,0.09315581903112637,93155.81903112636,True,30,5
Melora Hardin,36.0,3.0,6.20546801249311e-09,0.09315582289745443,93155.82289745443,False,30,5
"Mike ""The Miz"" Mizanin",32.0,9.0,-1.864730973525175e-09,0.08309527852695632,83095.27852695632,False,30,5
Olivia Jade,36.0,3.0,6.2054680124931034e-09,0.09315582289745443,93155.82289745443,False,30,5
Suni Lee,36.0,3.0,6.205468012493091e-09,0.09315582289745443,93155.82289745443,False,30,5
Amanda Kloots,38.0,3.0,0.0,0.10424837961217354,104248.37961217354,False,30,6
Cody Rigsby,36.0,5.0,0.0,0.098674964553543,98674.96455354299,False,30,6
Iman Shumpert,40.0,1.0,0.0,0.11013659544682983,110136.59544682983,False,30,6
Jimmie Allen,38.0,3.0,0.0,0.10424837961217354,104248.37961217354,False,30,6
JoJo Siwa,40.0,1.0,0.0,0.11013659544682983,110136.59544682983,False,30,6
Kenya Moore,32.0,10.0,0.0,0.08840611597026836,88406.11597026837,True,30,6
Melora Hardin,34.0,8.0,0.0,0.09339952012554797,93399.52012554798,False,30,6
"Mike ""The Miz"" Mizanin",34.0,8.0,0.0,0.09339952012554797,93399.52012554798,False,30,6
Olivia Jade,36.0,5.0,0.0,0.098674964553543,98674.96455354299,False,30,6
Suni Lee,36.0,5.0,0.0,0.098674964553543,98674.96455354299,False,30,6
Amanda Kloots,34.0,6.0,0.0,0.10384614477378208,103846.14477378209,False,30,7
Cody Rigsby,36.0,5.0,0.0,0.10972270266703309,109722.70266703308,False,30,7
Iman Shumpert,34.0,6.0,0.0,0.10384614477378208,103846.14477378209,False,30,7
Jimmie Allen,38.0,3.0,0.0,0.11593180957062973,115931.80957062973,False,30,7
JoJo Siwa,39.0,2.0,0.0,0.11916690881840378,119166.90881840378,False,30,7
Melora Hardin,38.0,3.0,0.0,0.11593180957062973,115931.80957062973,False,30,7
"Mike ""The Miz"" Mizanin",32.0,9.0,0.0,0.09828432514192378,98284.32514192378,True,30,7
Olivia Jade,42.0,1.0,0.0,0.12942400991003358,129424.00991003358,False,30,7
Suni Lee,34.0,6.0,0.0,0.10384614477378208,103846.14477378209,False,30,7
Amanda Kloots,42.0,1.0,0.0,0.13630706884737046,136307.06884737045,False,30,8
Cody Rigsby,38.0,5.0,0.0,0.12285614227404984,122856.14227404984,False,30,8
Iman Shumpert,35.0,7.0,0.0,0.11364641640576967,113646.41640576966,False,30,8
Jimmie Allen,32.0,8.0,0.0,0.10512708378115548,105127.08378115548,True,30,8
JoJo Siwa,41.0,4.0,0.0,0.13281220976269423,132812.20976269423,False,30,8
Melora Hardin,42.0,1.0,0.0,0.13630706884737046,136307.06884737045,False,30,8
Olivia Jade,36.0,6.0,0.0,0.11663694123421935,116636.94123421934,True,30,8
Suni Lee,42.0,1.0,0.0,0.13630706884737046,136307.06884737045,False,30,8
Amanda Kloots,39.5,2.0,-2.871350487420488e-09,0.17481130431114267,174811.30431114268,False,30,9
Cody Rigsby,35.5,6.0,-2.871350487420488e-09,0.15719898776762795,157198.98776762796,False,30,9
Iman Shumpert,37.5,3.0,-2.8713504874204876e-09,0.16577140913936395,165771.40913936394,False,30,9
JoJo Siwa,40.0,1.0,-2.8713504874204876e-09,0.17714727830147728,177147.2783014773,False,30,9
Melora Hardin,36.0,5.0,-2.8713504874204876e-09,0.15929961134102402,159299.61134102402,True,30,9
Suni Lee,37.5,3.0,-2.8713504874204876e-09,0.16577140913936395,165771.40913936394,True,30,9
Amanda Kloots,39.0,3.0,-2.871350487420487e-09,0.24835747625621604,248357.47625621603,True,30,10
Cody Rigsby,38.0,4.0,-2.871350487420487e-09,0.2421098231305959,242109.8231305959,False,30,10
Iman Shumpert,40.0,1.0,-2.8713504874204876e-09,0.25476635030659406,254766.35030659405,False,30,10
JoJo Siwa,40.0,1.0,-2.871350487420486e-09,0.25476635030659406,254766.35030659405,False,30,10
Charli D'Amelio,32.0,1.0,-2.871350487420487e-09,0.08638913690525653,86389.13690525653,False,31,1
Cheryl Ladd,21.0,10.0,-2.8713504874204864e-09,0.05449608985681685,54496.08985681685,False,31,1
Daniel Durant,27.0,6.0,-2.8713504874204872e-09,0.0700660139354851,70066.0139354851,False,31,1
Gabby Windey,28.0,3.0,-2.8713504874204864e-09,0.07306304295824663,73063.04295824663,False,31,1
Heidi D'Amelio,24.0,8.0,-2.871350487420486e-09,0.061792586863936814,61792.58686393681,False,31,1
Jason Lewis,18.0,15.0,-2.871350487420486e-09,0.04806116656390533,48061.166563905324,True,31,1
Jessie James Decker,20.0,12.0,-2.871350487420486e-09,0.052260672930351894,52260.672930351895,False,31,1
Jordin Sparks,26.0,7.0,-2.8713504874204864e-09,0.0671919223459264,67191.9223459264,False,31,1
Joseph Baena,23.0,9.0,-2.871350487420486e-09,0.059257869327896555,59257.86932789656,False,31,1
Sam Champion,20.0,12.0,-2.871350487420486e-09,0.052260672930351894,52260.672930351895,False,31,1
Selma Blair,28.0,3.0,-2.871350487420486e-09,0.07306304295824663,73063.04295824663,False,31,1
Shangela,28.0,3.0,-2.8713504874204856e-09,0.07306304295824663,73063.04295824663,False,31,1
Teresa Giudice,20.0,12.0,-2.871350487420485e-09,0.052260672930351894,52260.672930351895,False,31,1
Trevor Donovan,21.0,10.0,-2.8713504874204856e-09,0.05449608985681685,54496.08985681685,False,31,1
Vinny Guadagnino,17.0,16.0,-2.871350487420485e-09,0.04608970869371896,46089.70869371896,False,31,1
Wayne Brady,29.0,2.0,-2.871350487420485e-09,0.07618826798444495,76188.26798444494,False,31,1
Charli D'Amelio,32.0,1.0,-2.871350487420489e-09,0.07810314772776203,78103.14772776203,False,31,2
Cheryl Ladd,21.0,15.0,-2.871350487420488e-09,0.052328697133640044,52328.697133640046,False,31,2
Daniel Durant,29.0,5.0,-2.871350487420488e-09,0.07002183058120072,70021.83058120072,False,31,2
Gabby Windey,32.0,1.0,-2.871350487420488e-09,0.07810314772776203,78103.14772776203,False,31,2
Heidi D'Amelio,28.0,6.0,-2.871350487420488e-09,0.06751834183700196,67518.34183700196,False,31,2
Jessie James Decker,25.0,12.0,-2.871350487420488e-09,0.0605322324487269,60532.2324487269,False,31,2
Jordin Sparks,27.0,9.0,-2.871350487420488e-09,0.0651043602627859,65104.36026278591,False,31,2
Joseph Baena,24.0,13.0,-2.871350487420488e-09,0.058368025067417804,58368.0250674178,False,31,2
Sam Champion,26.0,11.0,-2.871350487420488e-09,0.06277668571095973,62776.68571095973,False,31,2
Selma Blair,28.0,6.0,-2.8713504874204885e-09,0.06751834183700196,67518.34183700196,False,31,2
Shangela,28.0,6.0,-2.8713504874204876e-09,0.06751834183700196,67518.34183700196,False,31,2
Teresa Giudice,23.0,14.0,-2.8713504874204876e-09,0.056281194538073974,56281.19453807397,True,31,2
Trevor Donovan,30.0,4.0,-2.8713504874204876e-09,0.07261814530011697,72618.14530011697,False,31,2
Vinny Guadagnino,27.0,9.0,-2.8713504874204872e-09,0.0651043602627859,65104.36026278591,False,31,2
Wayne Brady,32.0,1.0,-2.8713504874204872e-09,0.07810314772776203,78103.14772776203,False,31,2
Charli D'Amelio,33.0,1.0,-2.8713504874204872e-09,0.08215427347756216,82154.27347756215,False,31,3
Cheryl Ladd,24.0,13.0,-2.8713504874204876e-09,0.06009602963433943,60096.02963433943,True,31,3
Daniel Durant,31.0,5.0,-2.8713504874204876e-09,0.07664006297509789,76640.06297509788,False,31,3
Gabby Windey,33.0,1.0,-2.8713504874204872e-09,0.08215427347756216,82154.27347756215,False,31,3
Heidi D'Amelio,32.0,4.0,-2.8713504874204872e-09,0.07934928287636743,79349.28287636743,False,31,3
Jessie James Decker,26.0,11.0,-2.8713504874204872e-09,0.06441990601050777,64419.90601050777,False,31,3
Jordin Sparks,29.0,7.0,-2.8713504874204872e-09,0.07149596733310756,71495.96733310756,False,31,3
Joseph Baena,29.0,7.0,-2.8713504874204872e-09,0.07149596733310756,71495.96733310756,False,31,3
Sam Champion,25.0,12.0,-2.8713504874204847e-09,0.06222041932234816,62220.41932234816,False,31,3
Selma Blair,28.0,9.0,-2.8713504874204843e-09,0.06905488292077368,69054.88292077367,False,31,3
Shangela,30.0,6.0,-2.871350487420484e-09,0.07402334387796126,74023.34387796126,False,31,3
Trevor Donovan,27.0,10.0,-2.871350487420484e-09,0.06669714437157606,66697.14437157605,False,31,3
Vinny Guadagnino,23.0,14.0,-2.871350487420484e-09,0.05804417291212667,58044.17291212667,False,31,3
Wayne Brady,33.0,1.0,-2.871350487420484e-09,0.08215427347756216,82154.27347756215,False,31,3
Charli D'Amelio,36.0,1.0,0.0,0.08809300874792997,88093.00874792997,False,31,4
Daniel Durant,29.0,9.0,0.0,0.07055848599010316,70558.48599010316,False,31,4
Gabby Windey,36.0,1.0,0.0,0.08809300874792997,88093.00874792997,False,31,4
Heidi D'Amelio,34.0,4.0,0.0,0.08268006655447138,82680.06655447138,False,31,4
Jessie James Decker,31.0,8.0,0.0,0.0751778461556004,75177.8461556004,False,31,4
Jordin Sparks,34.0,4.0,0.0,0.08268006655447138,82680.06655447138,False,31,4
Joseph Baena,28.0,11.0,0.0,0.06835636191550058,68356.36191550059,False,31,4
Sam Champion,25.0,13.0,0.0,0.06215384522525075,62153.84522525075,True,31,4
Selma Blair,32.0,6.0,0.0,0.07759972672760428,77599.72672760427,False,31,4
Shangela,32.0,6.0,0.0,0.07759972672760428,77599.72672760427,False,31,4
Trevor Donovan,28.0,11.0,0.0,0.06835636191550058,68356.36191550059,False,31,4
Vinny Guadagnino,29.0,9.0,0.0,0.07055848599010316,70558.48599010316,False,31,4
Wayne Brady,36.0,1.0,0.0,0.08809300874792997,88093.00874792997,False,31,4
Charli D'Amelio,42.0,1.0,-2.8713504874204885e-09,0.09395723080378802,93957.23080378803,False,31,5
Daniel Durant,33.5,11.0,-2.8713504874204885e-09,0.07484467290934184,74844.67290934184,False,31,5
Gabby Windey,41.0,2.0,-2.871350487420489e-09,0.09147665786518998,91476.65786518998,False,31,5
Heidi D'Amelio,39.0,5.0,-2.871350487420488e-09,0.08671025244469015,86710.25244469015,False,31,5
Jessie James Decker,36.0,7.0,-2.871350487420489e-09,0.08002223793422791,80022.23793422792,False,31,5
Jordin Sparks,35.5,9.0,-2.871350487420489e-09,0.07895883524416124,78958.83524416124,False,31,5
Joseph Baena,35.0,10.0,-2.871350487420488e-09,0.07790956394194913,77909.56394194913,True,31,5
Selma Blair,40.0,4.0,-2.871350487420488e-09,0.08906157474627975,89061.57474627974,True,31,5
Shangela,38.5,6.0,-2.871350487420486e-09,0.08555797380207292,85557.97380207291,False,31,5
Trevor Donovan,36.0,7.0,-2.8713504874204856e-09,0.08002223793422791,80022.23793422792,False,31,5
Vinny Guadagnino,31.0,12.0,-2.8713504874204847e-09,0.07000210450888106,70002.10450888106,False,31,5
Wayne Brady,41.0,2.0,-2.8713504874204843e-09,0.09147665786518998,91476.65786518998,False,31,5
Charli D'Amelio,40.0,1.0,-2.871350487420489e-09,0.11684276441376906,116842.76441376907,False,31,6
Daniel Durant,34.0,5.0,-2.871350487420489e-09,0.09819115044041067,98191.15044041067,False,31,6
Gabby Windey,37.0,2.0,-2.871350487420489e-09,0.10711174285962236,107111.74285962236,False,31,6
Heidi D'Amelio,36.0,3.0,-2.871350487420489e-09,0.10405161853509452,104051.61853509452,False,31,6
Jessie James Decker,32.0,9.0,-2.871350487420488e-09,0.09266075973205043,92660.75973205043,True,31,6
Jordin Sparks,34.0,5.0,-2.871350487420488e-09,0.09819115044041067,98191.15044041067,False,31,6
Shangela,36.0,3.0,-2.871350487420489e-09,0.10405161853509452,104051.61853509452,False,31,6
Trevor Donovan,34.0,5.0,-2.871350487420488e-09,0.09819115044041067,98191.15044041067,False,31,6
Vinny Guadagnino,28.0,10.0,-2.8713504874204872e-09,0.08251689416272642,82516.89416272643,False,31,6
Wayne Brady,34.0,5.0,-2.8713504874204872e-09,0.09819115044041067,98191.15044041067,False,31,6
Charli D'Amelio,39.0,1.0,-2.8713504874204893e-09,0.11993383994448083,119933.83994448083,False,31,7
Daniel Durant,36.5,4.0,-2.8713504874204893e-09,0.11192352582936313,111923.52582936313,False,31,7
Gabby Windey,35.5,6.0,-2.8713504874204893e-09,0.10887125783726999,108871.25783727,False,31,7
Heidi D'Amelio,35.0,7.0,-2.8713504874204893e-09,0.10737648160271182,107376.48160271182,False,31,7
Jordin Sparks,34.5,8.0,-2.8713504874204893e-09,0.10590222828701935,105902.22828701936,True,31,7
Shangela,36.5,4.0,-2.871350487420489e-09,0.11192352582936313,111923.52582936313,False,31,7
Trevor Donovan,39.0,1.0,-2.871350487420489e-09,0.11993383994448083,119933.83994448083,False,31,7
Vinny Guadagnino,31.5,9.0,-2.871350487420489e-09,0.09747217815788511,97472.17815788511,False,31,7
Wayne Brady,38.0,3.0,-2.871350487420486e-09,0.11666312256742585,116663.12256742585,False,31,7
Charli D'Amelio,45.0,1.0,-2.8713504874204885e-09,0.14360386622607335,143603.86622607335,False,31,8
Daniel Durant,39.0,5.0,-2.871350487420488e-09,0.12324722997142656,123247.22997142657,False,31,8
Gabby Windey,40.0,4.0,-2.8713504874204885e-09,0.12642762939346763,126427.62939346764,False,31,8
Heidi D'Amelio,35.0,7.0,-2.871350487420489e-09,0.11130581574237505,111305.81574237505,True,31,8
Shangela,42.0,3.0,-2.871350487420488e-09,0.13303675704688095,133036.75704688096,False,31,8
Trevor Donovan,39.0,5.0,-2.871350487420487e-09,0.12324722997142656,123247.22997142657,False,31,8
Vinny Guadagnino,29.0,8.0,-2.871350487420487e-09,0.09552760542227663,95527.60542227663,True,31,8
Wayne Brady,45.0,1.0,-2.8713504874204885e-09,0.14360386622607335,143603.86622607335,False,31,8
Charli D'Amelio,40.0,1.0,-2.871350487420488e-09,0.1820285066439709,182028.5066439709,False,31,9
Daniel Durant,34.5,5.0,-2.871350487420488e-09,0.15667338760520735,156673.38760520736,True,31,9
Gabby Windey,40.0,1.0,-2.8713504874204876e-09,0.1820285066439709,182028.5066439709,False,31,9
Shangela,36.5,3.0,-2.8713504874204876e-09,0.1654565726154795,165456.5726154795,False,31,9
Trevor Donovan,32.5,6.0,-2.8713504874204876e-09,0.14835645387589194,148356.45387589195,True,31,9
Wayne Brady,36.5,3.0,-2.8713504874204876e-09,0.1654565726154795,165456.5726154795,False,31,9
Charli D'Amelio,40.0,1.0,0.0,0.25640885194585616,256408.85194585618,False,31,10
Gabby Windey,40.0,1.0,0.0,0.25640885194585616,256408.85194585618,False,31,10
Shangela,38.0,3.0,0.0,0.24359114805414384,243591.14805414382,True,31,10
Wayne Brady,38.0,3.0,0.0,0.24359114805414384,243591.14805414382,False,31,10
Adrian Peterson,18.0,5.0,0.0,0.0766039243660351,76603.92436603509,False,32,1
Alyson Hannigan,13.0,11.0,0.0,0.056577874808154266,56577.874808154265,False,32,1
Ariana Madix,21.0,2.0,0.0,0.09187844828523602,91878.44828523602,False,32,1
Barry Williams,16.0,8.0,0.0,0.06785928250634629,67859.2825063463,False,32,1
Charity Lawson,22.0,1.0,0.0,0.0976190393587213,97619.03935872129,False,32,1
Harry Jowsey,12.0,12.0,0.0,0.05325075291457622,53250.75291457622,False,32,1
Jamie Lynn Spears,15.0,9.0,0.0,0.06386874547619219,63868.74547619219,False,32,1
Jason Mraz,21.0,2.0,0.0,0.09187844828523602,91878.44828523602,False,32,1
Lele Pons,19.0,4.0,0.0,0.08139015892502979,81390.1589250298,False,32,1
Matt Walsh,12.0,12.0,0.0,0.05325075291457622,53250.75291457622,True,32,1
Mauricio Umansky,15.0,9.0,0.0,0.06386874547619219,63868.74547619219,False,32,1
Mira Sorvino,17.0,7.0,0.0,0.07209914940309323,72099.14940309322,False,32,1
Tyson Beckford,12.0,12.0,0.0,0.05325075291457622,53250.75291457622,False,32,1
Xochitl Gomez,18.0,5.0,0.0,0.0766039243660351,76603.92436603509,False,32,1
Adrian Peterson,15.0,10.0,-2.871350487420487e-09,0.0630325194306933,63032.5194306933,False,32,2
Alyson Hannigan,19.0,6.0,-2.871350487420487e-09,0.07842464046427708,78424.64046427708,False,32,2
Ariana Madix,20.0,5.0,-2.871350487420487e-09,0.08282749059901266,82827.49059901266,False,32,2
Barry Williams,15.0,10.0,-2.8713504874204864e-09,0.0630325194306933,63032.5194306933,False,32,2
Charity Lawson,21.0,3.0,-2.8713504874204872e-09,0.08747752183900014,87477.52183900014,False,32,2
Harry Jowsey,15.0,10.0,-2.8713504874204872e-09,0.0630325194306933,63032.5194306933,False,32,2
Jamie Lynn Spears,16.0,9.0,-2.8713504874204864e-09,0.0665712380658723,66571.2380658723,True,32,2
Jason Mraz,24.0,1.0,-2.8713504874204864e-09,0.1030534116271229,103053.4116271229,False,32,2
Lele Pons,21.0,3.0,-2.8713504874204843e-09,0.08747752183900014,87477.52183900014,False,32,2
Mauricio Umansky,12.0,13.0,-2.8713504874204843e-09,0.05350554152458981,53505.54152458981,False,32,2
Mira Sorvino,18.0,7.0,-2.8713504874204843e-09,0.07425583206096119,74255.83206096118,False,32,2
Tyson Beckford,18.0,7.0,-2.871350487420484e-09,0.07425583206096119,74255.83206096118,False,32,2
Xochitl Gomez,24.0,1.0,-2.8713504874204847e-09,0.1030534116271229,103053.4116271229,False,32,2
Adrian Peterson,22.0,11.0,0.0,0.06837061582860574,68370.61582860573,False,32,3
Alyson Hannigan,24.0,8.0,0.0,0.07364428511739904,73644.28511739903,False,32,3
Ariana Madix,34.0,1.0,0.0,0.10677924501920495,106779.24501920496,False,32,3
Barry Williams,25.0,7.0,0.0,0.07643175472165373,76431.75472165372,False,32,3
Charity Lawson,32.0,3.0,0.0,0.09913278033778902,99132.78033778902,False,32,3
Harry Jowsey,24.0,8.0,0.0,0.07364428511739904,73644.28511739903,False,32,3
Jason Mraz,34.0,1.0,0.0,0.10677924501920495,106779.24501920496,False,32,3
Lele Pons,27.0,5.0,0.0,0.08232720838517807,82327.20838517806,False,32,3
Mauricio Umansky,23.0,10.0,0.0,0.07095847465760517,70958.47465760517,False,32,3
Mira Sorvino,26.0,6.0,0.0,0.07932473131511007,79324.73131511007,False,32,3
Tyson Beckford,20.0,12.0,0.0,0.06347459414306128,63474.59414306128,True,32,3
Xochitl Gomez,32.0,3.0,0.0,0.09913278033778902,99132.78033778902,False,32,3
Adrian Peterson,21.0,6.0,-2.6248590141703805e-08,0.08684379899635322,86843.79899635322,True,32,4
Alyson Hannigan,18.0,10.0,-2.057084551610891e-08,0.07568735449424524,75687.35449424524,False,32,4
Ariana Madix,25.0,2.0,-1.233631740502163e-09,0.10431805454361393,104318.05454361392,False,32,4
Barry Williams,18.0,10.0,-2.057084551610846e-08,0.07568735449424524,75687.35449424524,False,32,4
Charity Lawson,24.0,3.0,-1.2336317405021622e-09,0.09964472556038857,99644.72556038857,False,32,4
Harry Jowsey,21.0,6.0,1.1273847460098652e-08,0.08684380213274719,86843.80213274718,False,32,4
Jason Mraz,24.0,3.0,-1.233631740502162e-09,0.09964472556038857,99644.72556038857,False,32,4
Lele Pons,22.0,5.0,-1.2336317405021616e-09,0.0909167678233763,90916.7678233763,False,32,4
Mauricio Umansky,19.0,9.0,-1.2336317405021602e-09,0.07923708611718665,79237.08611718664,False,32,4
Mira Sorvino,21.0,6.0,1.1273847460098655e-08,0.08684380213274719,86843.80213274718,False,32,4
Xochitl Gomez,27.0,1.0,-1.2336317405021583e-09,0.11433252814470804,114332.52814470803,False,32,4
Alyson Hannigan,21.0,9.0,-2.871350487420489e-09,0.0875735230101784,87573.5230101784,False,32,5
Ariana Madix,24.0,4.0,-2.871350487420489e-09,0.09923380212859578,99233.80212859578,False,32,5
Barry Williams,24.0,4.0,-2.871350487420489e-09,0.09923380212859578,99233.80212859578,False,32,5
Charity Lawson,28.0,1.0,-2.871350487420489e-09,0.11723088545286574,117230.88545286574,False,32,5
Harry Jowsey,18.0,10.0,-2.871350487420488e-09,0.07728336280490324,77283.36280490324,False,32,5
Jason Mraz,27.0,3.0,-2.871350487420488e-09,0.11244662937395787,112446.62937395787,False,32,5
Lele Pons,24.0,4.0,-2.871350487420489e-09,0.09923380212859578,99233.80212859578,False,32,5
Mauricio Umansky,24.0,4.0,-2.871350487420488e-09,0.09923380212859578,99233.80212859578,False,32,5
Mira Sorvino,22.0,8.0,-2.8713504874204872e-09,0.09129950539084601,91299.50539084601,True,32,5
Xochitl Gomez,28.0,1.0,-2.8713504874204872e-09,0.11723088545286574,117230.88545286574,False,32,5
Alyson Hannigan,31.0,8.0,-2.8713504874204893e-09,0.09649564600684513,96495.64600684513,False,32,6
Ariana Madix,41.0,2.0,-2.8713504874204893e-09,0.12761284012884688,127612.84012884689,False,32,6
Barry Williams,32.0,7.0,-2.8713504874204893e-09,0.09923077507464977,99230.77507464976,False,32,6
Charity Lawson,38.0,4.0,-2.8713504874204893e-09,0.11734872556749673,117348.72556749673,False,32,6
Harry Jowsey,29.0,9.0,-2.8713504874204893e-09,0.09124947756297766,91249.47756297766,False,32,6
Jason Mraz,39.0,3.0,-2.871350487420489e-09,0.12067492652734856,120674.92652734855,False,32,6
Lele Pons,37.0,5.0,-2.871350487420489e-09,0.11411420573100411,114114.20573100411,False,32,6
Mauricio Umansky,33.0,6.0,-2.871350487420489e-09,0.10204343024158037,102043.43024158037,True,32,6
Xochitl Gomez,42.0,1.0,-2.871350487420486e-09,0.13122997315925072,131229.97315925072,False,32,6
Alyson Hannigan,35.0,6.0,-2.8713504874204885e-09,0.12395065198188286,123950.65198188287,False,32,7
Ariana Madix,37.0,1.0,-2.871350487420488e-09,0.1311866485405782,131186.6485405782,False,32,7
Barry Williams,32.5,7.0,-2.8713504874204885e-09,0.11546431632859756,115464.31632859756,False,32,7
Charity Lawson,36.0,4.0,-2.871350487420489e-09,0.12751733457817718,127517.33457817718,False,32,7
Harry Jowsey,32.0,8.0,-2.871350487420488e-09,0.11383808542611455,113838.08542611456,False,32,7
Jason Mraz,36.0,4.0,-2.871350487420487e-09,0.12751733457817718,127517.33457817718,False,32,7
Lele Pons,36.5,3.0,-2.871350487420487e-09,0.12933898002589417,129338.98002589417,True,32,7
Xochitl Gomez,37.0,1.0,-2.8713504874204885e-09,0.1311866485405782,131186.6485405782,False,32,7
Alyson Hannigan,36.0,4.0,-2.871350487420488e-09,0.1412697402931741,141269.7402931741,False,32,8
Ariana Madix,42.0,1.0,-2.871350487420488e-09,0.1667805738958521,166780.5738958521,False,32,8
Barry Williams,35.0,5.0,-2.871350487420488e-09,0.13741466831147886,137414.66831147886,True,32,8
Charity Lawson,39.0,3.0,-2.871350487420488e-09,0.15349608581398277,153496.08581398276,False,32,8
Harry Jowsey,28.0,7.0,-2.871350487420488e-09,0.11321936737635468,113219.36737635468,False,32,8
Jason Mraz,33.0,6.0,-2.8713504874204872e-09,0.13001725364310793,130017.25364310792,False,32,8
Xochitl Gomez,40.0,2.0,-2.8713504874204872e-09,0.15780231066604936,157802.31066604936,False,32,8
Alyson Hannigan,32.0,5.0,0.0,0.1450480728811381,145048.0728811381,False,32,9
Ariana Madix,37.0,4.0,0.0,0.16613684744191978,166136.8474419198,False,32,9
Charity Lawson,38.0,3.0,0.0,0.17070913651596328,170709.13651596327,False,32,9
Harry Jowsey,30.0,6.0,0.0,0.1373821669483614,137382.16694836138,True,32,9
Jason Mraz,43.0,1.0,0.0,0.19552881473672087,195528.81473672087,False,32,9
Xochitl Gomez,41.0,2.0,0.0,0.18519496147589656,185194.96147589656,False,32,9
Alyson Hannigan,25.5,5.0,0.0,0.17974653640490423,179746.53640490424,False,32,10
Ariana Madix,29.0,3.0,0.0,0.20323333348703645,203233.33348703646,False,32,10
Charity Lawson,29.5,2.0,0.0,0.20683029056322827,206830.29056322828,False,32,10
Jason Mraz,28.5,4.0,0.0,0.1996989305955955,199698.93059559548,False,32,10
Xochitl Gomez,30.0,1.0,0.0,0.21049090894923558,210490.90894923557,False,32,10
Alyson Hannigan,26.5,5.0,0.0,0.18272174933856383,182721.74933856382,True,32,11
Ariana Madix,29.5,3.0,0.0,0.20256428314545838,202564.28314545838,False,32,11
Charity Lawson,29.5,3.0,0.0,0.20256428314545838,202564.28314545838,True,32,11
Jason Mraz,30.0,1.0,0.0,0.20607484218525973,206074.84218525974,False,32,11
Xochitl Gomez,30.0,1.0,0.0,0.20607484218525973,206074.84218525974,False,32,11
Anna Delvey,18.0,8.0,0.0,0.07246750857782487,72467.50857782488,False,33,1
Brooks Nader,18.0,8.0,0.0,0.07246750857782487,72467.50857782488,False,33,1
Chandler Kinney,23.0,1.0,0.0,0.09428255695821211,94282.55695821211,False,33,1
Danny Amendola,20.0,5.0,0.0,0.08051161516302754,80511.61516302754,False,33,1
Dwight Howard ,22.0,2.0,0.0,0.0894486412375847,89448.6412375847,False,33,1
Eric Roberts,15.0,13.0,0.0,0.06188288004351844,61882.88004351844,False,33,1
Ilona Maher,18.0,8.0,0.0,0.07246750857782487,72467.50857782488,False,33,1
Jenn Tran,19.0,6.0,0.0,0.07638374278890263,76383.74278890263,False,33,1
Joey Graziadei,21.0,3.0,0.0,0.08486256288951058,84862.56288951058,False,33,1
Phaedra Parks,19.0,6.0,0.0,0.07638374278890263,76383.74278890263,False,33,1
Reginald VelJohnson,16.0,12.0,0.0,0.06522710777622963,65227.107776229626,False,33,1
Stephen Nedoroscik,21.0,3.0,0.0,0.08486256288951058,84862.56288951058,False,33,1
Tori Spelling,17.0,11.0,0.0,0.0687520617311265,68752.0617311265,False,33,1
Anna Delvey,17.0,11.0,-9.017900389157718e-10,0.06606817792982249,66068.17792982249,True,33,2
Brooks Nader,20.0,8.0,-9.017900389157718e-10,0.07684957952307761,76849.57952307761,False,33,2
Chandler Kinney,24.0,1.0,-9.01790038915772e-10,0.09400992730158861,94009.92730158861,False,33,2
Danny Amendola,21.0,5.0,-9.01790038915772e-10,0.08082106164635391,80821.06164635392,False,33,2
Dwight Howard ,22.0,2.0,-9.017900389157717e-10,0.08499778458361239,84997.78458361239,False,33,2
Eric Roberts,15.0,12.0,-5.866562190637775e-09,0.05973463543294885,59734.63543294885,False,33,2
Ilona Maher,21.0,5.0,-9.01790038915772e-10,0.08082106164635391,80821.06164635392,False,33,2
Jenn Tran,19.0,9.0,-9.017900389157719e-10,0.07307325284485743,73073.25284485743,False,33,2
Joey Graziadei,22.0,2.0,-9.017900389157716e-10,0.08499778458361239,84997.78458361239,False,33,2
Phaedra Parks,21.0,5.0,-9.017900389157718e-10,0.08082106164635391,80821.06164635392,False,33,2
Reginald VelJohnson,15.0,12.0,-5.866562190637824e-09,0.05973463543294885,59734.63543294885,False,33,2
Stephen Nedoroscik,22.0,2.0,-9.017900389157713e-10,0.08499778458361239,84997.78458361239,False,33,2
Tori Spelling,19.0,9.0,-9.01790038915771e-10,0.07307325284485743,73073.25284485743,True,33,2
Brooks Nader,30.5,5.0,-2.8713504874204893e-09,0.09509194825927286,95091.94825927286,False,33,3
Chandler Kinney,34.5,2.0,-2.871350487420489e-09,0.10920305944323587,109203.05944323586,False,33,3
Danny Amendola,30.0,6.0,-2.8713504874204893e-09,0.09346141734725663,93461.41734725663,False,33,3
Dwight Howard ,26.0,9.0,-2.871350487420489e-09,0.08138442556404153,81384.42556404154,False,33,3
Eric Roberts,23.0,10.0,-2.871350487420489e-09,0.07336231158883326,73362.31158883325,True,33,3
Ilona Maher,28.0,7.0,-2.8713504874204885e-09,0.0872141259384489,87214.12593844891,False,33,3
Jenn Tran,31.0,3.0,-2.871350487420488e-09,0.09675092546635393,96750.92546635393,False,33,3
Joey Graziadei,35.0,1.0,-2.871350487420488e-09,0.11110821955275317,111108.21955275317,False,33,3
Phaedra Parks,28.0,7.0,-2.871350487420485e-09,0.0872141259384489,87214.12593844891,False,33,3
Reginald VelJohnson,21.0,11.0,-2.8713504874204847e-09,0.06845851543500095,68458.51543500095,True,33,3
Stephen Nedoroscik,31.0,3.0,-2.8713504874204847e-09,0.09675092546635393,96750.92546635393,False,33,3
Brooks Nader,32.0,4.0,-3.309879312860961e-08,0.10865003243016019,108650.0324301602,True,33,4
Chandler Kinney,32.0,4.0,5.371581524502382e-09,0.10865003652466555,108650.03652466556,False,33,4
Danny Amendola,36.0,1.0,-2.3224934061199985e-09,0.12280294713862712,122802.94713862712,False,33,4
Dwight Howard ,29.0,9.0,-2.3224934061199985e-09,0.09911643802015062,99116.43802015061,False,33,4
Ilona Maher,32.0,4.0,5.371581524502415e-09,0.10865003652466555,108650.03652466556,False,33,4
Jenn Tran,32.0,4.0,5.371581524502415e-09,0.10865003652466555,108650.03652466556,False,33,4
Joey Graziadei,36.0,1.0,-2.3224934061200283e-09,0.12280294713862712,122802.94713862712,False,33,4
Phaedra Parks,32.0,4.0,5.37158152450236e-09,0.10865003652466555,108650.03652466556,False,33,4
Stephen Nedoroscik,33.0,3.0,-2.3224934061200047e-09,0.11202748917377292,112027.48917377292,False,33,4
Chandler Kinney,27.0,1.0,0.0,0.13385245119653746,133852.45119653747,False,33,5
Danny Amendola,25.5,4.0,0.0,0.12613239915625804,126132.39915625803,False,33,5
Dwight Howard ,24.0,6.0,0.0,0.11885760757233824,118857.60757233824,False,33,5
Ilona Maher,26.0,2.0,0.0,0.12865496388696587,128654.96388696587,False,33,5
Jenn Tran,25.5,4.0,0.0,0.12613239915625804,126132.39915625803,False,33,5
Joey Graziadei,26.0,2.0,0.0,0.12865496388696587,128654.96388696587,False,33,5
Phaedra Parks,24.0,6.0,0.0,0.11885760757233824,118857.60757233824,True,33,5
Stephen Nedoroscik,24.0,6.0,0.0,0.11885760757233824,118857.60757233824,False,33,5
Chandler Kinney,32.0,1.0,-1.8607394326942733e-09,0.15525602134547128,155256.0213454713,False,33,6
Danny Amendola,28.0,5.0,-1.8607394326942725e-09,0.13552460015466902,135524.60015466902,False,33,6
Dwight Howard ,31.0,3.0,2.0709069224938813e-08,0.15006896365591282,150068.9636559128,False,33,6
Ilona Maher,24.0,7.0,-1.8607394326942731e-09,0.11830083682367058,118300.83682367059,False,33,6
Jenn Tran,31.0,3.0,-2.443054809032732e-08,0.15006895652013597,150068.95652013595,True,33,6
Joey Graziadei,32.0,1.0,-1.860739432694279e-09,0.15525602134547128,155256.0213454713,False,33,6
Stephen Nedoroscik,28.0,5.0,-1.8607394326941703e-09,0.13552460015466902,135524.60015466902,False,33,6
Chandler Kinney,30.0,1.0,0.0,0.1883930314563604,188393.03145636042,False,33,7
Danny Amendola,25.5,5.0,0.0,0.1591393722711584,159139.3722711584,False,33,7
Dwight Howard ,24.0,6.0,0.0,0.15043489111914926,150434.89111914925,True,33,7
Ilona Maher,26.0,4.0,0.0,0.16215138487738623,162151.38487738624,False,33,7
Joey Graziadei,27.5,2.0,0.0,0.17153380715281086,171533.80715281086,False,33,7
Stephen Nedoroscik,27.0,3.0,0.0,0.1683475131231348,168347.51312313482,False,33,7
Chandler Kinney,29.0,1.0,0.0,0.2071273191013063,207127.3191013063,False,33,8
Danny Amendola,27.0,4.0,0.0,0.1928485374751044,192848.5374751044,False,33,8
Ilona Maher,28.5,3.0,0.0,0.20346144540287964,203461.44540287965,False,33,8
Joey Graziadei,29.0,1.0,0.0,0.2071273191013063,207127.3191013063,False,33,8
Stephen Nedoroscik,26.5,5.0,0.0,0.1894353789194034,189435.3789194034,False,33,8
Chandler Kinney,30.0,1.0,0.0,0.20621665000081224,206216.65000081225,False,33,9
Danny Amendola,28.0,5.0,0.0,0.1925197590426943,192519.7590426943,True,33,9
Ilona Maher,28.5,4.0,0.0,0.1958562405287339,195856.2405287339,False,33,9
Joey Graziadei,29.5,2.0,0.0,0.20270367521387977,202703.6752138798,False,33,9
Stephen Nedoroscik,29.5,2.0,0.0,0.20270367521387977,202703.6752138798,True,33,9
Alix Earle,13.0,4.0,0.0,0.07853168356592619,78531.68356592619,False,34,1
Andy Richter,9.0,13.0,0.0,0.0558147817951879,55814.781795187904,False,34,1
Baron Davis,10.0,9.0,0.0,0.06078874123008805,60788.74123008805,False,34,1
Corey Feldman,9.0,13.0,0.0,0.0558147817951879,55814.781795187904,False,34,1
Danielle Fishel,12.0,6.0,0.0,0.07210593102512522,72105.93102512522,False,34,1
Dylan Efron,10.0,9.0,0.0,0.06078874123008805,60788.74123008805,False,34,1
Elaine Hendrix,12.0,6.0,0.0,0.07210593102512522,72105.93102512522,False,34,1
Hilaria Baldwin,14.0,3.0,0.0,0.08553006994042972,85530.06994042972,False,34,1
Jen Affleck,12.0,6.0,0.0,0.07210593102512522,72105.93102512522,False,34,1
Jordan Chiles,10.0,9.0,0.0,0.06078874123008805,60788.74123008805,False,34,1
Lauren Jauregui,13.0,4.0,0.0,0.07853168356592619,78531.68356592619,False,34,1
Robert Irwin,15.0,1.0,0.0,0.09315212067080716,93152.12067080717,False,34,1
Scott Hoying,10.0,9.0,0.0,0.06078874123008805,60788.74123008805,False,34,1
Whitney Leavitt,15.0,1.0,0.0,0.09315212067080716,93152.12067080717,False,34,1
Alix Earle,21.0,5.0,-1.8884894437809495e-09,0.07520010951548686,75200.10951548687,False,34,2
Andy Richter,16.0,13.0,-1.8884894437809495e-09,0.05846066448606449,58460.66448606449,False,34,2
Baron Davis,18.0,11.0,-3.292134007316916e-08,0.06465552246033432,64655.522460334316,True,34,2
Corey Feldman,15.0,14.0,-1.8884894437809503e-09,0.05558950441352473,55589.50441352473,True,34,2
Danielle Fishel,19.0,10.0,-1.888489443781014e-09,0.06799493810801073,67994.93810801073,False,34,2
Dylan Efron,20.0,9.0,-1.8884894437810136e-09,0.07150683038858005,71506.83038858006,False,34,2
Elaine Hendrix,21.0,5.0,-1.888489443781014e-09,0.07520010951548686,75200.10951548687,False,34,2
Hilaria Baldwin,21.0,5.0,-1.888489443781014e-09,0.07520010951548686,75200.10951548687,False,34,2
Jen Affleck,22.0,1.0,-1.8884894437809524e-09,0.07908414399590492,79084.14399590492,False,34,2
Jordan Chiles,22.0,1.0,-1.8884894437809524e-09,0.07908414399590492,79084.14399590492,False,34,2
Lauren Jauregui,21.0,5.0,-1.888489443780953e-09,0.07520010951548686,75200.10951548687,False,34,2
Robert Irwin,22.0,1.0,-1.888489443780953e-09,0.07908414399590492,79084.14399590492,False,34,2
Scott Hoying,18.0,11.0,2.9144361185607006e-08,0.06465552609791848,64655.52609791848,False,34,2
Whitney Leavitt,22.0,1.0,-1.888489443781026e-09,0.07908414399590492,79084.14399590492,False,34,2
Alix Earle,23.0,3.0,0.0,0.08933648498330851,89336.48498330852,False,34,3
Andy Richter,18.0,11.0,0.0,0.07073545524866995,70735.45524866995,False,34,3
Danielle Fishel,21.0,8.0,0.0,0.08137147298674124,81371.47298674124,False,34,3
Dylan Efron,23.0,3.0,0.0,0.08933648498330851,89336.48498330852,False,34,3
Elaine Hendrix,21.0,8.0,0.0,0.08137147298674124,81371.47298674124,False,34,3
Hilaria Baldwin,22.0,5.0,0.0,0.08526101907993888,85261.01907993888,False,34,3
Jen Affleck,19.0,10.0,0.0,0.07411660104232974,74116.60104232974,False,34,3
Jordan Chiles,24.0,1.0,0.0,0.09360675764020705,93606.75764020706,False,34,3
Lauren Jauregui,18.0,11.0,0.0,0.07073545524866995,70735.45524866995,True,34,3
Robert Irwin,22.0,5.0,0.0,0.08526101907993888,85261.01907993888,False,34,3
Scott Hoying,22.0,5.0,0.0,0.08526101907993888,85261.01907993888,False,34,3
Whitney Leavitt,24.0,1.0,0.0,0.09360675764020705,93606.75764020706,False,34,3
Alix Earle,24.0,2.0,-1.810924521533559e-09,0.09664202538438024,96642.02538438025,False,34,4
Andy Richter,18.0,11.0,-1.8109245215335578e-09,0.07406067278313617,74060.67278313618,False,34,4
Danielle Fishel,21.0,9.0,-1.8109245215337304e-09,0.08460126133274919,84601.26133274919,False,34,4
Dylan Efron,23.0,5.0,1.916555892070005e-08,0.09244916026726271,92449.16026726272,False,34,4
Elaine Hendrix,24.0,2.0,-1.8109245215337093e-09,0.09664202538438024,96642.02538438025,False,34,4
Hilaria Baldwin,23.0,5.0,-4.376389140600122e-08,0.09244915433219422,92449.15433219422,True,34,4
Jen Affleck,23.0,5.0,1.916555892070009e-08,0.09244916026726271,92449.16026726272,False,34,4
Jordan Chiles,24.0,2.0,-1.8109245215337091e-09,0.09664202538438024,96642.02538438025,False,34,4
Robert Irwin,22.0,8.0,-1.8109245215337116e-09,0.0884382010241755,88438.2010241755,False,34,4
Scott Hoying,21.0,9.0,-1.8109245215337104e-09,0.08460126133274919,84601.26133274919,False,34,4
Whitney Leavitt,25.0,1.0,-1.81092452153371e-09,0.10102505250732949,101025.05250732948,False,34,4
Alix Earle,35.0,2.0,0.0,0.11187324175231148,111873.24175231147,False,34,5
Andy Richter,24.0,10.0,0.0,0.07872248033833,78722.48033833,False,34,5
Danielle Fishel,29.0,8.0,0.0,0.09235807755306791,92358.07755306791,False,34,5
Dylan Efron,36.0,1.0,0.0,0.1155051759156407,115505.1759156407,False,34,5
Elaine Hendrix,30.0,6.0,0.0,0.09535645725379258,95356.45725379257,False,34,5
Jen Affleck,29.0,8.0,0.0,0.09235807755306791,92358.07755306791,False,34,5
Jordan Chiles,32.0,5.0,0.0,0.10164840155099882,101648.40155099881,False,34,5
Robert Irwin,35.0,2.0,0.0,0.11187324175231148,111873.24175231147,False,34,5
Scott Hoying,30.0,6.0,0.0,0.09535645725379258,95356.45725379257,False,34,5
Whitney Leavitt,33.0,4.0,0.0,0.10494838907668656,104948.38907668657,False,34,5
Alix Earle,35.0,6.0,-2.871350487420489e-09,0.1023059996561494,102305.99965614939,False,34,6
Andy Richter,27.0,10.0,-2.871350487420489e-09,0.08085635629142683,80856.35629142683,False,34,6
Danielle Fishel,36.0,3.0,-2.871350487420489e-09,0.1053596866781506,105359.6866781506,False,34,6
Dylan Efron,32.0,7.0,-2.871350487420489e-09,0.09366579033665262,93665.79033665262,False,34,6
Elaine Hendrix,36.0,3.0,-2.871350487420488e-09,0.1053596866781506,105359.6866781506,False,34,6
Jen Affleck,32.0,7.0,-2.871350487420488e-09,0.09366579033665262,93665.79033665262,False,34,6
Jordan Chiles,39.0,1.0,-2.871350487420489e-09,0.11507860052560674,115078.60052560674,False,34,6
Robert Irwin,36.0,3.0,-2.871350487420488e-09,0.1053596866781506,105359.6866781506,False,34,6
Scott Hoying,28.0,9.0,-2.8713504874204872e-09,0.08326980229345311,83269.80229345312,True,34,6
Whitney Leavitt,39.0,1.0,-2.8713504874204872e-09,0.11507860052560674,115078.60052560674,False,34,6
Alix Earle,43.0,1.0,-2.8713504874204893e-09,0.13017681413243412,130176.81413243413,False,34,7
Andy Richter,29.0,9.0,-2.8713504874204893e-09,0.08906581250121595,89065.81250121596,False,34,7
Danielle Fishel,35.0,6.0,-2.8713504874204893e-09,0.1047971068567412,104797.1068567412,False,34,7
Dylan Efron,38.0,4.0,-2.8713504874204893e-09,0.1136759056149128,113675.9056149128,False,34,7
Elaine Hendrix,32.0,8.0,-2.8713504874204893e-09,0.09661179777838938,96611.79777838937,False,34,7
Jen Affleck,34.0,7.0,-2.871350487420489e-09,0.10199438180683376,101994.38180683376,True,34,7
Jordan Chiles,38.0,4.0,-2.871350487420489e-09,0.1136759056149128,113675.9056149128,False,34,7
Robert Irwin,41.0,3.0,-2.871350487420489e-09,0.12330694906525778,123306.94906525778,False,34,7
Whitney Leavitt,42.0,2.0,-2.871350487420486e-09,0.12669532662930222,126695.32662930222,False,34,7
Alix Earle,38.5,3.0,-2.8713504874204885e-09,0.12761398928337614,127613.98928337614,False,34,8
Andy Richter,34.0,8.0,-2.871350487420488e-09,0.11325104749325869,113251.0474932587,False,34,8
Danielle Fishel,37.0,7.0,-2.8713504874204885e-09,0.1226345756540567,122634.5756540567,True,34,8
Dylan Efron,38.0,4.0,-2.871350487420489e-09,0.12593211607298965,125932.11607298965,False,34,8
Elaine Hendrix,37.5,6.0,-2.871350487420488e-09,0.12427240890812609,124272.40890812609,False,34,8
Jordan Chiles,39.0,2.0,-2.871350487420487e-09,0.12931832457558906,129318.32457558907,False,34,8
Robert Irwin,38.0,4.0,-2.871350487420487e-09,0.12593211607298965,125932.11607298965,False,34,8
Whitney Leavitt,39.5,1.0,-2.8713504874204885e-09,0.13104542193961405,131045.42193961405,False,34,8
Alix Earle,40.0,4.0,0.0,0.14733108851042084,147331.08851042084,False,34,9
Andy Richter,29.0,7.0,0.0,0.11077456295672822,110774.56295672822,True,34,9
Dylan Efron,42.0,1.0,0.0,0.155172004606908,155172.004606908,False,34,9
Elaine Hendrix,36.0,6.0,0.0,0.13281785167016263,132817.85167016264,False,34,9
Jordan Chiles,39.0,5.0,0.0,0.14356048304196423,143560.48304196424,False,34,9
Robert Irwin,42.0,1.0,0.0,0.155172004606908,155172.004606908,False,34,9
Whitney Leavitt,42.0,1.0,0.0,0.155172004606908,155172.004606908,False,34,9
Alix Earle,29.0,2.0,2.0876670078505478e-08,0.1685762622777294,168576.2622777294,False,34,10
Dylan Efron,27.5,6.0,-1.8269474356387727e-09,0.1599822126568555,159982.2126568555,False,34,10
Elaine Hendrix,28.5,4.0,-1.8269474356387725e-09,0.1656614684033868,165661.4684033868,False,34,10
Jordan Chiles,28.5,4.0,-1.8269474356387729e-09,0.1656614684033868,165661.4684033868,False,34,10
Robert Irwin,29.5,1.0,-1.8269474356387743e-09,0.17154233372450056,171542.33372450055,False,34,10
Whitney Leavitt,29.0,2.0,-2.453056494978314e-08,0.16857625453414082,168576.2545341408,True,34,10
Alix Earle,30.0,1.0,-2.871350487420486e-09,0.20317257309966047,203172.57309966048,False,34,11
Dylan Efron,29.3332,4.0,-2.8713504874204856e-09,0.19863675048176477,198636.75048176476,True,34,11
Elaine Hendrix,28.9998,5.0,-2.8713504874204856e-09,0.19640695495870603,196406.95495870602,True,34,11
Jordan Chiles,29.666600000000003,2.0,-2.8713504874204856e-09,0.2008918607299344,200891.8607299344,False,34,11
Robert Irwin,29.666600000000003,2.0,-2.8713504874204856e-09,0.2008918607299344,200891.8607299344,False,34,11
