season,week,celebrity_name,judge_pct,fan_pct,new_combined,old_combined,is_eliminated,alpha_used
1,1,Evander Holyfield,0.1651376146788991,0.1637052553129327,0.16433549343395795,0.16442143499591588,False,0.44
1,1,Joey McIntyre,0.1834862385321101,0.1827573524851907,0.1830780623458353,0.1831217955086504,False,0.44
1,1,John O'Hurley,0.1834862385321101,0.1827573524851907,0.1830780623458353,0.1831217955086504,False,0.44
1,1,Kelly Monaco,0.11926605504587157,0.1243174319185622,0.12209482609457835,0.12179174348221689,False,0.44
1,1,Rachel Hunter,0.1834862385321101,0.1827573524851907,0.1830780623458353,0.1831217955086504,False,0.44
1,1,Trista Sutter,0.1651376146788991,0.1637052553129327,0.16433549343395795,0.16442143499591588,False,0.44
1,2,Evander Holyfield,0.11570247933884298,0.1203113597069705,0.11809909713026931,0.11800691952290673,False,0.48000000000000004
1,2,Joey McIntyre,0.17355371900826447,0.1702368128885163,0.17182892782599546,0.17189526594839039,False,0.48000000000000004
1,2,John O'Hurley,0.21487603305785125,0.2181372319279379,0.21657185647029636,0.2165066324928946,False,0.48000000000000004
1,2,Kelly Monaco,0.14049586776859505,0.139608681564972,0.14003453094271107,0.14005227466678352,False,0.48000000000000004
1,2,Rachel Hunter,0.19834710743801653,0.1975419200570438,0.19792840999991074,0.19794451374753017,False,0.48000000000000004
1,2,Trista Sutter,0.15702479338842976,0.1541639938545593,0.15553717763081715,0.15559439362149452,True,0.48000000000000004
1,3,Evander Holyfield,0.12264150943396226,0.1330890736304811,0.1276563402482913,0.12786529153222168,True,0.52
1,3,Joey McIntyre,0.20754716981132076,0.2034757702100179,0.20559289800269542,0.20551147001066933,False,0.52
1,3,John O'Hurley,0.22641509433962265,0.2236062192627559,0.22506683430272661,0.22501065680118926,False,0.52
1,3,Kelly Monaco,0.19811320754716982,0.1941007047766436,0.19618720621731728,0.1961069561619067,False,0.52
1,3,Rachel Hunter,0.24528301886792453,0.2457282321201013,0.2454967212289694,0.24550562549401292,False,0.52
1,4,Joey McIntyre,0.21739130434782608,0.2180870036316262,0.21769741203269813,0.21773915398972615,False,0.56
1,4,John O'Hurley,0.22826086956521738,0.2277781988188176,0.22804849443680147,0.22801953419201748,False,0.56
1,4,Kelly Monaco,0.2826086956521739,0.2830896544403393,0.2828203175189667,0.2828491750462566,False,0.56
1,4,Rachel Hunter,0.2717391304347826,0.2710451431092169,0.2714337760115337,0.27139213677199975,True,0.56
1,5,Joey McIntyre,0.3082191780821918,0.3081580487889314,0.30819472636488765,0.3081886134355616,False,0.6000000000000001
1,5,John O'Hurley,0.3698630136986301,0.3707560516568129,0.37022022888190326,0.3703095326777215,False,0.6000000000000001
1,5,Kelly Monaco,0.3219178082191781,0.3210858995542556,0.32158504475320915,0.3215018538867168,False,0.6000000000000001
1,6,John O'Hurley,0.4954128440366973,0.4954129727296112,0.49541289036614633,0.4954129083831542,False,0.64
1,6,Kelly Monaco,0.5045871559633027,0.5045870272703887,0.5045871096338537,0.5045870916168458,False,0.64
2,1,Drew Lachey,0.12307692307692308,0.123567271267355,0.12335151806356498,0.12332209717213904,False,0.44
2,1,George Hamilton,0.09230769230769231,0.0908394267521577,0.09148546359659293,0.091573559529925,False,0.44
2,1,Giselle Fernandez,0.11794871794871795,0.1173902275272805,0.11763596331271299,0.11766947273799921,False,0.44
2,1,Jerry Rice,0.1076923076923077,0.1059470626645916,0.1067149704767867,0.10681968517844964,False,0.44
2,1,Kenny Mayne,0.06666666666666667,0.0702937682844424,0.0686978435726211,0.06848021747555454,True,0.44
2,1,Lisa Rinna,0.09743589743589744,0.0956193741480427,0.0964186443946988,0.09652763579197007,False,0.44
2,1,Master P,0.06153846153846154,0.0667798306786811,0.06447362825698451,0.06415914610857132,False,0.44
2,1,Stacy Keibler,0.11282051282051282,0.111521969997142,0.11209332883942519,0.11217124140882742,False,0.44
2,1,Tatum O'Neal,0.11794871794871795,0.1173902275272805,0.11763596331271299,0.11766947273799921,False,0.44
2,1,Tia Carrere,0.10256410256410256,0.1006508411530262,0.10149267617389982,0.10160747185856438,False,0.44
2,2,Drew Lachey,0.135,0.1355531374598457,0.13528763147911982,0.13527656872992286,False,0.48000000000000004
2,2,George Hamilton,0.11,0.108241378765406,0.10908551695801115,0.109120689382703,False,0.48000000000000004
2,2,Giselle Fernandez,0.12,0.1184349330779025,0.11918616520050934,0.11921746653895124,False,0.48000000000000004
2,2,Jerry Rice,0.115,0.1132234977835465,0.11407621884744422,0.11411174889177325,False,0.48000000000000004
2,2,Lisa Rinna,0.1,0.0989251715904595,0.09944108922703898,0.09946258579522976,False,0.48000000000000004
2,2,Master P,0.08,0.0826292489882594,0.08136720947389492,0.0813146244941297,False,0.48000000000000004
2,2,Stacy Keibler,0.145,0.1483187570841205,0.1467257536837427,0.14665937854206024,False,0.48000000000000004
2,2,Tatum O'Neal,0.085,0.0864324964850535,0.08574489817222784,0.08571624824252674,True,0.48000000000000004
2,2,Tia Carrere,0.11,0.108241378765406,0.10908551695801115,0.109120689382703,False,0.48000000000000004
2,3,Drew Lachey,0.14835164835164835,0.1482255901120096,0.14829114039662178,0.14828861923182896,False,0.52
2,3,George Hamilton,0.12087912087912088,0.1189799689743448,0.1199675279648284,0.11992954492673284,False,0.52
2,3,Giselle Fernandez,0.12087912087912088,0.1189799689743448,0.1199675279648284,0.11992954492673284,True,0.52
2,3,Jerry Rice,0.1043956043956044,0.1042807748098142,0.10434048619442512,0.1043381896027093,False,0.52
2,3,Lisa Rinna,0.13736263736263737,0.1357511299945171,0.1365891138259397,0.13655688367857724,False,0.52
2,3,Master P,0.07692307692307693,0.0837056768815459,0.08017872490314205,0.08031437690231141,False,0.52
2,3,Stacy Keibler,0.14835164835164835,0.1482255901120096,0.14829114039662178,0.14828861923182896,False,0.52
2,3,Tia Carrere,0.14285714285714285,0.1418513001414136,0.14237433835359284,0.14235422149927823,False,0.52
2,4,Drew Lachey,0.17721518987341772,0.1757723810902701,0.18071313618390372,0.1764937854818439,False,0.56
2,4,George Hamilton,0.13291139240506328,0.1289033999801231,0.134178668576188,0.13090739619259317,False,0.56
2,4,Jerry Rice,0.1518987341772152,0.1472268624159748,0.1533047269774375,0.149562798296595,False,0.56
2,4,Lisa Rinna,0.16455696202531644,0.1608676977124541,0.16671602712581612,0.16271232986888529,False,0.56
2,4,Master P,0.05063291139240506,0.0724657415175913,0.03843105532934605,0.06154932645499818,True,0.56
2,4,Stacy Keibler,0.16455696202531644,0.1608676977124541,0.16671602712581612,0.16271232986888529,False,0.56
2,4,Tia Carrere,0.15822784810126583,0.1538962195711321,0.15994035868149242,0.15606203383619896,False,0.56
2,5,Drew Lachey,0.17880794701986755,0.178231027470665,0.17857717920018654,0.17851948724526628,False,0.6000000000000001
2,5,George Hamilton,0.15894039735099338,0.1582024145507475,0.15864520423089504,0.15857140595087044,False,0.6000000000000001
2,5,Jerry Rice,0.152317880794702,0.1520394791734639,0.15220652014620678,0.15217867998408294,False,0.6000000000000001
2,5,Lisa Rinna,0.16556291390728478,0.1646151651251829,0.16518381439444405,0.16508903951623383,False,0.6000000000000001
2,5,Stacy Keibler,0.1986754966887417,0.2007952864907702,0.19952341260955314,0.19973539158975595,False,0.6000000000000001
2,5,Tia Carrere,0.1456953642384106,0.1461166271891704,0.14586386941871451,0.14590599571379048,True,0.6000000000000001
2,6,Drew Lachey,0.22556390977443608,0.2257037536986153,0.22561425358714066,0.22563383173652568,False,0.64
2,6,George Hamilton,0.17293233082706766,0.1734805380220125,0.17312968541724783,0.1732064344245401,True,0.64
2,6,Jerry Rice,0.17293233082706766,0.1734805380220125,0.17312968541724783,0.1732064344245401,False,0.64
2,6,Lisa Rinna,0.20300751879699247,0.2016314165587442,0.20251212199122312,0.20231946767786835,False,0.64
2,6,Stacy Keibler,0.22556390977443608,0.2257037536986153,0.22561425358714066,0.22563383173652568,False,0.64
2,7,Drew Lachey,0.2696078431372549,0.2687097313257092,0.2693204473575603,0.269158787231482,False,0.68
2,7,Jerry Rice,0.20098039215686275,0.2042044968674772,0.20201210566425937,0.20259244451216996,False,0.68
2,7,Lisa Rinna,0.25980392156862747,0.2583760404811043,0.2593469996206201,0.2590899810248659,True,0.68
2,7,Stacy Keibler,0.2696078431372549,0.2687097313257092,0.2693204473575603,0.269158787231482,False,0.68
2,8,Drew Lachey,0.34387291318097685,0.3438121652054386,0.34385590374782615,0.34384253919320773,False,0.72
2,8,Jerry Rice,0.31620636785880724,0.316428035865442,0.316268434900665,0.31631720186212464,False,0.72
2,8,Stacy Keibler,0.33992071896021603,0.3397597989291193,0.33987566135150893,0.33984025894466763,False,0.72
3,1,Emmitt Smith,0.11320754716981132,0.1137506033204437,0.11351165861416551,0.11347907524512751,False,0.44
3,1,Harry Hamlin,0.08018867924528301,0.0791069563432197,0.07958291442012759,0.07964781779425135,False,0.44
3,1,Jerry Springer,0.07547169811320754,0.0751070194248773,0.07526747804774264,0.07528935876904241,False,0.44
3,1,Joey Lawrence,0.09905660377358491,0.0973534318968454,0.09810282752261082,0.09820501783521515,False,0.44
3,1,Mario Lopez,0.12264150943396226,0.1261891468289911,0.12462818637517847,0.12441532813147668,False,0.44
3,1,Monique Coleman,0.08962264150943396,0.0877572429314319,0.08857801830575285,0.08868994222043293,False,0.44
3,1,Sara Evans,0.07075471698113207,0.0713093339404202,0.07106530247833345,0.07103202546077614,False,0.44
3,1,Shanna Moakler,0.08490566037735849,0.08331991589877,0.08401764346934895,0.08411278813806425,False,0.44
3,1,Tucker Carlson,0.05660377358490566,0.0610300796895239,0.059082505003491895,0.05881692663721478,True,0.44
3,1,Vivica A. Fox,0.10377358490566038,0.1025381348627381,0.10308173288162395,0.10315585988419924,False,0.44
3,1,Willa Ford,0.10377358490566038,0.1025381348627381,0.10308173288162395,0.10315585988419924,False,0.44
3,2,Emmitt Smith,0.10434782608695652,0.1036741479328632,0.103997513446828,0.10401098700990985,False,0.48000000000000004
3,2,Harry Hamlin,0.09130434782608696,0.0909962234270026,0.09114412313856311,0.09115028562654479,False,0.48000000000000004
3,2,Jerry Springer,0.08260869565217391,0.0834177805858319,0.08302941981767609,0.08301323811900291,False,0.48000000000000004
3,2,Joey Lawrence,0.12608695652173912,0.1288493756861081,0.12752341448721102,0.1274681661039236,False,0.48000000000000004
3,2,Mario Lopez,0.09130434782608696,0.0909962234270026,0.09114412313856311,0.09115028562654479,False,0.48000000000000004
3,2,Monique Coleman,0.11304347826086956,0.1130928665645324,0.11306916017877428,0.11306817241270098,False,0.48000000000000004
3,2,Sara Evans,0.09130434782608696,0.0909962234270026,0.09114412313856311,0.09115028562654479,False,0.48000000000000004
3,2,Shanna Moakler,0.09565217391304348,0.0950398488968537,0.09533376490462481,0.09534601140494858,True,0.48000000000000004
3,2,Vivica A. Fox,0.10434782608695652,0.1036741479328632,0.103997513446828,0.10401098700990985,False,0.48000000000000004
3,2,Willa Ford,0.1,0.0992631621199394,0.0996168443023685,0.09963158105996969,False,0.48000000000000004
3,3,Emmitt Smith,0.09178743961352658,0.0927800937077437,0.0922639135787508,0.09228376666063515,False,0.52
3,3,Harry Hamlin,0.10628019323671498,0.1057065535032653,0.10600484616465915,0.10599337336999014,True,0.52
3,3,Jerry Springer,0.10144927536231885,0.1012090956786018,0.10133398911413469,0.10132918552046033,False,0.52
3,3,Joey Lawrence,0.10628019323671498,0.1057065535032653,0.10600484616465915,0.10599337336999014,False,0.52
3,3,Mario Lopez,0.10628019323671498,0.1057065535032653,0.10600484616465915,0.10599337336999014,False,0.52
3,3,Monique Coleman,0.13043478260869565,0.1313753109757511,0.13088623622488227,0.13090504679222337,False,0.52
3,3,Sara Evans,0.12077294685990338,0.1204339746490909,0.12061024019871341,0.12060346075449714,False,0.52
3,3,Vivica A. Fox,0.13043478260869565,0.1313753109757511,0.13088623622488227,0.13090504679222337,False,0.52
3,3,Willa Ford,0.10628019323671498,0.1057065535032653,0.10600484616465915,0.10599337336999014,False,0.52
3,4,Emmitt Smith,0.12121212121212122,0.1204632855454779,0.12088263351879817,0.12083770337879957,False,0.56
3,4,Jerry Springer,0.1111111111111111,0.1111118044222893,0.11111141616802953,0.1111114577667002,False,0.56
3,4,Joey Lawrence,0.13636363636363635,0.1359867076983443,0.13619778775090788,0.13617517203099033,False,0.56
3,4,Mario Lopez,0.14646464646464646,0.1474317304540952,0.14689016342000394,0.14694818845937083,False,0.56
3,4,Monique Coleman,0.12121212121212122,0.1204632855454779,0.12088263351879817,0.12083770337879957,False,0.56
3,4,Sara Evans,0.10101010101010101,0.1024862722785043,0.10165961636819848,0.10174818664430266,False,0.56
3,4,Vivica A. Fox,0.12121212121212122,0.1204632855454779,0.12088263351879817,0.12083770337879957,True,0.56
3,4,Willa Ford,0.1414141414141414,0.1415936285103328,0.14149311573646567,0.1415038849622371,False,0.56
3,5,Emmitt Smith,0.14917127071823205,0.1491095462479441,0.1491465809301169,0.14914040848308807,False,0.6000000000000001
3,5,Jerry Springer,0.13259668508287292,0.1327754221950259,0.13266817992773414,0.13268605363894942,False,0.6000000000000001
3,5,Joey Lawrence,0.13812154696132597,0.1380109706181714,0.13807731642406418,0.1380662587897487,False,0.6000000000000001
3,5,Mario Lopez,0.14917127071823205,0.1491095462479441,0.1491465809301169,0.14914040848308807,False,0.6000000000000001
3,5,Monique Coleman,0.14917127071823205,0.1491095462479441,0.1491465809301169,0.14914040848308807,False,0.6000000000000001
3,5,Sara Evans,0.13259668508287292,0.1327754221950259,0.13266817992773414,0.13268605363894942,True,0.6000000000000001
3,5,Willa Ford,0.14917127071823205,0.1491095462479441,0.1491465809301169,0.14914040848308807,True,0.6000000000000001
3,6,Emmitt Smith,0.211864406779661,0.2102543748595508,0.21128479528842137,0.2110593908196059,False,0.64
3,6,Jerry Springer,0.15254237288135594,0.1562891687244854,0.15389121938488257,0.15441577080292068,False,0.64
3,6,Joey Lawrence,0.2033898305084746,0.2015314049701784,0.20272079731468795,0.2024606177393265,False,0.64
3,6,Mario Lopez,0.23728813559322035,0.2387547204294406,0.23781610613425966,0.23802142801133047,False,0.64
3,6,Monique Coleman,0.19491525423728814,0.1931703310163447,0.1942870818777485,0.19404279262681642,False,0.64
3,7,Emmitt Smith,0.2111111111111111,0.2108230041156479,0.21101891687256288,0.2109670576133795,False,0.68
3,7,Jerry Springer,0.17037037037037037,0.1719691731180766,0.17088198724963638,0.1711697717442235,True,0.68
3,7,Joey Lawrence,0.2111111111111111,0.2108230041156479,0.21101891687256288,0.2109670576133795,False,0.68
3,7,Mario Lopez,0.2074074074074074,0.2069548016440605,0.20726257356313638,0.20718110452573396,False,0.68
3,7,Monique Coleman,0.2,0.1994300170065671,0.19981760544210148,0.19971500850328355,False,0.68
3,8,Emmitt Smith,0.24770642201834864,0.2476223445953053,0.2476828803398965,0.24766438330682697,False,0.72
3,8,Joey Lawrence,0.24770642201834864,0.2476223445953053,0.2476828803398965,0.24766438330682697,False,0.72
3,8,Mario Lopez,0.26146788990825687,0.261635065499358,0.26151469907376523,0.26155147770380743,False,0.72
3,8,Monique Coleman,0.24311926605504589,0.2431202453100313,0.2431195402464418,0.24311975568253857,True,0.72
3,9,Emmitt Smith,0.3333333333333333,0.3333333333333333,0.33333333333333326,0.3333333333333333,False,0.76
3,9,Joey Lawrence,0.3333333333333333,0.3333333333333333,0.33333333333333326,0.3333333333333333,False,0.76
3,9,Mario Lopez,0.3333333333333333,0.3333333333333333,0.33333333333333326,0.3333333333333333,False,0.76
3,10,Emmitt Smith,0.5,0.5,0.5,0.5,False,0.8
3,10,Mario Lopez,0.5,0.5,0.5,0.5,False,0.8
4,1,Apolo Anton Ohno,0.10194174757281553,0.10113871363426,0.10149204856722446,0.10154023060353776,False,0.44
4,1,Billy Ray Cyrus,0.06310679611650485,0.0659771527002437,0.06471419580339863,0.06454197440837428,False,0.44
4,1,Clyde Drexler,0.07766990291262135,0.0774399413528418,0.07754112443914482,0.07755492213273157,False,0.44
4,1,Heather Mills,0.08737864077669903,0.086167993373731,0.08670067823103697,0.08677331707521502,False,0.44
4,1,Ian Ziering,0.10194174757281553,0.10113871363426,0.10149204856722446,0.10154023060353776,False,0.44
4,1,Joey Fatone,0.11650485436893204,0.1187104282587512,0.1177399757472308,0.11760764131384162,False,0.44
4,1,John Ratzenberger,0.0825242718446602,0.0816874797833413,0.08205566829032164,0.08210587581400075,False,0.44
4,1,Laila Ali,0.11165048543689321,0.1125377919200191,0.11214737706744375,0.11209413867845616,False,0.44
4,1,Leeza Gibbons,0.07281553398058252,0.0734132639743226,0.07315026277707698,0.07311439897745256,False,0.44
4,1,Paulina Porizkova,0.09223300970873786,0.0908942606841144,0.09148331025494874,0.09156363519642613,False,0.44
4,1,Shandi Finnessey,0.09223300970873786,0.0908942606841144,0.09148331025494874,0.09156363519642613,False,0.44
4,2,Apolo Anton Ohno,0.10612244897959183,0.1067514324750869,0.1064495203972493,0.10643694072733936,False,0.48000000000000004
4,2,Billy Ray Cyrus,0.08571428571428572,0.0852862525028193,0.08549170844432322,0.08550026910855252,False,0.48000000000000004
4,2,Clyde Drexler,0.07346938775510205,0.0745387703586895,0.07402546670896754,0.07400407905689577,False,0.48000000000000004
4,2,Heather Mills,0.09795918367346938,0.0975833761540809,0.09776376376338741,0.09777127991377514,False,0.48000000000000004
4,2,Ian Ziering,0.08979591836734693,0.0892026934050853,0.0894874413869709,0.08949930588621612,False,0.48000000000000004
4,2,Joey Fatone,0.09795918367346938,0.0975833761540809,0.09776376376338741,0.09777127991377514,False,0.48000000000000004
4,2,John Ratzenberger,0.08571428571428572,0.0852862525028193,0.08549170844432322,0.08550026910855252,False,0.48000000000000004
4,2,Laila Ali,0.11020408163265306,0.1116535786504871,0.1109578200819268,0.11092883014157008,False,0.48000000000000004
4,2,Leeza Gibbons,0.08571428571428572,0.0852862525028193,0.08549170844432322,0.08550026910855252,False,0.48000000000000004
4,2,Paulina Porizkova,0.08571428571428572,0.0852862525028193,0.08549170844432322,0.08550026910855252,True,0.48000000000000004
4,2,Shandi Finnessey,0.08163265306122448,0.0815417627912118,0.08158539012081792,0.08158720792621814,False,0.48000000000000004
4,3,Apolo Anton Ohno,0.10550458715596331,0.1050247778114039,0.10527427867057482,0.1052646824836836,False,0.52
4,3,Billy Ray Cyrus,0.0963302752293578,0.0958182513732056,0.09608450377840476,0.0960742633012817,False,0.52
4,3,Clyde Drexler,0.07339449541284404,0.0761797275041244,0.07473140681665863,0.07478711145848421,False,0.52
4,3,Heather Mills,0.11009174311926606,0.1099546338422422,0.11002593066629464,0.11002318848075412,False,0.52
4,3,Ian Ziering,0.11009174311926606,0.1099546338422422,0.11002593066629464,0.11002318848075412,False,0.52
4,3,Joey Fatone,0.11009174311926606,0.1099546338422422,0.11002593066629464,0.11002318848075412,False,0.52
4,3,John Ratzenberger,0.09174311926605505,0.0915222051958856,0.09163708051237374,0.09163266223097033,False,0.52
4,3,Laila Ali,0.0963302752293578,0.0958182513732056,0.09608450377840476,0.0960742633012817,False,0.52
4,3,Leeza Gibbons,0.11009174311926606,0.1099546338422422,0.11002593066629464,0.11002318848075412,False,0.52
4,3,Shandi Finnessey,0.0963302752293578,0.0958182513732056,0.09608450377840476,0.0960742633012817,True,0.52
4,4,Apolo Anton Ohno,0.1368421052631579,0.1370981159014348,0.13695474994399975,0.13697011058229636,False,0.56
4,4,Billy Ray Cyrus,0.11052631578947368,0.1081862997486776,0.10949670873152342,0.10935630776907565,False,0.56
4,4,Clyde Drexler,0.07894736842105263,0.0814218946090042,0.08003615994375132,0.08018463151502842,False,0.56
4,4,Heather Mills,0.12105263157894737,0.1189367192666423,0.12012163016153315,0.11999467542279484,False,0.56
4,4,Ian Ziering,0.12631578947368421,0.124706129052035,0.12560753888815857,0.1255109592628596,False,0.56
4,4,Joey Fatone,0.14736842105263157,0.1507214884031918,0.1488437706868781,0.14904495472791168,False,0.56
4,4,John Ratzenberger,0.08421052631578947,0.0853715266351682,0.08472136645631612,0.08479102647547884,False,0.56
4,4,Laila Ali,0.11052631578947368,0.1081862997486776,0.10949670873152342,0.10935630776907565,False,0.56
4,4,Leeza Gibbons,0.08421052631578947,0.0853715266351682,0.08472136645631612,0.08479102647547884,True,0.56
4,5,Apolo Anton Ohno,0.17045454545454544,0.1745044679472037,0.17207451445160876,0.17247950670087459,False,0.6000000000000001
4,5,Billy Ray Cyrus,0.09659090909090909,0.0966446891349823,0.09661242110853838,0.09661779911294568,False,0.6000000000000001
4,5,Clyde Drexler,0.07386363636363637,0.0805777915827602,0.07654929845128591,0.07722071397319828,True,0.6000000000000001
4,5,Heather Mills,0.11931818181818182,0.1159152634309193,0.11795701446327683,0.11761672262455056,False,0.6000000000000001
4,5,Ian Ziering,0.13636363636363635,0.1328503189285384,0.1349583093895972,0.13460697764608737,False,0.6000000000000001
4,5,Joey Fatone,0.14204545454545456,0.1390283151254496,0.1408385987774526,0.14053688483545207,False,0.6000000000000001
4,5,John Ratzenberger,0.10227272727272728,0.1011389991730993,0.1018192360328761,0.10170586322291329,False,0.6000000000000001
4,5,Laila Ali,0.1590909090909091,0.1593401546770468,0.1591906073253642,0.15921553188397794,False,0.6000000000000001
4,6,Apolo Anton Ohno,0.16470588235294117,0.1649717184754817,0.16480158335705578,0.16483880041421145,False,0.64
4,6,Billy Ray Cyrus,0.12352941176470589,0.1236603583402918,0.12357655253191682,0.12359488505249885,False,0.64
4,6,Heather Mills,0.13529411764705881,0.1342752373041189,0.13492732072360045,0.13478467747558887,True,0.64
4,6,Ian Ziering,0.1411764705882353,0.1399196282284632,0.14072400733871737,0.14054804940834925,False,0.64
4,6,Joey Fatone,0.1588235294117647,0.1583167203002717,0.15864107813162723,0.15857012485601818,False,0.64
4,6,John Ratzenberger,0.11176470588235295,0.1138846188758908,0.11252787456002658,0.11282466237912187,False,0.64
4,6,Laila Ali,0.16470588235294117,0.1649717184754817,0.16480158335705578,0.16483880041421145,False,0.64
4,7,Apolo Anton Ohno,0.17475728155339806,0.1731145255591785,0.1742315996352478,0.1739359035562883,False,0.68
4,7,Billy Ray Cyrus,0.12297734627831715,0.1268840606549731,0.12422749487884707,0.12493070346664512,False,0.68
4,7,Ian Ziering,0.17475728155339806,0.1731145255591785,0.1742315996352478,0.1739359035562883,False,0.68
4,7,Joey Fatone,0.19093851132686085,0.1907647038441649,0.19088289293239818,0.1908516075855129,False,0.68
4,7,John Ratzenberger,0.14563106796116504,0.1453574805383397,0.14554351998586096,0.14549427424975236,True,0.68
4,7,Laila Ali,0.19093851132686085,0.1907647038441649,0.19088289293239818,0.1908516075855129,False,0.68
4,8,Apolo Anton Ohno,0.23107569721115537,0.2313851078497087,0.2311623321899503,0.23123040253043203,False,0.72
4,8,Billy Ray Cyrus,0.15139442231075698,0.1553494478256733,0.15250182945493357,0.15337193506821514,True,0.72
4,8,Ian Ziering,0.18725099601593626,0.1858537269294955,0.18685976067173285,0.18655236147271587,False,0.72
4,8,Joey Fatone,0.21912350597609562,0.217962384507554,0.21879839196490397,0.21854294524182483,False,0.72
4,8,Laila Ali,0.21115537848605578,0.2094493328875683,0.21067768571847934,0.21030235568681205,False,0.72
4,9,Apolo Anton Ohno,0.2489451476793249,0.2489230511891862,0.24893984452169163,0.24893409943425554,False,0.76
4,9,Ian Ziering,0.24472573839662448,0.2447570730821608,0.2447332587211532,0.24474140573939263,True,0.76
4,9,Joey Fatone,0.25316455696202533,0.2531599378643265,0.2531634483785776,0.25316224741317594,False,0.76
4,9,Laila Ali,0.25316455696202533,0.2531599378643265,0.2531634483785776,0.25316224741317594,False,0.76
4,10,Apolo Anton Ohno,0.33976850076853665,0.339795494358974,0.3397738994866241,0.3397819975637553,False,0.8
4,10,Joey Fatone,0.3320460681848982,0.3320138389771359,0.3320396223433457,0.33202995358101706,False,0.8
4,10,Laila Ali,0.3281854310465651,0.3281906666638901,0.3281864781700301,0.32818804885522757,False,0.8
5,1,Albert Reed,0.08171206225680934,0.081030951438203,0.08133064019838981,0.08137150684750617,False,0.44
5,1,Cameron Mathison,0.08171206225680934,0.081030951438203,0.08133064019838981,0.08137150684750617,False,0.44
5,1,Floyd Mayweather Jr. ,0.07003891050583658,0.0704394430729808,0.07026320874343736,0.07023917678940869,False,0.44
5,1,Helio Castroneves,0.09727626459143969,0.0976707009568322,0.09749714895605952,0.09747348277413595,False,0.44
5,1,Jane Seymour,0.0933852140077821,0.0932150341418445,0.09328991328285707,0.0933001240748133,False,0.44
5,1,Jennie Garth,0.08171206225680934,0.081030951438203,0.08133064019838981,0.08137150684750617,False,0.44
5,1,Josie Maran,0.0622568093385214,0.0641592428925883,0.06332217212879888,0.06320802611555484,True,0.44
5,1,Marie Osmond,0.08171206225680934,0.081030951438203,0.08133064019838981,0.08137150684750617,False,0.44
5,1,Mark Cuban,0.08171206225680934,0.081030951438203,0.08133064019838981,0.08137150684750617,False,0.44
5,1,Mel B,0.0933852140077821,0.0932150341418445,0.09328991328285707,0.0933001240748133,False,0.44
5,1,Sabrina Bryan,0.10116731517509728,0.1023393480807257,0.10182365360224922,0.10175333162791149,False,0.44
5,1,Wayne Newton,0.07392996108949416,0.0738064395221685,0.07386078901179183,0.07386820030583133,False,0.44
5,2,Albert Reed,0.08823529411764706,0.0873097747878894,0.08775402406617308,0.08777253445276822,True,0.48000000000000004
5,2,Cameron Mathison,0.08823529411764706,0.0873097747878894,0.08775402406617308,0.08777253445276822,False,0.48000000000000004
5,2,Floyd Mayweather Jr. ,0.08823529411764706,0.0873097747878894,0.08775402406617308,0.08777253445276822,False,0.48000000000000004
5,2,Helio Castroneves,0.1134453781512605,0.1152119353927989,0.1143639879168605,0.1143286567720297,False,0.48000000000000004
5,2,Jane Seymour,0.08823529411764706,0.0873097747878894,0.08775402406617308,0.08777253445276822,False,0.48000000000000004
5,2,Jennie Garth,0.08823529411764706,0.0873097747878894,0.08775402406617308,0.08777253445276822,False,0.48000000000000004
5,2,Marie Osmond,0.10084033613445378,0.1002952049303561,0.10055686790832301,0.10056777053240494,False,0.48000000000000004
5,2,Mark Cuban,0.07563025210084033,0.0760055954699458,0.07582543065277518,0.07581792378539307,False,0.48000000000000004
5,2,Mel B,0.09663865546218488,0.0957652035392324,0.0961844604622496,0.09620192950070863,False,0.48000000000000004
5,2,Sabrina Bryan,0.1092436974789916,0.1100081948155116,0.10964123609398202,0.1096259461472516,False,0.48000000000000004
5,2,Wayne Newton,0.06302521008403361,0.0661649919127079,0.06465789663494426,0.06459510099837076,False,0.48000000000000004
5,3,Cameron Mathison,0.09623430962343096,0.0955132388624194,0.09588819565814542,0.09587377424292517,False,0.52
5,3,Floyd Mayweather Jr. ,0.08786610878661087,0.0878457869651775,0.08785635431232286,0.08785594787589418,False,0.52
5,3,Helio Castroneves,0.100418410041841,0.0995943931065056,0.10002288191288003,0.1000064015741733,False,0.52
5,3,Jane Seymour,0.11297071129707113,0.1129142726239693,0.11294362073398229,0.11294249196052022,False,0.52
5,3,Jennie Garth,0.1087866108786611,0.1082872996733492,0.1085469415001114,0.10853695527600515,False,0.52
5,3,Marie Osmond,0.1087866108786611,0.1082872996733492,0.1085469415001114,0.10853695527600515,False,0.52
5,3,Mark Cuban,0.08368200836820083,0.0842460641784274,0.0839527551571096,0.08396403627331411,False,0.52
5,3,Mel B,0.11297071129707113,0.1129142726239693,0.11294362073398229,0.11294249196052022,False,0.52
5,3,Sabrina Bryan,0.11297071129707113,0.1129142726239693,0.11294362073398229,0.11294249196052022,False,0.52
5,3,Wayne Newton,0.07531380753138076,0.0774830996688635,0.0763550677573725,0.07639845360012212,True,0.52
5,4,Cameron Mathison,0.11538461538461539,0.1150540380569585,0.11523916136044639,0.11521932672078694,False,0.56
5,4,Floyd Mayweather Jr. ,0.09829059829059829,0.0986477831452708,0.0984477596266542,0.09846919071793454,True,0.56
5,4,Helio Castroneves,0.11538461538461539,0.1150540380569585,0.11523916136044639,0.11521932672078694,False,0.56
5,4,Jane Seymour,0.1111111111111111,0.1107129012833707,0.11093589878690535,0.1109120061972409,False,0.56
5,4,Jennie Garth,0.11538461538461539,0.1150540380569585,0.11523916136044639,0.11521932672078694,False,0.56
5,4,Marie Osmond,0.1111111111111111,0.1107129012833707,0.11093589878690535,0.1109120061972409,False,0.56
5,4,Mark Cuban,0.09401709401709402,0.0949256754619851,0.09441686985284611,0.09447138473953956,False,0.56
5,4,Mel B,0.1111111111111111,0.1107129012833707,0.11093589878690535,0.1109120061972409,False,0.56
5,4,Sabrina Bryan,0.1282051282051282,0.1291257233717561,0.1286101900784445,0.12866542578844214,False,0.56
5,5,Cameron Mathison,0.1306532663316583,0.1299596104167492,0.13037580396569468,0.13030643837420375,False,0.6000000000000001
5,5,Helio Castroneves,0.11557788944723618,0.1151943495489298,0.11542447348791365,0.115386119498083,False,0.6000000000000001
5,5,Jane Seymour,0.1306532663316583,0.1299596104167492,0.13037580396569468,0.13030643837420375,False,0.6000000000000001
5,5,Jennie Garth,0.12562814070351758,0.124838725471513,0.12531237461071576,0.12523343308751528,False,0.6000000000000001
5,5,Marie Osmond,0.10552763819095477,0.1062950468124496,0.10583460163955272,0.10591134250170219,False,0.6000000000000001
5,5,Mark Cuban,0.10552763819095477,0.1062950468124496,0.10583460163955272,0.10591134250170219,True,0.6000000000000001
5,5,Mel B,0.1457286432160804,0.1466174374507775,0.14608416090995924,0.14617304033342893,False,0.6000000000000001
5,5,Sabrina Bryan,0.1407035175879397,0.1408401730703818,0.14075817978091656,0.14077184532916076,False,0.6000000000000001
5,6,Cameron Mathison,0.1388888888888889,0.1382300883044614,0.13865172067849502,0.13855948859667516,False,0.64
5,6,Helio Castroneves,0.15555555555555556,0.1553353409531992,0.1554762782987073,0.1554454482543774,False,0.64
5,6,Jane Seymour,0.12222222222222222,0.123008435784205,0.12250525910453604,0.12261532900321362,False,0.64
5,6,Jennie Garth,0.15,0.1494104745588192,0.14978777084117492,0.1497052372794096,False,0.64
5,6,Marie Osmond,0.12777777777777777,0.1278863303866761,0.12781685671698118,0.12783205408222692,False,0.64
5,6,Mel B,0.16666666666666666,0.1678992417081774,0.16711039368161054,0.16728295418742203,False,0.64
5,6,Sabrina Bryan,0.1388888888888889,0.1382300883044614,0.13865172067849502,0.13855948859667516,True,0.64
5,7,Cameron Mathison,0.16346153846153846,0.1634417847426408,0.1634552172714912,0.16345166160208963,False,0.68
5,7,Helio Castroneves,0.16666666666666666,0.1666153128784024,0.1666502334544221,0.16664098977253453,False,0.68
5,7,Jane Seymour,0.16025641025641027,0.1603287029167321,0.16027954390771326,0.16029255658657118,True,0.68
5,7,Jennie Garth,0.16987179487179488,0.1698504610022491,0.16986496803354023,0.169861127937022,False,0.68
5,7,Marie Osmond,0.16666666666666666,0.1666153128784024,0.1666502334544221,0.16664098977253453,False,0.68
5,7,Mel B,0.17307692307692307,0.173148425581573,0.17309980387841106,0.17311267432924804,False,0.68
5,8,Cameron Mathison,0.19391634980988592,0.1936329776118585,0.19383700559443826,0.1937746637108722,True,0.72
5,8,Helio Castroneves,0.21673003802281368,0.2170294243227038,0.21681386618678294,0.21687973117275874,False,0.72
5,8,Jennie Garth,0.19011406844106463,0.1899865143234674,0.1900783532881374,0.190050291382266,False,0.72
5,8,Marie Osmond,0.18631178707224336,0.1864087206112899,0.1863389284631764,0.18636025384176663,False,0.72
5,8,Mel B,0.21292775665399238,0.2129423631306803,0.21293184646746502,0.21293505989233635,False,0.72
5,9,Helio Castroneves,0.2564102564102564,0.256390601963566,0.2564055393430507,0.2564004291869112,False,0.76
5,9,Jennie Garth,0.24786324786324787,0.2477732556913734,0.24784164974199802,0.24781825177731065,True,0.76
5,9,Marie Osmond,0.23931623931623933,0.2394455403814943,0.23934727157190053,0.2393808898488668,False,0.76
5,9,Mel B,0.2564102564102564,0.256390601963566,0.2564055393430507,0.2564004291869112,False,0.76
5,10,Helio Castroneves,0.35294095402801606,0.352061831066451,0.35276512943570304,0.35250139254723356,False,0.8
5,10,Marie Osmond,0.2899168190830813,0.2914109329547146,0.290215641857408,0.290663876018898,False,0.8
5,10,Mel B,0.3571422268889026,0.3565272359788343,0.35701922870688896,0.35683473143386846,False,0.8
6,1,Adam Carolla,0.06172839506172839,0.0632369260258084,0.06257317240161323,0.062482660543768394,False,0.44
6,1,Cristian de la Fuente,0.08641975308641975,0.0850453547423621,0.0856500900137475,0.08573255391439093,False,0.44
6,1,Jason Taylor,0.09053497942386832,0.0893505516336418,0.08987169986134151,0.08994276552875506,False,0.44
6,1,Kristi Yamaguchi,0.1111111111111111,0.1143748252453382,0.11293879102627832,0.11274296817822466,False,0.44
6,1,Mario,0.09876543209876543,0.0986257957462725,0.09868723574136942,0.09869561392251897,False,0.44
6,1,Marissa Jaret Winokur,0.07407407407407407,0.0733348948774141,0.0736601337239445,0.07370448447574408,False,0.44
6,1,Marlee Matlin,0.09053497942386832,0.0893505516336418,0.08987169986134151,0.08994276552875506,False,0.44
6,1,Monica Seles,0.06172839506172839,0.0632369260258084,0.06257317240161323,0.062482660543768394,False,0.44
6,1,Penn Jillette,0.06584362139917696,0.0664381287036635,0.06617654548968946,0.06614087505142023,False,0.44
6,1,Priscilla Presley,0.09876543209876543,0.0986257957462725,0.09868723574136942,0.09869561392251897,False,0.44
6,1,Shannon Elizabeth,0.08641975308641975,0.0850453547423621,0.0856500900137475,0.08573255391439093,False,0.44
6,1,Steve Guttenberg,0.07407407407407407,0.0733348948774141,0.0736601337239445,0.07370448447574408,False,0.44
6,2,Adam Carolla,0.07392996108949416,0.0731443309908878,0.07352143343821888,0.07353714604019099,False,0.48000000000000004
6,2,Cristian de la Fuente,0.07782101167315175,0.0766406207396493,0.07720720838773051,0.07723081620640053,False,0.48000000000000004
6,2,Jason Taylor,0.10505836575875487,0.1062691983758682,0.10568799871965384,0.10566378206731153,False,0.48000000000000004
6,2,Kristi Yamaguchi,0.10505836575875487,0.1062691983758682,0.10568799871965384,0.10566378206731153,False,0.48000000000000004
6,2,Mario,0.10116731517509728,0.1014212743206494,0.10129937393078442,0.10129429474787334,False,0.48000000000000004
6,2,Marissa Jaret Winokur,0.08171206225680934,0.0803040326951723,0.08097988688475811,0.08100804747599083,False,0.48000000000000004
6,2,Marlee Matlin,0.0933852140077821,0.0923788134848325,0.09286188573584833,0.09288201374630731,False,0.48000000000000004
6,2,Monica Seles,0.058365758754863814,0.0606830367186781,0.059570743296047265,0.059524397736770956,True,0.48000000000000004
6,2,Penn Jillette,0.06614785992217899,0.0666229699374262,0.06639491713010756,0.0663854149298026,True,0.48000000000000004
6,2,Priscilla Presley,0.08171206225680934,0.0803040326951723,0.08097988688475811,0.08100804747599083,False,0.48000000000000004
6,2,Shannon Elizabeth,0.0933852140077821,0.0923788134848325,0.09286188573584833,0.09288201374630731,False,0.48000000000000004
6,2,Steve Guttenberg,0.0622568093385214,0.0635836781809626,0.06294678113659086,0.062920243759742,False,0.48000000000000004
6,3,Adam Carolla,0.09210526315789473,0.0918583121320059,0.09198672666546812,0.09198178764495032,False,0.52
6,3,Cristian de la Fuente,0.10964912280701754,0.1094738711193688,0.10956500199694617,0.10956149696319317,False,0.52
6,3,Jason Taylor,0.10087719298245613,0.1002800330254332,0.10059055620308516,0.10057861300394466,False,0.52
6,3,Kristi Yamaguchi,0.11842105263157894,0.1195106153866208,0.11894404275399907,0.11896583400909988,False,0.52
6,3,Mario,0.09210526315789473,0.0918583121320059,0.09198672666546812,0.09198178764495032,False,0.52
6,3,Marissa Jaret Winokur,0.08333333333333333,0.084143864468024,0.08372238827798487,0.08373859890067867,False,0.52
6,3,Marlee Matlin,0.09210526315789473,0.0918583121320059,0.09198672666546812,0.09198178764495032,False,0.52
6,3,Priscilla Presley,0.11403508771929824,0.1143822088710976,0.11420170587216197,0.11420864829519792,False,0.52
6,3,Shannon Elizabeth,0.10526315789473684,0.1047761586014315,0.1050293982339503,0.10501965824808417,False,0.52
6,3,Steve Guttenberg,0.09210526315789473,0.0918583121320059,0.09198672666546812,0.09198178764495032,True,0.52
6,4,Adam Carolla,0.08444444444444445,0.0867166277423275,0.085444205095513,0.08558053609338598,True,0.56
6,4,Cristian de la Fuente,0.11555555555555555,0.1147373553912411,0.1151955474832572,0.11514645547339833,False,0.56
6,4,Jason Taylor,0.1288888888888889,0.1293660069621683,0.12909882084113183,0.1291274479255286,False,0.56
6,4,Kristi Yamaguchi,0.1288888888888889,0.1293660069621683,0.12909882084113183,0.1291274479255286,False,0.56
6,4,Mario,0.10666666666666667,0.1059159283028275,0.10633634178657744,0.10629129748474708,False,0.56
6,4,Marissa Jaret Winokur,0.10666666666666667,0.1059159283028275,0.10633634178657744,0.10629129748474708,False,0.56
6,4,Marlee Matlin,0.10666666666666667,0.1059159283028275,0.10633634178657744,0.10629129748474708,False,0.56
6,4,Priscilla Presley,0.09777777777777778,0.0977727247590549,0.09777555444953973,0.09777525126841634,False,0.56
6,4,Shannon Elizabeth,0.12444444444444444,0.1242934932745572,0.12437802592969407,0.12436896885950083,False,0.56
6,5,Cristian de la Fuente,0.11734693877551021,0.1168843456505618,0.11716190152553085,0.117115642213036,False,0.6000000000000001
6,5,Jason Taylor,0.1377551020408163,0.1376136681869408,0.13769852849926612,0.13768438511387854,False,0.6000000000000001
6,5,Kristi Yamaguchi,0.14795918367346939,0.149318693804352,0.14850298772582246,0.1486389387389107,False,0.6000000000000001
6,5,Mario,0.1377551020408163,0.1376136681869408,0.13769852849926612,0.13768438511387854,False,0.6000000000000001
6,5,Marissa Jaret Winokur,0.12244897959183673,0.1217538366178945,0.12217092240225985,0.12210140810486561,False,0.6000000000000001
6,5,Marlee Matlin,0.11224489795918367,0.1122096078256319,0.112230781905763,0.11222725289240779,False,0.6000000000000001
6,5,Priscilla Presley,0.10714285714285714,0.1077218340771161,0.10737444791656073,0.10743234560998662,True,0.6000000000000001
6,5,Shannon Elizabeth,0.11734693877551021,0.1168843456505618,0.11716190152553085,0.117115642213036,False,0.6000000000000001
6,6,Cristian de la Fuente,0.15,0.1493225884404388,0.149756131838558,0.1496612942202194,False,0.64
6,6,Jason Taylor,0.13333333333333333,0.1328794494498935,0.13316993513529501,0.1331063913916134,False,0.64
6,6,Kristi Yamaguchi,0.16666666666666666,0.1678004801409157,0.16707483951739632,0.1672335734037912,False,0.64
6,6,Mario,0.15555555555555556,0.1552439697143087,0.1554433846527067,0.15539976263493213,False,0.64
6,6,Marissa Jaret Winokur,0.14444444444444443,0.1436270630001647,0.14415018712450375,0.14403575372230457,False,0.64
6,6,Marlee Matlin,0.11666666666666667,0.1182469998043848,0.11723558659624522,0.11745683323552573,True,0.64
6,6,Shannon Elizabeth,0.13333333333333333,0.1328794494498935,0.13316993513529501,0.1331063913916134,False,0.64
6,7,Cristian de la Fuente,0.1488673139158576,0.1495553376240562,0.14908748150248116,0.1492113257699569,False,0.68
6,7,Jason Taylor,0.1779935275080906,0.178113993320092,0.17803207656793107,0.17805376041409132,False,0.68
6,7,Kristi Yamaguchi,0.17475728155339806,0.1746888308004623,0.17473537731245864,0.17472305617693018,False,0.68
6,7,Mario,0.1650485436893204,0.1648034998681514,0.16497012966654634,0.1649260217787359,False,0.68
6,7,Marissa Jaret Winokur,0.16828478964401294,0.1680348385190865,0.16820480528403647,0.16815981408154973,False,0.68
6,7,Shannon Elizabeth,0.1650485436893204,0.1648034998681514,0.16497012966654634,0.1649260217787359,True,0.68
6,8,Cristian de la Fuente,0.21348314606741572,0.2137286907482193,0.21355189857804074,0.2136059184078175,False,0.72
6,8,Jason Taylor,0.1947565543071161,0.1946249652566379,0.19471970937298222,0.194690759781877,False,0.72
6,8,Kristi Yamaguchi,0.20599250936329588,0.2058719198083478,0.20595874428791044,0.20593221458582184,False,0.72
6,8,Mario,0.19850187265917604,0.1983039676011674,0.19844645924293364,0.19840292013017172,True,0.72
6,8,Marissa Jaret Winokur,0.18726591760299627,0.1874704565856274,0.18732318851813298,0.18736818709431183,False,0.72
6,9,Cristian de la Fuente,0.2545454545454545,0.2544409500214972,0.2545203734597048,0.25449320228347583,False,0.76
6,9,Jason Taylor,0.25,0.2498565535529475,0.24996557285270743,0.24992827677647375,False,0.76
6,9,Kristi Yamaguchi,0.2590909090909091,0.2591094615179781,0.2590953616734057,0.25910018530444356,False,0.76
6,9,Marissa Jaret Winokur,0.23636363636363636,0.236593034907577,0.2364186920141821,0.23647833563560666,True,0.76
6,10,Cristian de la Fuente,0.3076923076923077,0.3081278780361163,0.3077794217610694,0.307910092864212,False,0.8
6,10,Jason Taylor,0.33727810650887574,0.3367269220992934,0.33716786962695927,0.33700251430408457,False,0.8
6,10,Kristi Yamaguchi,0.35502958579881655,0.3551451998645903,0.3550527086119713,0.35508739283170343,False,0.8
7,1,Brooke Burke,0.09722222222222222,0.0989682381005648,0.0981999911140941,0.09809523016139352,False,0.44
7,1,Cloris Leachman,0.06349206349206349,0.063835336962051,0.06368429663525652,0.06366370022705725,False,0.44
7,1,Cody Linley,0.08134920634920635,0.0805155042325895,0.08088233316390095,0.08093235529089793,False,0.44
7,1,Jeffrey Ross,0.047619047619047616,0.0519331700957852,0.05003495620602068,0.04977610885741641,True,0.44
7,1,Kim Kardashian,0.07341269841269842,0.0726225269208768,0.07297020237727833,0.0730176126667876,False,0.44
7,1,Lance Bass,0.08531746031746032,0.0847780840534274,0.08501540960960191,0.08504777218544386,False,0.44
7,1,Maurice Greene,0.07738095238095238,0.0764672437954919,0.07686927557309453,0.07692409808822215,False,0.44
7,1,Misty May-Treanor,0.08333333333333333,0.082619308793009,0.08293347959075173,0.08297632106317115,False,0.44
7,1,Rocco DiSpirito,0.06944444444444445,0.0689711195878672,0.0691793825247612,0.06920778201615582,False,0.44
7,1,Susan Lucci,0.07341269841269842,0.0726225269208768,0.07297020237727833,0.0730176126667876,False,0.44
7,1,Ted McGinley,0.07341269841269842,0.0726225269208768,0.07297020237727833,0.0730176126667876,True,0.44
7,1,Toni Braxton,0.08928571428571429,0.0892663295631558,0.08927485884108156,0.08927602192443504,False,0.44
7,1,Warren Sapp,0.08531746031746032,0.0847780840534274,0.08501540960960191,0.08504777218544386,False,0.44
7,2,Brooke Burke,0.1085972850678733,0.1092807405833089,0.10895268193589985,0.1089390128255911,False,0.48000000000000004
7,2,Cloris Leachman,0.06787330316742081,0.0698225044988816,0.06888688785978045,0.0688479038331512,False,0.48000000000000004
7,2,Cody Linley,0.09502262443438914,0.0941226675779641,0.09455464686904816,0.09457264600617662,False,0.48000000000000004
7,2,Kim Kardashian,0.07692307692307693,0.0771308926456568,0.07703114109881849,0.07702698478436687,True,0.48000000000000004
7,2,Lance Bass,0.09049773755656108,0.0895525093696179,0.09000621889935066,0.0900251234630895,False,0.48000000000000004
7,2,Maurice Greene,0.08597285067873303,0.0852042567509323,0.08557318183627668,0.08558855371483266,False,0.48000000000000004
7,2,Misty May-Treanor,0.09502262443438914,0.0941226675779641,0.09455464686904816,0.09457264600617662,True,0.48000000000000004
7,2,Rocco DiSpirito,0.07239819004524888,0.0733857758612261,0.07291173466955705,0.07289198295323748,False,0.48000000000000004
7,2,Susan Lucci,0.09502262443438914,0.0941226675779641,0.09455464686904816,0.09457264600617662,False,0.48000000000000004
7,2,Toni Braxton,0.10407239819004525,0.1039745769731746,0.10402153115727256,0.10402348758160992,False,0.48000000000000004
7,2,Warren Sapp,0.1085972850678733,0.1092807405833089,0.10895268193589985,0.1089390128255911,False,0.48000000000000004
7,3,Brooke Burke,0.1407035175879397,0.1435300747631496,0.14206026503204047,0.14211679617554465,False,0.52
7,3,Cloris Leachman,0.08040201005025126,0.0834152399289934,0.0818483603920475,0.08190862498962233,False,0.52
7,3,Cody Linley,0.10552763819095477,0.1045809778421045,0.10507324122350667,0.10505430801652964,False,0.52
7,3,Lance Bass,0.11055276381909548,0.1094193567125784,0.11000872840796731,0.10998606026583693,False,0.52
7,3,Maurice Greene,0.12060301507537688,0.1197780049636217,0.12020701022173441,0.12019051001949929,False,0.52
7,3,Rocco DiSpirito,0.10050251256281408,0.0999565456698893,0.10024044845421021,0.10022952911635169,False,0.52
7,3,Susan Lucci,0.10552763819095477,0.1045809778421045,0.10507324122350667,0.10505430801652964,False,0.52
7,3,Toni Braxton,0.11055276381909548,0.1094193567125784,0.11000872840796731,0.10998606026583693,False,0.52
7,3,Warren Sapp,0.12562814070351758,0.1253194655649797,0.12547997663701943,0.12547380313424863,False,0.52
7,4,Brooke Burke,0.12807881773399016,0.1286848400929884,0.1283454675719494,0.12838182891348926,False,0.56
7,4,Cloris Leachman,0.10837438423645321,0.1077729192036016,0.10810973962199852,0.1080736517200274,False,0.56
7,4,Cody Linley,0.11330049261083744,0.1126585304155135,0.11301802924489492,0.11297951151317548,False,0.56
7,4,Lance Bass,0.12807881773399016,0.1286848400929884,0.1283454675719494,0.12838182891348926,False,0.56
7,4,Maurice Greene,0.09852216748768473,0.0986281248530279,0.09856878872843573,0.09857514617035631,False,0.56
7,4,Rocco DiSpirito,0.08866995073891626,0.0902592885476872,0.08936925937477547,0.08946461964330173,True,0.56
7,4,Susan Lucci,0.11822660098522167,0.1177656183869895,0.11802376864199952,0.11799610968610558,False,0.56
7,4,Toni Braxton,0.10837438423645321,0.1077729192036016,0.10810973962199852,0.1080736517200274,False,0.56
7,4,Warren Sapp,0.10837438423645321,0.1077729192036016,0.10810973962199852,0.1080736517200274,False,0.56
7,5,Brooke Burke,0.14871794871794872,0.1499055112458334,0.14919297372910262,0.14931172998189107,False,0.6000000000000001
7,5,Cloris Leachman,0.1076923076923077,0.1079642379695705,0.10780107980321284,0.1078282728309391,False,0.6000000000000001
7,5,Cody Linley,0.14358974358974358,0.1438799871557301,0.1437058410161382,0.14373486537273683,False,0.6000000000000001
7,5,Lance Bass,0.1076923076923077,0.1079642379695705,0.10780107980321284,0.1078282728309391,False,0.6000000000000001
7,5,Maurice Greene,0.13846153846153847,0.1380966619031391,0.13831558783817874,0.1382791001823388,False,0.6000000000000001
7,5,Susan Lucci,0.11282051282051282,0.1124856528627423,0.11268656883740463,0.11265308284162756,False,0.6000000000000001
7,5,Toni Braxton,0.11282051282051282,0.1124856528627423,0.11268656883740463,0.11265308284162756,True,0.6000000000000001
7,5,Warren Sapp,0.1282051282051282,0.1272180580306714,0.1278103001353455,0.1277115931178998,False,0.6000000000000001
7,6,Brooke Burke,0.1625,0.1618792410345227,0.16227652677242818,0.16218962051726135,False,0.64
7,6,Cloris Leachman,0.09375,0.1000430538218564,0.09601549937586831,0.0968965269109282,True,0.64
7,6,Cody Linley,0.14375,0.141967851140765,0.1431084264106754,0.1428589255703825,False,0.64
7,6,Lance Bass,0.16875,0.1691186655520228,0.16888271959872822,0.1689343327760114,False,0.64
7,6,Maurice Greene,0.13125,0.1300736243828915,0.13082650477784097,0.13066181219144574,False,0.64
7,6,Susan Lucci,0.14375,0.141967851140765,0.1431084264106754,0.1428589255703825,False,0.64
7,6,Warren Sapp,0.15625,0.1549497129271765,0.15578189665378356,0.15559985646358826,False,0.64
7,7,Brooke Burke,0.20408163265306123,0.2071436539983463,0.20506147948355247,0.20561264332570378,False,0.68
7,7,Cody Linley,0.14965986394557823,0.1494380492999401,0.14958888325897401,0.14954895662275916,False,0.68
7,7,Lance Bass,0.17006802721088435,0.1689040666160265,0.16969555982052983,0.16948604691345542,False,0.68
7,7,Maurice Greene,0.17006802721088435,0.1689040666160265,0.16969555982052983,0.16948604691345542,False,0.68
7,7,Susan Lucci,0.16326530612244897,0.1621488230066302,0.16290803152538696,0.1627070645645396,True,0.68
7,7,Warren Sapp,0.14285714285714285,0.14346134046303,0.14305048609102675,0.14315924166008642,False,0.68
7,8,Brooke Burke,0.21568627450980393,0.2159504237347188,0.21576023629278013,0.21581834912226136,False,0.72
7,8,Cody Linley,0.18823529411764706,0.1882543472986013,0.18824062900831426,0.18824482070812418,False,0.72
7,8,Lance Bass,0.19607843137254902,0.1957835370079657,0.1959958609504657,0.19593098419025734,False,0.72
7,8,Maurice Greene,0.18823529411764706,0.1882543472986013,0.18824062900831426,0.18824482070812418,True,0.72
7,8,Warren Sapp,0.21176470588235294,0.2117573446601125,0.21176264474012563,0.21176102527123272,False,0.72
7,9,Brooke Burke,0.24378109452736318,0.2430356432756988,0.24360218622696372,0.243408368901531,False,0.76
7,9,Cody Linley,0.22885572139303484,0.2289506825217006,0.22887851206391463,0.2289032019573677,True,0.76
7,9,Lance Bass,0.2835820895522388,0.2849780309269016,0.28391711548215787,0.2842800602395702,False,0.76
7,9,Warren Sapp,0.24378109452736318,0.2430356432756988,0.24360218622696372,0.243408368901531,False,0.76
7,10,Brooke Burke,0.35294117647058826,0.3532207372392049,0.3529970886243116,0.3530809568548966,False,0.8
7,10,Lance Bass,0.3235294117647059,0.3233896313803975,0.3235014556878442,0.3234595215725517,False,0.8
7,10,Warren Sapp,0.3235294117647059,0.3233896313803975,0.3235014556878442,0.3234595215725517,False,0.8
8,1,Belinda Carlisle,0.06995884773662552,0.0691862041283515,0.0695261673159921,0.0695725259324885,False,0.44
8,1,Chuck Wicks,0.0823045267489712,0.0812308667724984,0.08170327716214645,0.0817676967607348,False,0.44
8,1,David Alan Grier,0.07818930041152264,0.0769993796413142,0.07752294478020594,0.07759434002641842,False,0.44
8,1,Denise Richards,0.07407407407407407,0.0729883195971821,0.07346605156701459,0.07353119683562809,False,0.44
8,1,Gilles Marini,0.09876543209876543,0.1006135637543425,0.09980038582588863,0.09968949792655396,False,0.44
8,1,Holly Madison,0.07407407407407407,0.0729883195971821,0.07346605156701459,0.07353119683562809,False,0.44
8,1,Lawrence Taylor,0.06584362139917696,0.0655821488713205,0.06569719678357737,0.06571288513524873,False,0.44
8,1,Lil' Kim,0.08641975308641975,0.085694894521864,0.08601383229026857,0.08605732380414188,False,0.44
8,1,Melissa Rycroft,0.09465020576131687,0.095372391067592,0.09505462953283098,0.09501129841445444,False,0.44
8,1,Shawn Johnson,0.09465020576131687,0.095372391067592,0.09505462953283098,0.09501129841445444,False,0.44
8,1,Steve Wozniak,0.053497942386831275,0.0558578299022077,0.05481947939544209,0.05467788614451949,False,0.44
8,1,Steve-O,0.06995884773662552,0.0691862041283515,0.0695261673159921,0.0695725259324885,False,0.44
8,1,Ty Murray,0.05761316872427984,0.058927486950201,0.058349186930795716,0.05827032783724042,False,0.44
8,2,Belinda Carlisle,0.06792452830188679,0.0673410758028902,0.06762113300240859,0.0676328020523885,True,0.48000000000000004
8,2,Chuck Wicks,0.07547169811320754,0.0742831094523898,0.07485363200958234,0.07487740378279867,False,0.48000000000000004
8,2,David Alan Grier,0.06415094339622641,0.0641172722508298,0.0641334344006202,0.0641341078235281,False,0.48000000000000004
8,2,Denise Richards,0.07924528301886792,0.0780180492541622,0.07860712146122098,0.07863166613651507,False,0.48000000000000004
8,2,Gilles Marini,0.1018867924528302,0.1047189215628472,0.10335949959003907,0.1033028570078387,False,0.48000000000000004
8,2,Holly Madison,0.06792452830188679,0.0673410758028902,0.06762113300240859,0.0676328020523885,False,0.48000000000000004
8,2,Lawrence Taylor,0.07547169811320754,0.0742831094523898,0.07485363200958234,0.07487740378279867,False,0.48000000000000004
8,2,Lil' Kim,0.08679245283018867,0.0860607470687325,0.0864119658342315,0.08642659994946059,False,0.48000000000000004
8,2,Melissa Rycroft,0.09811320754716982,0.099705737153819,0.09894132294262742,0.09890947235049441,False,0.48000000000000004
8,2,Shawn Johnson,0.09056603773584905,0.0903878641208706,0.09047338745606029,0.09047695092835983,False,0.48000000000000004
8,2,Steve Wozniak,0.06415094339622641,0.0641172722508298,0.0641334344006202,0.0641341078235281,False,0.48000000000000004
8,2,Steve-O,0.052830188679245285,0.0553426563749584,0.05413667188101612,0.05408642252710184,False,0.48000000000000004
8,2,Ty Murray,0.07547169811320754,0.0742831094523898,0.07485363200958234,0.07487740378279867,False,0.48000000000000004
8,3,Chuck Wicks,0.09055118110236221,0.0882044220521428,0.09088807579252026,0.0893778015772525,False,0.52
8,3,David Alan Grier,0.09448818897637795,0.0924715650957541,0.09505434178976835,0.09347987703606603,False,0.52
8,3,Denise Richards,0.06299212598425197,0.0633673305093533,0.06422350804971569,0.06317972824680262,True,0.52
8,3,Gilles Marini,0.1062992125984252,0.1065520370220936,0.10818830004460747,0.1064256248102594,False,0.52
8,3,Holly Madison,0.06692913385826772,0.066432907691134,0.06779308807866946,0.06668102077470087,False,0.52
8,3,Lawrence Taylor,0.07874015748031496,0.0765485220506563,0.07895813647050606,0.07764433976548563,False,0.52
8,3,Lil' Kim,0.0984251968503937,0.0969451434782181,0.09932312157670237,0.0976851701643059,False,0.52
8,3,Melissa Rycroft,0.1062992125984252,0.1065520370220936,0.10818830004460747,0.1064256248102594,False,0.52
8,3,Shawn Johnson,0.1062992125984252,0.1065520370220936,0.10818830004460747,0.1064256248102594,False,0.52
8,3,Steve Wozniak,0.03937007874015748,0.047726360203039,0.027582575400814626,0.04354821947159824,False,0.52
8,3,Steve-O,0.05905511811023622,0.0604432158012783,0.06072417691496054,0.05974916695575726,False,0.52
8,3,Ty Murray,0.09055118110236221,0.0882044220521428,0.09088807579252026,0.0893778015772525,False,0.52
8,4,Chuck Wicks,0.09090909090909091,0.0880546854851574,0.08965315252256019,0.08948188819712416,False,0.56
8,4,David Alan Grier,0.09090909090909091,0.0880546854851574,0.08965315252256019,0.08948188819712416,False,0.56
8,4,Gilles Marini,0.12396694214876033,0.1266711567027181,0.12515679655250178,0.12531904942573924,False,0.56
8,4,Holly Madison,0.06611570247933884,0.0670360661103219,0.0665206624769714,0.06657588429483037,True,0.56
8,4,Lawrence Taylor,0.07851239669421488,0.076829940241462,0.07777211585500363,0.07767116846783845,False,0.56
8,4,Lil' Kim,0.1115702479338843,0.1105237881001478,0.11110980560704026,0.11104701801701605,False,0.56
8,4,Melissa Rycroft,0.11983471074380166,0.1210422751064649,0.12036603906337351,0.12043849292513328,False,0.56
8,4,Shawn Johnson,0.10330578512396695,0.1009193500804739,0.10225575370483003,0.10211256760222043,False,0.56
8,4,Steve Wozniak,0.049586776859504134,0.0558915157357616,0.05236086196505743,0.05273914629763286,True,0.56
8,4,Steve-O,0.06198347107438017,0.0640571868718606,0.06289590602527158,0.06302032897312038,False,0.56
8,4,Ty Murray,0.10330578512396695,0.1009193500804739,0.10225575370483003,0.10211256760222043,False,0.56
8,5,Chuck Wicks,0.10952380952380952,0.108465712718104,0.10910057080152732,0.10899476112095677,False,0.6000000000000001
8,5,David Alan Grier,0.10476190476190476,0.103915385639191,0.10442329711281928,0.10433864520054789,True,0.6000000000000001
8,5,Gilles Marini,0.1380952380952381,0.1402710985477188,0.1389655822762304,0.13918316832147845,False,0.6000000000000001
8,5,Lawrence Taylor,0.09523809523809523,0.0953794057636623,0.09529461944832207,0.09530875050087877,False,0.6000000000000001
8,5,Lil' Kim,0.12380952380952381,0.1233474956281226,0.12362471253696336,0.1235785097188232,False,0.6000000000000001
8,5,Melissa Rycroft,0.11904761904761904,0.1181728516285809,0.11869771208000382,0.11861023533809997,False,0.6000000000000001
8,5,Shawn Johnson,0.12380952380952381,0.1233474956281226,0.12362471253696336,0.1235785097188232,False,0.6000000000000001
8,5,Steve-O,0.08571428571428572,0.0875446016763699,0.08644641209911941,0.08662944369532781,False,0.6000000000000001
8,5,Ty Murray,0.1,0.0995559527701274,0.09982238110805097,0.0997779763850637,False,0.6000000000000001
8,6,Chuck Wicks,0.12365591397849462,0.1218393002626755,0.12300193304079976,0.12274760712058506,False,0.64
8,6,Gilles Marini,0.13978494623655913,0.1386198401797349,0.13936550805610243,0.139202393208147,False,0.64
8,6,Lawrence Taylor,0.11827956989247312,0.1167099985264461,0.11771452420070341,0.11749478420945961,False,0.64
8,6,Lil' Kim,0.15053763440860216,0.1510720278824016,0.15073001605916997,0.15080483114550186,False,0.64
8,6,Melissa Rycroft,0.14516129032258066,0.1447120601770529,0.1449995674701907,0.1449366752498168,False,0.64
8,6,Shawn Johnson,0.13978494623655913,0.1386198401797349,0.13936550805610243,0.139202393208147,False,0.64
8,6,Steve-O,0.08602150537634409,0.0901637711955926,0.08751272107127357,0.08809263828596835,True,0.64
8,6,Ty Murray,0.0967741935483871,0.0982631615963611,0.09731022204565776,0.09751867757237409,False,0.64
8,7,Chuck Wicks,0.14835164835164835,0.1477894138407822,0.1481717333081712,0.14807053109621526,False,0.68
8,7,Gilles Marini,0.14835164835164835,0.1477894138407822,0.1481717333081712,0.14807053109621526,False,0.68
8,7,Lawrence Taylor,0.11538461538461539,0.1173333642338309,0.11600821501636437,0.11635898980922314,True,0.68
8,7,Lil' Kim,0.14285714285714285,0.1422131292530688,0.14265105850383916,0.14253513605510582,False,0.68
8,7,Melissa Rycroft,0.15934065934065933,0.1596065074975693,0.15942573075087055,0.15947358341911433,False,0.68
8,7,Shawn Johnson,0.15384615384615385,0.1535843487736956,0.15376237622296723,0.15371525130992472,False,0.68
8,7,Ty Murray,0.13186813186813187,0.1316838225602707,0.1318091528896163,0.13177597721420128,False,0.68
8,8,Chuck Wicks,0.16346153846153846,0.1631841688178685,0.1633838749613109,0.1633228536397035,True,0.72
8,8,Gilles Marini,0.1762820512820513,0.1762322116790655,0.17626809619321526,0.17625713148055838,False,0.72
8,8,Lil' Kim,0.1794871794871795,0.17965408989137,0.17953391440035285,0.17957063468927476,False,0.72
8,8,Melissa Rycroft,0.14743589743589744,0.1482241398950627,0.14765660532446373,0.14783001866548007,False,0.72
8,8,Shawn Johnson,0.16666666666666666,0.1663526948583165,0.16657875456032864,0.16650968076249156,False,0.72
8,8,Ty Murray,0.16666666666666666,0.1663526948583165,0.16657875456032864,0.16650968076249156,False,0.72
8,9,Gilles Marini,0.20973782771535582,0.2093821374533212,0.20965246205246751,0.2095599825843385,False,0.76
8,9,Lil' Kim,0.1947565543071161,0.1942711035025255,0.1946400461140144,0.1945138289048208,True,0.76
8,9,Melissa Rycroft,0.21348314606741572,0.2133400951263135,0.21344881384155118,0.2134116205968646,False,0.76
8,9,Shawn Johnson,0.20973782771535582,0.2093821374533212,0.20965246205246751,0.2095599825843385,False,0.76
8,9,Ty Murray,0.17228464419475656,0.1736245264645183,0.17260621593949937,0.17295458532963742,False,0.76
8,10,Gilles Marini,0.273972602739726,0.2743148513876371,0.2740410524693082,0.27414372706368156,False,0.8
8,10,Melissa Rycroft,0.2511415525114155,0.2503731333218281,0.25098786867349804,0.2507573429166218,False,0.8
8,10,Shawn Johnson,0.2557077625570776,0.2549881768046222,0.25556384540658655,0.25534796968084994,False,0.8
8,10,Ty Murray,0.2191780821917808,0.2203238384859124,0.21940723345060714,0.2197509603388466,True,0.8
8,11,Gilles Marini,0.3314285714285714,0.3313580538381513,0.3314144679104874,0.33139331263336136,False,0.8
8,11,Melissa Rycroft,0.32571428571428573,0.3257260423682325,0.32571663704507514,0.32572016404125914,False,0.8
8,11,Shawn Johnson,0.34285714285714286,0.3429159037936161,0.3428688950444375,0.3428865233253795,False,0.8
9,1,Aaron Carter,0.07881779829674206,0.0794811676137839,0.07918928511428552,0.07914948295526297,False,0.44
9,1,Ashley Hamiliton,0.046797967676719905,0.0476176179766154,0.047256971844661405,0.04720779282666765,True,0.44
9,1,Chuck Liddell,0.05418740566465287,0.0535938233872352,0.053854999589299,0.053890614525944035,False,0.44
9,1,Debi Mazar,0.05418740566465287,0.0535938233872352,0.053854999589299,0.053890614525944035,False,0.44
9,1,Donny Osmond,0.07389167050904634,0.0734571368232046,0.073648331644975,0.07367440366612546,False,0.44
9,1,Joanna Krupa,0.08374392608443776,0.0859992136700711,0.08500688713239248,0.08487156987725443,False,0.44
9,1,Kathy Ireland,0.04926103157056776,0.0495316490801821,0.04941257737595182,0.04939634032537493,False,0.44
9,1,Kelly Osbourne,0.07635448809650482,0.0764095084846311,0.07638529951385557,0.07638199829056797,False,0.44
9,1,Louie Vito,0.06650223252111338,0.0652659888366246,0.0658099360577997,0.06588411067886898,False,0.44
9,1,Macy Gray,0.046797967676719905,0.0476176179766154,0.047256971844661405,0.04720779282666765,True,0.44
9,1,Mark Dacascos,0.0714283603088091,0.0706182846560996,0.07097471794329181,0.07102332248245435,False,0.44
9,1,Melissa Joan Hart,0.05911353345234858,0.0579889149499054,0.05848374709098042,0.05855122420112699,False,0.44
9,1,Michael Irvin,0.046798213983109294,0.0476178056333621,0.047257185307250885,0.047208009808235696,False,0.44
9,1,Mya,0.0763547344028942,0.0764098096076268,0.07638557651754449,0.0763822720052605,False,0.44
9,1,Natalie Coughlin,0.06650223252111338,0.0652659888366246,0.0658099360577997,0.06588411067886898,False,0.44
9,1,Tom DeLay,0.04926103157056776,0.0495316490801821,0.04941257737595182,0.04939634032537493,False,0.44
9,2,Aaron Carter,0.09183673469387756,0.0940524012570685,0.09298888130673688,0.09294456797547303,False,0.48000000000000004
9,2,Chuck Liddell,0.06462585034013606,0.0642575808164356,0.06443435018781185,0.06444171557828582,False,0.48000000000000004
9,2,Debi Mazar,0.07142857142857142,0.0706782439038924,0.07103840111573836,0.07105340766623192,False,0.48000000000000004
9,2,Donny Osmond,0.08503401360544217,0.0855083465708897,0.08528066674747492,0.08527118008816593,False,0.48000000000000004
9,2,Joanna Krupa,0.06802721088435375,0.0673914903353392,0.0676966361988662,0.06770935060984648,False,0.48000000000000004
9,2,Kathy Ireland,0.061224489795918366,0.0612694076334373,0.06124784707142823,0.06124694871467783,True,0.48000000000000004
9,2,Kelly Osbourne,0.06462585034013606,0.0642575808164356,0.06443435018781185,0.06444171557828582,False,0.48000000000000004
9,2,Louie Vito,0.06462585034013606,0.0642575808164356,0.06443435018781185,0.06444171557828582,False,0.48000000000000004
9,2,Mark Dacascos,0.07142857142857142,0.0706782439038924,0.07103840111573836,0.07105340766623192,False,0.48000000000000004
9,2,Melissa Joan Hart,0.06462585034013606,0.0642575808164356,0.06443435018781185,0.06444171557828582,False,0.48000000000000004
9,2,Michael Irvin,0.06802721088435375,0.0673914903353392,0.0676966361988662,0.06770935060984648,False,0.48000000000000004
9,2,Mya,0.09183673469387756,0.0940524012570685,0.09298888130673688,0.09294456797547303,False,0.48000000000000004
9,2,Natalie Coughlin,0.07142857142857142,0.0706782439038924,0.07103840111573836,0.07105340766623192,False,0.48000000000000004
9,2,Tom DeLay,0.061224489795918366,0.0612694076334373,0.06124784707142823,0.06124694871467783,False,0.48000000000000004
9,3,Aaron Carter,0.08139534883720931,0.0800774355586174,0.08076275046348519,0.08073639219791336,False,0.52
9,3,Chuck Liddell,0.06589147286821706,0.0654602915811226,0.06568450585041172,0.06567588222466983,False,0.52
9,3,Debi Mazar,0.06589147286821706,0.0654602915811226,0.06568450585041172,0.06567588222466983,True,0.52
9,3,Donny Osmond,0.08139534883720931,0.0800774355586174,0.08076275046348519,0.08073639219791336,False,0.52
9,3,Joanna Krupa,0.08914728682170543,0.0885678836431311,0.08886917329598976,0.08885758523241827,False,0.52
9,3,Kelly Osbourne,0.07751937984496124,0.0761424946268659,0.07685847494027548,0.07683093723591357,False,0.52
9,3,Louie Vito,0.07751937984496124,0.0761424946268659,0.07685847494027548,0.07683093723591357,False,0.52
9,3,Mark Dacascos,0.06976744186046512,0.0688431907363082,0.0693238013208698,0.06930531629838665,False,0.52
9,3,Melissa Joan Hart,0.07364341085271318,0.0724009135352286,0.07304701214032058,0.0730221621939709,False,0.52
9,3,Michael Irvin,0.05426356589147287,0.0562767189975106,0.05522987938237098,0.05527014244449173,False,0.52
9,3,Mya,0.10465116279069768,0.1083449038140432,0.10642415848190354,0.10649803330237044,False,0.52
9,3,Natalie Coughlin,0.10077519379844961,0.1030209221731416,0.10185314341830176,0.1018980579857956,False,0.52
9,3,Tom DeLay,0.05813953488372093,0.0591850235674248,0.05864136945189878,0.058662279225572864,True,0.52
9,4,Aaron Carter,0.0743801652892562,0.0743335154277434,0.07435963935019058,0.07435684035849979,False,0.56
9,4,Chuck Liddell,0.07024793388429752,0.0710303596986298,0.07059220124260374,0.07063914679146366,True,0.56
9,4,Donny Osmond,0.09917355371900827,0.0976401913445246,0.09849887427423547,0.09840687253176644,False,0.56
9,4,Joanna Krupa,0.10743801652892562,0.1069325536640381,0.10721561286837514,0.10718528509648187,False,0.56
9,4,Kelly Osbourne,0.09504132231404959,0.0933013577029902,0.09427573788518347,0.0941713400085199,False,0.56
9,4,Louie Vito,0.06611570247933884,0.0678739861808511,0.06688934730800425,0.06699484433009498,False,0.56
9,4,Mark Dacascos,0.09090909090909091,0.0891553286546226,0.09013743551712486,0.09003220978185675,False,0.56
9,4,Melissa Joan Hart,0.11570247933884298,0.1171092649006121,0.11632146498602142,0.11640587211972754,False,0.56
9,4,Michael Irvin,0.06611570247933884,0.0678739861808511,0.06688934730800425,0.06699484433009498,False,0.56
9,4,Mya,0.11570247933884298,0.1171092649006121,0.11632146498602142,0.11640587211972754,False,0.56
9,4,Natalie Coughlin,0.09917355371900827,0.0976401913445246,0.09849887427423547,0.09840687253176644,False,0.56
9,5,Aaron Carter,0.09917355371900827,0.0986979324121368,0.0989833051962597,0.09893574306557254,False,0.6000000000000001
9,5,Donny Osmond,0.11983471074380166,0.1213495917902132,0.12044066316236628,0.12059215126700742,False,0.6000000000000001
9,5,Joanna Krupa,0.09917355371900827,0.0986979324121368,0.0989833051962597,0.09893574306557254,False,0.6000000000000001
9,5,Kelly Osbourne,0.09917355371900827,0.0986979324121368,0.0989833051962597,0.09893574306557254,False,0.6000000000000001
9,5,Louie Vito,0.09090909090909091,0.0908690418906983,0.09089307130173388,0.09088906639989461,False,0.6000000000000001
9,5,Mark Dacascos,0.10743801652892562,0.1072013268737665,0.10734334066686199,0.10731967170134607,False,0.6000000000000001
9,5,Melissa Joan Hart,0.09504132231404959,0.0947026216896015,0.09490584206427037,0.09487197200182554,False,0.6000000000000001
9,5,Michael Irvin,0.08677685950413223,0.0871906461174574,0.0869423741494623,0.08698375281079482,False,0.6000000000000001
9,5,Mya,0.1115702479338843,0.1117239325111541,0.11163172176479225,0.1116470902225192,False,0.6000000000000001
9,5,Natalie Coughlin,0.09090909090909091,0.0908690418906983,0.09089307130173388,0.09088906639989461,True,0.6000000000000001
9,6,Aaron Carter,0.12692274704027823,0.1263482885162649,0.12671594197163344,0.12663551777827156,False,0.64
9,6,Donny Osmond,0.1192307973373754,0.1178973983642287,0.1187507737070426,0.11856409785080205,False,0.64
9,6,Joanna Krupa,0.13846163313642237,0.1401750870515588,0.1390784765458715,0.13931836009399057,False,0.64
9,6,Kelly Osbourne,0.09615340976180302,0.0957861643830886,0.09602120142546583,0.0959697870724458,False,0.64
9,6,Louie Vito,0.09230801183542559,0.0925278491707189,0.09238715327613117,0.09241793050307225,True,0.64
9,6,Mark Dacascos,0.12307734911390078,0.1220503551646074,0.12270763129215517,0.12256385213925408,False,0.64
9,6,Melissa Joan Hart,0.09230762721870961,0.0925275288814559,0.09238679181729828,0.09241757805008276,True,0.64
9,6,Michael Irvin,0.08461490828237482,0.0863381652268355,0.08523528078238067,0.08547653675460516,False,0.64
9,6,Mya,0.12692351627371018,0.1263491632412411,0.12671674918202133,0.12663633975747562,False,0.64
9,7,Aaron Carter,0.150997150997151,0.1508079741002607,0.15093661439014613,0.15090256254870585,False,0.68
9,7,Donny Osmond,0.14814814814814814,0.1478301992703552,0.14804640450725443,0.1479891737092517,False,0.68
9,7,Joanna Krupa,0.15669515669515668,0.1569446778251558,0.15677500345675643,0.15681991726015626,False,0.68
9,7,Kelly Osbourne,0.14814814814814814,0.1478301992703552,0.14804640450725443,0.1479891737092517,False,0.68
9,7,Mark Dacascos,0.1225071225071225,0.1235415001709957,0.12283812335956193,0.12302431133905911,True,0.68
9,7,Michael Irvin,0.1339031339031339,0.1338004101608525,0.1338702623056039,0.13385177203199322,True,0.68
9,7,Mya,0.1396011396011396,0.1392450392020245,0.13948718747342276,0.13942308940158205,False,0.68
9,8,Aaron Carter,0.19083969465648856,0.190637390833656,0.19078304958609546,0.1907385427450723,True,0.72
9,8,Donny Osmond,0.19083969465648856,0.190637390833656,0.19078304958609546,0.1907385427450723,False,0.72
9,8,Joanna Krupa,0.1984732824427481,0.1980542702431131,0.19835595902685033,0.19826377634293058,False,0.72
9,8,Kelly Osbourne,0.1946564885496183,0.1943104457372554,0.1945595965621567,0.19448346714343684,False,0.72
9,8,Mya,0.22519083969465647,0.2263605023523193,0.2255183452388021,0.2257756710234879,False,0.72
9,9,Donny Osmond,0.23125016992245911,0.2315265623242507,0.2313165040988891,0.2313883661233549,False,0.76
9,9,Joanna Krupa,0.2531258701201785,0.2526985832167679,0.25302332126335997,0.25291222666847324,True,0.76
9,9,Kelly Osbourne,0.2437489628870599,0.24339600786156,0.24366425368093994,0.24357248537430995,False,0.76
9,9,Mya,0.27187499707030244,0.2723788465974213,0.27199592095681097,0.2721269218338619,False,0.76
9,10,Donny Osmond,0.35127769056340485,0.3511485818296117,0.3512518688166462,0.3512131361965083,False,0.8
9,10,Kelly Osbourne,0.305519216233502,0.3061067878458941,0.3056367305559804,0.3058130020396981,False,0.8
9,10,Mya,0.3432030932030932,0.3427446303244941,0.3431114006273734,0.34297386176379363,False,0.8
10,1,Aiden Turner,0.07177033492822966,0.0725907297186147,0.0722297560108453,0.07218053232342218,False,0.44
10,1,Buzz Aldrin,0.06698564593301436,0.068868965259955,0.06804030475610115,0.06792730559648469,False,0.44
10,1,Chad Ochocinco,0.0861244019138756,0.0850068601340938,0.08549857851719782,0.0855656310239847,False,0.44
10,1,Erin Andrews,0.10047846889952153,0.0995466817576894,0.09995666810009557,0.10001257532860547,False,0.44
10,1,Evan Lysacek,0.11004784688995216,0.1105966562079928,0.11035518010805495,0.11032225154897249,False,0.44
10,1,Jake Pavelka,0.09569377990430622,0.0944428716213345,0.09499327126584209,0.09506832576282036,False,0.44
10,1,Kate Gosselin,0.07655502392344497,0.0765136229532543,0.07653183938013822,0.07653432343834964,False,0.44
10,1,Nicole Scherzinger,0.11961722488038277,0.1228732103211881,0.1214405767272338,0.12124521760078544,False,0.44
10,1,Niecy Nash,0.0861244019138756,0.0850068601340938,0.08549857851719782,0.0855656310239847,False,0.44
10,1,Pamela Anderson,0.10047846889952153,0.0995466817576894,0.09995666810009557,0.10001257532860547,False,0.44
10,1,Shannen Doherty,0.0861244019138756,0.0850068601340938,0.08549857851719782,0.0855656310239847,False,0.44
10,2,Aiden Turner,0.08636363636363636,0.0845493321638537,0.08542019817974941,0.08545648426374503,False,0.48000000000000004
10,2,Buzz Aldrin,0.05454545454545454,0.059580907369539,0.05716389001397848,0.05706318095749677,False,0.48000000000000004
10,2,Chad Ochocinco,0.07272727272727272,0.0727722845948406,0.07275067889840804,0.07274977866105667,False,0.48000000000000004
10,2,Erin Andrews,0.10454545454545454,0.1032687875055313,0.10388158768469448,0.10390712102549292,False,0.48000000000000004
10,2,Evan Lysacek,0.10909090909090909,0.1085634914623625,0.10881665192406488,0.10882720027663578,False,0.48000000000000004
10,2,Jake Pavelka,0.09090909090909091,0.0888842691217551,0.08985618357967631,0.089896680015423,False,0.48000000000000004
10,2,Kate Gosselin,0.06818181818181818,0.0692231383947524,0.068723304692544,0.0687024782882853,False,0.48000000000000004
10,2,Nicole Scherzinger,0.12727272727272726,0.1325997479076276,0.13004277800287548,0.12993623759017742,False,0.48000000000000004
10,2,Niecy Nash,0.09545454545454546,0.0934414630502091,0.09440774260429058,0.09444800425237729,False,0.48000000000000004
10,2,Pamela Anderson,0.1,0.0982323093077731,0.09908080084004205,0.09911615465388655,False,0.48000000000000004
10,2,Shannen Doherty,0.09090909090909091,0.0888842691217551,0.08985618357967631,0.089896680015423,True,0.48000000000000004
10,3,Aiden Turner,0.09852216748768473,0.0970504398817929,0.09781573823685666,0.09778630368473881,False,0.52
10,3,Buzz Aldrin,0.06403940886699508,0.0687449483928828,0.06629806783942119,0.06639217862993893,True,0.52
10,3,Chad Ochocinco,0.09852216748768473,0.0970504398817929,0.09781573823685666,0.09778630368473881,False,0.52
10,3,Erin Andrews,0.11330049261083744,0.1125068482768512,0.11291954333052406,0.11290367044384432,False,0.52
10,3,Evan Lysacek,0.12807881773399016,0.1304248690125213,0.1292049223476851,0.12925184337325574,False,0.52
10,3,Jake Pavelka,0.10344827586206896,0.1019509612763619,0.10272956486092959,0.10269961856921543,False,0.52
10,3,Kate Gosselin,0.07389162561576355,0.0758627224482216,0.07483775209534343,0.07487717403199258,False,0.52
10,3,Nicole Scherzinger,0.11330049261083744,0.1125068482768512,0.11291954333052406,0.11290367044384432,False,0.52
10,3,Niecy Nash,0.10344827586206896,0.1019509612763619,0.10272956486092959,0.10269961856921543,False,0.52
10,3,Pamela Anderson,0.10344827586206896,0.1019509612763619,0.10272956486092959,0.10269961856921543,False,0.52
10,4,Aiden Turner,0.0889487870619946,0.089739389762995,0.0892966522504348,0.0893440884124948,True,0.56
10,4,Chad Ochocinco,0.11859838274932614,0.1171852670709064,0.11797661185082148,0.11789182491011627,False,0.56
10,4,Erin Andrews,0.10512129380053908,0.1037996253225413,0.10453975967022008,0.1044604595615402,False,0.56
10,4,Evan Lysacek,0.14016172506738545,0.1422841682158605,0.14109560005271451,0.141222946641623,False,0.56
10,4,Jake Pavelka,0.10242587601078167,0.1013118720176443,0.10193571425380124,0.10186887401421299,False,0.56
10,4,Kate Gosselin,0.0862533692722372,0.0875886164555903,0.08684087803291259,0.08692099286391375,False,0.56
10,4,Nicole Scherzinger,0.1347708894878706,0.1355456823074798,0.13511179832849868,0.1351582858976752,False,0.56
10,4,Niecy Nash,0.09703504043126684,0.0965138074788907,0.09680569793222137,0.09677442395507876,False,0.56
10,4,Pamela Anderson,0.12668463611859837,0.1260315713680912,0.12639728762837527,0.12635810374334477,False,0.56
10,5,Chad Ochocinco,0.10404624277456648,0.1035000208553365,0.1038277540068745,0.10377313181495149,False,0.6000000000000001
10,5,Erin Andrews,0.12716763005780346,0.1245295344752375,0.1261123918247771,0.1258485822665205,False,0.6000000000000001
10,5,Evan Lysacek,0.15606936416184972,0.1569232426226006,0.1564109155461501,0.15649630339222514,False,0.6000000000000001
10,5,Jake Pavelka,0.1329479768786127,0.1304233485860802,0.13193812556159973,0.13168566273234644,False,0.6000000000000001
10,5,Kate Gosselin,0.08670520231213873,0.090093091927755,0.08806035815838525,0.08839914711994687,True,0.6000000000000001
10,5,Nicole Scherzinger,0.1676300578034682,0.1721286796223489,0.1694295065310205,0.16987936871290854,False,0.6000000000000001
10,5,Niecy Nash,0.10404624277456648,0.1035000208553365,0.1038277540068745,0.10377313181495149,False,0.6000000000000001
10,5,Pamela Anderson,0.12138728323699421,0.1189020610553045,0.12039319436431833,0.12014467214614935,False,0.6000000000000001
10,6,Chad Ochocinco,0.14832537716633504,0.1472009500779771,0.14792058341452619,0.14776316362215608,False,0.64
10,6,Erin Andrews,0.16267997069846646,0.1627606660477471,0.1627090210242075,0.1627203183731068,False,0.64
10,6,Evan Lysacek,0.12918703555466454,0.1287445578245175,0.12902774357181163,0.12896579668959102,False,0.64
10,6,Jake Pavelka,0.11961714704307623,0.1204025906590792,0.1198999067448373,0.12000986885107771,True,0.64
10,6,Nicole Scherzinger,0.17224890226905065,0.1740362022231492,0.17289233025252615,0.17314255224609992,False,0.64
10,6,Niecy Nash,0.12440137359311731,0.1245031025401546,0.12443799601405076,0.12445223806663597,False,0.64
10,6,Pamela Anderson,0.14354019367528983,0.142351930627375,0.1431124189780405,0.14294606215133243,False,0.64
10,7,Chad Ochocinco,0.16720257234726688,0.1671059201591257,0.16717164364706172,0.1671542462531963,False,0.68
10,7,Erin Andrews,0.1639871382636656,0.1639129114953704,0.16396338569781116,0.16395002487951799,False,0.68
10,7,Evan Lysacek,0.17363344051446947,0.1736797476859921,0.17364825880935675,0.17365659410023077,False,0.68
10,7,Nicole Scherzinger,0.17363344051446947,0.1736797476859921,0.17364825880935675,0.17365659410023077,False,0.68
10,7,Niecy Nash,0.15755627009646303,0.1577087614781489,0.15760506733860252,0.15763251578730597,False,0.68
10,7,Pamela Anderson,0.1639871382636656,0.1639129114953704,0.16396338569781116,0.16395002487951799,True,0.68
10,8,Chad Ochocinco,0.17786561264822134,0.177854849152523,0.1778625988694258,0.17786023090037217,False,0.72
10,8,Erin Andrews,0.20948616600790515,0.2083189940683449,0.2091593578648283,0.208902580038125,False,0.72
10,8,Evan Lysacek,0.20948616600790515,0.2083189940683449,0.2091593578648283,0.208902580038125,False,0.72
10,8,Nicole Scherzinger,0.233201581027668,0.2345450324130552,0.23357774741557644,0.2338733067203616,False,0.72
10,8,Niecy Nash,0.16996047430830039,0.1709621302977318,0.17024093798534118,0.1704613023030161,True,0.72
10,9,Chad Ochocinco,0.23008849557522124,0.2305659394580106,0.2302030821070907,0.23032721751661592,True,0.76
10,9,Erin Andrews,0.24778761061946902,0.2474808865842433,0.24771399685101486,0.24763424860185618,False,0.76
10,9,Evan Lysacek,0.2610619469026549,0.2609765869788729,0.26104146052094723,0.2610192669407639,False,0.76
10,9,Nicole Scherzinger,0.2610619469026549,0.2609765869788729,0.26104146052094723,0.2610192669407639,False,0.76
10,10,Erin Andrews,0.32661232765023673,0.3265173765768477,0.3265933374355589,0.32656485211354225,False,0.8
10,10,Evan Lysacek,0.325268368450467,0.325203548856522,0.325255404531678,0.32523595865349453,False,0.8
10,10,Nicole Scherzinger,0.3481193038992962,0.3482790745666303,0.34815125803276303,0.3481991892329632,False,0.8
11,1,Audrina Patridge,0.08370044052863436,0.0824815070803244,0.08301783779758082,0.08309097380447938,False,0.44
11,1,Brandy,0.1013215859030837,0.1019036598935262,0.10164754733773154,0.10161262289830494,False,0.44
11,1,Bristol Palin,0.07929515418502203,0.0782344959909658,0.07870118559635059,0.07876482508799391,False,0.44
11,1,David Hasselhoff,0.06607929515418502,0.0667610860821869,0.0664610980738661,0.06642019061818596,True,0.44
11,1,Florence Henderson,0.07929515418502203,0.0782344959909658,0.07870118559635059,0.07876482508799391,False,0.44
11,1,Jennifer Grey,0.10572687224669604,0.1074355671184927,0.10668374137490222,0.10658121968259437,False,0.44
11,1,Kurt Warner,0.08370044052863436,0.0824815070803244,0.08301783779758082,0.08309097380447938,False,0.44
11,1,Kyle Massey,0.1013215859030837,0.1019036598935262,0.10164754733773154,0.10161262289830494,False,0.44
11,1,Margaret Cho,0.06607929515418502,0.0667610860821869,0.0664610980738661,0.06642019061818596,False,0.44
11,1,Michael Bolton,0.07048458149779736,0.0703852555657024,0.07042895897582421,0.07043491853174988,False,0.44
11,1,Rick Fox,0.09691629955947137,0.0966565931396106,0.09677086396434939,0.09678644634954098,False,0.44
11,1,The Situation,0.06607929515418502,0.0667610860821869,0.0664610980738661,0.06642019061818596,False,0.44
11,2,Audrina Patridge,0.10407239819004525,0.1038757341170735,0.10397013287209997,0.10397406615355938,False,0.48000000000000004
11,2,Brandy,0.09502262443438914,0.0940331903849994,0.09450811872870649,0.09452790740969427,False,0.48000000000000004
11,2,Bristol Palin,0.09954751131221719,0.0988320124383408,0.0991754518978015,0.099189761875279,False,0.48000000000000004
11,2,Florence Henderson,0.08597285067873303,0.0851232577958569,0.08553106237963745,0.08554805423729497,False,0.48000000000000004
11,2,Jennifer Grey,0.1085972850678733,0.1091768534521414,0.10889866062769274,0.10888706926000735,False,0.48000000000000004
11,2,Kurt Warner,0.09502262443438914,0.0940331903849994,0.09450811872870649,0.09452790740969427,False,0.48000000000000004
11,2,Kyle Massey,0.09954751131221719,0.0988320124383408,0.0991754518978015,0.099189761875279,False,0.48000000000000004
11,2,Margaret Cho,0.08144796380090498,0.080990068997158,0.08120985850295656,0.08121901639903148,False,0.48000000000000004
11,2,Michael Bolton,0.05429864253393665,0.0600804206089322,0.05730516713293435,0.05718953157143443,True,0.48000000000000004
11,2,Rick Fox,0.09502262443438914,0.0940331903849994,0.09450811872870649,0.09452790740969427,False,0.48000000000000004
11,2,The Situation,0.08144796380090498,0.080990068997158,0.08120985850295656,0.08121901639903148,False,0.48000000000000004
11,3,Audrina Patridge,0.11764705882352941,0.1185417691308849,0.11807651977106007,0.11809441397720716,False,0.52
11,3,Brandy,0.1085972850678733,0.108285108584932,0.10844744035606149,0.10844119682640266,False,0.52
11,3,Bristol Palin,0.08597285067873303,0.0863598871699185,0.08615862819450207,0.08616636892432578,False,0.52
11,3,Florence Henderson,0.09049773755656108,0.0903573322792623,0.09043034302345768,0.0904275349179117,False,0.52
11,3,Jennifer Grey,0.1085972850678733,0.108285108584932,0.10844744035606149,0.10844119682640266,False,0.52
11,3,Kurt Warner,0.10407239819004525,0.103494531364372,0.1037950221137221,0.10378346477720862,False,0.52
11,3,Kyle Massey,0.10407239819004525,0.103494531364372,0.1037950221137221,0.10378346477720862,False,0.52
11,3,Margaret Cho,0.08144796380090498,0.0825392906571316,0.08197180069189378,0.08199362722901829,True,0.52
11,3,Rick Fox,0.1085972850678733,0.108285108584932,0.10844744035606149,0.10844119682640266,False,0.52
11,3,The Situation,0.09049773755656108,0.0903573322792623,0.09043034302345768,0.0904275349179117,False,0.52
11,4,Audrina Patridge,0.12849162011173185,0.1270110450040611,0.12784016706435675,0.12775133255789647,False,0.56
11,4,Brandy,0.1340782122905028,0.1335603426815351,0.13385034966255704,0.13381927748601896,False,0.56
11,4,Bristol Palin,0.0893854748603352,0.0893283354614278,0.08936033352481595,0.08935690516088149,False,0.56
11,4,Florence Henderson,0.09776536312849161,0.0963259485989741,0.09713202073550392,0.09704565586373286,False,0.56
11,4,Jennifer Grey,0.1564245810055866,0.1633133420376358,0.1594556358596883,0.1598689615216112,False,0.56
11,4,Kurt Warner,0.09497206703910614,0.0939345321898417,0.0945155517054298,0.09445329961447392,False,0.56
11,4,Kyle Massey,0.11173184357541899,0.1092278494496683,0.11063008616008871,0.11047984651254364,False,0.56
11,4,Rick Fox,0.10893854748603352,0.1065161266448854,0.10787268231592836,0.10772733706545945,False,0.56
11,4,The Situation,0.0782122905027933,0.0807824779319703,0.0793431729716312,0.0794973842173818,True,0.56
11,5,Audrina Patridge,0.12637362637362637,0.1254864712680853,0.12601876433140996,0.12593004882085584,False,0.6000000000000001
11,5,Brandy,0.14835164835164835,0.1496085370754659,0.1488544038411754,0.1489800927135571,False,0.6000000000000001
11,5,Bristol Palin,0.0989010989010989,0.1007273875374311,0.09963161435563178,0.09981424321926499,False,0.6000000000000001
11,5,Florence Henderson,0.11538461538461539,0.1149257038598686,0.11520105077471669,0.11515515962224199,True,0.6000000000000001
11,5,Jennifer Grey,0.13736263736263737,0.1370176900592793,0.13722465844129417,0.13719016371095832,False,0.6000000000000001
11,5,Kurt Warner,0.13186813186813187,0.1311253843725278,0.13157103286989025,0.13149675812032985,False,0.6000000000000001
11,5,Kyle Massey,0.10989010989010989,0.1099834414548139,0.10992744251599151,0.10993677567246189,False,0.6000000000000001
11,5,Rick Fox,0.13186813186813187,0.1311253843725278,0.13157103286989025,0.13149675812032985,False,0.6000000000000001
11,6,Audrina Patridge,0.1545889285615942,0.1537478159228984,0.15428612801166372,0.1541683722422463,True,0.64
11,6,Brandy,0.17391314849856981,0.1760174681147353,0.17467070356038938,0.17496530830665255,False,0.64
11,6,Bristol Palin,0.13526519171803963,0.1342961644161704,0.13491634188936671,0.13478067806710503,False,0.64
11,6,Jennifer Grey,0.14009709211577046,0.1389161961737512,0.13967196957664355,0.13950664414476083,False,0.64
11,6,Kurt Warner,0.10628006954612891,0.1096344541832355,0.1074876480154873,0.10795726186468221,False,0.64
11,6,Kyle Massey,0.144927543233238,0.1436937076329968,0.14448336241715118,0.1443106254331174,False,0.64
11,6,Rick Fox,0.1449280263266591,0.1436941935562121,0.1444838465292982,0.1443111099414356,False,0.64
11,7,Brandy,0.1750599520383693,0.1751195585954602,0.17507902613663842,0.17508975531691473,False,0.68
11,7,Bristol Palin,0.15587529976019185,0.156078801722915,0.15594042038826328,0.15597705074155344,False,0.68
11,7,Jennifer Grey,0.1750599520383693,0.1751195585954602,0.17507902613663842,0.17508975531691473,False,0.68
11,7,Kurt Warner,0.16786570743405277,0.167721265066367,0.16781948587639337,0.1677934862502099,False,0.68
11,7,Kyle Massey,0.1606714628297362,0.1606355279848894,0.16065996367938526,0.1606534954073128,False,0.68
11,7,Rick Fox,0.16546762589928057,0.1653252880349079,0.16542207778268134,0.16539645696709424,True,0.68
11,8,Brandy,0.21509433962264152,0.2149065621562212,0.21504176193204383,0.21500045088943137,False,0.72
11,8,Bristol Palin,0.17735849056603772,0.1779538227278325,0.17752518357134026,0.17765615664693513,False,0.72
11,8,Jennifer Grey,0.21509433962264152,0.2149065621562212,0.21504176193204383,0.21500045088943137,False,0.72
11,8,Kurt Warner,0.1811320754716981,0.1813433178395397,0.18119122333469373,0.1812376966556189,True,0.72
11,8,Kyle Massey,0.21132075471698114,0.2108897351201854,0.21120006922987833,0.2111052449185833,False,0.72
11,9,Brandy,0.25,0.2497521112854308,0.2499405067085034,0.2498760556427154,True,0.76
11,9,Bristol Palin,0.2324561403508772,0.2328264747377865,0.23254502060373544,0.23264130754433185,False,0.76
11,9,Jennifer Grey,0.2631578947368421,0.2632490257192216,0.2631797661726132,0.26320346022803187,False,0.76
11,9,Kyle Massey,0.2543859649122807,0.2541723882575609,0.254334706515148,0.25427917658492083,False,0.76
11,10,Bristol Palin,0.3092368897274451,0.3094392584198106,0.3092773634659182,0.3093380740736279,False,0.8
11,10,Jennifer Grey,0.36144665408832305,0.3619083883064785,0.3615390009319541,0.36167752119740076,False,0.8
11,10,Kyle Massey,0.3293164561842318,0.3286523532737109,0.3291836356021276,0.32898440472897134,False,0.8
12,1,Chelsea Kane,0.10144927536231885,0.1006020499193792,0.10097482911427269,0.10102566264084903,False,0.44
12,1,Chris Jericho,0.09178743961352658,0.090458613901431,0.0910432972147531,0.0911230267574788,False,0.44
12,1,Hines Ward,0.10144927536231885,0.1006020499193792,0.10097482911427269,0.10102566264084903,False,0.44
12,1,Kendra Wilkinson,0.08695652173913043,0.0857771234542263,0.08629605869958415,0.08636682259667837,False,0.44
12,1,Kirstie Alley,0.1111111111111111,0.1118829043634192,0.11154331533240368,0.11149700773726515,False,0.44
12,1,Mike Catherwood,0.06280193236714976,0.0657626377322328,0.06445992737159628,0.06428228504969127,False,0.44
12,1,Petra Nemcova,0.08695652173913043,0.0857771234542263,0.08629605869958415,0.08636682259667837,False,0.44
12,1,Ralph Macchio,0.11594202898550725,0.1179891798701091,0.11708843348088434,0.11696560442780818,False,0.44
12,1,Romeo,0.09178743961352658,0.090458613901431,0.0910432972147531,0.0911230267574788,False,0.44
12,1,Sugar Ray Leonard,0.0821256038647343,0.0813379134473472,0.08168449723099756,0.08173175865604075,False,0.44
12,1,Wendy Williams,0.06763285024154589,0.069351790036818,0.0685954565268983,0.06849232013918194,False,0.44
12,2,Chelsea Kane,0.08333333333333333,0.0830183555054156,0.08316954486281614,0.08317584441937446,False,0.48000000000000004
12,2,Chris Jericho,0.10648148148148148,0.1070923304355733,0.10679912293760925,0.10678690595852738,False,0.48000000000000004
12,2,Hines Ward,0.10648148148148148,0.1070923304355733,0.10679912293760925,0.10678690595852738,False,0.48000000000000004
12,2,Kendra Wilkinson,0.08796296296296297,0.0873556450328868,0.08764715763932338,0.08765930399792488,False,0.48000000000000004
12,2,Kirstie Alley,0.09259259259259259,0.0919195360189221,0.09224260317428395,0.09225606430575733,False,0.48000000000000004
12,2,Mike Catherwood,0.0787037037037037,0.0788964164620261,0.07880391433803138,0.0788000600828649,True,0.48000000000000004
12,2,Petra Nemcova,0.08333333333333333,0.0830183555054156,0.08316954486281614,0.08317584441937446,False,0.48000000000000004
12,2,Ralph Macchio,0.09722222222222222,0.0967218672445614,0.09696203763383862,0.09697204473339181,False,0.48000000000000004
12,2,Romeo,0.10648148148148148,0.1070923304355733,0.10679912293760925,0.10678690595852738,False,0.48000000000000004
12,2,Sugar Ray Leonard,0.0787037037037037,0.0788964164620261,0.07880391433803138,0.0788000600828649,False,0.48000000000000004
12,2,Wendy Williams,0.0787037037037037,0.0788964164620261,0.07880391433803138,0.0788000600828649,False,0.48000000000000004
12,3,Chelsea Kane,0.10747663551401869,0.1068976570884796,0.10719872586975995,0.10718714630124915,False,0.52
12,3,Chris Jericho,0.09813084112149532,0.0973598547714995,0.09776076767349734,0.09774534794649742,False,0.52
12,3,Hines Ward,0.11682242990654206,0.1173698247375702,0.11708517942543559,0.11709612732205613,False,0.52
12,3,Kendra Wilkinson,0.10747663551401869,0.1068976570884796,0.10719872586975995,0.10718714630124915,False,0.52
12,3,Kirstie Alley,0.09813084112149532,0.0973598547714995,0.09776076767349734,0.09774534794649742,False,0.52
12,3,Petra Nemcova,0.11682242990654206,0.1173698247375702,0.11708517942543559,0.11709612732205613,False,0.52
12,3,Ralph Macchio,0.09813084112149532,0.0973598547714995,0.09776076767349734,0.09774534794649742,False,0.52
12,3,Romeo,0.09345794392523364,0.092914989623715,0.09319732586050472,0.09318646677447431,False,0.52
12,3,Sugar Ray Leonard,0.09345794392523364,0.092914989623715,0.09319732586050472,0.09318646677447431,False,0.52
12,3,Wendy Williams,0.07009345794392523,0.0735554927859714,0.0717552346681074,0.07182447536494832,True,0.52
12,4,Chelsea Kane,0.1262135922330097,0.1266715169943343,0.12641507912799255,0.126442554613672,False,0.56
12,4,Chris Jericho,0.11165048543689321,0.111110954729973,0.11141309192584835,0.11138072008343311,False,0.56
12,4,Hines Ward,0.12135922330097088,0.1212564755502346,0.12131401429064695,0.12130784942560274,False,0.56
12,4,Kendra Wilkinson,0.08737864077669903,0.0893072518465071,0.0882272296474146,0.08834294631160307,False,0.56
12,4,Kirstie Alley,0.10679611650485436,0.1063611069423035,0.10660471229733201,0.10657861172357894,False,0.56
12,4,Petra Nemcova,0.11165048543689321,0.111110954729973,0.11141309192584835,0.11138072008343311,False,0.56
12,4,Ralph Macchio,0.12135922330097088,0.1212564755502346,0.12131401429064695,0.12130784942560274,False,0.56
12,4,Romeo,0.11165048543689321,0.111110954729973,0.11141309192584835,0.11138072008343311,False,0.56
12,4,Sugar Ray Leonard,0.10194174757281553,0.1018143089264665,0.10188567456842199,0.10187802824964101,True,0.56
12,5,Chelsea Kane,0.13402061855670103,0.1338769401294341,0.13396314718579427,0.13394877934306756,False,0.6000000000000001
12,5,Chris Jericho,0.13402061855670103,0.1338769401294341,0.13396314718579427,0.13394877934306756,False,0.6000000000000001
12,5,Hines Ward,0.13917525773195877,0.1395130484497922,0.13931037401909216,0.1393441530908755,False,0.6000000000000001
12,5,Kendra Wilkinson,0.1134020618556701,0.11351926601605,0.11344894351982208,0.11346066393586005,False,0.6000000000000001
12,5,Kirstie Alley,0.11855670103092783,0.1182983331137551,0.11845335386405875,0.11842751707234146,False,0.6000000000000001
12,5,Petra Nemcova,0.1134020618556701,0.11351926601605,0.11344894351982208,0.11346066393586005,True,0.6000000000000001
12,5,Ralph Macchio,0.1134020618556701,0.11351926601605,0.11344894351982208,0.11346066393586005,False,0.6000000000000001
12,5,Romeo,0.13402061855670103,0.1338769401294341,0.13396314718579427,0.13394877934306756,False,0.6000000000000001
12,6,Chelsea Kane,0.15555555555555556,0.1556483598929148,0.15558896511700493,0.15560195772423518,False,0.64
12,6,Chris Jericho,0.12222222222222222,0.1232563122166316,0.1225944946202096,0.1227392672194269,True,0.64
12,6,Hines Ward,0.15,0.1497115541975016,0.14989615951110058,0.1498557770987508,False,0.64
12,6,Kendra Wilkinson,0.1388888888888889,0.1385086381528883,0.1387519986239287,0.1386987635208886,False,0.64
12,6,Kirstie Alley,0.14444444444444443,0.1440011926605064,0.14428487380222677,0.14422281855247543,False,0.64
12,6,Ralph Macchio,0.13333333333333333,0.1332255829866422,0.13329454320852455,0.13327945815998776,False,0.64
12,6,Romeo,0.15555555555555556,0.1556483598929148,0.15558896511700493,0.15560195772423518,False,0.64
12,7,Chelsea Kane,0.16976127320954906,0.1696436855138029,0.1697236451469103,0.16970247936167598,False,0.68
12,7,Hines Ward,0.17506631299734748,0.1751303420839542,0.17508680230506163,0.17509832754065086,False,0.68
12,7,Kendra Wilkinson,0.16180371352785147,0.1617343075173213,0.16178150360448182,0.16176901052258638,True,0.68
12,7,Kirstie Alley,0.15915119363395225,0.1591806614004836,0.1591606233192423,0.15916592751721792,False,0.68
12,7,Ralph Macchio,0.17506631299734748,0.1751303420839542,0.17508680230506163,0.17509832754065086,False,0.68
12,7,Romeo,0.15915119363395225,0.1591806614004836,0.1591606233192423,0.15916592751721792,False,0.68
12,8,Chelsea Kane,0.21153846153846154,0.211495412834207,0.21152640790127028,0.21151693718633427,False,0.72
12,8,Hines Ward,0.2076923076923077,0.2074670517453094,0.2076292360271482,0.20757967971880856,False,0.72
12,8,Kirstie Alley,0.20384615384615384,0.2035154190016987,0.20375354808970642,0.20368078642392629,False,0.72
12,8,Ralph Macchio,0.17692307692307693,0.1778830632630904,0.1771918730982807,0.17740307009308365,False,0.72
12,8,Romeo,0.2,0.1996390531556943,0.1998989348835944,0.19981952657784716,True,0.72
12,9,Chelsea Kane,0.31063829787234043,0.3146040789143091,0.3115900853224129,0.31262118839332476,False,0.76
12,9,Hines Ward,0.2553191489361702,0.2521535834983125,0.2545594132310844,0.2537363662172414,False,0.76
12,9,Kirstie Alley,0.2297872340425532,0.2276730709555566,0.229279834901674,0.2287301524990549,False,0.76
12,9,Ralph Macchio,0.20425531914893616,0.2055692666318217,0.2045706665448287,0.20491229289037893,True,0.76
12,10,Chelsea Kane,0.33969480071129965,0.3396329676151756,0.3396824340920748,0.3396638841632376,False,0.8
12,10,Hines Ward,0.33969480071129965,0.3396329676151756,0.3396824340920748,0.3396638841632376,False,0.8
12,10,Kirstie Alley,0.32061039857740076,0.3207340647696488,0.32063513181585035,0.32067223167352477,False,0.8
13,1,Carson Kressley,0.07834101382488479,0.0776779324764917,0.07796968826978469,0.07800947315068824,False,0.44
13,1,Chaz Bono,0.07834101382488479,0.0776779324764917,0.07796968826978469,0.07800947315068824,False,0.44
13,1,Chynna Phillips,0.10138248847926268,0.1024186580550316,0.10196274344169332,0.10190057326714713,False,0.44
13,1,David Arquette,0.08294930875576037,0.082094477354541,0.08247060317107756,0.08252189305515069,False,0.44
13,1,Elisabetta Canalis,0.06912442396313365,0.0695448681653133,0.06935987271635428,0.06933464606422347,False,0.44
13,1,Hope Solo,0.0967741935483871,0.096908706420939,0.09684952075701621,0.09684144998466304,False,0.44
13,1,J.R. Martinez,0.10138248847926268,0.1024186580550316,0.10196274344169332,0.10190057326714713,False,0.44
13,1,Kristin Cavallari,0.08755760368663594,0.0867621343314574,0.087112140847736,0.08715986900904667,False,0.44
13,1,Metta World Peace (Ron),0.06451612903225806,0.065803471165322,0.06523704062677389,0.06515980009879002,True,0.44
13,1,Nancy Grace,0.07373271889400922,0.0734989902885184,0.0736018308749344,0.07361585459126381,False,0.44
13,1,Ricki Lake,0.09216589861751152,0.0916951809223433,0.09190229670821735,0.0919305397699274,False,0.44
13,1,Rob Kardashian,0.07373271889400922,0.0734989902885184,0.0736018308749344,0.07361585459126381,False,0.44
13,2,Carson Kressley,0.08071748878923767,0.0809299953705286,0.08082799221150899,0.08082374207988313,False,0.48000000000000004
13,2,Chaz Bono,0.07623318385650224,0.0770347926228586,0.07665002041500758,0.07663398823968043,False,0.48000000000000004
13,2,Chynna Phillips,0.09417040358744394,0.0938376901323608,0.09399739259080075,0.09400404685990238,False,0.48000000000000004
13,2,David Arquette,0.08071748878923767,0.0809299953705286,0.08082799221150899,0.08082374207988313,False,0.48000000000000004
13,2,Elisabetta Canalis,0.09417040358744394,0.0938376901323608,0.09399739259080075,0.09400404685990238,True,0.48000000000000004
13,2,Hope Solo,0.08520179372197309,0.0850221559333477,0.08510838207188792,0.08511197482766039,False,0.48000000000000004
13,2,J.R. Martinez,0.09865470852017937,0.0985825179691547,0.09861716943364658,0.09861861324466703,False,0.48000000000000004
13,2,Kristin Cavallari,0.09865470852017937,0.0985825179691547,0.09861716943364658,0.09861861324466703,False,0.48000000000000004
13,2,Nancy Grace,0.09417040358744394,0.0938376901323608,0.09399739259080075,0.09400404685990238,False,0.48000000000000004
13,2,Ricki Lake,0.1031390134529148,0.1035672642349833,0.10336170385959047,0.10335313884394906,False,0.48000000000000004
13,2,Rob Kardashian,0.09417040358744394,0.0938376901323608,0.09399739259080075,0.09400404685990238,False,0.48000000000000004
13,3,Carson Kressley,0.0970464135021097,0.0965716943289778,0.09681854829900643,0.09680905391554376,False,0.52
13,3,Chaz Bono,0.0759493670886076,0.0782035634381716,0.07703138133639834,0.0770764652633896,False,0.52
13,3,Chynna Phillips,0.10970464135021098,0.1096033519347115,0.10965602243077127,0.10965399664246124,False,0.52
13,3,David Arquette,0.10126582278481013,0.1007336365983018,0.10101037341528617,0.10099972969155596,False,0.52
13,3,Hope Solo,0.10126582278481013,0.1007336365983018,0.10101037341528617,0.10099972969155596,False,0.52
13,3,J.R. Martinez,0.10970464135021098,0.1096033519347115,0.10965602243077127,0.10965399664246124,False,0.52
13,3,Kristin Cavallari,0.10126582278481013,0.1007336365983018,0.10101037341528617,0.10099972969155596,True,0.52
13,3,Nancy Grace,0.08860759493670886,0.0887565735034483,0.08867910464874382,0.08868208422007859,False,0.52
13,3,Ricki Lake,0.11392405063291139,0.1143269184667713,0.11411742719316419,0.11412548454984134,False,0.52
13,3,Rob Kardashian,0.10126582278481013,0.1007336365983018,0.10101037341528617,0.10099972969155596,False,0.52
13,4,Carson Kressley,0.09569377990430622,0.0960240225479938,0.09583908666752877,0.09585890122615001,False,0.56
13,4,Chaz Bono,0.10047846889952153,0.1002493513655014,0.10037765718455269,0.10036391013251146,False,0.56
13,4,Chynna Phillips,0.10047846889952153,0.1002493513655014,0.10037765718455269,0.10036391013251146,True,0.56
13,4,David Arquette,0.11004784688995216,0.1092659695768887,0.10970382087220425,0.10965690823342042,False,0.56
13,4,Hope Solo,0.11483253588516747,0.1140739815490531,0.11449877197727715,0.11445325871711029,False,0.56
13,4,J.R. Martinez,0.12440191387559808,0.1243340134143026,0.12437203767262808,0.12436796364495034,False,0.56
13,4,Nancy Grace,0.10047846889952153,0.1002493513655014,0.10037765718455269,0.10036391013251146,False,0.56
13,4,Ricki Lake,0.13875598086124402,0.1414799772662043,0.13995453927942655,0.14011797906372414,False,0.56
13,4,Rob Kardashian,0.11483253588516747,0.1140739815490531,0.11449877197727715,0.11445325871711029,False,0.56
13,5,Carson Kressley,0.10106382978723404,0.1025895330232345,0.10167411108163424,0.10182668140523427,True,0.6000000000000001
13,5,Chaz Bono,0.11170212765957446,0.1117028581177258,0.11170241984283502,0.11170249288865014,False,0.6000000000000001
13,5,David Arquette,0.13297872340425532,0.1324301132558323,0.13275927934488613,0.13270441833004382,False,0.6000000000000001
13,5,Hope Solo,0.1276595744680851,0.1269130070208432,0.12736094748918836,0.12728629074446415,False,0.6000000000000001
13,5,J.R. Martinez,0.14893617021276595,0.1504626128339096,0.1495467472612234,0.14969939152333778,False,0.6000000000000001
13,5,Nancy Grace,0.11702127659574468,0.1165587554717787,0.11683626814615833,0.11679001603376168,False,0.6000000000000001
13,5,Ricki Lake,0.1276595744680851,0.1269130070208432,0.12736094748918836,0.12728629074446415,False,0.6000000000000001
13,5,Rob Kardashian,0.13297872340425532,0.1324301132558323,0.13275927934488613,0.13270441833004382,False,0.6000000000000001
13,6,Chaz Bono,0.1144578313253012,0.1156678804294291,0.11489344900278725,0.11506285587736514,True,0.64
13,6,David Arquette,0.13855421686746988,0.1369201191181346,0.13796594167770918,0.13773716799280222,False,0.64
13,6,Hope Solo,0.12048192771084337,0.1206497427114509,0.1205423411110621,0.12056583521114714,False,0.64
13,6,J.R. Martinez,0.1746987951807229,0.1763392562310048,0.17528936115882437,0.17551902570586386,False,0.64
13,6,Nancy Grace,0.14457831325301204,0.1428173238957457,0.14394435708439618,0.14369781857437885,False,0.64
13,6,Ricki Lake,0.1746987951807229,0.1763392562310048,0.17528936115882437,0.17551902570586386,False,0.64
13,6,Rob Kardashian,0.13253012048192772,0.1312664213832299,0.13207518880639652,0.1318982709325788,False,0.64
13,7,David Arquette,0.16040955631399317,0.1602420917590833,0.16035596765642202,0.16032582403653822,True,0.68
13,7,Hope Solo,0.17064846416382254,0.1703949865461282,0.17056735132616035,0.17052172535497537,False,0.68
13,7,J.R. Martinez,0.16382252559726962,0.1635573283328418,0.16373766247265273,0.16368992696505572,False,0.68
13,7,Nancy Grace,0.15017064846416384,0.150694151816346,0.15033816953686213,0.1504324001402549,False,0.68
13,7,Ricki Lake,0.18088737201365188,0.1811911659497505,0.18098458607320345,0.1810392689817012,False,0.68
13,7,Rob Kardashian,0.17406143344709898,0.17392027559585,0.17401626293469932,0.1739908545214745,False,0.68
13,8,Hope Solo,0.20077220077220076,0.1998090090770929,0.20050250709757056,0.20029060492464684,False,0.72
13,8,J.R. Martinez,0.23166023166023167,0.2331779999325112,0.23208520677647,0.23241911579637142,False,0.72
13,8,Nancy Grace,0.16988416988416988,0.1712152952676708,0.17025688499155014,0.17054973257592032,True,0.72
13,8,Ricki Lake,0.20077220077220076,0.1998090090770929,0.20050250709757056,0.20029060492464684,False,0.72
13,8,Rob Kardashian,0.1969111969111969,0.195988686645632,0.19665289403683875,0.19644994177841446,False,0.72
13,9,Hope Solo,0.20675023945248716,0.2087492733833293,0.2072300075958893,0.20774975641790822,True,0.76
13,9,J.R. Martinez,0.23628791682665332,0.2349292940345765,0.2359618473565549,0.2356086054306149,False,0.76
13,9,Ricki Lake,0.28270077088932866,0.2828554553479415,0.28273789515939574,0.2827781131186351,False,0.76
13,9,Rob Kardashian,0.27426107283153095,0.2734659772341526,0.2740702498881602,0.2738635250328418,False,0.76
13,10,J.R. Martinez,0.3333329388541484,0.3333290493229531,0.3333321609479093,0.3333309940885507,False,0.8
13,10,Ricki Lake,0.3313613318879616,0.3313632869930061,0.3313617229089705,0.33136230944048384,False,0.8
13,10,Rob Kardashian,0.33530572925789,0.3353076636840408,0.33530611614312017,0.3353066964709654,False,0.8
14,1,Donald Driver,0.07777777777777778,0.0776291944297022,0.07769457110285548,0.07770348610373999,False,0.44
14,1,Gavin DeGraw,0.07407407407407407,0.0742545554654269,0.07417514365323168,0.0741643147697505,False,0.44
14,1,Gladys Knight,0.08518518518518518,0.0848455429909913,0.08499498555643664,0.08501536408808824,False,0.44
14,1,Jack Wagner,0.08518518518518518,0.0848455429909913,0.08499498555643664,0.08501536408808824,False,0.44
14,1,Jaleel White,0.0962962962962963,0.0969471316650453,0.09666076410279577,0.09662171398067079,False,0.44
14,1,Katherine Jenkins,0.0962962962962963,0.0969471316650453,0.09666076410279577,0.09662171398067079,False,0.44
14,1,Maria Menounos,0.07777777777777778,0.0776291944297022,0.07769457110285548,0.07770348610373999,False,0.44
14,1,Martina Navratilova,0.07407407407407407,0.0742545554654269,0.07417514365323168,0.0741643147697505,False,0.44
14,1,Melissa Gilbert,0.07407407407407407,0.0742545554654269,0.07417514365323168,0.0741643147697505,False,0.44
14,1,Roshon Fegan,0.08518518518518518,0.0848455429909913,0.08499498555643664,0.08501536408808824,False,0.44
14,1,Sherri Sheperd,0.08518518518518518,0.0848455429909913,0.08499498555643664,0.08501536408808824,False,0.44
14,1,William Levy,0.08888888888888889,0.0887015094502586,0.08878395640325595,0.08879519916957375,False,0.44
14,2,Donald Driver,0.08921933085501858,0.0887562495943107,0.08897852859945052,0.08898779022466463,False,0.48000000000000004
14,2,Gavin DeGraw,0.07806691449814127,0.0776386094223685,0.07784419585873945,0.07785276196025488,False,0.48000000000000004
14,2,Gladys Knight,0.07063197026022305,0.0710117613900159,0.07082946164771536,0.07082186582511948,False,0.48000000000000004
14,2,Jack Wagner,0.07806691449814127,0.0776386094223685,0.07784419585873945,0.07785276196025488,False,0.48000000000000004
14,2,Jaleel White,0.08178438661710037,0.0811804547370989,0.08147034203949963,0.08148242067709963,False,0.48000000000000004
14,2,Katherine Jenkins,0.09665427509293681,0.0970390208771218,0.09685434290071304,0.0968466479850293,False,0.48000000000000004
14,2,Maria Menounos,0.09293680297397769,0.0928052776374132,0.09286840979896419,0.09287104030569544,False,0.48000000000000004
14,2,Martina Navratilova,0.06319702602230483,0.0649505483577054,0.06410885763671315,0.06407378719000512,True,0.48000000000000004
14,2,Melissa Gilbert,0.07434944237918216,0.0742512922914737,0.07429840433357379,0.07430036733532794,False,0.48000000000000004
14,2,Roshon Fegan,0.09665427509293681,0.0970390208771218,0.09685434290071304,0.0968466479850293,False,0.48000000000000004
14,2,Sherri Sheperd,0.08550185873605948,0.0848838777555879,0.08518050862621428,0.08519286824582369,False,0.48000000000000004
14,2,William Levy,0.09293680297397769,0.0928052776374132,0.09286840979896419,0.09287104030569544,False,0.48000000000000004
14,3,Donald Driver,0.09285714285714286,0.0926610274479596,0.09276300746073493,0.09275908515255124,False,0.52
14,3,Gavin DeGraw,0.08571428571428572,0.0856591920187736,0.08568784074043992,0.08568673886652967,False,0.52
14,3,Gladys Knight,0.08571428571428572,0.0856591920187736,0.08568784074043992,0.08568673886652967,False,0.52
14,3,Jack Wagner,0.08571428571428572,0.0856591920187736,0.08568784074043992,0.08568673886652967,True,0.52
14,3,Jaleel White,0.08928571428571429,0.0890913505499923,0.08919241969256776,0.0891885324178533,False,0.52
14,3,Katherine Jenkins,0.10357142857142858,0.1042513813707424,0.10389780591509924,0.10391140497108549,False,0.52
14,3,Maria Menounos,0.09642857142857143,0.0963737327440509,0.09640224886000161,0.09640115208631117,False,0.52
14,3,Melissa Gilbert,0.08571428571428572,0.0856591920187736,0.08568784074043992,0.08568673886652967,False,0.52
14,3,Roshon Fegan,0.08928571428571429,0.0890913505499923,0.08919241969256776,0.0891885324178533,False,0.52
14,3,Sherri Sheperd,0.08571428571428572,0.0856591920187736,0.08568784074043992,0.08568673886652967,False,0.52
14,3,William Levy,0.1,0.1002351972433938,0.10011289467682906,0.1001175986216969,False,0.52
14,4,Donald Driver,0.11587982832618025,0.1166656042849642,0.11622556974804521,0.11627271630557223,False,0.56
14,4,Gavin DeGraw,0.09871244635193133,0.0982620549487876,0.09851427413454811,0.09848725065035946,False,0.56
14,4,Gladys Knight,0.08583690987124463,0.0863909197754571,0.08608067422909813,0.08611391482335087,False,0.56
14,4,Jaleel White,0.0944206008583691,0.094134017498385,0.09429450417997612,0.09427730917837705,False,0.56
14,4,Katherine Jenkins,0.10300429184549356,0.1025711182774518,0.1028136954755552,0.10278770506147268,False,0.56
14,4,Maria Menounos,0.11158798283261803,0.1117644246392384,0.11166561722753102,0.11167620373592821,False,0.56
14,4,Melissa Gilbert,0.0944206008583691,0.094134017498385,0.09429450417997612,0.09427730917837705,False,0.56
14,4,Roshon Fegan,0.11158798283261803,0.1117644246392384,0.11166561722753102,0.11167620373592821,False,0.56
14,4,Sherri Sheperd,0.09012875536480687,0.0901794009397071,0.09015103941776298,0.09015407815225698,True,0.56
14,4,William Levy,0.0944206008583691,0.094134017498385,0.09429450417997612,0.09427730917837705,False,0.56
14,5,Donald Driver,0.12053571428571429,0.1198565171056214,0.12026403541367714,0.12019611569566785,False,0.6000000000000001
14,5,Gavin DeGraw,0.08482142857142858,0.0869094494016085,0.08565663690350056,0.08586543898651854,True,0.6000000000000001
14,5,Gladys Knight,0.09821428571428571,0.0980426393492126,0.09814562716825648,0.09812846253174916,False,0.6000000000000001
14,5,Jaleel White,0.10714285714285714,0.1062462616060498,0.10678421892813422,0.10669455937445346,False,0.6000000000000001
14,5,Katherine Jenkins,0.12946428571428573,0.1298853943153878,0.12963272915472657,0.12967484001483676,False,0.6000000000000001
14,5,Maria Menounos,0.12053571428571429,0.1198565171056214,0.12026403541367714,0.12019611569566785,False,0.6000000000000001
14,5,Melissa Gilbert,0.09375,0.0941815128443419,0.09392260513773677,0.09396575642217095,False,0.6000000000000001
14,5,Roshon Fegan,0.11607142857142858,0.1151363139567685,0.11569738272556457,0.11560387126409855,False,0.6000000000000001
14,5,William Levy,0.12946428571428573,0.1298853943153878,0.12963272915472657,0.12967484001483676,False,0.6000000000000001
14,6,Donald Driver,0.13178291569008135,0.1305568086682161,0.13134151716220988,0.13116986217914872,False,0.64
14,6,Gladys Knight,0.09302350820331685,0.0957492875796438,0.09400478877879456,0.09438639789148032,True,0.64
14,6,Jaleel White,0.1434104666175451,0.1432840258195001,0.14336494793024893,0.1433472462185226,False,0.64
14,6,Katherine Jenkins,0.15116281323243902,0.1524516700089994,0.15162680167200077,0.1518072416207192,False,0.64
14,6,Maria Menounos,0.11627899765619522,0.1153276379500874,0.11593650816199642,0.1158033178031413,False,0.64
14,6,Melissa Gilbert,0.11627938525414606,0.1153279955566909,0.11593688496306223,0.11580369040541849,False,0.64
14,6,Roshon Fegan,0.1085266510413013,0.1083924384217424,0.10847833449826011,0.10845954473152185,False,0.64
14,6,William Levy,0.13953526230497526,0.1389101359951195,0.1393102168334272,0.13922269915004737,False,0.64
14,7,Donald Driver,0.1444141689373297,0.1442152501800597,0.1443505149350033,0.1443147095586947,False,0.68
14,7,Jaleel White,0.13896457765667575,0.1388174606620142,0.13891750021838406,0.13889101915934499,True,0.68
14,7,Katherine Jenkins,0.14713896457765668,0.1469923501876029,0.14709204797283948,0.14706565738262978,False,0.68
14,7,Maria Menounos,0.1553133514986376,0.1556486547919351,0.15542064855249282,0.15548100314528635,False,0.68
14,7,Melissa Gilbert,0.12806539509536785,0.1286204165753592,0.1282430019689651,0.1283429058353635,False,0.68
14,7,Roshon Fegan,0.14168937329700274,0.141490617422969,0.14162577141731195,0.14158999535998587,False,0.68
14,7,William Levy,0.1444141689373297,0.1442152501800597,0.1443505149350033,0.1443147095586947,False,0.68
14,8,Donald Driver,0.16819571865443425,0.1680926805753518,0.16816686799229116,0.16814419961489302,False,0.72
14,8,Katherine Jenkins,0.16819571865443425,0.1680926805753518,0.16816686799229116,0.16814419961489302,False,0.72
14,8,Maria Menounos,0.1620795107033639,0.1620359541287991,0.16206731486248577,0.1620577324160815,False,0.72
14,8,Melissa Gilbert,0.1559633027522936,0.1561974640452028,0.15602886791430817,0.1560803833987482,True,0.72
14,8,Roshon Fegan,0.1712538226299694,0.1712054198542754,0.1712402698527751,0.1712296212421224,True,0.72
14,8,William Levy,0.1743119266055046,0.174375800821019,0.17432981138584863,0.1743438637132618,False,0.72
14,9,Donald Driver,0.24782608695652175,0.2477886680369483,0.2478171064158241,0.24780737749673504,False,0.76
14,9,Katherine Jenkins,0.24347826086956523,0.243516556371397,0.24348745179000486,0.2434974086204811,False,0.76
14,9,Maria Menounos,0.2565217391304348,0.2565590484672838,0.25653069337127854,0.2565403937988593,True,0.76
14,9,William Levy,0.25217391304347825,0.2521357271243707,0.2521647484228925,0.2521548200839245,False,0.76
14,10,Donald Driver,0.33208930162582334,0.3320869889076331,0.3320888390821853,0.33208814526672825,False,0.8
14,10,Katherine Jenkins,0.3358213967483533,0.3358260221847338,0.3358223218356294,0.33582370946654355,False,0.8
14,10,William Levy,0.33208930162582334,0.3320869889076331,0.3320888390821853,0.33208814526672825,False,0.8
15,1,Apolo Anton Ohno,0.07956600361663653,0.0792930722547785,0.07941316205399607,0.0794295379357075,False,0.44
15,1,Bristol Palin,0.0705244122965642,0.0704998143469142,0.07051063744476023,0.0705121133217392,False,0.44
15,1,Drew Lachey,0.07775768535262206,0.0774507790969767,0.0775858178494607,0.07760423222479938,False,0.44
15,1,Emmitt Smith,0.08860759493670886,0.08918309027968,0.08892987232877272,0.08889534260819443,False,0.44
15,1,Gilles Marini,0.0867992766726944,0.0871110127028905,0.08697384884960424,0.08695514468779245,False,0.44
15,1,Helio Castroneves,0.07775768535262206,0.0774507790969767,0.0775858178494607,0.07760423222479938,False,0.44
15,1,Joey Fatone,0.07414104882459313,0.0738936096517197,0.07400248288778405,0.07401732923815642,False,0.44
15,1,Kelly Monaco,0.07775768535262206,0.0774507790969767,0.0775858178494607,0.07760423222479938,False,0.44
15,1,Kirstie Alley,0.06871609403254973,0.0688618235123518,0.06879770254123892,0.06878895877245077,False,0.44
15,1,Melissa Rycroft,0.0759493670886076,0.0756512897300077,0.0757824437677917,0.07580032840930764,False,0.44
15,1,Pamela Anderson,0.06148282097649186,0.0626816906145271,0.062154187973791616,0.06208225579550948,True,0.44
15,1,Sabrina Bryan,0.081374321880651,0.0811791873614213,0.0812650465498824,0.08127675462103615,False,0.44
15,1,Shawn Johnson,0.07956600361663653,0.0792930722547785,0.07941316205399607,0.0794295379357075,False,0.44
15,2,Apolo Anton Ohno,0.08876811594202899,0.088590198502557,0.08867559887350357,0.088679157222293,False,0.48000000000000004
15,2,Bristol Palin,0.06521739130434782,0.0667805940068571,0.06603025670965265,0.06599899265560247,False,0.48000000000000004
15,2,Drew Lachey,0.08152173913043478,0.0812121367505969,0.08136074589291908,0.08136693794051583,False,0.48000000000000004
15,2,Emmitt Smith,0.08152173913043478,0.0812121367505969,0.08136074589291908,0.08136693794051583,False,0.48000000000000004
15,2,Gilles Marini,0.09239130434782608,0.0925269067477236,0.09246181759577281,0.09245910554777484,False,0.48000000000000004
15,2,Helio Castroneves,0.08333333333333333,0.0829969478148317,0.0831584128637125,0.08316514057408252,False,0.48000000000000004
15,2,Joey Fatone,0.08152173913043478,0.0812121367505969,0.08136074589291908,0.08136693794051583,True,0.48000000000000004
15,2,Kelly Monaco,0.07971014492753623,0.0794657072247063,0.07958303732206468,0.07958792607612127,False,0.48000000000000004
15,2,Kirstie Alley,0.07608695652173914,0.0760847090282309,0.07608578782511487,0.07608583277498501,False,0.48000000000000004
15,2,Melissa Rycroft,0.08514492753623189,0.0848209839341196,0.0849764768631335,0.08498295573517575,False,0.48000000000000004
15,2,Sabrina Bryan,0.09420289855072464,0.0945603841749944,0.09438879107534492,0.09438164136285952,False,0.48000000000000004
15,2,Shawn Johnson,0.09057971014492754,0.0905371583141884,0.0905575831929432,0.09055843422955798,False,0.48000000000000004
15,3,Apolo Anton Ohno,0.09172661870503597,0.0916095787883225,0.09167043954501354,0.09166809874667924,False,0.52
15,3,Bristol Palin,0.08093525179856115,0.0813556921367274,0.08113706316088098,0.08114547196764427,False,0.52
15,3,Drew Lachey,0.08633093525179857,0.0863305316135493,0.08633074150543896,0.08633073343267393,True,0.52
15,3,Emmitt Smith,0.08992805755395683,0.0898149700247042,0.0898737755399156,0.08987151378933052,False,0.52
15,3,Gilles Marini,0.09172661870503597,0.0916095787883225,0.09167043954501354,0.09166809874667924,False,0.52
15,3,Helio Castroneves,0.09172661870503597,0.0916095787883225,0.09167043954501354,0.09166809874667924,True,0.52
15,3,Kelly Monaco,0.09712230215827339,0.0972114357333196,0.0971650862742956,0.09716686894579649,False,0.52
15,3,Kirstie Alley,0.08633093525179857,0.0863305316135493,0.08633074150543896,0.08633073343267393,False,0.52
15,3,Melissa Rycroft,0.09712230215827339,0.0972114357333196,0.0971650862742956,0.09716686894579649,False,0.52
15,3,Sabrina Bryan,0.09172661870503597,0.0916095787883225,0.09167043954501354,0.09166809874667924,False,0.52
15,3,Shawn Johnson,0.09532374100719425,0.0953070879915399,0.0953157475596802,0.09531541449936708,False,0.52
15,4,Apolo Anton Ohno,0.10730948678071539,0.1069988135631306,0.1071727905649781,0.107154150171923,False,0.56
15,4,Bristol Palin,0.09953343701399689,0.0997665840713122,0.09963602171921564,0.09965001054265454,True,0.56
15,4,Emmitt Smith,0.1119751166407465,0.1115874306417163,0.11180453480117322,0.1117812736412314,False,0.56
15,4,Gilles Marini,0.12286158631415241,0.1230741035695251,0.1229550939065164,0.12296784494183875,False,0.56
15,4,Kelly Monaco,0.1166407465007776,0.1163728294040677,0.11652286297822526,0.11650678795242266,False,0.56
15,4,Kirstie Alley,0.09331259720062209,0.0943343833643995,0.09376218311268417,0.0938234902825108,False,0.56
15,4,Melissa Rycroft,0.1150855365474339,0.1147553182309432,0.11494024048817802,0.11492042738918856,False,0.56
15,4,Sabrina Bryan,0.1104199066874028,0.1100364335853801,0.11025117852251282,0.11022817013639144,False,0.56
15,4,Shawn Johnson,0.12286158631415241,0.1230741035695251,0.1229550939065164,0.12296784494183875,False,0.56
15,5,Apolo Anton Ohno,0.12710911136107986,0.1270297220076315,0.12707735561970052,0.12706941668435567,False,0.6000000000000001
15,5,Emmitt Smith,0.12598425196850394,0.1258917254242673,0.12594724135080929,0.12593798869638562,False,0.6000000000000001
15,5,Gilles Marini,0.12710911136107986,0.1270297220076315,0.12707735561970052,0.12706941668435567,False,0.6000000000000001
15,5,Kelly Monaco,0.11586051743532058,0.1160977303279885,0.11595540259238776,0.11597912388165454,False,0.6000000000000001
15,5,Kirstie Alley,0.11811023622047244,0.1182061447319609,0.11814859962506784,0.11815819047621667,False,0.6000000000000001
15,5,Melissa Rycroft,0.12710911136107986,0.1270297220076315,0.12707735561970052,0.12706941668435567,False,0.6000000000000001
15,5,Sabrina Bryan,0.13160854893138357,0.1316855114852571,0.13163933395293298,0.13164703020832033,False,0.6000000000000001
15,5,Shawn Johnson,0.12710911136107986,0.1270297220076315,0.12707735561970052,0.12706941668435567,False,0.6000000000000001
15,6,Apolo Anton Ohno,0.13274336283185842,0.1328471900439604,0.13278074062821515,0.1327952764379094,False,0.64
15,6,Emmitt Smith,0.1172566371681416,0.1173669926924219,0.11729636515688252,0.11731181493028175,False,0.64
15,6,Gilles Marini,0.12168141592920353,0.1215959843339117,0.12165066055489848,0.12163870013155761,False,0.64
15,6,Kelly Monaco,0.11946902654867257,0.1194627766492394,0.11946677658487664,0.11946590159895598,False,0.64
15,6,Kirstie Alley,0.12168141592920353,0.1215959843339117,0.12165066055489848,0.12163870013155761,False,0.64
15,6,Melissa Rycroft,0.13053097345132744,0.1305165978929015,0.1305257982502941,0.13052378567211448,False,0.64
15,6,Sabrina Bryan,0.13274336283185842,0.1328471900439604,0.13278074062821515,0.1327952764379094,True,0.64
15,6,Shawn Johnson,0.12389380530973451,0.1237672840096927,0.12384825764171947,0.1238305446597136,False,0.64
15,7,Apolo Anton Ohno,0.1363640308050478,0.1358691468781234,0.136205667948432,0.13611658884158562,False,0.68
15,7,Emmitt Smith,0.1425619826173051,0.1418936637075696,0.14234812056618973,0.14222782316243734,False,0.68
15,7,Gilles Marini,0.1384293260352406,0.1378476836433594,0.13824320046983862,0.1381385048393,False,0.68
15,7,Kelly Monaco,0.14876076087823395,0.1481861683851472,0.1485768912804462,0.1484734646316906,False,0.68
15,7,Kirstie Alley,0.11570240079206842,0.1175731692936249,0.1163010467125665,0.11663778504284666,False,0.68
15,7,Melissa Rycroft,0.16115707772708435,0.1616193042126183,0.16130499020245523,0.16138819096985133,False,0.68
15,7,Shawn Johnson,0.15702442114501985,0.1570108638795571,0.1570200828200718,0.15701764251228847,False,0.68
15,8,Apolo Anton Ohno,0.1469193195013584,0.1468095524416564,0.14688858472464186,0.1468644359715074,False,0.72
15,8,Emmitt Smith,0.1458037890899821,0.1456676231003469,0.14576566261288426,0.1457357060951645,False,0.72
15,8,Gilles Marini,0.1469193195013584,0.1468095524416564,0.14688858472464186,0.1468644359715074,True,0.72
15,8,Kelly Monaco,0.1421801970519487,0.1420192097023709,0.14213512059406694,0.1420997033771598,False,0.72
15,8,Kirstie Alley,0.127962327890669,0.1285653382418526,0.12813117078900044,0.1282638330662608,True,0.72
15,8,Melissa Rycroft,0.15054391516549293,0.1505820856105056,0.1505546028900965,0.15056300038799925,False,0.72
15,8,Shawn Johnson,0.13967113179919047,0.1395466384616107,0.13963627366466816,0.1396088851304006,False,0.72
15,9,Apolo Anton Ohno,0.20291532535175605,0.2028139369993048,0.20289099214716777,0.20286463117553044,True,0.76
15,9,Emmitt Smith,0.19148976912716834,0.1915523637343779,0.19150479183289865,0.1915210664307731,True,0.76
15,9,Kelly Monaco,0.19227700484469115,0.1923078339042629,0.19228440381898837,0.19229241937447702,False,0.76
15,9,Melissa Rycroft,0.20409759737077451,0.2040163937891829,0.20407810851119257,0.2040569955799787,False,0.76
15,9,Shawn Johnson,0.20922030330560984,0.2093094715728713,0.20924170368975262,0.20926488743924057,False,0.76
15,10,Kelly Monaco,0.3331212530739241,0.3331163398074084,0.3331202704206209,0.3331187964406662,False,0.8
15,10,Melissa Rycroft,0.3356639275509422,0.3356670752192338,0.3356645570846005,0.335665501385088,False,0.8
15,10,Shawn Johnson,0.3312148193751337,0.3312165849733577,0.3312151724947785,0.3312157021742457,False,0.8
16,1,Alexandra Raisman,0.09170305676855896,0.0911816873439654,0.09141108989078661,0.09144237205626218,False,0.44
16,1,Andy Dick,0.07423580786026202,0.0739394927617195,0.07406987140507823,0.07408765031099077,False,0.44
16,1,D. L. Hughley,0.05240174672489083,0.056896757850404,0.054918952955178235,0.054649252287647415,False,0.44
16,1,Dorothy Hamill,0.09170305676855896,0.0911816873439654,0.09141108989078661,0.09144237205626218,False,0.44
16,1,Ingo Rademacher,0.08733624454148471,0.0865266391455232,0.0868828655197463,0.08693144184350396,False,0.44
16,1,Jacoby Jones,0.08733624454148471,0.0865266391455232,0.0868828655197463,0.08693144184350396,False,0.44
16,1,Kellie Pickler,0.09170305676855896,0.0911816873439654,0.09141108989078661,0.09144237205626218,False,0.44
16,1,Lisa Vanderpump,0.07860262008733625,0.0779173648479715,0.07821887715329202,0.07825999246765387,False,0.44
16,1,Sean Lowe,0.08296943231441048,0.0821092425453463,0.08248772604373458,0.08253933742987839,False,0.44
16,1,Victor Ortiz,0.07860262008733625,0.0779173648479715,0.07821887715329202,0.07825999246765387,False,0.44
16,1,Wynonna Judd,0.07860262008733625,0.0779173648479715,0.07821887715329202,0.07825999246765387,False,0.44
16,1,Zendaya,0.10480349344978165,0.1067040719756723,0.10586781742428047,0.10575378271272698,False,0.44
16,2,Alexandra Raisman,0.09836065573770492,0.0982947784848684,0.09832639956622995,0.09832771711128666,False,0.48000000000000004
16,2,Andy Dick,0.08196721311475409,0.0807412499199443,0.08132971225345303,0.08135423151734919,False,0.48000000000000004
16,2,D. L. Hughley,0.06557377049180328,0.0663224388835514,0.06596307805551233,0.06594810468767734,False,0.48000000000000004
16,2,Dorothy Hamill,0.06147540983606557,0.0631395879265163,0.06234078244309997,0.06230749888129094,True,0.48000000000000004
16,2,Ingo Rademacher,0.08196721311475409,0.0807412499199443,0.08132971225345303,0.08135423151734919,False,0.48000000000000004
16,2,Jacoby Jones,0.0942622950819672,0.093577557058174,0.09390623130959477,0.0939199260700706,False,0.48000000000000004
16,2,Kellie Pickler,0.10655737704918032,0.1084545903569516,0.10754392796922141,0.10750598370306597,False,0.48000000000000004
16,2,Lisa Vanderpump,0.07377049180327869,0.0731775690577178,0.07346217197558705,0.07347403043049824,False,0.48000000000000004
16,2,Sean Lowe,0.08196721311475409,0.0807412499199443,0.08132971225345303,0.08135423151734919,False,0.48000000000000004
16,2,Victor Ortiz,0.07377049180327869,0.0731775690577178,0.07346217197558705,0.07347403043049824,False,0.48000000000000004
16,2,Wynonna Judd,0.07377049180327869,0.0731775690577178,0.07346217197558705,0.07347403043049824,False,0.48000000000000004
16,2,Zendaya,0.10655737704918032,0.1084545903569516,0.10754392796922141,0.10750598370306597,False,0.48000000000000004
16,3,Alexandra Raisman,0.09787250701703322,0.0967948403460983,0.09735522701498447,0.09733367368156576,False,0.52
16,3,Andy Dick,0.07659587505680861,0.0765964506177227,0.07659615132604738,0.07659616283726565,False,0.52
16,3,D. L. Hughley,0.06808522227271877,0.0697511256180695,0.06888485587848713,0.06891817394539412,False,0.52
16,3,Ingo Rademacher,0.08936185423294338,0.0881444115714616,0.08877748175543215,0.08875313290220249,False,0.52
16,3,Jacoby Jones,0.11063763512788959,0.1113869416083737,0.110997302238522,0.11101228836813165,False,0.52
16,3,Kellie Pickler,0.10638315980112308,0.1062942159416505,0.10634046674857627,0.10633868787138678,False,0.52
16,3,Lisa Vanderpump,0.08936185423294338,0.0881444115714616,0.08877748175543215,0.08875313290220249,False,0.52
16,3,Sean Lowe,0.08936185423294338,0.0881444115714616,0.08877748175543215,0.08875313290220249,False,0.52
16,3,Victor Ortiz,0.09787250701703322,0.0967948403460983,0.09735522701498447,0.09733367368156576,False,0.52
16,3,Wynonna Judd,0.06382989588067384,0.0665614091992281,0.0651410222735799,0.06519565253995097,True,0.52
16,3,Zendaya,0.11063763512788959,0.1113869416083737,0.110997302238522,0.11101228836813165,False,0.52
16,4,Alexandra Raisman,0.12053571428571429,0.1215998734972302,0.12100394433878131,0.12106779389147224,False,0.56
16,4,Andy Dick,0.09375,0.0930259778953694,0.09343143027396256,0.0933879889476847,False,0.56
16,4,D. L. Hughley,0.09375,0.0930259778953694,0.09343143027396256,0.0933879889476847,False,0.56
16,4,Ingo Rademacher,0.10267857142857142,0.101713953951775,0.10225413973878103,0.1021962626901732,False,0.56
16,4,Jacoby Jones,0.10714285714285714,0.1063576379205229,0.1067973606850301,0.10675024753169002,False,0.56
16,4,Kellie Pickler,0.11607142857142858,0.1162906978310423,0.11616790704565863,0.11618106320123545,False,0.56
16,4,Lisa Vanderpump,0.08035714285714286,0.0813654076245699,0.08080077935481078,0.08086127524085637,True,0.56
16,4,Sean Lowe,0.08928571428571429,0.0889643679285081,0.0891443218885436,0.0891250411071112,False,0.56
16,4,Victor Ortiz,0.08035714285714286,0.0813654076245699,0.08080077935481078,0.08086127524085637,False,0.56
16,4,Zendaya,0.11607142857142858,0.1162906978310423,0.11616790704565863,0.11618106320123545,False,0.56
16,5,Alexandra Raisman,0.11961722488038277,0.1184438296500015,0.11914786678823028,0.11903052726519214,False,0.6000000000000001
16,5,Andy Dick,0.0861244019138756,0.0876194872246885,0.08672243603820078,0.08687194456928204,False,0.6000000000000001
16,5,D. L. Hughley,0.0861244019138756,0.0876194872246885,0.08672243603820078,0.08687194456928204,True,0.6000000000000001
16,5,Ingo Rademacher,0.10047846889952153,0.0997024283236031,0.10016805266915416,0.10009044861156231,False,0.6000000000000001
16,5,Jacoby Jones,0.12440191387559808,0.1236556934461259,0.12410342570380922,0.124028803660862,False,0.6000000000000001
16,5,Kellie Pickler,0.1291866028708134,0.1290968940030559,0.12915071932371042,0.12914174843693466,False,0.6000000000000001
16,5,Sean Lowe,0.11483253588516747,0.1134516364850656,0.11428017612512673,0.11414208618511654,False,0.6000000000000001
16,5,Victor Ortiz,0.10047846889952153,0.0997024283236031,0.10016805266915416,0.10009044861156231,False,0.6000000000000001
16,5,Zendaya,0.13875598086124402,0.1407081153191675,0.13953683464441344,0.13973204809020576,False,0.6000000000000001
16,6,Alexandra Raisman,0.13793103448275862,0.1379964008683191,0.1379545663815604,0.13796371767553886,False,0.64
16,6,Andy Dick,0.11405835543766578,0.1140054405971365,0.11403930609507525,0.11403189801740114,False,0.64
16,6,Ingo Rademacher,0.1220159151193634,0.1214990749590163,0.12182985266163845,0.12175749503918984,False,0.64
16,6,Jacoby Jones,0.11936339522546419,0.1189480080021176,0.11921385582505942,0.1191557016137909,False,0.64
16,6,Kellie Pickler,0.14323607427055704,0.1439790672162056,0.14350355173099053,0.14360757074338132,False,0.64
16,6,Sean Lowe,0.1220159151193634,0.1214990749590163,0.12182985266163845,0.12175749503918984,False,0.64
16,6,Victor Ortiz,0.10610079575596817,0.1069739871692966,0.10641514466476643,0.10653739146263239,True,0.64
16,6,Zendaya,0.13527851458885942,0.1350989462288918,0.1352138699792711,0.1351887304088756,False,0.64
16,7,Alexandra Raisman,0.17391304347826086,0.1749896565411796,0.17425755965839484,0.17445135000972023,False,0.68
16,7,Andy Dick,0.09239130434782608,0.0988965834750453,0.09447299366853623,0.09564394391143569,True,0.68
16,7,Ingo Rademacher,0.1358695652173913,0.1340781070904092,0.13529629861675704,0.13497383615390024,False,0.68
16,7,Jacoby Jones,0.14673913043478262,0.1446778396991466,0.1460795173993791,0.1457084850669646,False,0.68
16,7,Kellie Pickler,0.15760869565217392,0.1561155490202265,0.15713088872995076,0.15686212233620023,False,0.68
16,7,Sean Lowe,0.13043478260869565,0.129073116789491,0.12999904954655017,0.12975394969909332,False,0.68
16,7,Zendaya,0.16304347826086957,0.1621691473845016,0.16276369238043184,0.1626063128226856,False,0.68
16,8,Alexandra Raisman,0.18006430868167203,0.1796541846845614,0.17994947396248107,0.1798592466831167,False,0.72
16,8,Ingo Rademacher,0.15434083601286175,0.1539600219239655,0.1542342080679708,0.15415042896841363,False,0.72
16,8,Jacoby Jones,0.16720257234726688,0.1663116418437604,0.16695311180628508,0.16675710709551364,False,0.72
16,8,Kellie Pickler,0.17684887459807075,0.176221407631352,0.1766731838473895,0.17653514111471136,False,0.72
16,8,Sean Lowe,0.13504823151125403,0.1371310919423608,0.13563143243196393,0.13608966172680742,True,0.72
16,8,Zendaya,0.1864951768488746,0.1867216519739997,0.1865585898839096,0.18660841441143716,False,0.72
16,9,Alexandra Raisman,0.20921985815602837,0.2091299018670857,0.20919826864668212,0.20917488001155704,False,0.76
16,9,Ingo Rademacher,0.18085106382978725,0.181473861088359,0.18100053517184447,0.18116246245907314,True,0.76
16,9,Jacoby Jones,0.20921985815602837,0.2091299018670857,0.20919826864668212,0.20917488001155704,False,0.76
16,9,Kellie Pickler,0.20567375886524822,0.2054546035983635,0.2056211616011959,0.20556418123180586,False,0.76
16,9,Zendaya,0.1950354609929078,0.194811731579106,0.19498176593359537,0.19492359628600692,False,0.76
16,10,Alexandra Raisman,0.24786345971235874,0.2477734565438429,0.24784545907865557,0.24781845812810083,True,0.8
16,10,Jacoby Jones,0.23931558915862322,0.2394449088693547,0.2393414531007695,0.23938024901398897,False,0.8
16,10,Kellie Pickler,0.256410475564509,0.2563908172934012,0.25640654391028744,0.2564006464289551,False,0.8
16,10,Zendaya,0.256410475564509,0.2563908172934012,0.25640654391028744,0.2564006464289551,False,0.8
17,1,Amber Riley,0.10546875,0.1073792252987507,0.10653861616730043,0.10642398764937536,False,0.44
17,1,Bill Engvall,0.0703125,0.0704210152288506,0.07037326852815637,0.07036675761442529,False,0.44
17,1,Bill Nye,0.0546875,0.0583810721565425,0.056755900407663824,0.056534286078271254,False,0.44
17,1,Brant Daugherty,0.0859375,0.0849439587639751,0.08538111690782609,0.08544072938198755,False,0.44
17,1,Christina Milian,0.0859375,0.0849439587639751,0.08538111690782609,0.08544072938198755,False,0.44
17,1,Corbin Bleu,0.09375,0.0932926876693946,0.09349390509486101,0.09352134383469729,False,0.44
17,1,Elizabeth Berkley Lauren,0.09375,0.0932926876693946,0.09349390509486101,0.09352134383469729,False,0.44
17,1,Jack Osbourne,0.08984375,0.0890205044603178,0.089382732497778,0.08943212723015889,False,0.44
17,1,Keyshawn Johnson,0.06640625,0.0671962021556869,0.0668486232071847,0.06680122607784345,False,0.44
17,1,Leah Remini,0.08203125,0.0810540916863969,0.0814840413443823,0.08154267084319845,False,0.44
17,1,"Nicole ""Snooki"" Polizzi",0.08984375,0.0890205044603178,0.089382732497778,0.08943212723015889,False,0.44
17,1,Valerie Harper,0.08203125,0.0810540916863969,0.0814840413443823,0.08154267084319845,False,0.44
17,2,Amber Riley,0.09022556390977443,0.0897580790346517,0.08998247177471065,0.08999182147221307,False,0.48000000000000004
17,2,Bill Engvall,0.07894736842105263,0.078396532224803,0.07866093359900285,0.07867195032292781,False,0.48000000000000004
17,2,Bill Nye,0.06390977443609022,0.0654527538258517,0.06471212371876622,0.06468126413097096,False,0.48000000000000004
17,2,Brant Daugherty,0.08646616541353383,0.0857988204269175,0.08611914602049336,0.08613249292022566,False,0.48000000000000004
17,2,Christina Milian,0.09398496240601503,0.0939000409551461,0.09394080325156323,0.09394250168058058,False,0.48000000000000004
17,2,Corbin Bleu,0.09774436090225563,0.098233137186171,0.09799852456989165,0.09798874904421331,False,0.48000000000000004
17,2,Elizabeth Berkley Lauren,0.09398496240601503,0.0939000409551461,0.09394080325156323,0.09394250168058058,False,0.48000000000000004
17,2,Jack Osbourne,0.09022556390977443,0.0897580790346517,0.08998247177471065,0.08999182147221307,False,0.48000000000000004
17,2,Keyshawn Johnson,0.06766917293233082,0.0684731261071426,0.06808722858323296,0.06807114951973671,True,0.48000000000000004
17,2,Leah Remini,0.09022556390977443,0.0897580790346517,0.08998247177471065,0.08999182147221307,False,0.48000000000000004
17,2,"Nicole ""Snooki"" Polizzi",0.07518796992481203,0.0749384352115221,0.0750582118739013,0.07506320256816706,False,0.48000000000000004
17,2,Valerie Harper,0.07142857142857142,0.0716328760033442,0.0715348098074533,0.07153072371595781,False,0.48000000000000004
17,3,Amber Riley,0.09411764705882353,0.0931083408159861,0.09363318006226158,0.09361299393740481,False,0.52
17,3,Bill Engvall,0.09411764705882353,0.0931083408159861,0.09363318006226158,0.09361299393740481,False,0.52
17,3,Bill Nye,0.06274509803921569,0.0659347575347004,0.06427613459704837,0.06433992778695805,True,0.52
17,3,Brant Daugherty,0.10588235294117647,0.1059720663979984,0.10592541540045101,0.10592720966958744,False,0.52
17,3,Christina Milian,0.10196078431372549,0.1014979173887832,0.10173860818975321,0.10172935085125434,False,0.52
17,3,Corbin Bleu,0.10196078431372549,0.1014979173887832,0.10173860818975321,0.10172935085125434,False,0.52
17,3,Elizabeth Berkley Lauren,0.09803921568627451,0.0972126673039457,0.0976424724627567,0.09762594149511011,False,0.52
17,3,Jack Osbourne,0.08627450980392157,0.0854122266991842,0.08586061391364766,0.08584336825155289,False,0.52
17,3,Leah Remini,0.09411764705882353,0.0931083408159861,0.09363318006226158,0.09361299393740481,False,0.52
17,3,"Nicole ""Snooki"" Polizzi",0.09803921568627451,0.0972126673039457,0.0976424724627567,0.09762594149511011,False,0.52
17,3,Valerie Harper,0.06274509803921569,0.0659347575347004,0.06427613459704837,0.06433992778695805,False,0.52
17,4,Amber Riley,0.11392405063291139,0.1141406395461116,0.11401934975471952,0.11403234508951149,False,0.56
17,4,Bill Engvall,0.08860759493670886,0.08861195770399,0.0886095145543126,0.08860977632034943,False,0.56
17,4,Brant Daugherty,0.08860759493670886,0.08861195770399,0.0886095145543126,0.08860977632034943,False,0.56
17,4,Christina Milian,0.10126582278481013,0.1005695059337889,0.10095944337036081,0.10091766435929951,False,0.56
17,4,Corbin Bleu,0.11392405063291139,0.1141406395461116,0.11401934975471952,0.11403234508951149,False,0.56
17,4,Elizabeth Berkley Lauren,0.11392405063291139,0.1141406395461116,0.11401934975471952,0.11403234508951149,False,0.56
17,4,Jack Osbourne,0.10126582278481013,0.1005695059337889,0.10095944337036081,0.10091766435929951,False,0.56
17,4,Leah Remini,0.10126582278481013,0.1005695059337889,0.10095944337036081,0.10091766435929951,False,0.56
17,4,"Nicole ""Snooki"" Polizzi",0.10126582278481013,0.1005695059337889,0.10095944337036081,0.10091766435929951,False,0.56
17,4,Valerie Harper,0.0759493670886076,0.0780761422185291,0.07688514814577307,0.07701275465356835,True,0.56
17,5,Amber Riley,0.11063829787234042,0.1103684198353423,0.11053034665754119,0.11050335885384135,False,0.6000000000000001
17,5,Bill Engvall,0.10212765957446808,0.102230318882077,0.10216872329751166,0.10217898922827254,False,0.6000000000000001
17,5,Brant Daugherty,0.1148936170212766,0.1146772789088452,0.11480708177630405,0.1147854479650609,False,0.6000000000000001
17,5,Christina Milian,0.11914893617021277,0.1191543588062306,0.11915110522461991,0.11915164748822168,True,0.6000000000000001
17,5,Corbin Bleu,0.11914893617021277,0.1191543588062306,0.11915110522461991,0.11915164748822168,False,0.6000000000000001
17,5,Elizabeth Berkley Lauren,0.11063829787234042,0.1103684198353423,0.11053034665754119,0.11050335885384135,False,0.6000000000000001
17,5,Jack Osbourne,0.1148936170212766,0.1146772789088452,0.11480708177630405,0.1147854479650609,False,0.6000000000000001
17,5,Leah Remini,0.09361702127659574,0.0946922871082414,0.09404712760925402,0.09415465419241857,False,0.6000000000000001
17,5,"Nicole ""Snooki"" Polizzi",0.1148936170212766,0.1146772789088452,0.11480708177630405,0.1147854479650609,False,0.6000000000000001
17,6,Amber Riley,0.138528185378997,0.1387021200507352,0.1385908018608228,0.1386151527148661,False,0.64
17,6,Bill Engvall,0.10389603080876472,0.105137747967786,0.10434304898601239,0.10451688938827536,False,0.64
17,6,Brant Daugherty,0.13419959895965008,0.1339812575317544,0.13412099604560765,0.13409042824570225,False,0.64
17,6,Corbin Bleu,0.11688308877260183,0.1166488149631569,0.11679875020120167,0.11676595186787936,False,0.64
17,6,Elizabeth Berkley Lauren,0.13852775247706486,0.1387016396962409,0.13859035187596827,0.1386146960866529,False,0.64
17,6,Jack Osbourne,0.11688265587066969,0.1166484109838774,0.11679832771142448,0.11676553342727355,False,0.64
17,6,Leah Remini,0.12121210809388086,0.120759382825898,0.12104912699740705,0.12098574545988944,False,0.64
17,6,"Nicole ""Snooki"" Polizzi",0.12987057963837106,0.1294206259805508,0.1297085963215558,0.1296456028094609,False,0.64
17,7,Amber Riley,0.13318284424379231,0.1332678746757626,0.13321005398202282,0.13322535945977745,False,0.68
17,7,Bill Engvall,0.11286681715575621,0.1132766414459507,0.11299796092861847,0.11307172930085346,False,0.68
17,7,Brant Daugherty,0.12866817155756208,0.1285404725813465,0.12862730788517313,0.12860432206945427,False,0.68
17,7,Corbin Bleu,0.13318284424379231,0.1332678746757626,0.13321005398202282,0.13322535945977745,False,0.68
17,7,Elizabeth Berkley Lauren,0.12189616252821671,0.1217619299258628,0.12185320809546347,0.12182904622703974,False,0.68
17,7,Jack Osbourne,0.12866817155756208,0.1285404725813465,0.12862730788517313,0.12860432206945427,False,0.68
17,7,Leah Remini,0.11963882618510158,0.1195828041881052,0.11962089914606275,0.11961081518660338,False,0.68
17,7,"Nicole ""Snooki"" Polizzi",0.12189616252821671,0.1217619299258628,0.12185320809546347,0.12182904622703974,True,0.68
17,8,Amber Riley,0.14583333333333334,0.1454296688588879,0.14572030728048863,0.14563150109611062,False,0.72
17,8,Bill Engvall,0.125,0.1256951160563406,0.1251946324957754,0.1253475580281703,False,0.72
17,8,Brant Daugherty,0.140625,0.1402230348276904,0.14051244975175334,0.1404240174138452,True,0.72
17,8,Corbin Bleu,0.15625,0.1564300993801088,0.15630042782643047,0.15634004969005438,False,0.72
17,8,Elizabeth Berkley Lauren,0.13020833333333334,0.1303623126379754,0.13025144753863313,0.13028532298565437,False,0.72
17,8,Jack Osbourne,0.15625,0.1564300993801088,0.15630042782643047,0.15634004969005438,False,0.72
17,8,Leah Remini,0.14583333333333334,0.1454296688588879,0.14572030728048863,0.14563150109611062,False,0.72
17,9,Amber Riley,0.1619047619047619,0.1612220352003232,0.16174090749569664,0.16156339855254254,False,0.76
17,9,Bill Engvall,0.13333333333333333,0.1358231869732189,0.13393089820690587,0.13457826015327612,False,0.76
17,9,Corbin Bleu,0.18412698412698414,0.1842172649603038,0.18414865152698084,0.18417212454364396,False,0.76
17,9,Elizabeth Berkley Lauren,0.17777777777777778,0.1773314553985796,0.17767066040677024,0.1775546165881787,True,0.76
17,9,Jack Osbourne,0.17142857142857143,0.1707030287337872,0.1712544411818232,0.17106580008117933,False,0.76
17,9,Leah Remini,0.17142857142857143,0.1707030287337872,0.1712544411818232,0.17106580008117933,False,0.76
17,10,Amber Riley,0.2257142857142857,0.2263732700080993,0.22584608257304845,0.2260437778611925,False,0.8
17,10,Bill Engvall,0.17142857142857143,0.1725620190525155,0.17165526095336026,0.17199529524054347,False,0.8
17,10,Corbin Bleu,0.21428571428571427,0.2138003032305561,0.21418863207468264,0.2140430087581352,False,0.8
17,10,Jack Osbourne,0.20285714285714285,0.2019256498783725,0.2026708442613888,0.20239139636775766,False,0.8
17,10,Leah Remini,0.18571428571428572,0.1853387578304564,0.18563918013751984,0.18552652177237106,True,0.8
17,11,Amber Riley,0.273653835740624,0.2740365333045688,0.273730375253413,0.27384518452259643,False,0.8
17,11,Bill Engvall,0.2227077172456799,0.2235146492723899,0.22286910365102192,0.2231111832590349,True,0.8
17,11,Corbin Bleu,0.25909655421775135,0.2585353162751776,0.2589843066292366,0.2588159352464645,False,0.8
17,11,Jack Osbourne,0.2445418927959448,0.2439135011478635,0.24441621446632855,0.24422769697190416,False,0.8
18,1,Amy Purdy,0.0916030534351145,0.0911080790676759,0.09132586778934892,0.09135556625139521,False,0.44
18,1,Billy Dee Williams,0.05725190839694656,0.060330196129055,0.0589757495269273,0.058791052263000784,False,0.44
18,1,Candace Cameron Bure,0.09541984732824428,0.0953780063585375,0.09539641638520852,0.0953989268433909,False,0.44
18,1,Charlie White,0.10305343511450382,0.1045275908674534,0.10387896233615562,0.1037905129909786,False,0.44
18,1,Cody Simpson,0.08396946564885496,0.0831331409488806,0.08350112381686935,0.08355130329886779,False,0.44
18,1,Danica McKellar,0.0916030534351145,0.0911080790676759,0.09132586778934892,0.09135556625139521,False,0.44
18,1,Diana Nyad,0.06870229007633588,0.0692163650300079,0.06899017205039223,0.06895932755317188,True,0.44
18,1,Drew Carey,0.08015267175572519,0.0794113975316584,0.0797375581902478,0.0797820346436918,False,0.44
18,1,James Maslow,0.08015267175572519,0.0794113975316584,0.0797375581902478,0.0797820346436918,False,0.44
18,1,Meryl Davis,0.0916030534351145,0.0911080790676759,0.09132586778934892,0.09135556625139521,False,0.44
18,1,NeNe Leakes,0.08015267175572519,0.0794113975316584,0.0797375581902478,0.0797820346436918,False,0.44
18,1,Sean Avery,0.07633587786259542,0.0758562708680622,0.07606729794565684,0.07609607436532881,False,0.44
18,2,Amy Purdy,0.09836065573770492,0.0979181475485138,0.09813055147932556,0.09813940164310936,False,0.48000000000000004
18,2,Billy Dee Williams,0.06147540983606557,0.0652609726744227,0.06344390251201129,0.06336819125524414,True,0.48000000000000004
18,2,Candace Cameron Bure,0.0860655737704918,0.0855316086072227,0.0857879118855919,0.08579859118885724,False,0.48000000000000004
18,2,Charlie White,0.10245901639344263,0.1024335061713316,0.10244575107794492,0.10244626128238711,False,0.48000000000000004
18,2,Cody Simpson,0.09016393442622951,0.0894757792856636,0.08980609375313525,0.08981985685594655,False,0.48000000000000004
18,2,Danica McKellar,0.09836065573770492,0.0979181475485138,0.09813055147932556,0.09813940164310936,False,0.48000000000000004
18,2,Drew Carey,0.0860655737704918,0.0855316086072227,0.0857879118855919,0.08579859118885724,False,0.48000000000000004
18,2,James Maslow,0.10245901639344263,0.1024335061713316,0.10244575107794492,0.10244626128238711,False,0.48000000000000004
18,2,Meryl Davis,0.10245901639344263,0.1024335061713316,0.10244575107794492,0.10244626128238711,False,0.48000000000000004
18,2,NeNe Leakes,0.0860655737704918,0.0855316086072227,0.0857879118855919,0.08579859118885724,False,0.48000000000000004
18,2,Sean Avery,0.0860655737704918,0.0855316086072227,0.0857879118855919,0.08579859118885724,True,0.48000000000000004
18,3,Amy Purdy,0.1157556270096463,0.1154900181734156,0.11562813476825559,0.11562282259153095,False,0.52
18,3,Candace Cameron Bure,0.10289389067524116,0.1028661343552221,0.10288056764163203,0.10288001251523163,False,0.52
18,3,Charlie White,0.1157556270096463,0.1154900181734156,0.11562813476825559,0.11562282259153095,False,0.52
18,3,Cody Simpson,0.11254019292604502,0.1121957593291318,0.11237486479952669,0.1123679761275884,False,0.52
18,3,Danica McKellar,0.1157556270096463,0.1154900181734156,0.11562813476825559,0.11562282259153095,False,0.52
18,3,Drew Carey,0.09646302250803858,0.0970814835988981,0.09675988383165116,0.09677225305346834,False,0.52
18,3,James Maslow,0.1157556270096463,0.1154900181734156,0.11562813476825559,0.11562282259153095,False,0.52
18,3,Meryl Davis,0.12540192926045016,0.1259645884928094,0.1256720056919826,0.1256832588766298,False,0.52
18,3,NeNe Leakes,0.09967845659163987,0.0999319615302759,0.09980013896218519,0.09980520906095788,False,0.52
18,4,Amy Purdy,0.11447811447811448,0.1141043562463172,0.11431366085612368,0.11429123536221585,False,0.56
18,4,Candace Cameron Bure,0.09427609427609428,0.095134839985457,0.0946539423882139,0.09470546713077564,False,0.56
18,4,Charlie White,0.1111111111111111,0.1106985127907007,0.11092956785013054,0.1109048119509059,False,0.56
18,4,Cody Simpson,0.10437710437710437,0.1041887694194387,0.1042942369957315,0.10428293689827153,False,0.56
18,4,Danica McKellar,0.10774410774410774,0.1073943286408789,0.10759020493868707,0.10756921819249332,False,0.56
18,4,Drew Carey,0.1111111111111111,0.1106985127907007,0.11092956785013054,0.1109048119509059,False,0.56
18,4,James Maslow,0.11784511784511785,0.1176149867433469,0.11774386016033865,0.11773005229423238,False,0.56
18,4,Meryl Davis,0.13131313131313133,0.1327713647422807,0.13195475402195705,0.13204224802770603,False,0.56
18,4,NeNe Leakes,0.10774410774410774,0.1073943286408789,0.10759020493868707,0.10756921819249332,False,0.56
18,5,Amy Purdy,0.11490683229813664,0.1145130840460944,0.11474933299731976,0.11470995817211552,False,0.6000000000000001
18,5,Candace Cameron Bure,0.10869565217391304,0.1082873634794903,0.10853233669614397,0.10849150782670167,False,0.6000000000000001
18,5,Charlie White,0.11490683229813664,0.1145130840460944,0.11474933299731976,0.11470995817211552,False,0.6000000000000001
18,5,Cody Simpson,0.10559006211180125,0.105302604816607,0.10547507919372356,0.10544633346420412,True,0.6000000000000001
18,5,Danica McKellar,0.12111801242236025,0.121096737388306,0.12110950240873858,0.12110737490533313,False,0.6000000000000001
18,5,Drew Carey,0.08695652173913043,0.0890445042568549,0.08779171474622022,0.08800051299799266,False,0.6000000000000001
18,5,James Maslow,0.12422360248447205,0.1245291741888593,0.12434583116622697,0.12437638833666567,False,0.6000000000000001
18,5,Meryl Davis,0.11180124223602485,0.1113567238888467,0.1116234348971536,0.11157898306243577,False,0.6000000000000001
18,5,NeNe Leakes,0.11180124223602485,0.1113567238888467,0.1116234348971536,0.11157898306243577,False,0.6000000000000001
18,6,Amy Purdy,0.1347517730496454,0.1347490268593764,0.13475078442114857,0.13475039995451088,False,0.64
18,6,Candace Cameron Bure,0.11347517730496454,0.1136588277297395,0.11354129145788354,0.11356700251735202,False,0.64
18,6,Charlie White,0.1276595744680851,0.1273165365450866,0.12753608081580564,0.12748805550658585,False,0.64
18,6,Danica McKellar,0.1276595744680851,0.1273165365450866,0.12753608081580564,0.12748805550658585,False,0.64
18,6,Drew Carey,0.11347517730496454,0.1136588277297395,0.11354129145788354,0.11356700251735202,True,0.64
18,6,James Maslow,0.12411347517730496,0.1237554703055986,0.12398459342349069,0.12393447274145178,False,0.64
18,6,Meryl Davis,0.14184397163120568,0.1426154114168736,0.14212168995404614,0.14222969152403964,False,0.64
18,6,NeNe Leakes,0.11702127659574468,0.1169293628684989,0.11698818765393622,0.1169753197321218,False,0.64
18,7,Amy Purdy,0.1482213438735178,0.1481426125990428,0.1481961498656858,0.1481819782362803,False,0.68
18,7,Candace Cameron Bure,0.14624505928853754,0.1461073194414795,0.14620098253747899,0.14617618936500854,False,0.68
18,7,Charlie White,0.14031620553359683,0.140167682783203,0.14026867825347084,0.1402419441583999,False,0.68
18,7,Danica McKellar,0.1422924901185771,0.1421202360623316,0.14223736882057855,0.14220636309045434,False,0.68
18,7,James Maslow,0.1383399209486166,0.138241955130132,0.13830857188670154,0.1382909380393743,False,0.68
18,7,Meryl Davis,0.1541501976284585,0.1544201886777391,0.1542365947642283,0.1542851931530988,False,0.68
18,7,NeNe Leakes,0.13043478260869565,0.1308000053060717,0.130551653871856,0.13061739395738367,True,0.68
18,8,Amy Purdy,0.17699115044247787,0.1771154019285946,0.17702594085859058,0.17705327618553623,False,0.72
18,8,Candace Cameron Bure,0.1592920353982301,0.1592709465268656,0.15928613051424803,0.15928149096254784,False,0.72
18,8,Charlie White,0.17699115044247787,0.1771154019285946,0.17702594085859058,0.17705327618553623,False,0.72
18,8,Danica McKellar,0.168141592920354,0.1679563565622138,0.16808972674007475,0.16804897474128389,True,0.72
18,8,James Maslow,0.1592920353982301,0.1592709465268656,0.15928613051424803,0.15928149096254784,False,0.72
18,8,Meryl Davis,0.1592920353982301,0.1592709465268656,0.15928613051424803,0.15928149096254784,False,0.72
18,9,Amy Purdy,0.20418848167539266,0.2041100585644016,0.20416966012875482,0.20414927011989714,False,0.76
18,9,Candace Cameron Bure,0.18848167539267016,0.1886937479712881,0.18853257281153848,0.18858771168197913,False,0.76
18,9,Charlie White,0.19895287958115182,0.1988361941262639,0.19892487507197873,0.19889453685370787,True,0.76
18,9,James Maslow,0.19895287958115182,0.1988361941262639,0.19892487507197873,0.19889453685370787,False,0.76
18,9,Meryl Davis,0.2094240837696335,0.2095238052117823,0.2094480169157492,0.2094739444907079,False,0.76
18,10,Amy Purdy,0.2587209505138384,0.2584885195505651,0.2586744643211838,0.25860473503220177,False,0.8
18,10,Candace Cameron Bure,0.22674296916969572,0.2274520292663242,0.22688478118902142,0.22709749921800998,False,0.8
18,10,James Maslow,0.2529075649013137,0.2525470931160824,0.25283547054426747,0.2527273290086981,True,0.8
18,10,Meryl Davis,0.2616285154151521,0.2615123580670281,0.2616052839455273,0.2615704367410901,False,0.8
19,1,Alfonso Ribeiro,0.0967741935483871,0.0983792214152725,0.09767300915384297,0.0975767074818298,False,0.44
19,1,Antonio Sabato Jr.,0.06720430107526881,0.0669818049855739,0.06707970326503969,0.06709305303042136,False,0.44
19,1,Bethany Mota,0.08602150537634409,0.0855451811646332,0.08575476381778602,0.08578334327048864,False,0.44
19,1,Betsey Johnson,0.053763440860215055,0.0562434636376193,0.05515225361556145,0.05500345224891717,False,0.44
19,1,Janel Parrish,0.07795698924731183,0.0770308477199732,0.07743834999200223,0.07749391848364251,False,0.44
19,1,Jonathan Bennett,0.08064516129032258,0.0797703752392047,0.0801552811016966,0.08020776826476364,False,0.44
19,1,Lea Thompson,0.08602150537634409,0.0855451811646332,0.08575476381778602,0.08578334327048864,False,0.44
19,1,Lolo Jones,0.05913978494623656,0.0603150890512794,0.059797955245060576,0.05972743699875798,True,0.44
19,1,Michael Waltrip,0.06720430107526881,0.0669818049855739,0.06707970326503969,0.06709305303042136,False,0.44
19,1,Randy Couture,0.08333333333333333,0.0826073314022947,0.08292677225195173,0.08297033236781401,False,0.44
19,1,Sadie Robertson,0.0913978494623656,0.0917380418300121,0.09158835718824768,0.09156794564618884,False,0.44
19,1,Tavis Smiley,0.07795698924731183,0.0770308477199732,0.07743834999200223,0.07749391848364251,False,0.44
19,1,Tommy Chong,0.07258064516129033,0.0718308096839559,0.07216073729398308,0.07220572742262311,False,0.44
19,2,Alfonso Ribeiro,0.08839779005524862,0.0881229523822874,0.08825487446530882,0.08826037121876801,False,0.48000000000000004
19,2,Antonio Sabato Jr.,0.0856353591160221,0.0852496366695235,0.08543478344384287,0.0854424978927728,False,0.48000000000000004
19,2,Bethany Mota,0.09116022099447514,0.0910931124161271,0.09112532453373419,0.09112666670530112,False,0.48000000000000004
19,2,Betsey Johnson,0.07734806629834254,0.0771796900682667,0.07726051065870312,0.07726387818330462,False,0.48000000000000004
19,2,Janel Parrish,0.09392265193370165,0.0941633808824256,0.09404783098703814,0.09404301640806362,False,0.48000000000000004
19,2,Jonathan Bennett,0.08287292817679558,0.0824700075952802,0.08266340947440762,0.08267146788603788,False,0.48000000000000004
19,2,Lea Thompson,0.09668508287292818,0.0973371319085479,0.09702414837145047,0.09701110739073804,False,0.48000000000000004
19,2,Michael Waltrip,0.06629834254143646,0.0675953812032176,0.06697280264556268,0.06694686187232704,False,0.48000000000000004
19,2,Randy Couture,0.07734806629834254,0.0771796900682667,0.07726051065870312,0.07726387818330462,False,0.48000000000000004
19,2,Sadie Robertson,0.0856353591160221,0.0852496366695235,0.08543478344384287,0.0854424978927728,False,0.48000000000000004
19,2,Tavis Smiley,0.07734806629834254,0.0771796900682667,0.07726051065870312,0.07726387818330462,True,0.48000000000000004
19,2,Tommy Chong,0.07734806629834254,0.0771796900682667,0.07726051065870312,0.07726387818330462,False,0.48000000000000004
19,3,Alfonso Ribeiro,0.0906515580736544,0.0898178752204808,0.09025139030413112,0.0902347166470676,False,0.52
19,3,Antonio Sabato Jr.,0.0821529745042493,0.0818018281305383,0.08198442424486804,0.0819774013173938,False,0.52
19,3,Bethany Mota,0.11331444759206799,0.115246786210083,0.11424197012871523,0.1142806169010755,False,0.52
19,3,Betsey Johnson,0.0821529745042493,0.0818018281305383,0.08198442424486804,0.0819774013173938,False,0.52
19,3,Janel Parrish,0.11331444759206799,0.115246786210083,0.11424197012871523,0.1142806169010755,False,0.52
19,3,Jonathan Bennett,0.0906515580736544,0.0898178752204808,0.09025139030413112,0.0902347166470676,False,0.52
19,3,Lea Thompson,0.08781869688385269,0.0870621767182683,0.08745556720437223,0.08744043680106049,False,0.52
19,3,Michael Waltrip,0.07932011331444759,0.0792920696364277,0.07930665234899807,0.07930609147543764,False,0.52
19,3,Randy Couture,0.07365439093484419,0.0745011955479023,0.07406085714911212,0.07407779324137324,True,0.52
19,3,Sadie Robertson,0.0906515580736544,0.0898178752204808,0.09025139030413112,0.0902347166470676,False,0.52
19,3,Tommy Chong,0.09631728045325778,0.0955937037547159,0.09596996363795772,0.09595549210398685,False,0.52
19,4,Alfonso Ribeiro,0.125,0.1265249517052455,0.12567097875030803,0.12576247585262273,False,0.56
19,4,Antonio Sabato Jr.,0.090625,0.0897196254867828,0.09022663521418445,0.09017231274339141,False,0.56
19,4,Bethany Mota,0.103125,0.101665654830083,0.10248288812523654,0.1023953274150415,False,0.56
19,4,Betsey Johnson,0.090625,0.0897196254867828,0.09022663521418445,0.09017231274339141,True,0.56
19,4,Janel Parrish,0.1125,0.1116578779795447,0.11212946631099971,0.11207893898977235,False,0.56
19,4,Jonathan Bennett,0.075,0.0767412624278916,0.07576615546827231,0.0758706312139458,False,0.56
19,4,Lea Thompson,0.121875,0.1226321881832383,0.12220816280062488,0.12225359409161915,False,0.56
19,4,Michael Waltrip,0.078125,0.0791772915931357,0.07858800830097973,0.07865114579656785,False,0.56
19,4,Sadie Robertson,0.115625,0.1152022795007344,0.11543900298032317,0.1154136397503672,False,0.56
19,4,Tommy Chong,0.0875,0.0869592428065607,0.08726206683488671,0.08722962140328035,False,0.56
19,5,Alfonso Ribeiro,0.12878787878787878,0.128122374083308,0.12852167690605049,0.1284551264355934,False,0.6000000000000001
19,5,Antonio Sabato Jr.,0.10606060606060606,0.104422001979818,0.10540516442829084,0.10524130402021203,False,0.6000000000000001
19,5,Bethany Mota,0.12121212121212122,0.1196779082889522,0.12059843604285361,0.1204450147505367,False,0.6000000000000001
19,5,Janel Parrish,0.125,0.1238281782766142,0.12453127131064569,0.1244140891383071,False,0.6000000000000001
19,5,Jonathan Bennett,0.09090909090909091,0.0911108378594523,0.09098978968923548,0.09100996438427161,False,0.6000000000000001
19,5,Lea Thompson,0.12878787878787878,0.128122374083308,0.12852167690605049,0.1284551264355934,False,0.6000000000000001
19,5,Michael Waltrip,0.07575757575757576,0.0794965104868972,0.07725314964930434,0.07762704312223648,False,0.6000000000000001
19,5,Sadie Robertson,0.13636363636363635,0.137162680860946,0.13668325416256022,0.13676315861229116,False,0.6000000000000001
19,5,Tommy Chong,0.08712121212121213,0.0880571340807039,0.08749558090500884,0.08758917310095801,False,0.6000000000000001
19,6,Alfonso Ribeiro,0.13310580204778158,0.1346598559348406,0.13366526144712285,0.1338828289913111,False,0.64
19,6,Antonio Sabato Jr.,0.09556313993174062,0.0960499197996164,0.09573838068417592,0.0958065298656785,False,0.64
19,6,Bethany Mota,0.12286689419795221,0.1228055048680906,0.12284479403920205,0.12283619953302141,False,0.64
19,6,Janel Parrish,0.11262798634812286,0.1119947138010019,0.11240000823115932,0.11231135007456239,False,0.64
19,6,Jonathan Bennett,0.10921501706484642,0.1086069007638626,0.10899609519649225,0.10891095891435451,True,0.64
19,6,Lea Thompson,0.10921501706484642,0.1086069007638626,0.10899609519649225,0.10891095891435451,False,0.64
19,6,Michael Waltrip,0.10238907849829351,0.1021356162562987,0.10229783209117539,0.10226234737729611,False,0.64
19,6,Sadie Robertson,0.11945392491467577,0.1190906680128098,0.11932315243000405,0.1192722964637428,False,0.64
19,6,Tommy Chong,0.09556313993174062,0.0960499197996164,0.09573838068417592,0.0958065298656785,False,0.64
19,7,Alfonso Ribeiro,0.13152804642166344,0.1311318916458078,0.13140127689338965,0.13132996903373562,False,0.68
19,7,Antonio Sabato Jr.,0.11411992263056092,0.1140844122631631,0.11410855931299363,0.11410216744686201,True,0.68
19,7,Bethany Mota,0.1450676982591876,0.1461335365906942,0.14540876652526974,0.1456006174249409,False,0.68
19,7,Janel Parrish,0.12959381044487428,0.1291183899910729,0.12944167589965785,0.12935610021797359,False,0.68
19,7,Lea Thompson,0.13539651837524178,0.1352535816121458,0.13535077861105108,0.13532504999369377,False,0.68
19,7,Michael Waltrip,0.10831721470019343,0.1089094681184742,0.1085067357940433,0.10861334140933382,False,0.68
19,7,Sadie Robertson,0.11992263056092843,0.1195052491420955,0.11978906850690191,0.11971393985151196,False,0.68
19,7,Tommy Chong,0.11605415860735009,0.115863470636546,0.11599313845669282,0.11595881462194804,False,0.68
19,8,Alfonso Ribeiro,0.16532258064516128,0.1646358960618486,0.16513030896183375,0.16497923835350495,False,0.72
19,8,Bethany Mota,0.16129032258064516,0.1600538848078803,0.160944120004271,0.1606721036942627,False,0.72
19,8,Janel Parrish,0.17338709677419356,0.1741971942741004,0.17361392407416748,0.17379214552414698,False,0.72
19,8,Lea Thompson,0.12903225806451613,0.1277025953927474,0.1286599525164209,0.12836742672863177,False,0.72
19,8,Michael Waltrip,0.10080645161290322,0.1048073016624139,0.10192668962676622,0.10280687663765856,True,0.72
19,8,Sadie Robertson,0.1532258064516129,0.1512688815301032,0.1526778674735902,0.15224734399085804,False,0.72
19,8,Tommy Chong,0.11693548387096774,0.1173342462709058,0.11704713734295041,0.11713486507093676,False,0.72
19,9,Alfonso Ribeiro,0.17990654205607476,0.1796520355480644,0.1798454604941523,0.17977928880206956,False,0.76
19,9,Bethany Mota,0.17289719626168223,0.1722532485738851,0.17274264881661094,0.17257522241778367,False,0.76
19,9,Janel Parrish,0.17990654205607476,0.1796520355480644,0.1798454604941523,0.17977928880206956,False,0.76
19,9,Lea Thompson,0.16355140186915887,0.1628600109062457,0.1633854680380597,0.16320570638770227,True,0.76
19,9,Sadie Robertson,0.1705607476635514,0.1698553305143457,0.17039144754774205,0.17020803908894855,False,0.76
19,9,Tommy Chong,0.13317757009345793,0.1357273389093944,0.1337895146092827,0.13445245450142618,False,0.76
19,10,Alfonso Ribeiro,0.2054794520547945,0.2049594738330503,0.20537545641044566,0.2052194629439224,False,0.8
19,10,Bethany Mota,0.20821917808219179,0.20778645654607,0.20813263377496743,0.2080028173141309,False,0.8
19,10,Janel Parrish,0.2136986301369863,0.2135579365409574,0.21367049141778052,0.21362828333897185,False,0.8
19,10,Sadie Robertson,0.20273972602739726,0.2021709528725074,0.2026259713964193,0.2024553394499523,False,0.8
19,10,Tommy Chong,0.16986301369863013,0.1715251802074147,0.17019544700038705,0.1706940969530224,True,0.8
19,11,Alfonso Ribeiro,0.25586408499804897,0.2558898604261079,0.25586924008366074,0.25587697271207843,False,0.8
19,11,Bethany Mota,0.24307088074814653,0.2431246566639993,0.2430816359313171,0.24309776870607291,True,0.8
19,11,Janel Parrish,0.24946620355267282,0.2494243326920723,0.24945782938055272,0.24944526812237255,False,0.8
19,11,Sadie Robertson,0.25159883070113154,0.2515611502178204,0.25159129460446933,0.251579990459476,False,0.8
20,1,Charlotte McKinney,0.06918238993710692,0.0698434528114834,0.06955258514675777,0.06951292137429516,False,0.44
20,1,Chris Soules,0.08176100628930817,0.0812231045443097,0.08145978131210906,0.08149205541680893,False,0.44
20,1,Michael Sam,0.08176100628930817,0.0812231045443097,0.08145978131210906,0.08149205541680893,False,0.44
20,1,Nastia Liukin,0.09433962264150944,0.0944568523784548,0.09440527129419887,0.09439823750998212,False,0.44
20,1,Noah Galloway,0.08176100628930817,0.0812231045443097,0.08145978131210906,0.08149205541680893,False,0.44
20,1,Patti LaBelle,0.07861635220125786,0.0782151917323293,0.07839170233865789,0.07841577196679358,False,0.44
20,1,Redfoo,0.06918238993710692,0.0698434528114834,0.06955258514675777,0.06951292137429516,False,0.44
20,1,Riker Lynch,0.09748427672955975,0.0980893689031322,0.09782312834676037,0.09778682281634599,False,0.44
20,1,Robert Herjavec,0.0880503144654088,0.0875904035591894,0.08779276435792598,0.08782035901229909,False,0.44
20,1,Rumer Willis,0.10062893081761007,0.1018615807063393,0.10131921475529848,0.10124525576197468,False,0.44
20,1,Suzanne Somers,0.07861635220125786,0.0782151917323293,0.07839170233865789,0.07841577196679358,False,0.44
20,1,Willow Shields,0.07861635220125786,0.0782151917323293,0.07839170233865789,0.07841577196679358,False,0.44
20,2,Charlotte McKinney,0.07492795389048991,0.07483859628996,0.07488148793821436,0.07488327509022495,False,0.48000000000000004
20,2,Chris Soules,0.06051873198847262,0.0629551823686316,0.0617856861861553,0.06173695717855211,False,0.48000000000000004
20,2,Michael Sam,0.08069164265129683,0.0801979545523703,0.08043492483985505,0.08044479860183357,False,0.48000000000000004
20,2,Nastia Liukin,0.09798270893371758,0.0986907087366701,0.09835086883125291,0.09833670883519384,False,0.48000000000000004
20,2,Noah Galloway,0.07780979827089338,0.0774719455288519,0.07763411484503181,0.07764087189987263,False,0.48000000000000004
20,2,Patti LaBelle,0.08069164265129683,0.0801979545523703,0.08043492483985505,0.08044479860183357,False,0.48000000000000004
20,2,Redfoo,0.0893371757925072,0.0889651222334049,0.08914370794177401,0.08915114901295605,True,0.48000000000000004
20,2,Riker Lynch,0.09221902017291066,0.092095542211,0.09215481163271713,0.09215728119195532,False,0.48000000000000004
20,2,Robert Herjavec,0.08069164265129683,0.0801979545523703,0.08043492483985505,0.08044479860183357,False,0.48000000000000004
20,2,Rumer Willis,0.09221902017291066,0.092095542211,0.09215481163271713,0.09215728119195532,False,0.48000000000000004
20,2,Suzanne Somers,0.08069164265129683,0.0801979545523703,0.08043492483985505,0.08044479860183357,False,0.48000000000000004
20,2,Willow Shields,0.09221902017291066,0.092095542211,0.09215481163271713,0.09215728119195532,False,0.48000000000000004
20,3,Charlotte McKinney,0.07028753993610223,0.0716099594201257,0.07092230128843352,0.07094874967811396,True,0.52
20,3,Chris Soules,0.08945686900958466,0.0884198756594644,0.08895911220152697,0.08893837233452453,False,0.52
20,3,Michael Sam,0.07667731629392971,0.0768243542316899,0.07674789450405463,0.0767508352628098,False,0.52
20,3,Nastia Liukin,0.10862619808306709,0.1091757972626067,0.10889000568924614,0.1089009976728369,False,0.52
20,3,Noah Galloway,0.09584664536741214,0.0948583116621007,0.09537224518886267,0.09535247851475642,False,0.52
20,3,Patti LaBelle,0.07028753993610223,0.0716099594201257,0.07092230128843352,0.07094874967811396,False,0.52
20,3,Riker Lynch,0.10862619808306709,0.1091757972626067,0.10889000568924614,0.1089009976728369,False,0.52
20,3,Robert Herjavec,0.0926517571884984,0.0915825317537665,0.09213852897982712,0.09211714447113245,False,0.52
20,3,Rumer Willis,0.10543130990415335,0.1054055859138832,0.1054189623888237,0.10541844790901828,False,0.52
20,3,Suzanne Somers,0.07987220447284345,0.0795722546363166,0.07972822855131059,0.07972222955458003,False,0.52
20,3,Willow Shields,0.10223642172523961,0.1017655727773133,0.10201041423023502,0.10200099725127645,False,0.52
20,4,Chris Soules,0.08307692307692308,0.08391779467546,0.08344690658027934,0.08349735887619153,False,0.56
20,4,Michael Sam,0.09230769230769231,0.0920328314669358,0.09218675353775946,0.09217026188731406,True,0.56
20,4,Nastia Liukin,0.11076923076923077,0.1106930174922814,0.11073569692737306,0.11073112413075609,False,0.56
20,4,Noah Galloway,0.09846153846153846,0.0978742839869815,0.09820314649273343,0.09816791122425998,False,0.56
20,4,Patti LaBelle,0.09230769230769231,0.0920328314669358,0.09218675353775946,0.09217026188731406,False,0.56
20,4,Riker Lynch,0.10461538461538461,0.1040865016676777,0.10438267611839358,0.10435094314153115,False,0.56
20,4,Robert Herjavec,0.10461538461538461,0.1040865016676777,0.10438267611839358,0.10435094314153115,False,0.56
20,4,Rumer Willis,0.1076923076923077,0.1073389442365194,0.10753682777176088,0.10751562596441355,False,0.56
20,4,Suzanne Somers,0.08615384615384615,0.0865400156485234,0.08632376073150416,0.08634693090118478,False,0.56
20,4,Willow Shields,0.12,0.1213972776910068,0.12061480218404302,0.1206986388455034,False,0.56
20,5,Chris Soules,0.09540636042402827,0.0950094728570738,0.0952476053972465,0.09520791664055103,False,0.6000000000000001
20,5,Nastia Liukin,0.13427561837455831,0.1348010411980016,0.13448578750393567,0.13453832978627994,False,0.6000000000000001
20,5,Noah Galloway,0.0989399293286219,0.0980795340100639,0.09859577120119872,0.0985097316693429,False,0.6000000000000001
20,5,Patti LaBelle,0.09540636042402827,0.0950094728570738,0.0952476053972465,0.09520791664055103,False,0.6000000000000001
20,5,Riker Lynch,0.13427561837455831,0.1348010411980016,0.13448578750393567,0.13453832978627994,False,0.6000000000000001
20,5,Robert Herjavec,0.08480565371024736,0.086363941115032,0.08542896867216122,0.08558479741263968,False,0.6000000000000001
20,5,Rumer Willis,0.13780918727915195,0.1391568956988171,0.13834827064701805,0.13848304148898452,False,0.6000000000000001
20,5,Suzanne Somers,0.0989399293286219,0.0980795340100639,0.09859577120119872,0.0985097316693429,True,0.6000000000000001
20,5,Willow Shields,0.12014134275618374,0.1186990670558717,0.11956443247605895,0.11942020490602773,False,0.6000000000000001
20,6,Chris Soules,0.12367491166077739,0.1235771999961315,0.12363973546150488,0.12362605582845444,False,0.64
20,6,Nastia Liukin,0.12897526501766785,0.1289299055445367,0.12895893560734065,0.12895258528110226,False,0.64
20,6,Noah Galloway,0.12014134275618374,0.1201327655429874,0.12013825495943306,0.12013705414958556,False,0.64
20,6,Patti LaBelle,0.12014134275618374,0.1201327655429874,0.12013825495943306,0.12013705414958556,True,0.64
20,6,Riker Lynch,0.13427561837455831,0.1345144617635254,0.1343616019945865,0.13439504006904185,False,0.64
20,6,Robert Herjavec,0.11837455830388692,0.1184467195130974,0.11840053633920271,0.11841063890849216,False,0.64
20,6,Rumer Willis,0.1254416961130742,0.1253362765521973,0.12540374507115853,0.12538898633263576,False,0.64
20,6,Willow Shields,0.12897526501766785,0.1289299055445367,0.12895893560734065,0.12895258528110226,False,0.64
20,7,Chris Soules,0.1220472440944882,0.1229048733216583,0.12232168544718264,0.12247605870807324,False,0.68
20,7,Nastia Liukin,0.16141732283464566,0.1619036199662346,0.16157293791675414,0.16166047140044013,False,0.68
20,7,Noah Galloway,0.14960629921259844,0.1490562951445906,0.14943029791083595,0.1493312971785945,False,0.68
20,7,Riker Lynch,0.14566929133858267,0.1450045323087483,0.14545656844903568,0.14533691182366548,False,0.68
20,7,Robert Herjavec,0.1220472440944882,0.1229048733216583,0.12232168544718264,0.12247605870807324,False,0.68
20,7,Rumer Willis,0.14566929133858267,0.1450045323087483,0.14545656844903568,0.14533691182366548,False,0.68
20,7,Willow Shields,0.15354330708661418,0.1532212736283613,0.15344025637997327,0.15338229035748774,True,0.68
20,8,Chris Soules,0.15130023640661938,0.1511043835711698,0.1512453976126935,0.15120230998889458,True,0.72
20,8,Nastia Liukin,0.17966903073286053,0.1791428703524579,0.1795217058263478,0.17940595054265923,False,0.72
20,8,Noah Galloway,0.14893617021276595,0.1489761882474755,0.14894737526248464,0.14895617923012072,False,0.72
20,8,Riker Lynch,0.18439716312056736,0.1842977101836329,0.18436931629822573,0.18434743665210013,False,0.72
20,8,Robert Herjavec,0.14657210401891252,0.1468779670067876,0.14665774565551754,0.14672503551285004,True,0.72
20,8,Rumer Willis,0.18912529550827423,0.1896008806384761,0.1892584593447308,0.18936308807337515,False,0.72
20,9,Nastia Liukin,0.25477707006369427,0.254766350306594,0.2547744973219902,0.2547717101851441,True,0.76
20,9,Noah Galloway,0.24203821656050956,0.2421098231305959,0.2420554021373303,0.2420740198455527,False,0.76
20,9,Riker Lynch,0.25477707006369427,0.254766350306594,0.2547744973219902,0.2547717101851441,False,0.76
20,9,Rumer Willis,0.2484076433121019,0.248357476256216,0.2483956032186893,0.24838255978415896,False,0.76
20,10,Noah Galloway,0.3103448275862069,0.3107542543809806,0.31042671294516166,0.3105495409835938,False,0.8
20,10,Riker Lynch,0.3448275862068966,0.3446228728095097,0.3447866435274192,0.34472522950820317,False,0.8
20,10,Rumer Willis,0.3448275862068966,0.3446228728095097,0.3447866435274192,0.34472522950820317,False,0.8
21,1,Alek Skarlatos,0.088,0.0867298342036907,0.08728870715406684,0.08736491710184535,False,0.44
21,1,Alexa PenaVega,0.088,0.0867298342036907,0.08728870715406684,0.08736491710184535,False,0.44
21,1,Andy Grammer,0.084,0.0823351352260614,0.08306767572659443,0.08316756761303071,False,0.44
21,1,Bindi Irwin,0.096,0.0962354634871683,0.09613185955281431,0.09611773174358415,False,0.44
21,1,Carlos PenaVega,0.092,0.0913591035023737,0.09164109796132933,0.09167955175118685,False,0.44
21,1,Chaka Khan,0.052,0.0543148642762969,0.053296323994726294,0.05315743213814845,False,0.44
21,1,Gary Busey,0.06,0.0602677981096572,0.06014996694140807,0.0601338990548286,False,0.44
21,1,Hayes Grier,0.084,0.0823351352260614,0.08306767572659443,0.08316756761303071,False,0.44
21,1,Kim Zolciak-Biermann,0.048,0.0515626685561423,0.04999509439143972,0.049781334278071146,False,0.44
21,1,Nick Carter,0.096,0.0962354634871683,0.09613185955281431,0.09611773174358415,False,0.44
21,1,Paula Deen,0.06,0.0602677981096572,0.06014996694140807,0.0601338990548286,False,0.44
21,1,Tamar Braxton,0.092,0.0913591035023737,0.09164109796132933,0.09167955175118685,False,0.44
21,1,Victor Espinoza,0.06,0.0602677981096572,0.06014996694140807,0.0601338990548286,False,0.44
21,2,Alek Skarlatos,0.08317929759704251,0.0826554569867032,0.0829069004796661,0.08291737729187285,False,0.48000000000000004
21,2,Alexa PenaVega,0.08502772643253234,0.0846656882512705,0.08483946657827622,0.08484670734190142,False,0.48000000000000004
21,2,Andy Grammer,0.08133086876155268,0.0806929549713809,0.0809991535906634,0.0810119118664668,False,0.48000000000000004
21,2,Bindi Irwin,0.08872458410351201,0.0888340099777442,0.0887814855581128,0.0887792970406281,False,0.48000000000000004
21,2,Carlos PenaVega,0.08317929759704251,0.0826554569867032,0.0829069004796661,0.08291737729187285,False,0.48000000000000004
21,2,Chaka Khan,0.05545286506469501,0.0576411789392939,0.05659078827948646,0.056547022001994456,True,0.48000000000000004
21,2,Gary Busey,0.06099815157116451,0.0619498972202877,0.061493059308708596,0.06147402439572611,False,0.48000000000000004
21,2,Hayes Grier,0.08317929759704251,0.0826554569867032,0.0829069004796661,0.08291737729187285,False,0.48000000000000004
21,2,Kim Zolciak-Biermann,0.06839186691312385,0.0681999784211531,0.0682920848972991,0.06829592266713848,True,0.48000000000000004
21,2,Nick Carter,0.08317929759704251,0.0826554569867032,0.0829069004796661,0.08291737729187285,False,0.48000000000000004
21,2,Paula Deen,0.06839186691312385,0.0681999784211531,0.0682920848972991,0.06829592266713848,False,0.48000000000000004
21,2,Tamar Braxton,0.09057301293900184,0.0909945074297499,0.09079219007419087,0.09078376018437587,False,0.48000000000000004
21,2,Victor Espinoza,0.06839186691312385,0.0681999784211531,0.0682920848972991,0.06829592266713848,True,0.48000000000000004
21,3,Alek Skarlatos,0.10819672131147541,0.1073346394633472,0.1077829220243739,0.1077656803874113,False,0.52
21,3,Alexa PenaVega,0.1180327868852459,0.1184288172123043,0.11822288144223397,0.1182308020487751,False,0.52
21,3,Andy Grammer,0.09508196721311475,0.0941419627226161,0.09463076505767543,0.09461196496786542,False,0.52
21,3,Bindi Irwin,0.10491803278688525,0.1038725368718594,0.10441619474767286,0.10439528482937233,False,0.52
21,3,Carlos PenaVega,0.10163934426229508,0.1005221051669924,0.10110306949654982,0.10108072471464374,False,0.52
21,3,Gary Busey,0.08196721311475409,0.082570819537647,0.08225694419774271,0.08226901632620054,False,0.52
21,3,Hayes Grier,0.09836065573770492,0.0972797423795412,0.09784181732578635,0.09782019905862306,False,0.52
21,3,Nick Carter,0.1180327868852459,0.1184288172123043,0.11822288144223397,0.1182308020487751,False,0.52
21,3,Paula Deen,0.06557377049180328,0.0700859199700404,0.06773960224135711,0.06782984523092184,False,0.52
21,3,Tamar Braxton,0.10819672131147541,0.1073346394633472,0.1077829220243739,0.1077656803874113,False,0.52
21,4,Alek Skarlatos,0.1016949152542373,0.1003836188379589,0.10111794483107482,0.1010392670460981,False,0.56
21,4,Alexa PenaVega,0.08898305084745763,0.0884007444416245,0.08872683602889107,0.08869189764454107,False,0.56
21,4,Andy Grammer,0.09745762711864407,0.0962189336317905,0.09691260198442853,0.09683828037521729,False,0.56
21,4,Bindi Irwin,0.11864406779661017,0.1189247048364443,0.11876754809413721,0.11878438631652724,False,0.56
21,4,Carlos PenaVega,0.1059322033898305,0.1047285658929319,0.10540260289119513,0.1053303846413812,False,0.56
21,4,Gary Busey,0.06779661016949153,0.0715227788383204,0.06943612438377625,0.06965969450390597,True,0.56
21,4,Hayes Grier,0.11440677966101695,0.1139907926641827,0.1142237453824099,0.11419878616259982,False,0.56
21,4,Nick Carter,0.11440677966101695,0.1139907926641827,0.1142237453824099,0.11419878616259982,False,0.56
21,4,Paula Deen,0.07627118644067797,0.077848275528381,0.07696510563926731,0.07705973098452948,False,0.56
21,4,Tamar Braxton,0.11440677966101695,0.1139907926641827,0.1142237453824099,0.11419878616259982,False,0.56
21,5,Alek Skarlatos,0.09634551495016612,0.096319908733565,0.09633527246352569,0.09633271184186556,False,0.6000000000000001
21,5,Alexa PenaVega,0.132890365448505,0.1338311175792813,0.13326666630081554,0.13336074151389316,False,0.6000000000000001
21,5,Andy Grammer,0.11960132890365449,0.1187448839675166,0.11925875092919935,0.11917310643558554,False,0.6000000000000001
21,5,Bindi Irwin,0.12292358803986711,0.1223490092069952,0.12269375650671838,0.12263629862343114,False,0.6000000000000001
21,5,Carlos PenaVega,0.12956810631229235,0.1298887553826323,0.12969636594042835,0.12972843084746233,False,0.6000000000000001
21,5,Hayes Grier,0.09966777408637874,0.0992433948032964,0.09949802237314581,0.09945558444483757,False,0.6000000000000001
21,5,Nick Carter,0.11627906976744186,0.1152469281104143,0.11586621310463086,0.11576299893892808,False,0.6000000000000001
21,5,Paula Deen,0.08637873754152824,0.0880560934827335,0.08704967991801035,0.08721741551213086,False,0.6000000000000001
21,5,Tamar Braxton,0.09634551495016612,0.096319908733565,0.09633527246352569,0.09633271184186556,False,0.6000000000000001
21,6,Alek Skarlatos,0.09584664536741214,0.0956557000990998,0.09577790507081971,0.09575117273325597,False,0.64
21,6,Alexa PenaVega,0.09584664536741214,0.0956557000990998,0.09577790507081971,0.09575117273325597,False,0.64
21,6,Andy Grammer,0.12779552715654952,0.1275228065510433,0.1276973477385673,0.1276591668537964,False,0.64
21,6,Bindi Irwin,0.12779552715654952,0.1275228065510433,0.1276973477385673,0.1276591668537964,False,0.64
21,6,Carlos PenaVega,0.12140575079872204,0.1203961115542287,0.12104228067070445,0.12090093117647538,False,0.64
21,6,Hayes Grier,0.10223642172523961,0.1013179178444461,0.10190576032815396,0.10177716978484286,False,0.64
21,6,Nick Carter,0.12460063897763578,0.1239082323464738,0.12435137259041748,0.1242544356620548,False,0.64
21,6,Paula Deen,0.07667731629392971,0.0804979184035215,0.07805273305338277,0.0785876173487256,True,0.64
21,6,Tamar Braxton,0.12779552715654952,0.1275228065510433,0.1276973477385673,0.1276591668537964,False,0.64
21,7,Alek Skarlatos,0.11990950226244344,0.1199686706546476,0.11992843614794879,0.11993908645854552,False,0.68
21,7,Alexa PenaVega,0.1244343891402715,0.1243909869910609,0.12442050045252412,0.12441268806566619,False,0.68
21,7,Andy Grammer,0.12669683257918551,0.1266629059003653,0.12668597604196308,0.12667986923977542,False,0.68
21,7,Bindi Irwin,0.13122171945701358,0.1313319868772918,0.13125700503150264,0.1312768531671527,False,0.68
21,7,Carlos PenaVega,0.12669683257918551,0.1266629059003653,0.12668597604196308,0.12667986923977542,False,0.68
21,7,Hayes Grier,0.12669683257918551,0.1266629059003653,0.12668597604196308,0.12667986923977542,True,0.68
21,7,Nick Carter,0.12217194570135746,0.1221598188879516,0.1221680651210676,0.12216588229465453,False,0.68
21,7,Tamar Braxton,0.12217194570135746,0.1221598188879516,0.1221680651210676,0.12216588229465453,False,0.68
21,8,Alek Skarlatos,0.12886637793725134,0.1289004885786864,0.12887592891685318,0.12888343325796886,False,0.72
21,8,Alexa PenaVega,0.13917465724120795,0.1385454811444363,0.1389984879341119,0.13886006919282212,False,0.72
21,8,Andy Grammer,0.1237106918887378,0.1243314393771728,0.1238845011854996,0.1240210656329553,True,0.72
21,8,Bindi Irwin,0.1443303432897215,0.1436368813821185,0.14413617395559267,0.14398361233592,False,0.72
21,8,Carlos PenaVega,0.14948396747618806,0.1489132359206901,0.14932416264064863,0.14919860169843907,False,0.72
21,8,Nick Carter,0.17010361887717176,0.1720355922147773,0.1706445714117013,0.17106960554597453,False,0.72
21,8,Tamar Braxton,0.1443303432897215,0.1436368813821185,0.14413617395559267,0.14398361233592,False,0.72
21,9,Alek Skarlatos,0.15501519756838905,0.1549705886589754,0.1550044914301298,0.15499289311368222,False,0.76
21,9,Alexa PenaVega,0.182370820668693,0.1826129867488369,0.18242894052792755,0.18249190370876495,True,0.76
21,9,Bindi Irwin,0.182370820668693,0.1826129867488369,0.18242894052792755,0.18249190370876495,False,0.76
21,9,Carlos PenaVega,0.1641337386018237,0.1636854493783623,0.164026149188193,0.163909593990093,False,0.76
21,9,Nick Carter,0.16717325227963525,0.166697980748091,0.16705918711206466,0.16693561651386313,False,0.76
21,9,Tamar Braxton,0.14893617021276595,0.1494200077168972,0.14905229121375746,0.1491780889648316,True,0.76
21,10,Alek Skarlatos,0.24050632911392406,0.2401670171494716,0.24043846672103358,0.24033667313169782,False,0.8
21,10,Bindi Irwin,0.26582278481012656,0.2657617973467576,0.2658105873174528,0.26579229107844204,False,0.8
21,10,Carlos PenaVega,0.26582278481012656,0.2657617973467576,0.2658105873174528,0.26579229107844204,False,0.8
21,10,Nick Carter,0.22784810126582278,0.2283093881570131,0.22794035864406084,0.22807874471141792,False,0.8
21,11,Alek Skarlatos,0.2372874892266858,0.2375040816746454,0.23733080771627774,0.2373957854506656,False,0.8
21,11,Bindi Irwin,0.25423750359110475,0.2541653061084515,0.2542230640945741,0.25420140484977816,False,0.8
21,11,Carlos PenaVega,0.25423750359110475,0.2541653061084515,0.2542230640945741,0.25420140484977816,True,0.8
21,11,Nick Carter,0.25423750359110475,0.2541653061084515,0.2542230640945741,0.25420140484977816,False,0.8
22,1,Antonio Brown,0.08860759493670886,0.0877019698394156,0.08810044488222465,0.08815478238806224,False,0.44
22,1,Doug Flutie,0.06329113924050633,0.0647249589801974,0.06409407829473335,0.06400804911035186,False,0.44
22,1,Geraldo Rivera,0.05485232067510549,0.0584914780400643,0.05689024879948244,0.05667189935758489,False,0.44
22,1,Ginger Zee,0.0970464135021097,0.0970484349267169,0.09704754549988975,0.0970474242144133,False,0.44
22,1,Jodie Sweetin,0.08438818565400844,0.0833719105639725,0.08381907160358834,0.08388004810899047,False,0.44
22,1,Kim Fields,0.08438818565400844,0.0833719105639725,0.08381907160358834,0.08388004810899047,False,0.44
22,1,Marla Maples,0.08860759493670886,0.0877019698394156,0.08810044488222465,0.08815478238806224,False,0.44
22,1,Mischa Barton,0.06751054852320675,0.0680865577139799,0.06783311367003972,0.06779855311859331,False,0.44
22,1,Nyle DiMarco,0.0970464135021097,0.0970484349267169,0.09704754549988975,0.0970474242144133,False,0.44
22,1,Paige VanZant,0.08860759493670886,0.0877019698394156,0.08810044488222465,0.08815478238806224,False,0.44
22,1,Von Miller,0.08860759493670886,0.0877019698394156,0.08810044488222465,0.08815478238806224,False,0.44
22,1,Wanya Morris,0.0970464135021097,0.0970484349267169,0.09704754549988975,0.0970474242144133,False,0.44
22,2,Antonio Brown,0.08050847457627118,0.0796513350399701,0.08006276201739464,0.08007990480812063,False,0.48000000000000004
22,2,Doug Flutie,0.0847457627118644,0.0838061383808211,0.0842571580597219,0.08427595054634275,False,0.48000000000000004
22,2,Geraldo Rivera,0.05508474576271186,0.0587078854041137,0.056968778376240835,0.05689631558341278,True,0.48000000000000004
22,2,Ginger Zee,0.08898305084745763,0.0881776661594042,0.08856425080966987,0.0885803585034309,False,0.48000000000000004
22,2,Jodie Sweetin,0.08898305084745763,0.0881776661594042,0.08856425080966987,0.0885803585034309,False,0.48000000000000004
22,2,Kim Fields,0.08050847457627118,0.0796513350399701,0.08006276201739464,0.08007990480812063,False,0.48000000000000004
22,2,Marla Maples,0.0847457627118644,0.0838061383808211,0.0842571580597219,0.08427595054634275,False,0.48000000000000004
22,2,Mischa Barton,0.0635593220338983,0.064992310769063,0.06430447617618397,0.06427581640148065,False,0.48000000000000004
22,2,Nyle DiMarco,0.0847457627118644,0.0838061383808211,0.0842571580597219,0.08427595054634275,False,0.48000000000000004
22,2,Paige VanZant,0.1016949152542373,0.102708623952395,0.10222204377727932,0.10220176960331614,False,0.48000000000000004
22,2,Von Miller,0.0847457627118644,0.0838061383808211,0.0842571580597219,0.08427595054634275,False,0.48000000000000004
22,2,Wanya Morris,0.1016949152542373,0.102708623952395,0.10222204377727932,0.10220176960331614,False,0.48000000000000004
22,3,Antonio Brown,0.08438818565400844,0.0842626842378504,0.0843279449742526,0.08432543494592942,False,0.52
22,3,Doug Flutie,0.08438818565400844,0.0842626842378504,0.0843279449742526,0.08432543494592942,False,0.52
22,3,Ginger Zee,0.08860759493670886,0.0882657910098161,0.08844352905180036,0.08843669297326248,False,0.52
22,3,Jodie Sweetin,0.0970464135021097,0.0968515718038288,0.0969528894869349,0.09694899265296925,False,0.52
22,3,Kim Fields,0.09282700421940929,0.0924590752485063,0.09265039831337588,0.0926430397339578,False,0.52
22,3,Marla Maples,0.08860759493670886,0.0882657910098161,0.08844352905180036,0.08843669297326248,False,0.52
22,3,Mischa Barton,0.0759493670886076,0.0767928938926131,0.07635425995453024,0.07637113049061034,True,0.52
22,3,Nyle DiMarco,0.10548523206751055,0.1062725077695052,0.105863124404468,0.10587886991850787,False,0.52
22,3,Paige VanZant,0.0970464135021097,0.0968515718038288,0.0969528894869349,0.09694899265296925,False,0.52
22,3,Von Miller,0.08438818565400844,0.0842626842378504,0.0843279449742526,0.08432543494592942,False,0.52
22,3,Wanya Morris,0.10126582278481013,0.101452744748534,0.1013555453273976,0.10135928376667205,False,0.52
22,4,Antonio Brown,0.109717868338558,0.1093754707535365,0.10956721340114857,0.10954666954604725,False,0.56
22,4,Doug Flutie,0.07523510971786834,0.0774752912151378,0.07622078957666692,0.07635520046650307,False,0.56
22,4,Ginger Zee,0.11285266457680251,0.1128584762357707,0.11285522170674855,0.1128555704062866,False,0.56
22,4,Jodie Sweetin,0.08463949843260188,0.085114971603492,0.08484870662779356,0.08487723501804695,False,0.56
22,4,Kim Fields,0.10031347962382445,0.0995582362160521,0.09998117252440465,0.09993585791993828,False,0.56
22,4,Marla Maples,0.0877742946708464,0.0878254139967704,0.08779678717425299,0.0877998543338084,True,0.56
22,4,Nyle DiMarco,0.10658307210031348,0.1059999567738806,0.10632650135668305,0.10629151443709704,False,0.56
22,4,Paige VanZant,0.11285266457680251,0.1128584762357707,0.11285522170674855,0.1128555704062866,False,0.56
22,4,Von Miller,0.10031347962382445,0.0995582362160521,0.09998117252440465,0.09993585791993828,False,0.56
22,4,Wanya Morris,0.109717868338558,0.1093754707535365,0.10956721340114857,0.10954666954604725,False,0.56
22,5,Antonio Brown,0.09420289855072464,0.0948531405330321,0.09446299534364763,0.09452801954187837,False,0.6000000000000001
22,5,Doug Flutie,0.10144927536231885,0.1012453923867138,0.10136772217207685,0.10134733387451633,False,0.6000000000000001
22,5,Ginger Zee,0.11594202898550725,0.1153512683550136,0.11570572473330981,0.11564664867026042,False,0.6000000000000001
22,5,Jodie Sweetin,0.12681159420289856,0.1272060314987257,0.12696936912122944,0.12700881285081211,False,0.6000000000000001
22,5,Kim Fields,0.10144927536231885,0.1012453923867138,0.10136772217207685,0.10134733387451633,False,0.6000000000000001
22,5,Nyle DiMarco,0.13405797101449277,0.1357785783440677,0.13474621394632277,0.13491827467928025,False,0.6000000000000001
22,5,Paige VanZant,0.11231884057971014,0.1116504808027574,0.11205149666892908,0.11198466069123378,False,0.6000000000000001
22,5,Von Miller,0.10507246376811594,0.1046012909477775,0.10488399463998058,0.10483687735794672,False,0.6000000000000001
22,5,Wanya Morris,0.10869565217391304,0.1080684247451978,0.10844476120242696,0.10838203845955542,False,0.6000000000000001
22,6,Antonio Brown,0.11894273127753303,0.1187314091348765,0.1188666553061767,0.11883707020620476,False,0.64
22,6,Doug Flutie,0.09251101321585903,0.0935951357312643,0.09290129732140494,0.09305307447356166,True,0.64
22,6,Ginger Zee,0.10572687224669604,0.1054167081327388,0.10561521316567146,0.10557179018971742,False,0.64
22,6,Jodie Sweetin,0.11013215859030837,0.1096801849827192,0.10996944809157627,0.10990617178651378,False,0.64
22,6,Kim Fields,0.10572687224669604,0.1054167081327388,0.10561521316567146,0.10557179018971742,False,0.64
22,6,Nyle DiMarco,0.11013215859030837,0.1096801849827192,0.10996944809157627,0.10990617178651378,False,0.64
22,6,Paige VanZant,0.12334801762114538,0.1235333861950469,0.12341475030774994,0.12344070190809614,False,0.64
22,6,Von Miller,0.10572687224669604,0.1054167081327388,0.10561521316567146,0.10557179018971742,False,0.64
22,6,Wanya Morris,0.1277533039647577,0.1285295745751572,0.12803276138450154,0.12814143926995747,False,0.64
22,7,Antonio Brown,0.12149532710280374,0.1214750280384507,0.12148883140221078,0.12148517757062721,False,0.68
22,7,Ginger Zee,0.12850467289719625,0.1284813140057604,0.1284971980519368,0.12849299345147833,False,0.68
22,7,Jodie Sweetin,0.1191588785046729,0.1192255553679444,0.11918021510091979,0.11919221693630865,False,0.68
22,7,Kim Fields,0.12149532710280374,0.1214750280384507,0.12148883140221078,0.12148517757062721,True,0.68
22,7,Nyle DiMarco,0.1308411214953271,0.1309054184994217,0.1308616965366374,0.1308732699973744,False,0.68
22,7,Paige VanZant,0.12850467289719625,0.1284813140057604,0.1284971980519368,0.12849299345147833,False,0.68
22,7,Von Miller,0.12149532710280374,0.1214750280384507,0.12148883140221078,0.12148517757062721,True,0.68
22,7,Wanya Morris,0.12850467289719625,0.1284813140057604,0.1284971980519368,0.12849299345147833,False,0.68
22,8,Antonio Brown,0.15976331360946747,0.1595924577560655,0.15971547397051494,0.15967788568276647,False,0.72
22,8,Ginger Zee,0.17751479289940827,0.1775287029266166,0.17751868770702664,0.17752174791301245,False,0.72
22,8,Jodie Sweetin,0.17751479289940827,0.1775287029266166,0.17751868770702664,0.17752174791301245,True,0.72
22,8,Nyle DiMarco,0.17159763313609466,0.1713364802594283,0.1715245103306281,0.17146705669776147,False,0.72
22,8,Paige VanZant,0.16568047337278108,0.1653602430691119,0.16559080888775374,0.1655203582209465,False,0.72
22,8,Wanya Morris,0.14792899408284024,0.1486534130621608,0.14813183139705002,0.14829120357250053,False,0.72
22,9,Antonio Brown,0.1916376306620209,0.191709778571721,0.19165494616034895,0.19167370461687094,True,0.76
22,9,Ginger Zee,0.1951219512195122,0.1950789330050651,0.19511162684804492,0.19510044211228866,False,0.76
22,9,Nyle DiMarco,0.1986062717770035,0.1985072977806268,0.1985825180178731,0.19855678477881517,False,0.76
22,9,Paige VanZant,0.20557491289198607,0.205545838953773,0.20556793514681493,0.20556037592287954,False,0.76
22,9,Wanya Morris,0.20905923344947736,0.209158151688814,0.20908297382691815,0.20910869256914566,True,0.76
22,10,Ginger Zee,0.3256704628527028,0.3257004878262569,0.3256764678474136,0.32568547533947984,False,0.8
22,10,Nyle DiMarco,0.3333325670462853,0.3332738494166928,0.33332082352036674,0.33330320823148907,False,0.8
22,10,Paige VanZant,0.340996970101012,0.3410256627570502,0.34100270863221965,0.3410113164290311,False,0.8
23,1,Amber Rose,0.07272727272727272,0.0722911692210178,0.07248305476376998,0.07250922097414526,False,0.44
23,1,Babyface,0.07878787878787878,0.078217222486627,0.07846831125917779,0.0785025506372529,False,0.44
23,1,Calvin Johnson Jr.,0.07878787878787878,0.078217222486627,0.07846831125917779,0.0785025506372529,False,0.44
23,1,Jake T. Austin,0.06666666666666667,0.0668140977293759,0.06674922806178384,0.06674038219802128,False,0.44
23,1,James Hinchcliffe,0.09393939393939393,0.095245670287494,0.09467090869432998,0.09459253211344397,False,0.44
23,1,Jana Kramer,0.08181818181818182,0.0813600038530717,0.08156160215772015,0.08158909283562676,False,0.44
23,1,Laurie Hernandez,0.09393939393939393,0.095245670287494,0.09467090869432998,0.09459253211344397,False,0.44
23,1,Marilu Henner,0.08181818181818182,0.0813600038530717,0.08156160215772015,0.08158909283562676,False,0.44
23,1,Maureen McCormick,0.06666666666666667,0.0668140977293759,0.06674922806178384,0.06674038219802128,False,0.44
23,1,Rick Perry,0.06060606060606061,0.0617519913357923,0.061247781814710356,0.061179025970926455,False,0.44
23,1,Ryan Lochte,0.07272727272727272,0.0722911692210178,0.07248305476376998,0.07250922097414526,False,0.44
23,1,Terra Jole,0.07575757575757576,0.0751958407545174,0.07544300415586308,0.07547670825604658,False,0.44
23,1,Vanilla Ice,0.07575757575757576,0.0751958407545174,0.07544300415586308,0.07547670825604658,False,0.44
23,2,Amber Rose,0.06818181818181818,0.0682551398000287,0.06821994542328769,0.06821847899092344,False,0.48000000000000004
23,2,Babyface,0.08522727272727272,0.0851865577708941,0.08520610094995587,0.08520691524908341,False,0.48000000000000004
23,2,Calvin Johnson Jr.,0.07954545454545454,0.0791211334074726,0.07932480755370397,0.07933329397646358,False,0.48000000000000004
23,2,Jake T. Austin,0.06818181818181818,0.0682551398000287,0.06821994542328769,0.06821847899092344,True,0.48000000000000004
23,2,James Hinchcliffe,0.08238636363636363,0.082097850166215,0.08223633663188637,0.08224210690128932,False,0.48000000000000004
23,2,Jana Kramer,0.08238636363636363,0.082097850166215,0.08223633663188637,0.08224210690128932,False,0.48000000000000004
23,2,Laurie Hernandez,0.09090909090909091,0.0917169574338847,0.09132918150198371,0.0913130241714878,False,0.48000000000000004
23,2,Marilu Henner,0.07670454545454546,0.0762523469129678,0.07646940221292511,0.07647844618375663,False,0.48000000000000004
23,2,Maureen McCormick,0.07386363636363637,0.0734875773302111,0.07366808566625527,0.07367560684692373,False,0.48000000000000004
23,2,Rick Perry,0.0625,0.0633952605103259,0.0629655354653695,0.06294763025516295,False,0.48000000000000004
23,2,Ryan Lochte,0.06818181818181818,0.0682551398000287,0.06821994542328769,0.06821847899092344,False,0.48000000000000004
23,2,Terra Jole,0.08806818181818182,0.0883914695715161,0.08823629144991568,0.08822982569484897,False,0.48000000000000004
23,2,Vanilla Ice,0.07386363636363637,0.0734875773302111,0.07366808566625527,0.07367560684692373,False,0.48000000000000004
23,3,Amber Rose,0.07692307692307693,0.0767202990924662,0.07682574356438379,0.07682168800777156,False,0.52
23,3,Babyface,0.07692307692307693,0.0767202990924662,0.07682574356438379,0.07682168800777156,False,0.52
23,3,Calvin Johnson Jr.,0.09846153846153846,0.0993479035906153,0.09888699372349535,0.09890472102607688,False,0.52
23,3,James Hinchcliffe,0.08923076923076922,0.0889308086746188,0.08908678816381704,0.08908078895269401,False,0.52
23,3,Jana Kramer,0.08,0.0796059951512528,0.07981087767260137,0.0798029975756264,False,0.52
23,3,Laurie Hernandez,0.09538461538461539,0.0957465686246313,0.09555835293982304,0.09556559200462333,False,0.52
23,3,Marilu Henner,0.08615384615384615,0.0857070906165823,0.08593940349595952,0.08593046838521423,False,0.52
23,3,Maureen McCormick,0.08615384615384615,0.0857070906165823,0.08593940349595952,0.08593046838521423,False,0.52
23,3,Rick Perry,0.07076923076923076,0.071258932179596,0.0710042874462061,0.07101408147441338,True,0.52
23,3,Ryan Lochte,0.07692307692307693,0.0767202990924662,0.07682574356438379,0.07682168800777156,False,0.52
23,3,Terra Jole,0.09230769230769231,0.0922757810891262,0.09229237492278058,0.09229173669840926,False,0.52
23,3,Vanilla Ice,0.07076923076923076,0.071258932179596,0.0710042874462061,0.07101408147441338,False,0.52
23,4,Amber Rose,0.09195402298850575,0.0911781281557611,0.09161262926209812,0.09156607557213342,False,0.56
23,4,Babyface,0.06896551724137931,0.0708058399343411,0.06977525922628251,0.06988567858786021,True,0.56
23,4,Calvin Johnson Jr.,0.08812260536398467,0.0874152236904936,0.08781135742764862,0.08776891452723913,False,0.56
23,4,James Hinchcliffe,0.10727969348659004,0.1079207780028454,0.10756177067374242,0.10760023574471772,False,0.56
23,4,Jana Kramer,0.08812260536398467,0.0874152236904936,0.08781135742764862,0.08776891452723913,False,0.56
23,4,Laurie Hernandez,0.11494252873563218,0.1174119403385022,0.11602906984089502,0.11617723453706719,False,0.56
23,4,Marilu Henner,0.08045977011494253,0.0803488889015254,0.08041098238103901,0.08040432950823397,False,0.56
23,4,Maureen McCormick,0.09195402298850575,0.0911781281557611,0.09161262926209812,0.09156607557213342,False,0.56
23,4,Ryan Lochte,0.0842911877394636,0.0838076135957197,0.0840784151162163,0.08404940066759164,False,0.56
23,4,Terra Jole,0.09578544061302682,0.0951030118440626,0.09548517195468259,0.0954442262285447,False,0.56
23,4,Vanilla Ice,0.08812260536398467,0.0874152236904936,0.08781135742764862,0.08776891452723913,True,0.56
23,5,Amber Rose,0.10434782608695652,0.1043129932556936,0.10433389295445136,0.10433040967132506,False,0.6000000000000001
23,5,Calvin Johnson Jr.,0.10434782608695652,0.1043129932556936,0.10433389295445136,0.10433040967132506,False,0.6000000000000001
23,5,James Hinchcliffe,0.12608695652173912,0.1268554315685724,0.12639434654047244,0.12647119404515578,False,0.6000000000000001
23,5,Jana Kramer,0.11304347826086956,0.1128045640419993,0.11294791257332146,0.11292402115143443,False,0.6000000000000001
23,5,Laurie Hernandez,0.10869565217391304,0.1084757195326426,0.10860767911740488,0.10858568585327782,False,0.6000000000000001
23,5,Marilu Henner,0.11739130434782609,0.1173061559170055,0.11735724497549786,0.11734873013241578,False,0.6000000000000001
23,5,Maureen McCormick,0.10434782608695652,0.1043129932556936,0.10433389295445136,0.10433040967132506,False,0.6000000000000001
23,5,Ryan Lochte,0.10434782608695652,0.1043129932556936,0.10433389295445136,0.10433040967132506,False,0.6000000000000001
23,5,Terra Jole,0.11739130434782609,0.1173061559170055,0.11735724497549786,0.11734873013241578,False,0.6000000000000001
23,6,Amber Rose,0.09180327868852459,0.0927271664344052,0.09213587827704162,0.0922652225614649,True,0.64
23,6,Calvin Johnson Jr.,0.12131147540983607,0.1209328288129256,0.12117516263494832,0.12112215211138083,False,0.64
23,6,James Hinchcliffe,0.12459016393442623,0.124554510372029,0.12457732865196325,0.12457233715322762,False,0.64
23,6,Jana Kramer,0.13114754098360656,0.1321265067157145,0.13149996864716543,0.13163702384966053,False,0.64
23,6,Laurie Hernandez,0.12131147540983607,0.1209328288129256,0.12117516263494832,0.12112215211138083,False,0.64
23,6,Marilu Henner,0.11147540983606558,0.110687472546014,0.11119175241164703,0.1110814411910398,False,0.64
23,6,Maureen McCormick,0.10163934426229508,0.1013100966783563,0.10152081513207714,0.10147472047032569,False,0.64
23,6,Ryan Lochte,0.09836065573770492,0.0983642948138147,0.09836196580510445,0.09836247527575981,False,0.64
23,6,Terra Jole,0.09836065573770492,0.0983642948138147,0.09836196580510445,0.09836247527575981,False,0.64
23,7,Calvin Johnson Jr.,0.13430127041742287,0.134490528788867,0.13436183309628502,0.13439589960314494,False,0.68
23,7,James Hinchcliffe,0.13430127041742287,0.134490528788867,0.13436183309628502,0.13439589960314494,False,0.68
23,7,Jana Kramer,0.12522686025408347,0.1250731163790318,0.12517766221406695,0.12514998831655763,False,0.68
23,7,Laurie Hernandez,0.12522686025408347,0.1250731163790318,0.12517766221406695,0.12514998831655763,False,0.68
23,7,Marilu Henner,0.1161524500907441,0.1163151381858332,0.11620451028117262,0.11623379413828865,False,0.68
23,7,Maureen McCormick,0.11978221415607986,0.1197422275496686,0.11976941844202826,0.11976222085287422,True,0.68
23,7,Ryan Lochte,0.11978221415607986,0.1197422275496686,0.11976941844202826,0.11976222085287422,False,0.68
23,7,Terra Jole,0.12522686025408347,0.1250731163790318,0.12517766221406695,0.12514998831655763,False,0.68
23,8,Calvin Johnson Jr.,0.14925387985460684,0.1478112194740455,0.14884993494804966,0.14853254966432616,False,0.72
23,8,James Hinchcliffe,0.1741285314711756,0.1759251247193269,0.17463157758065798,0.17502682809525125,False,0.72
23,8,Jana Kramer,0.14925387985460684,0.1478112194740455,0.14884993494804966,0.14853254966432616,False,0.72
23,8,Laurie Hernandez,0.1641792678400675,0.164089765939268,0.16415420730784366,0.16413451688966774,False,0.72
23,8,Marilu Henner,0.11442797455519857,0.1158335884030652,0.11482154643260123,0.11513078147913189,False,0.72
23,8,Ryan Lochte,0.12935336254065924,0.1285904174026654,0.129139737902021,0.1289718899716623,True,0.72
23,8,Terra Jole,0.11940310388368545,0.1199386645875832,0.11955306088077683,0.11967088423563432,False,0.72
23,9,Calvin Johnson Jr.,0.16299559471365638,0.1628754476787912,0.16296675942528877,0.1629355211962238,False,0.76
23,9,James Hinchcliffe,0.15859030837004406,0.1586267670841707,0.15859905846143446,0.15860853772710737,False,0.76
23,9,Jana Kramer,0.1762114537444934,0.1763165463244216,0.17623667596367618,0.1762640000344575,False,0.76
23,9,Laurie Hernandez,0.1762114537444934,0.1763165463244216,0.17623667596367618,0.1762640000344575,False,0.76
23,9,Marilu Henner,0.15859030837004406,0.1586267670841707,0.15859905846143446,0.15860853772710737,True,0.76
23,9,Terra Jole,0.16740088105726872,0.1672379255040238,0.16736177172448993,0.16731940328064626,False,0.76
23,10,Calvin Johnson Jr.,0.19112627986348124,0.1912582586560258,0.19115267562199015,0.19119226925975352,False,0.8
23,10,James Hinchcliffe,0.20136518771331058,0.201304601950338,0.20135307056071608,0.2013348948318243,False,0.8
23,10,Jana Kramer,0.19795221843003413,0.1978985146698391,0.19794147767799514,0.19792536654993662,False,0.8
23,10,Laurie Hernandez,0.20477815699658702,0.2047693123618985,0.20477638806964932,0.20477373467924276,False,0.8
23,10,Terra Jole,0.20477815699658702,0.2047693123618985,0.20477638806964932,0.20477373467924276,True,0.8
23,11,Calvin Johnson Jr.,0.25191616266698036,0.2517274739348255,0.2518784249205494,0.2518218183009029,False,0.8
23,11,James Hinchcliffe,0.25629755904896034,0.2561780307019344,0.25627365337955516,0.2562377948754474,False,0.8
23,11,Jana Kramer,0.2332976924558098,0.2336614256916599,0.23337043910297983,0.23347955907373485,True,0.8
23,11,Laurie Hernandez,0.2584885858282496,0.2584330696715801,0.25847748259691566,0.25846082774991486,False,0.8
24,1,Bonner Bolton,0.0728476821192053,0.0723842340706424,0.07258815121201011,0.07261595809492385,False,0.44
24,1,Charo,0.0695364238410596,0.0695644328800074,0.06955210890287039,0.06955042836053349,False,0.44
24,1,Chris Kattan,0.056291390728476824,0.0593417447801814,0.05799958899743142,0.05781656775432911,False,0.44
24,1,David Ross,0.09271523178807947,0.0918722578217498,0.0922431663669349,0.09229374480491465,False,0.44
24,1,Erika Jayne,0.07947019867549669,0.0783713724144246,0.07885485596929637,0.07892078554496065,False,0.44
24,1,Heather Morris,0.09271523178807947,0.0918722578217498,0.0922431663669349,0.09229374480491465,False,0.44
24,1,Mr. T,0.06622516556291391,0.0668544799022711,0.06657758159295397,0.06653982273259251,False,0.44
24,1,Nancy Kerrigan,0.09271523178807947,0.0918722578217498,0.0922431663669349,0.09229374480491465,False,0.44
24,1,Nick Viall,0.07947019867549669,0.0783713724144246,0.07885485596929637,0.07892078554496065,False,0.44
24,1,Normani,0.08940397350993377,0.0882932809172035,0.08878198565800487,0.08884862721356863,False,0.44
24,1,Rashad Jennings,0.10264900662251655,0.1035033943958407,0.10312746377557813,0.10307620050917862,False,0.44
24,1,Simone Biles,0.10596026490066225,0.1076989147597542,0.1069339088217538,0.10682958983020822,False,0.44
24,2,Bonner Bolton,0.08536585365853659,0.0848150401267976,0.08507943062203233,0.0850904468926671,False,0.48000000000000004
24,2,Charo,0.07621951219512195,0.0759987421503653,0.07610471177184852,0.07610912717274362,False,0.48000000000000004
24,2,Chris Kattan,0.06707317073170732,0.0680988749142008,0.06760653690660395,0.06758602282295406,True,0.48000000000000004
24,2,David Ross,0.08231707317073171,0.0817681269184928,0.0820316211195675,0.08204260004461225,False,0.48000000000000004
24,2,Erika Jayne,0.08536585365853659,0.0848150401267976,0.08507943062203233,0.0850904468926671,False,0.48000000000000004
24,2,Heather Morris,0.09146341463414634,0.0912537072253598,0.09135436678157736,0.09135856092975307,False,0.48000000000000004
24,2,Mr. T,0.06707317073170732,0.0680988749142008,0.06760653690660395,0.06758602282295406,False,0.48000000000000004
24,2,Nancy Kerrigan,0.08536585365853659,0.0848150401267976,0.08507943062203233,0.0850904468926671,False,0.48000000000000004
24,2,Nick Viall,0.07621951219512195,0.0759987421503653,0.07610471177184852,0.07610912717274362,False,0.48000000000000004
24,2,Normani,0.0975609756097561,0.0981811606753065,0.09788347184384233,0.0978710681425313,False,0.48000000000000004
24,2,Rashad Jennings,0.0975609756097561,0.0981811606753065,0.09788347184384233,0.0978710681425313,False,0.48000000000000004
24,2,Simone Biles,0.08841463414634146,0.0879754899960092,0.08818627918816871,0.08819506207117533,False,0.48000000000000004
24,3,Bonner Bolton,0.0761904761904762,0.0766266503958106,0.07639983980903674,0.0764085632931434,False,0.52
24,3,Charo,0.0761904761904762,0.0766266503958106,0.07639983980903674,0.0764085632931434,True,0.52
24,3,David Ross,0.09841269841269841,0.0978454680094429,0.0981404278191358,0.09812908321107065,False,0.52
24,3,Erika Jayne,0.08253968253968254,0.0821696656123501,0.082362074414563,0.08235467407601632,False,0.52
24,3,Heather Morris,0.10476190476190476,0.1049234091075367,0.10483942684780811,0.10484265693472072,False,0.52
24,3,Mr. T,0.0761904761904762,0.0766266503958106,0.07639983980903674,0.0764085632931434,False,0.52
24,3,Nancy Kerrigan,0.10476190476190476,0.1049234091075367,0.10483942684780811,0.10484265693472072,False,0.52
24,3,Nick Viall,0.08253968253968254,0.0821696656123501,0.082362074414563,0.08235467407601632,False,0.52
24,3,Normani,0.10793650793650794,0.1086521268593406,0.10828000501946765,0.10829431739792428,False,0.52
24,3,Rashad Jennings,0.08888888888888889,0.0881136512162429,0.08851677480601884,0.08850127005256589,False,0.52
24,3,Simone Biles,0.10158730158730159,0.1013226532877676,0.1014602704035253,0.1014549774375346,False,0.52
24,4,Bonner Bolton,0.09815950920245399,0.097723864314683,0.09796782545183477,0.09794168675856849,False,0.56
24,4,David Ross,0.0950920245398773,0.094771709691556,0.09495108600661595,0.09493186711571666,False,0.56
24,4,Erika Jayne,0.09202453987730061,0.0919087371426334,0.09197358667404705,0.091966638509967,False,0.56
24,4,Heather Morris,0.10736196319018405,0.1071436363718464,0.1072658993901155,0.10725279978101523,False,0.56
24,4,Mr. T,0.08588957055214724,0.0864396431965952,0.08613160251570436,0.08616460687437122,True,0.56
24,4,Nancy Kerrigan,0.10122699386503067,0.1007679790485562,0.10102502734578192,0.10099748645679343,False,0.56
24,4,Nick Viall,0.09202453987730061,0.0919087371426334,0.09197358667404705,0.091966638509967,False,0.56
24,4,Normani,0.09815950920245399,0.097723864314683,0.09796782545183477,0.09794168675856849,False,0.56
24,4,Rashad Jennings,0.1196319018404908,0.1211306501944987,0.1202913511162543,0.12038127601749475,False,0.56
24,4,Simone Biles,0.11042944785276074,0.1104811785823143,0.11045220937376432,0.11045531321753752,False,0.56
24,5,Bonner Bolton,0.09868421052631579,0.0989001614879055,0.0987705909109517,0.09879218600711065,False,0.6000000000000001
24,5,David Ross,0.09539473684210527,0.0960151132063279,0.09564288738779433,0.09570492502421658,False,0.6000000000000001
24,5,Erika Jayne,0.10526315789473684,0.1049329314298121,0.10513106730876695,0.10509804466227446,True,0.6000000000000001
24,5,Heather Morris,0.1118421052631579,0.1113336918039328,0.11163873987946787,0.11158789853354534,False,0.6000000000000001
24,5,Nancy Kerrigan,0.11842105263157894,0.1181248895060558,0.11830258738136971,0.11827297106881737,False,0.6000000000000001
24,5,Nick Viall,0.1118421052631579,0.1113336918039328,0.11163873987946787,0.11158789853354534,False,0.6000000000000001
24,5,Normani,0.12828947368421054,0.1290962486713622,0.12861218367907123,0.1286928611777864,False,0.6000000000000001
24,5,Rashad Jennings,0.10526315789473684,0.1049329314298121,0.10513106730876695,0.10509804466227446,False,0.6000000000000001
24,5,Simone Biles,0.125,0.1253303406608583,0.12513213626434333,0.12516517033042915,False,0.6000000000000001
24,6,Bonner Bolton,0.1171003717472119,0.1170803098508992,0.11709314946453933,0.11709034079905556,False,0.64
24,6,David Ross,0.11524163568773234,0.115352218803194,0.11528144560929854,0.11529692724546317,False,0.64
24,6,Heather Morris,0.137546468401487,0.1378862240291201,0.1376687804274349,0.13771634621530354,True,0.64
24,6,Nancy Kerrigan,0.12453531598513011,0.1242554667767727,0.12443457027012145,0.1243953913809514,False,0.64
24,6,Nick Viall,0.11338289962825279,0.1136496341679074,0.11347892406252846,0.11351626689808009,False,0.64
24,6,Normani,0.13382899628252787,0.1338458955024987,0.1338350800017174,0.13383744589251328,False,0.64
24,6,Rashad Jennings,0.13011152416356878,0.1299239562835691,0.1300439997267689,0.13001774022356893,False,0.64
24,6,Simone Biles,0.12825278810408922,0.1280062945860385,0.12816405043759097,0.12812954134506385,False,0.64
24,7,Bonner Bolton,0.1225296442687747,0.1232405618821455,0.12275713790505337,0.1228851030754601,False,0.68
24,7,David Ross,0.12648221343873517,0.1266979892656859,0.12655126170335942,0.12659010135221055,False,0.68
24,7,Nancy Kerrigan,0.1422924901185771,0.1415252510649203,0.14204697362140695,0.1419088705917487,True,0.68
24,7,Nick Viall,0.13438735177865613,0.1339065522677915,0.13423349593517947,0.1341469520232238,True,0.68
24,7,Normani,0.16600790513833993,0.1670822254247639,0.16635168762999564,0.1665450652815519,False,0.68
24,7,Rashad Jennings,0.1541501976284585,0.1537737100473463,0.1540297216025026,0.1539619538379024,False,0.68
24,7,Simone Biles,0.1541501976284585,0.1537737100473463,0.1540297216025026,0.1539619538379024,False,0.68
24,8,Bonner Bolton,0.166189111747851,0.1679434815916746,0.16668033530412163,0.1670662966697628,True,0.72
24,8,David Ross,0.18624641833810887,0.1856594416625487,0.186082064868952,0.18595293000032878,False,0.72
24,8,Normani,0.22636103151862463,0.2268949426306558,0.22651052662999338,0.2266279870746402,False,0.72
24,8,Rashad Jennings,0.2148997134670487,0.2142579177170367,0.21472001065704535,0.2145788155920427,False,0.72
24,8,Simone Biles,0.20630372492836677,0.2052442163980841,0.20600706253988763,0.20577397066322545,False,0.72
24,9,David Ross,0.23102310231023102,0.2314618536769238,0.23112840263823728,0.2312424779935774,False,0.76
24,9,Normani,0.2508250825082508,0.2505411057335233,0.2507569280823162,0.2506830941208871,False,0.76
24,9,Rashad Jennings,0.25412541254125415,0.2538705069698892,0.2540642352041266,0.2539979597555717,False,0.76
24,9,Simone Biles,0.264026402640264,0.2641265336196637,0.2640504340753199,0.2640764681299639,True,0.76
24,10,David Ross,0.31502925005917637,0.315285160897834,0.31508043222690785,0.3151572054785052,False,0.8
24,10,Normani,0.341039996323692,0.3408729205436628,0.3410065811676862,0.3409564584336774,False,0.8
24,10,Rashad Jennings,0.34393075361713155,0.3438419185585032,0.34391298660540587,0.3438863360878174,False,0.8
25,1,Barbara Corcoran,0.058577405857740586,0.0600889059790438,0.05942384592567042,0.059333155918392194,False,0.44
25,1,Debbie Gibson,0.07112970711297072,0.0707395730392457,0.07091123203168473,0.07093464007610821,False,0.44
25,1,Derek Fisher,0.07531380753138076,0.0746939018474184,0.07496666034836187,0.07500385468939957,False,0.44
25,1,Drew Scott,0.06694560669456066,0.0669945881793258,0.06697303632602916,0.06697009743694324,False,0.44
25,1,Frankie Muniz,0.0794979079497908,0.0788692768911186,0.07914587455693439,0.0791835924204547,False,0.44
25,1,Jordan Fisher,0.09205020920502092,0.0928487360901117,0.09249738426067179,0.09244947264756631,False,0.44
25,1,Lindsey Stirling,0.09205020920502092,0.0928487360901117,0.09249738426067179,0.09244947264756631,False,0.44
25,1,Nick Lachey,0.07531380753138076,0.0746939018474184,0.07496666034836187,0.07500385468939957,False,0.44
25,1,Nikki Bella,0.08368200836820083,0.0832780546132753,0.08345579426544257,0.08348003149073807,False,0.44
25,1,Sasha Pieterse,0.07531380753138076,0.0746939018474184,0.07496666034836187,0.07500385468939957,False,0.44
25,1,Terrell Owens,0.06276150627615062,0.0634478645047433,0.06314586688416254,0.06310468539044696,False,0.44
25,1,Vanessa Lachey,0.08786610878661087,0.0879332821796497,0.08790372588671265,0.08789969548313029,False,0.44
25,1,Victoria Arlen,0.0794979079497908,0.0788692768911186,0.07914587455693439,0.0791835924204547,False,0.44
25,2,Barbara Corcoran,0.062157221206581355,0.0631664642962927,0.06268202761323129,0.06266184275143703,True,0.48000000000000004
25,2,Debbie Gibson,0.07495429616087751,0.0745996269481721,0.07476986817027073,0.0747769615545248,True,0.48000000000000004
25,2,Derek Fisher,0.06946983546617916,0.069466006476685,0.06946784439164222,0.06946792097143208,False,0.48000000000000004
25,2,Drew Scott,0.07495429616087751,0.0745996269481721,0.07476986817027073,0.0747769615545248,False,0.48000000000000004
25,2,Frankie Muniz,0.08775137111517367,0.0881021979432378,0.08793380106576706,0.08792678452920574,False,0.48000000000000004
25,2,Jordan Fisher,0.08775137111517367,0.0881021979432378,0.08793380106576706,0.08792678452920574,False,0.48000000000000004
25,2,Lindsey Stirling,0.08226691042047532,0.0820393895158092,0.08214859955004898,0.08215314996814227,False,0.48000000000000004
25,2,Nick Lachey,0.06946983546617916,0.069466006476685,0.06946784439164222,0.06946792097143208,False,0.48000000000000004
25,2,Nikki Bella,0.0712979890310786,0.0711367096586443,0.07121412375741279,0.07121734934486146,False,0.48000000000000004
25,2,Sasha Pieterse,0.08226691042047532,0.0820393895158092,0.08214859955004898,0.08215314996814227,False,0.48000000000000004
25,2,Terrell Owens,0.0712979890310786,0.0711367096586443,0.07121412375741279,0.07121734934486146,False,0.48000000000000004
25,2,Vanessa Lachey,0.08592321755027423,0.0860330465423972,0.08598032862617822,0.08597813204633571,False,0.48000000000000004
25,2,Victoria Arlen,0.08043875685557587,0.0801126280762126,0.080269169890307,0.08027569246589424,False,0.48000000000000004
25,3,Derek Fisher,0.0860655737704918,0.0857866813612484,0.08593170541405498,0.08592612756587009,False,0.52
25,3,Drew Scott,0.0942622950819672,0.0938809696913584,0.09407925889447499,0.0940716323866628,False,0.52
25,3,Frankie Muniz,0.0860655737704918,0.0857866813612484,0.08593170541405498,0.08592612756587009,False,0.52
25,3,Jordan Fisher,0.10245901639344263,0.1027389838415063,0.1025934007685132,0.10259900011747447,False,0.52
25,3,Lindsey Stirling,0.11065573770491803,0.1124327841466351,0.11150871999694223,0.11154426092577657,False,0.52
25,3,Nick Lachey,0.0860655737704918,0.0857866813612484,0.08593170541405498,0.08592612756587009,False,0.52
25,3,Nikki Bella,0.0860655737704918,0.0857866813612484,0.08593170541405498,0.08592612756587009,False,0.52
25,3,Sasha Pieterse,0.0778688524590164,0.0783902714593901,0.07811913357919578,0.07812956195920326,False,0.52
25,3,Terrell Owens,0.0860655737704918,0.0857866813612484,0.08593170541405498,0.08592612756587009,False,0.52
25,3,Vanessa Lachey,0.0942622950819672,0.0938809696913584,0.09407925889447499,0.0940716323866628,False,0.52
25,3,Victoria Arlen,0.09016393442622951,0.0897426143635095,0.08996170079612391,0.0899532743948695,False,0.52
25,4,Derek Fisher,0.08487084870848709,0.0848153634616513,0.08484643519987936,0.0848431060850692,True,0.56
25,4,Drew Scott,0.08856088560885608,0.0883288786075863,0.08845880252829741,0.08844488210822118,False,0.56
25,4,Frankie Muniz,0.08856088560885608,0.0883288786075863,0.08845880252829741,0.08844488210822118,False,0.56
25,4,Jordan Fisher,0.1070110701107011,0.1082040866068892,0.10753599736902389,0.10760757835879514,False,0.56
25,4,Lindsey Stirling,0.0959409594095941,0.0957985852379841,0.09587831477408573,0.0958697723237891,False,0.56
25,4,Nick Lachey,0.08118081180811808,0.0814416076885887,0.08129556199552518,0.08131120974835339,False,0.56
25,4,Nikki Bella,0.08856088560885608,0.0883288786075863,0.08845880252829741,0.08844488210822118,False,0.56
25,4,Sasha Pieterse,0.08856088560885608,0.0883288786075863,0.08845880252829741,0.08844488210822118,False,0.56
25,4,Terrell Owens,0.08856088560885608,0.0883288786075863,0.08845880252829741,0.08844488210822118,False,0.56
25,4,Vanessa Lachey,0.08856088560885608,0.0883288786075863,0.08845880252829741,0.08844488210822118,False,0.56
25,4,Victoria Arlen,0.0996309963099631,0.0997670853593682,0.09969087549170137,0.09969904083466564,False,0.56
25,5,Drew Scott,0.09578544061302682,0.0954735626582192,0.09566068943110378,0.095629501635623,False,0.6000000000000001
25,5,Frankie Muniz,0.1111111111111111,0.1112862914731707,0.11118118325593497,0.1111987012921409,False,0.6000000000000001
25,5,Jordan Fisher,0.11494252873563218,0.115632870139093,0.11521866529701652,0.11528769943736258,False,0.6000000000000001
25,5,Lindsey Stirling,0.10727969348659004,0.1071030984092517,0.10720905545565472,0.10719139594792088,False,0.6000000000000001
25,5,Nick Lachey,0.0842911877394636,0.0851067924461234,0.08461742962212754,0.0846989900927935,False,0.6000000000000001
25,5,Nikki Bella,0.10344827586206896,0.1030771493686385,0.10329982526469679,0.10326271261535373,False,0.6000000000000001
25,5,Sasha Pieterse,0.09195402298850575,0.0918847617393227,0.09192631848883254,0.09191939236391422,True,0.6000000000000001
25,5,Terrell Owens,0.09578544061302682,0.0954735626582192,0.09566068943110378,0.095629501635623,False,0.6000000000000001
25,5,Vanessa Lachey,0.09195402298850575,0.0918847617393227,0.09192631848883254,0.09191939236391422,False,0.6000000000000001
25,5,Victoria Arlen,0.10344827586206896,0.1030771493686385,0.10329982526469679,0.10326271261535373,False,0.6000000000000001
25,6,Drew Scott,0.09803921568627451,0.0979594684227126,0.09801050667139223,0.09799934205449355,False,0.64
25,6,Frankie Muniz,0.10130718954248366,0.1008834177356559,0.10115463169202568,0.10109530363906978,False,0.64
25,6,Jordan Fisher,0.12745098039215685,0.1276458570922459,0.12752113600418893,0.12754841874220138,False,0.64
25,6,Lindsey Stirling,0.13071895424836602,0.1314559024319611,0.13098425559446025,0.13108742834016357,False,0.64
25,6,Nick Lachey,0.08496732026143791,0.0870869240414563,0.08573037762224456,0.08602712215144712,True,0.64
25,6,Nikki Bella,0.11764705882352941,0.1168655809818479,0.1173657268005241,0.11725631990268866,False,0.64
25,6,Terrell Owens,0.12091503267973856,0.120353850576616,0.12071300712261446,0.12063444162817728,False,0.64
25,6,Vanessa Lachey,0.11764705882352941,0.1168655809818479,0.1173657268005241,0.11725631990268866,False,0.64
25,6,Victoria Arlen,0.10130718954248366,0.1008834177356559,0.10115463169202568,0.10109530363906978,False,0.64
25,7,Drew Scott,0.1325581395348837,0.1324372938009909,0.13251946890003805,0.1324977166679373,False,0.68
25,7,Frankie Muniz,0.13953488372093023,0.1400393189137364,0.13969630298262822,0.1397871013173333,False,0.68
25,7,Jordan Fisher,0.12558139534883722,0.1252479441158547,0.12547469095428282,0.12541466973234594,False,0.68
25,7,Lindsey Stirling,0.1186046511627907,0.1184488678001881,0.11855480048675789,0.1185267594814894,False,0.68
25,7,Nikki Bella,0.11162790697674418,0.112018878890088,0.11175301798901421,0.11182339293341609,True,0.68
25,7,Terrell Owens,0.11395348837209303,0.1141224585622959,0.11400755883295796,0.11403797346719446,False,0.68
25,7,Vanessa Lachey,0.12558139534883722,0.1252479441158547,0.12547469095428282,0.12541466973234594,True,0.68
25,7,Victoria Arlen,0.1325581395348837,0.1324372938009909,0.13251946890003805,0.1324977166679373,False,0.68
25,8,Drew Scott,0.1501597444089457,0.1504314936188747,0.15023583418772582,0.1502956190139102,False,0.72
25,8,Frankie Muniz,0.16932907348242812,0.1687677928148861,0.16917191489551636,0.1690484331486571,False,0.72
25,8,Jordan Fisher,0.19169329073482427,0.1930036434318154,0.1920601894899818,0.19234846708331982,False,0.72
25,8,Lindsey Stirling,0.17252396166134185,0.1720341652342318,0.17238681866175104,0.17227906344778682,False,0.72
25,8,Terrell Owens,0.16293929712460065,0.1624199240030741,0.1627938726505732,0.16267961056383737,True,0.72
25,8,Victoria Arlen,0.15335463258785942,0.1533429808971176,0.1533513701144517,0.15334880674248852,False,0.72
25,9,Drew Scott,0.17777777777777778,0.1785199725677257,0.17795590452736532,0.17814887517275174,False,0.76
25,9,Frankie Muniz,0.18888888888888888,0.1887184159951792,0.18884797539439857,0.18880365244203404,False,0.76
25,9,Jordan Fisher,0.21481481481481482,0.2148383041121528,0.21482045224617596,0.2148265594634838,False,0.76
25,9,Lindsey Stirling,0.2111111111111111,0.2108964284973723,0.2110595872838138,0.2110037698042417,False,0.76
25,9,Victoria Arlen,0.2074074074074074,0.2070268788275698,0.20731608054824638,0.2072171431174886,True,0.76
25,10,Drew Scott,0.2397871457464638,0.2399104860657344,0.2398118138103179,0.23984881590609908,True,0.8
25,10,Frankie Muniz,0.24866694332774683,0.2485850571757084,0.24865056609733915,0.2486260002517276,False,0.8
25,10,Jordan Fisher,0.2557729554628947,0.2557522283792786,0.25576881004617147,0.25576259192108663,False,0.8
25,10,Lindsey Stirling,0.2557729554628947,0.2557522283792786,0.25576881004617147,0.25576259192108663,False,0.8
26,1,Adam Rippon,0.11428571428571428,0.1146335271038046,0.1144804894638449,0.11445962069475944,False,0.44
26,1,Arike Ogunbowale,0.09523809523809523,0.0947521114969662,0.094965944343063,0.09499510336753073,False,0.44
26,1,Chris Mazdzer,0.1,0.0993732712167016,0.09964903188135293,0.09968663560835081,False,0.44
26,1,Jamie Anderson,0.09047619047619047,0.0903458497763993,0.09040319968430743,0.09041102012629489,True,0.44
26,1,Jennie Finch Daigle,0.1,0.0993732712167016,0.09964903188135293,0.09968663560835081,False,0.44
26,1,Johnny Damon,0.08571428571428572,0.0861444926436395,0.08595520159472386,0.08592938917896262,True,0.44
26,1,Josh Norman,0.11428571428571428,0.1146335271038046,0.1144804894638449,0.11445962069475944,False,0.44
26,1,Kareem Abdul-Jabbar,0.08095238095238096,0.0821385114113851,0.0816166140094233,0.08154544618188303,False,0.44
26,1,Mirai Nagasu,0.10952380952380952,0.1093027190152985,0.10939999883904339,0.10941326426955401,False,0.44
26,1,Tonya Harding,0.10952380952380952,0.1093027190152985,0.10939999883904339,0.10941326426955401,False,0.44
26,2,Adam Rippon,0.1383177570093458,0.138654329717756,0.13849277481771913,0.1384860433635509,False,0.48000000000000004
26,2,Arike Ogunbowale,0.1308411214953271,0.1306041398634865,0.13071789104677004,0.13072263067940681,True,0.48000000000000004
26,2,Chris Mazdzer,0.1233644859813084,0.1230213393566806,0.12318604973650196,0.1231929126689945,False,0.48000000000000004
26,2,Jennie Finch Daigle,0.11775700934579439,0.1176245789079247,0.11768814551810218,0.11769079412685954,False,0.48000000000000004
26,2,Josh Norman,0.11775700934579439,0.1176245789079247,0.11768814551810218,0.11769079412685954,False,0.48000000000000004
26,2,Kareem Abdul-Jabbar,0.1102803738317757,0.1107953641717906,0.11054816880858348,0.11053786900178315,True,0.48000000000000004
26,2,Mirai Nagasu,0.1383177570093458,0.138654329717756,0.13849277481771913,0.1384860433635509,False,0.48000000000000004
26,2,Tonya Harding,0.1233644859813084,0.1230213393566806,0.12318604973650196,0.1231929126689945,False,0.48000000000000004
26,3,Adam Rippon,0.1943127962085308,0.1956202427611419,0.19494037055378413,0.19496651948483634,False,0.52
26,3,Chris Mazdzer,0.15639810426540285,0.1558177556290336,0.15611953691994562,0.15610792994721823,True,0.52
26,3,Jennie Finch Daigle,0.13744075829383887,0.1390652177244524,0.1382204988205334,0.13825298800914565,True,0.52
26,3,Josh Norman,0.18009478672985782,0.1796242530442096,0.17986893056074665,0.1798595198870337,False,0.52
26,3,Mirai Nagasu,0.16587677725118483,0.1649362654205813,0.16542533157249512,0.16540652133588307,True,0.52
26,3,Tonya Harding,0.16587677725118483,0.1649362654205813,0.16542533157249512,0.16540652133588307,False,0.52
26,4,Adam Rippon,0.3391812865497076,0.339198084545142,0.3391886776676987,0.3391896855474248,False,0.56
26,4,Josh Norman,0.3333333333333333,0.3332991374077914,0.3333182871260949,0.3333162353705623,False,0.56
26,4,Tonya Harding,0.32748538011695905,0.3275027780470667,0.32749303520620643,0.3274940790820129,False,0.56
27,1,Alexis Ren,0.08627450980392157,0.086200956945387,0.08623332020314223,0.08623773337465429,False,0.44
27,1,Bobby Bones,0.0784313725490196,0.0778450641915793,0.07810303986885306,0.07813821837029945,False,0.44
27,1,Danelle Umstead,0.07058823529411765,0.0702991501919213,0.07042634763688771,0.07044369274301948,False,0.44
27,1,DeMarcus Ware,0.09019607843137255,0.0907094617822153,0.09048357310784451,0.09045277010679392,False,0.44
27,1,Evanna Lynch,0.07058823529411765,0.0702991501919213,0.07042634763688771,0.07044369274301948,False,0.44
27,1,Joe Amabile,0.054901960784313725,0.0573308080655916,0.05626211526182935,0.05611638442495266,False,0.44
27,1,John Schneider,0.07058823529411765,0.0702991501919213,0.07042634763688771,0.07044369274301948,False,0.44
27,1,Juan Pablo Di Pace,0.08627450980392157,0.086200956945387,0.08623332020314223,0.08623773337465429,False,0.44
27,1,Mary Lou Retton,0.0784313725490196,0.0778450641915793,0.07810303986885306,0.07813821837029945,False,0.44
27,1,Milo Manheim,0.0784313725490196,0.0778450641915793,0.07810303986885306,0.07813821837029945,False,0.44
27,1,Nancy McKeon,0.07647058823529412,0.0758858546412963,0.07614313742265535,0.07617822143829521,False,0.44
27,1,Nikki Glaser,0.06862745098039216,0.0685298566874053,0.06857279817631955,0.06857865383389873,True,0.44
27,1,Tinashe,0.09019607843137255,0.0907094617822153,0.09048357310784451,0.09045277010679392,False,0.44
27,2,Alexis Ren,0.09057301293900184,0.0901718648433797,0.09036441592927835,0.09037243889119077,False,0.48000000000000004
27,2,Bobby Bones,0.07208872458410351,0.0722336496136041,0.07216408559944383,0.0721611870988538,False,0.48000000000000004
27,2,Danelle Umstead,0.06839186691312385,0.0690992382202939,0.0687596999928523,0.06874555256670888,True,0.48000000000000004
27,2,DeMarcus Ware,0.08687615526802218,0.0862590662788187,0.08655526899363639,0.08656761077342044,False,0.48000000000000004
27,2,Evanna Lynch,0.08872458410351201,0.0881937688615799,0.08844856017770733,0.08845917648254595,False,0.48000000000000004
27,2,Joe Amabile,0.06469500924214418,0.066100837326731,0.06542603984612934,0.06539792328443758,False,0.48000000000000004
27,2,John Schneider,0.07948243992606285,0.0789354620533816,0.07919801143226862,0.07920895098972222,False,0.48000000000000004
27,2,Juan Pablo Di Pace,0.09611829944547134,0.0963763555151564,0.0962524886017076,0.09624732748031387,False,0.48000000000000004
27,2,Mary Lou Retton,0.08502772643253234,0.0843668051761311,0.08468404737920371,0.08469726580433172,False,0.48000000000000004
27,2,Milo Manheim,0.09611829944547134,0.0963763555151564,0.0962524886017076,0.09624732748031387,False,0.48000000000000004
27,2,Nancy McKeon,0.07578558225508318,0.0755102410806104,0.07564240484435736,0.07564791166784679,False,0.48000000000000004
27,2,Tinashe,0.09611829944547134,0.0963763555151564,0.0962524886017076,0.09624732748031387,False,0.48000000000000004
27,3,Alexis Ren,0.0959409594095941,0.0952642409148893,0.09561613453213583,0.0956026001622417,False,0.52
27,3,Bobby Bones,0.08487084870848709,0.0843422812353913,0.08461713632140114,0.08460656497193919,False,0.52
27,3,DeMarcus Ware,0.0959409594095941,0.0952642409148893,0.09561613453213583,0.0956026001622417,False,0.52
27,3,Evanna Lynch,0.0996309963099631,0.0992106055787842,0.09942920875899726,0.09942080094437364,False,0.52
27,3,Joe Amabile,0.06642066420664207,0.0688500716963999,0.06758677980172584,0.06763536795152097,False,0.52
27,3,John Schneider,0.07749077490774908,0.0777658574207619,0.07762281451399528,0.0776283161642555,False,0.52
27,3,Juan Pablo Di Pace,0.11070110701107011,0.1120579487859939,0.11135239106303357,0.111379527898532,False,0.52
27,3,Mary Lou Retton,0.08856088560885608,0.0878361987341619,0.0882130359090029,0.08819854217150899,False,0.52
27,3,Milo Manheim,0.0996309963099631,0.0992106055787842,0.09942920875899726,0.09942080094437364,False,0.52
27,3,Nancy McKeon,0.08118081180811808,0.0809873435611592,0.08108794704957784,0.08108407768463864,True,0.52
27,3,Tinashe,0.0996309963099631,0.0992106055787842,0.09942920875899726,0.09942080094437364,False,0.52
27,4,Alexis Ren,0.10775862068965517,0.1067443342514502,0.107312334656845,0.10725147747055269,False,0.56
27,4,Bobby Bones,0.08620689655172414,0.0860492093534708,0.0861375141844927,0.08612805295259747,False,0.56
27,4,DeMarcus Ware,0.09482758620689655,0.0937963770386448,0.0943738541728658,0.09431198162277067,False,0.56
27,4,Evanna Lynch,0.10344827586206896,0.1022410363985612,0.10291709049812556,0.10284465613031508,False,0.56
27,4,Joe Amabile,0.06465517241379311,0.0693663648031684,0.06672809706511824,0.06701076860848076,False,0.56
27,4,John Schneider,0.09051724137931035,0.0898393237084709,0.090218957604141,0.09017828254389063,False,0.56
27,4,Juan Pablo Di Pace,0.10344827586206896,0.1022410363985612,0.10291709049812556,0.10284465613031508,False,0.56
27,4,Mary Lou Retton,0.11206896551724138,0.1114459838842721,0.11179485359873492,0.11175747470075674,False,0.56
27,4,Milo Manheim,0.125,0.1268303502791279,0.1258053541228163,0.12591517513956396,False,0.56
27,4,Tinashe,0.11206896551724138,0.1114459838842721,0.11179485359873492,0.11175747470075674,True,0.56
27,5,Alexis Ren,0.13063063063063063,0.1310831451253046,0.13081163642850024,0.13085688787796762,False,0.6000000000000001
27,5,Bobby Bones,0.0945945945945946,0.0947751736045843,0.09466682619859049,0.09468488409958944,False,0.6000000000000001
27,5,DeMarcus Ware,0.11711711711711711,0.1160719428513942,0.11669904741082796,0.11659452998425565,False,0.6000000000000001
27,5,Evanna Lynch,0.10810810810810811,0.1070321348182416,0.10767771879216151,0.10757012146317485,False,0.6000000000000001
27,5,Joe Amabile,0.07657657657657657,0.0805876434746365,0.07818100333580055,0.07858211002560653,False,0.6000000000000001
27,5,John Schneider,0.10810810810810811,0.1070321348182416,0.10767771879216151,0.10757012146317485,False,0.6000000000000001
27,5,Juan Pablo Di Pace,0.13063063063063063,0.1310831451253046,0.13081163642850024,0.13085688787796762,False,0.6000000000000001
27,5,Mary Lou Retton,0.11261261261261261,0.1114604317050928,0.1121517402496047,0.11203652215885271,False,0.6000000000000001
27,5,Milo Manheim,0.12162162162162163,0.1208742484771996,0.12132267236385283,0.12124793504941062,False,0.6000000000000001
27,6,Alexis Ren,0.11790393013100436,0.1168811447014998,0.11753572737638274,0.11739253741625208,False,0.64
27,6,Bobby Bones,0.09606986899563319,0.0960290750765965,0.09605518318477999,0.09604947203611484,False,0.64
27,6,DeMarcus Ware,0.11353711790393013,0.1123766584849072,0.11311935251308189,0.11295688819441867,False,0.64
27,6,Evanna Lynch,0.12663755458515283,0.1264390256511524,0.12656608416891268,0.1265382901181526,False,0.64
27,6,Joe Amabile,0.09606986899563319,0.0960290750765965,0.09605518318477999,0.09604947203611484,False,0.64
27,6,John Schneider,0.08296943231441048,0.0853488590166611,0.08382602592722072,0.08415914566553578,False,0.64
27,6,Juan Pablo Di Pace,0.13100436681222707,0.1315071853202842,0.13118538147512765,0.13125577606625563,False,0.64
27,6,Mary Lou Retton,0.10480349344978165,0.103881791352018,0.10447168069458675,0.10434264240089983,True,0.64
27,6,Milo Manheim,0.13100436681222707,0.1315071853202842,0.13118538147512765,0.13125577606625563,False,0.64
27,7,Alexis Ren,0.12643678160919541,0.1261932252873949,0.12635884358621927,0.12631500344829516,False,0.68
27,7,Bobby Bones,0.12183908045977011,0.1216359609270893,0.12177408220931227,0.1217375206934297,False,0.68
27,7,DeMarcus Ware,0.12183908045977011,0.1216359609270893,0.12177408220931227,0.1217375206934297,True,0.68
27,7,Evanna Lynch,0.135632183908046,0.1358263843720059,0.13569432805651316,0.13572928414002594,False,0.68
27,7,Joe Amabile,0.10804597701149425,0.1089280779950272,0.10832824932622481,0.10848702750326072,False,0.68
27,7,John Schneider,0.12413793103448276,0.123893640758196,0.12405975814607101,0.12401578589633938,True,0.68
27,7,Juan Pablo Di Pace,0.12873563218390804,0.1285354923059819,0.1286715874229717,0.128635562244945,False,0.68
27,7,Milo Manheim,0.13333333333333333,0.1333512574272152,0.13333906904337556,0.13334229538027426,False,0.68
27,8,Alexis Ren,0.18012422360248448,0.1795942448239139,0.17997582954448474,0.1798592342131992,False,0.72
27,8,Bobby Bones,0.13975155279503104,0.1409582977648852,0.14008944138659024,0.14035492527995813,False,0.72
27,8,Evanna Lynch,0.18012422360248448,0.1795942448239139,0.17997582954448474,0.1798592342131992,False,0.72
27,8,Joe Amabile,0.14285714285714285,0.1436094735841216,0.14306779546069692,0.14323330822063224,True,0.72
27,8,Juan Pablo Di Pace,0.18633540372670807,0.1864134752383405,0.18635726374996517,0.1863744394825243,True,0.72
27,8,Milo Manheim,0.17080745341614906,0.1698302637648246,0.17053384031377822,0.17031885859048684,False,0.72
27,9,Alexis Ren,0.24675324675324675,0.2465470937665359,0.24670377003643615,0.24665017025989133,True,0.76
27,9,Bobby Bones,0.23376623376623376,0.2340664321281483,0.23383828137309326,0.23391633294719102,False,0.76
27,9,Evanna Lynch,0.2597402597402597,0.2596932370526578,0.2597289742952353,0.25971674839645875,False,0.76
27,9,Milo Manheim,0.2597402597402597,0.2596932370526578,0.2597289742952353,0.25971674839645875,False,0.76
28,1,Ally Brooke,0.08121827411167512,0.0800600180739372,0.08056965073054191,0.08063914609280616,False,0.44
28,1,Hannah Brown,0.10152284263959391,0.1021488845679996,0.10187342611950112,0.10183586360379676,False,0.44
28,1,James Van Der Beek,0.1065989847715736,0.108564569572367,0.10769971226001793,0.1075817771719703,False,0.44
28,1,Karamo Brown,0.08629441624365482,0.0850883633131299,0.08561902660256089,0.08569138977839236,False,0.44
28,1,Kate Flannery,0.07614213197969544,0.0753288257574241,0.07568668049522351,0.07573547886855977,False,0.44
28,1,Kel Mitchell,0.08121827411167512,0.0800600180739372,0.08056965073054191,0.08063914609280616,False,0.44
28,1,Lamar Odom,0.05583756345177665,0.0590395791117344,0.057630692221353017,0.05743857128175553,False,0.44
28,1,Lauren Alaina,0.09644670050761421,0.096112338119032,0.0962594575700082,0.0962795193133231,False,0.44
28,1,Mary Wilson,0.08629441624365482,0.0850883633131299,0.08561902660256089,0.08569138977839236,False,0.44
28,1,Ray Lewis,0.07614213197969544,0.0753288257574241,0.07568668049522351,0.07573547886855977,False,0.44
28,1,Sailor Brinkley-Cook,0.09137055837563451,0.09043252481683,0.09084525958270402,0.09090154159623226,False,0.44
28,1,Sean Spicer,0.06091370558375635,0.0627476895230543,0.06194073658976322,0.061830697553405325,False,0.44
28,2,Ally Brooke,0.091324200913242,0.0904165782360113,0.09085223712108206,0.09087038957462665,False,0.48000000000000004
28,2,Hannah Brown,0.1095890410958904,0.1125734300574833,0.11114092335591874,0.11108123557668685,False,0.48000000000000004
28,2,James Van Der Beek,0.091324200913242,0.0904165782360113,0.09085223712108206,0.09087038957462665,False,0.48000000000000004
28,2,Karamo Brown,0.0867579908675799,0.0855955347458616,0.0861535136842864,0.08617676280672075,False,0.48000000000000004
28,2,Kate Flannery,0.0958904109589041,0.0955091599600528,0.09569216043950146,0.09569978545947845,False,0.48000000000000004
28,2,Kel Mitchell,0.091324200913242,0.0904165782360113,0.09085223712108206,0.09087038957462665,False,0.48000000000000004
28,2,Lamar Odom,0.0547945205479452,0.0583273713012453,0.05663160293966127,0.05656094592459525,False,0.48000000000000004
28,2,Lauren Alaina,0.0867579908675799,0.0855955347458616,0.0861535136842864,0.08617676280672075,False,0.48000000000000004
28,2,Mary Wilson,0.0684931506849315,0.0687485080631418,0.06862593652160087,0.06862082937403666,True,0.48000000000000004
28,2,Ray Lewis,0.0684931506849315,0.0687485080631418,0.06862593652160087,0.06862082937403666,True,0.48000000000000004
28,2,Sailor Brinkley-Cook,0.0821917808219178,0.0810315509762561,0.08158846130217373,0.08161166589908694,False,0.48000000000000004
28,2,Sean Spicer,0.0730593607305936,0.0726206673789213,0.07283124018772402,0.07284001405475746,False,0.48000000000000004
28,3,Ally Brooke,0.12121212121212122,0.1213163932253264,0.12126217177845974,0.1212642572187238,False,0.52
28,3,Hannah Brown,0.10606060606060606,0.1042598980433073,0.10519626621230269,0.10516025205195668,False,0.52
28,3,James Van Der Beek,0.11616161616161616,0.1153414549372642,0.11576793877392727,0.11575153554944018,False,0.52
28,3,Karamo Brown,0.08080808080808081,0.0809929042437526,0.0808967960572033,0.08090049252591672,False,0.52
28,3,Kate Flannery,0.12121212121212122,0.1213163932253264,0.12126217177845974,0.1212642572187238,False,0.52
28,3,Kel Mitchell,0.10101010101010101,0.0991250070350378,0.1001052559020707,0.1000675540225694,False,0.52
28,3,Lamar Odom,0.06060606060606061,0.0661775543230878,0.06328037759023368,0.0633918074645742,False,0.52
28,3,Lauren Alaina,0.10101010101010101,0.0991250070350378,0.1001052559020707,0.1000675540225694,False,0.52
28,3,Sailor Brinkley-Cook,0.11616161616161616,0.1153414549372642,0.11576793877392727,0.11575153554944018,False,0.52
28,3,Sean Spicer,0.07575757575757576,0.0770039329945948,0.07635582723134493,0.07638075437608528,False,0.52
28,4,Ally Brooke,0.11347517730496454,0.1131292111584431,0.11332295220049511,0.11330219423170382,False,0.56
28,4,Hannah Brown,0.11347517730496454,0.1131292111584431,0.11332295220049511,0.11330219423170382,False,0.56
28,4,James Van Der Beek,0.09929078014184398,0.0981686242259653,0.09879703153885737,0.09872970218390464,False,0.56
28,4,Karamo Brown,0.09929078014184398,0.0981686242259653,0.09879703153885737,0.09872970218390464,False,0.56
28,4,Kate Flannery,0.09219858156028368,0.0914474663903087,0.09186809088549469,0.09182302397529618,False,0.56
28,4,Kel Mitchell,0.11347517730496454,0.1131292111584431,0.11332295220049511,0.11330219423170382,False,0.56
28,4,Lamar Odom,0.07092198581560284,0.0739211298618033,0.07224160919593105,0.07242155783870308,True,0.56
28,4,Lauren Alaina,0.11347517730496454,0.1131292111584431,0.11332295220049511,0.11330219423170382,False,0.56
28,4,Sailor Brinkley-Cook,0.1099290780141844,0.1091878326113068,0.10960293003691826,0.1095584553127456,False,0.56
28,4,Sean Spicer,0.07446808510638298,0.0765894780508781,0.07540149800196083,0.07552878157863054,False,0.56
28,5,Ally Brooke,0.12558139534883722,0.1259318043372406,0.1257215589441986,0.1257565998430389,False,0.6000000000000001
28,5,Hannah Brown,0.11627906976744186,0.115817953824026,0.11609462339007554,0.11604851179573393,False,0.6000000000000001
28,5,James Van Der Beek,0.12093023255813953,0.1207690519119315,0.12086576029965634,0.12084964223503553,False,0.6000000000000001
28,5,Karamo Brown,0.09767441860465116,0.0979618124952528,0.09778937616089184,0.09781811554995198,False,0.6000000000000001
28,5,Kate Flannery,0.11162790697674418,0.1110698330046175,0.11140467738789353,0.11134886999068083,False,0.6000000000000001
28,5,Kel Mitchell,0.12093023255813953,0.1207690519119315,0.12086576029965634,0.12084964223503553,False,0.6000000000000001
28,5,Lauren Alaina,0.10697674418604651,0.1065163681135114,0.10679259375703248,0.10674655614977896,False,0.6000000000000001
28,5,Sailor Brinkley-Cook,0.11162790697674418,0.1110698330046175,0.11140467738789353,0.11134886999068083,False,0.6000000000000001
28,5,Sean Spicer,0.08837209302325581,0.0900942913968708,0.08906097237270182,0.0892331922100633,False,0.6000000000000001
28,6,Ally Brooke,0.10964912280701754,0.1093828228978614,0.10955325483972134,0.10951597285243947,False,0.64
28,6,Hannah Brown,0.10526315789473684,0.1051491881818798,0.10522212879810831,0.10520617303830831,False,0.64
28,6,James Van Der Beek,0.11842105263157894,0.1183683336240735,0.11840207378887699,0.11839469312782622,False,0.64
28,6,Karamo Brown,0.10964912280701754,0.1093828228978614,0.10955325483972134,0.10951597285243947,False,0.64
28,6,Kate Flannery,0.11842105263157894,0.1183683336240735,0.11840207378887699,0.11839469312782622,False,0.64
28,6,Kel Mitchell,0.11403508771929824,0.1137869169699092,0.1139457462495182,0.11391100234460372,False,0.64
28,6,Lauren Alaina,0.11403508771929824,0.1137869169699092,0.1139457462495182,0.11391100234460372,False,0.64
28,6,Sailor Brinkley-Cook,0.11842105263157894,0.1183683336240735,0.11840207378887699,0.11839469312782622,True,0.64
28,6,Sean Spicer,0.09210526315789473,0.0934063312103581,0.09257364765678155,0.09275579718412641,False,0.64
28,7,Ally Brooke,0.13366336633663367,0.1335880044793268,0.1336392505422955,0.13362568540798025,False,0.68
28,7,Hannah Brown,0.12871287128712872,0.1284007856291258,0.1286130038765678,0.12855682845812727,False,0.68
28,7,James Van Der Beek,0.13366336633663367,0.1335880044793268,0.1336392505422955,0.13362568540798025,False,0.68
28,7,Karamo Brown,0.12128712871287128,0.1209951629587263,0.1211936996715449,0.1211411458357988,True,0.68
28,7,Kate Flannery,0.1188118811881188,0.1186227855436264,0.11875137058188126,0.1187173333658726,False,0.68
28,7,Kel Mitchell,0.12623762376237624,0.1258832046245733,0.1261242096382793,0.12606041419347477,False,0.68
28,7,Lauren Alaina,0.13366336633663367,0.1335880044793268,0.1336392505422955,0.13362568540798025,False,0.68
28,7,Sean Spicer,0.10396039603960396,0.1053340478059673,0.10439996460484025,0.10464722192278564,False,0.68
28,8,Ally Brooke,0.15544105882304174,0.1543846687612844,0.1551452696057497,0.15491286379216307,False,0.72
28,8,Hannah Brown,0.160621391176751,0.1600857587051999,0.1604714140847167,0.16035357494097546,False,0.72
28,8,James Van Der Beek,0.1658027598041857,0.1659985816330818,0.16585758991627664,0.16590067071863374,False,0.72
28,8,Kate Flannery,0.13471454803957736,0.1335347524029649,0.13438420526132588,0.13412465022127112,True,0.72
28,8,Kel Mitchell,0.15544002254931627,0.1543835488719152,0.15514420991964398,0.15491178571061573,False,0.72
28,8,Lauren Alaina,0.1243528470584334,0.1241921365534329,0.12430784811703327,0.12427249180593315,False,0.72
28,8,Sean Spicer,0.1036273725486945,0.1074205530721205,0.10468946309525379,0.1055239628104075,False,0.72
28,9,Ally Brooke,0.19184652278177458,0.1922145661452299,0.19193485318900386,0.19203054446350223,False,0.76
28,9,Hannah Brown,0.17026378896882494,0.1688677521928719,0.16992874014259624,0.16956577058084843,False,0.76
28,9,James Van Der Beek,0.17266187050359713,0.1713150683924531,0.1723386379969226,0.17198846944802512,False,0.76
28,9,Kel Mitchell,0.1774580335731415,0.1763166180109701,0.17718409383822037,0.1768873257920558,False,0.76
28,9,Lauren Alaina,0.16786570743405277,0.1664553970544334,0.1675272329429441,0.1671605522442431,False,0.76
28,9,Sean Spicer,0.11990407673860912,0.1248305982040414,0.12108644189031287,0.12236733747132525,True,0.76
28,10,Ally Brooke,0.21454545454545454,0.2148172241744586,0.21459980847125537,0.21468133935995656,False,0.8
28,10,Hannah Brown,0.19636363636363635,0.1961497612634654,0.19632086134360216,0.19625669881355087,False,0.8
28,10,James Van Der Beek,0.18545454545454546,0.1857372426450509,0.18551108489264653,0.18559589404979818,True,0.8
28,10,Kel Mitchell,0.20727272727272728,0.2071460106535595,0.20724738394889375,0.2072093689631434,False,0.8
28,10,Lauren Alaina,0.19636363636363635,0.1961497612634654,0.19632086134360216,0.19625669881355087,False,0.8
28,11,Ally Brooke,0.2564102564102564,0.2564463094135014,0.2564174670109054,0.2564282829118789,False,0.8
28,11,Hannah Brown,0.24786324786324787,0.247827090801284,0.24785601645085512,0.24784516933226594,False,0.8
28,11,Kel Mitchell,0.25213675213675213,0.252099866736724,0.25212937505674654,0.2521183094367381,False,0.8
28,11,Lauren Alaina,0.24358974358974358,0.2436267330484904,0.24359714148149295,0.243608238319117,True,0.8
29,1,AJ McLean,0.06923076923076923,0.068299274483579,0.06870913217234273,0.06876502185717412,False,0.44
29,1,Anne Heche,0.06923076923076923,0.068299274483579,0.06870913217234273,0.06876502185717412,False,0.44
29,1,Carole Baskin,0.04230769230769231,0.0456066249600388,0.04415509459300636,0.04395715863386555,False,0.44
29,1,Charles Oakley,0.046153846153846156,0.0483151558847349,0.04736417960314387,0.047234501019290526,False,0.44
29,1,Chrishell Stause,0.05,0.0511845436975798,0.0506633444706447,0.0505922718487899,False,0.44
29,1,Jeannie Mai,0.06923076923076923,0.068299274483579,0.06870913217234273,0.06876502185717412,False,0.44
29,1,Jesse Metcalfe,0.06923076923076923,0.068299274483579,0.06870913217234273,0.06876502185717412,False,0.44
29,1,Johnny Weir,0.06923076923076923,0.068299274483579,0.06870913217234273,0.06876502185717412,False,0.44
29,1,Justina Machado,0.08076923076923077,0.081204938728861,0.08101322722662373,0.0809870847490459,False,0.44
29,1,Kaitlyn Bristowe,0.07692307692307693,0.0766526179558535,0.07677161990143183,0.0767878474394652,False,0.44
29,1,Monica Aldama,0.07307692307692308,0.0723554987105455,0.07267292543175166,0.07271621089373428,False,0.44
29,1,Nelly,0.06153846153846154,0.0608562501762152,0.061156423175603616,0.061197355857338376,False,0.44
29,1,Nev Schulman,0.07692307692307693,0.0766526179558535,0.07677161990143183,0.0767878474394652,False,0.44
29,1,Skai Jackson,0.08076923076923077,0.081204938728861,0.08101322722662373,0.0809870847490459,False,0.44
29,1,Veron Davis,0.06538461538461539,0.0644704407835612,0.06487267760802506,0.0649275280840883,False,0.44
29,2,AJ McLean,0.0695970695970696,0.0692105110733103,0.06939605916471481,0.06940379033518995,False,0.48000000000000004
29,2,Anne Heche,0.06593406593406594,0.0655103201824156,0.06571371814320778,0.06572219305824076,False,0.48000000000000004
29,2,Carole Baskin,0.05860805860805861,0.0586928304408303,0.05865213996109992,0.058650444524444456,False,0.48000000000000004
29,2,Charles Oakley,0.054945054945054944,0.0555549446892289,0.05526219761202543,0.05524999981714192,True,0.48000000000000004
29,2,Chrishell Stause,0.06593406593406594,0.0655103201824156,0.06571371814320778,0.06572219305824076,False,0.48000000000000004
29,2,Jeannie Mai,0.06593406593406594,0.0655103201824156,0.06571371814320778,0.06572219305824076,False,0.48000000000000004
29,2,Jesse Metcalfe,0.07326007326007326,0.0731196982351886,0.07318707824713327,0.07318988574763094,False,0.48000000000000004
29,2,Johnny Weir,0.06593406593406594,0.0655103201824156,0.06571371814320778,0.06572219305824076,False,0.48000000000000004
29,2,Justina Machado,0.07692307692307693,0.0772496863134249,0.0770929138060579,0.0770863816182509,False,0.48000000000000004
29,2,Kaitlyn Bristowe,0.08058608058608059,0.0816129467100385,0.08112005097053875,0.08109951364805955,False,0.48000000000000004
29,2,Monica Aldama,0.05860805860805861,0.0586928304408303,0.05865213996109992,0.058650444524444456,False,0.48000000000000004
29,2,Nelly,0.06593406593406594,0.0655103201824156,0.06571371814320778,0.06572219305824076,False,0.48000000000000004
29,2,Nev Schulman,0.07692307692307693,0.0772496863134249,0.0770929138060579,0.0770863816182509,False,0.48000000000000004
29,2,Skai Jackson,0.054945054945054944,0.0555549446892289,0.05526219761202543,0.05524999981714192,False,0.48000000000000004
29,2,Veron Davis,0.06593406593406594,0.0655103201824156,0.06571371814320778,0.06572219305824076,False,0.48000000000000004
29,3,AJ McLean,0.07473309608540925,0.073857364573435,0.07431274495966161,0.07429523032942212,False,0.52
29,3,Anne Heche,0.05338078291814947,0.0547733270648673,0.054049204108574035,0.05407705499150839,False,0.52
29,3,Carole Baskin,0.042704626334519574,0.0471690119687253,0.044847531438938326,0.04493681915162244,True,0.52
29,3,Chrishell Stause,0.07829181494661921,0.0776302981812347,0.07797428689923466,0.07796105656392696,False,0.52
29,3,Jeannie Mai,0.07829181494661921,0.0776302981812347,0.07797428689923466,0.07796105656392696,False,0.52
29,3,Jesse Metcalfe,0.0711743772241993,0.070267800453353,0.07073922037419308,0.07072108883877615,False,0.52
29,3,Johnny Weir,0.08540925266903915,0.0857642214047678,0.08557963766218891,0.08558673703690348,False,0.52
29,3,Justina Machado,0.06761565836298933,0.0668526938250404,0.06724943538477385,0.06723417609401486,False,0.52
29,3,Kaitlyn Bristowe,0.08185053380782918,0.0815959685335836,0.0817283424761913,0.08172325117070639,False,0.52
29,3,Monica Aldama,0.07473309608540925,0.073857364573435,0.07431274495966161,0.07429523032942212,False,0.52
29,3,Nelly,0.06405693950177936,0.0636035658271602,0.06383932013796217,0.06383025266446979,False,0.52
29,3,Nev Schulman,0.08540925266903915,0.0857642214047678,0.08557963766218891,0.08558673703690348,False,0.52
29,3,Skai Jackson,0.06405693950177936,0.0636035658271602,0.06383932013796217,0.06383025266446979,False,0.52
29,3,Veron Davis,0.07829181494661921,0.0776302981812347,0.07797428689923466,0.07796105656392696,False,0.52
29,4,AJ McLean,0.07973421926910298,0.0794842680481649,0.07962424073189026,0.07960924365863395,False,0.56
29,4,Anne Heche,0.06976744186046512,0.069824923035303,0.06979273357739381,0.06979618244788405,True,0.56
29,4,Chrishell Stause,0.07308970099667775,0.0729066881043333,0.07300917532404622,0.07299819455050552,False,0.56
29,4,Jeannie Mai,0.06976744186046512,0.069824923035303,0.06979273357739381,0.06979618244788405,False,0.56
29,4,Jesse Metcalfe,0.06976744186046512,0.069824923035303,0.06979273357739381,0.06979618244788405,False,0.56
29,4,Johnny Weir,0.07973421926910298,0.0794842680481649,0.07962424073189026,0.07960924365863395,False,0.56
29,4,Justina Machado,0.07973421926910298,0.0794842680481649,0.07962424073189026,0.07960924365863395,False,0.56
29,4,Kaitlyn Bristowe,0.08305647840531562,0.0829923541320469,0.0830282637250774,0.08302441626868126,False,0.56
29,4,Monica Aldama,0.07973421926910298,0.0794842680481649,0.07962424073189026,0.07960924365863395,False,0.56
29,4,Nelly,0.06976744186046512,0.069824923035303,0.06979273357739381,0.06979618244788405,False,0.56
29,4,Nev Schulman,0.07973421926910298,0.0794842680481649,0.07962424073189026,0.07960924365863395,False,0.56
29,4,Skai Jackson,0.09302325581395349,0.0944732372772491,0.09366124765780359,0.0937482465456013,False,0.56
29,4,Veron Davis,0.07308970099667775,0.0729066881043333,0.07300917532404622,0.07299819455050552,False,0.56
29,5,AJ McLean,0.08362369337979095,0.0830191994291649,0.08338189579954056,0.08332144640447792,False,0.6000000000000001
29,5,Chrishell Stause,0.06620209059233449,0.0673573929548546,0.06666421153734255,0.06677974177359455,False,0.6000000000000001
29,5,Jeannie Mai,0.08362369337979095,0.0830191994291649,0.08338189579954056,0.08332144640447792,False,0.6000000000000001
29,5,Jesse Metcalfe,0.06620209059233449,0.0673573929548546,0.06666421153734255,0.06677974177359455,True,0.6000000000000001
29,5,Johnny Weir,0.10104529616724739,0.1023226578629438,0.10155624084552597,0.1016839770150956,False,0.6000000000000001
29,5,Justina Machado,0.08362369337979095,0.0830191994291649,0.08338189579954056,0.08332144640447792,False,0.6000000000000001
29,5,Kaitlyn Bristowe,0.09407665505226481,0.0941140589265933,0.09409161660199622,0.09409535698942906,False,0.6000000000000001
29,5,Monica Aldama,0.09059233449477352,0.0902601081722725,0.09045944396577313,0.09042622133352302,False,0.6000000000000001
29,5,Nelly,0.08362369337979095,0.0830191994291649,0.08338189579954056,0.08332144640447792,False,0.6000000000000001
29,5,Nev Schulman,0.09059233449477352,0.0902601081722725,0.09045944396577313,0.09042622133352302,False,0.6000000000000001
29,5,Skai Jackson,0.08362369337979095,0.0830191994291649,0.08338189579954056,0.08332144640447792,False,0.6000000000000001
29,5,Veron Davis,0.07317073170731707,0.0732322838103836,0.0731953525485437,0.07320150775885034,False,0.6000000000000001
29,6,AJ McLean,0.10074626865671642,0.1006381529519869,0.10070734700301381,0.10069221080435166,False,0.64
29,6,Chrishell Stause,0.08955223880597014,0.0889787085560375,0.08934576791599441,0.08926547368100382,False,0.64
29,6,Jeannie Mai,0.09328358208955224,0.0927068058158993,0.0930759426310372,0.09299519395272576,False,0.64
29,6,Johnny Weir,0.08208955223880597,0.0819662485239522,0.08204516290145863,0.08202790038137908,False,0.64
29,6,Justina Machado,0.10074626865671642,0.1006381529519869,0.10070734700301381,0.10069221080435166,False,0.64
29,6,Kaitlyn Bristowe,0.10074626865671642,0.1006381529519869,0.10070734700301381,0.10069221080435166,False,0.64
29,6,Monica Aldama,0.10074626865671642,0.1006381529519869,0.10070734700301381,0.10069221080435166,False,0.64
29,6,Nelly,0.08955223880597014,0.0889787085560375,0.08934576791599441,0.08926547368100382,False,0.64
29,6,Nev Schulman,0.09701492537313433,0.0965911057157471,0.09686235029647494,0.09680301554444071,False,0.64
29,6,Skai Jackson,0.06716417910447761,0.0695557406378773,0.06802514125650151,0.06835995987117746,False,0.64
29,6,Veron Davis,0.07835820895522388,0.078670070386501,0.07847047907048367,0.07851413967086245,True,0.64
29,7,AJ McLean,0.1,0.0997050979798179,0.09990563135354175,0.09985254898990895,False,0.68
29,7,Chrishell Stause,0.1,0.0997050979798179,0.09990563135354175,0.09985254898990895,False,0.68
29,7,Jeannie Mai,0.09615384615384616,0.0959430964485019,0.096086406248136,0.09604847130117403,True,0.68
29,7,Johnny Weir,0.10384615384615385,0.1036146104425662,0.10377205995700581,0.10373038214436003,False,0.68
29,7,Justina Machado,0.1,0.0997050979798179,0.09990563135354175,0.09985254898990895,False,0.68
29,7,Kaitlyn Bristowe,0.09230769230769231,0.09232304007153,0.09231260359212037,0.09231536618961116,False,0.68
29,7,Monica Aldama,0.08461538461538462,0.0854875417681716,0.08489447490427646,0.08505146319177811,True,0.68
29,7,Nelly,0.10384615384615385,0.1036146104425662,0.10377205995700581,0.10373038214436003,False,0.68
29,7,Nev Schulman,0.11538461538461539,0.116287196444644,0.11567344132382455,0.1158359059146297,False,0.68
29,7,Skai Jackson,0.10384615384615385,0.1036146104425662,0.10377205995700581,0.10373038214436003,False,0.68
29,8,AJ McLean,0.12162184076007344,0.1213993196021507,0.12155953483585508,0.12151058018111208,False,0.72
29,8,Chrishell Stause,0.12162184076007344,0.1213993196021507,0.12155953483585508,0.12151058018111208,True,0.72
29,8,Johnny Weir,0.13513537862230382,0.1352592864736781,0.13517007282068863,0.13519733254799096,False,0.72
29,8,Justina Machado,0.13062996509903624,0.1304709072195935,0.1305854288927923,0.1305504361593149,False,0.72
29,8,Kaitlyn Bristowe,0.1261263533808169,0.1258538577894138,0.12605005461522403,0.12599010558511536,False,0.72
29,8,Nelly,0.10810830289784307,0.1089595781856588,0.10834665997843147,0.10853394054175093,False,0.72
29,8,Nev Schulman,0.13513537862230382,0.1352592864736781,0.13517007282068863,0.13519733254799096,False,0.72
29,8,Skai Jackson,0.1216209398575493,0.1213984446536761,0.1215586412004648,0.1215096922556127,False,0.72
29,9,AJ McLean,0.12953317941214265,0.1296804156124975,0.12956851610022782,0.12960679751232007,True,0.76
29,9,Johnny Weir,0.15544105882304177,0.1554661834519288,0.15544708873397467,0.1554536211374853,False,0.76
29,9,Justina Machado,0.1347145480395774,0.1344702066653223,0.13465590610975617,0.13459237735244983,False,0.76
29,9,Kaitlyn Bristowe,0.15544105882304177,0.1554661834519288,0.15544708873397467,0.1554536211374853,False,0.76
29,9,Nelly,0.12435284705843341,0.1250621427608027,0.12452307802700205,0.12470749490961806,False,0.76
29,9,Nev Schulman,0.15025865392188156,0.1499274340287598,0.15017916114753235,0.1500930439753207,False,0.76
29,9,Skai Jackson,0.15025865392188156,0.1499274340287598,0.15017916114753235,0.1500930439753207,False,0.76
29,10,Johnny Weir,0.16379310344827586,0.163760795091232,0.16378664177686708,0.16377694926975395,True,0.8
29,10,Justina Machado,0.16666666666666666,0.1666087377562731,0.16665508088458794,0.1666377022114699,False,0.8
29,10,Kaitlyn Bristowe,0.1724137931034483,0.1724540690250523,0.1724218482877691,0.1724339310642503,False,0.8
29,10,Nelly,0.16091954022988506,0.1609615340111582,0.16092793898613966,0.16094053712052164,False,0.8
29,10,Nev Schulman,0.1724137931034483,0.1724540690250523,0.1724218482877691,0.1724339310642503,False,0.8
29,10,Skai Jackson,0.16379310344827586,0.163760795091232,0.16378664177686708,0.16377694926975395,True,0.8
29,11,Justina Machado,0.25316455696202533,0.2531243408845158,0.2531565137465234,0.2531444489232706,True,0.8
29,11,Kaitlyn Bristowe,0.25316455696202533,0.2531243408845158,0.2531565137465234,0.2531444489232706,False,0.8
29,11,Nelly,0.24050632911392406,0.2406269773464526,0.24053045876042978,0.24056665323018833,False,0.8
29,11,Nev Schulman,0.25316455696202533,0.2531243408845158,0.2531565137465234,0.2531444489232706,False,0.8
30,1,Amanda Kloots,0.07650273224043716,0.0764440660928584,0.0764698791977931,0.07647339916664778,False,0.44
30,1,Brian Austin Green,0.06557377049180328,0.0648855458667914,0.06518836470179666,0.06522965817929735,False,0.44
30,1,Christine Chiu,0.06830601092896176,0.067600034374416,0.06791066405841617,0.06795302265168887,False,0.44
30,1,Cody Rigsby,0.06557377049180328,0.0648855458667914,0.06518836470179666,0.06522965817929735,False,0.44
30,1,Iman Shumpert,0.05737704918032787,0.0573787522718866,0.05737800291160079,0.05737790072610724,False,0.44
30,1,Jimmie Allen,0.060109289617486336,0.05977919387322,0.05992443600069722,0.05994424174535316,False,0.44
30,1,JoJo Siwa,0.07923497267759563,0.0796421055963121,0.0794629671120769,0.07943853913695387,False,0.44
30,1,Kenya Moore,0.07103825136612021,0.0704280835797213,0.07069655740573687,0.07073316747292076,False,0.44
30,1,Martin Kove,0.03551912568306011,0.0413389523999599,0.038778228644524015,0.03842903904151,False,0.44
30,1,Matt James,0.06557377049180328,0.0648855458667914,0.06518836470179666,0.06522965817929735,False,0.44
30,1,Melanie C,0.07377049180327869,0.0733744442974635,0.07354870520002223,0.0735724680503711,False,0.44
30,1,Melora Hardin,0.07103825136612021,0.0704280835797213,0.07069655740573687,0.07073316747292076,False,0.44
30,1,"Mike ""The Miz"" Mizanin",0.06557377049180328,0.0648855458667914,0.06518836470179666,0.06522965817929735,False,0.44
30,1,Olivia Jade,0.06830601092896176,0.067600034374416,0.06791066405841617,0.06795302265168887,False,0.44
30,1,Suni Lee,0.07650273224043716,0.0764440660928584,0.0764698791977931,0.07647339916664778,False,0.44
30,2,Amanda Kloots,0.08311688311688312,0.0843300131575027,0.08374771073800533,0.0837234481371929,False,0.48000000000000004
30,2,Brian Austin Green,0.05974025974025974,0.0593877798611729,0.05955697020313461,0.05956401980071632,False,0.48000000000000004
30,2,Christine Chiu,0.06233766233766234,0.061747254805095,0.062030650420727335,0.06204245857137867,False,0.48000000000000004
30,2,Cody Rigsby,0.06233766233766234,0.061747254805095,0.062030650420727335,0.06204245857137867,False,0.48000000000000004
30,2,Iman Shumpert,0.06493506493506493,0.0642004716269592,0.06455307641484997,0.06456776828101207,False,0.48000000000000004
30,2,Jimmie Allen,0.07012987012987013,0.0694031763227896,0.06975198935018828,0.06976652322632987,False,0.48000000000000004
30,2,JoJo Siwa,0.08051948051948052,0.0811076099317429,0.08082530781385698,0.08081354522561171,False,0.48000000000000004
30,2,Kenya Moore,0.06233766233766234,0.061747254805095,0.062030650420727335,0.06204245857137867,False,0.48000000000000004
30,2,Martin Kove,0.03896103896103896,0.0434843092997962,0.04131313953719273,0.04122267413041758,True,0.48000000000000004
30,2,Matt James,0.05714285714285714,0.0571184647474905,0.05713017309726651,0.05713066094517382,False,0.48000000000000004
30,2,Melanie C,0.07792207792207792,0.0780083405958117,0.07796693451241951,0.07796520925894482,False,0.48000000000000004
30,2,Melora Hardin,0.07012987012987013,0.0694031763227896,0.06975198935018828,0.06976652322632987,False,0.48000000000000004
30,2,"Mike ""The Miz"" Mizanin",0.06753246753246753,0.0667511546891296,0.06712618485393182,0.06714181111079856,False,0.48000000000000004
30,2,Olivia Jade,0.07012987012987013,0.0694031763227896,0.06975198935018828,0.06976652322632987,False,0.48000000000000004
30,2,Suni Lee,0.07272727272727272,0.0721605627067399,0.07243258351659568,0.07244391771700631,False,0.48000000000000004
30,3,Amanda Kloots,0.08053691275167785,0.0808185343641219,0.08067209112565103,0.08067772355789987,False,0.52
30,3,Brian Austin Green,0.06375838926174497,0.0638992098605667,0.06382598314917944,0.06382879956115584,False,0.52
30,3,Christine Chiu,0.07046979865771812,0.0701942730767966,0.07033754637887582,0.07033203586725736,True,0.52
30,3,Cody Rigsby,0.06040268456375839,0.0609666583482026,0.06067339198029165,0.0606846714559805,False,0.52
30,3,Iman Shumpert,0.06375838926174497,0.0638992098605667,0.06382598314917944,0.06382879956115584,False,0.52
30,3,Jimmie Allen,0.06711409395973154,0.0669728197580493,0.0670462823429241,0.06704345685889043,False,0.52
30,3,JoJo Siwa,0.08053691275167785,0.0808185343641219,0.08067209112565103,0.08067772355789987,False,0.52
30,3,Kenya Moore,0.07046979865771812,0.0701942730767966,0.07033754637887582,0.07033203586725736,False,0.52
30,3,Matt James,0.06711409395973154,0.0669728197580493,0.0670462823429241,0.06704345685889043,False,0.52
30,3,Melanie C,0.0738255033557047,0.0735706812193421,0.0737031887302507,0.0736980922875234,False,0.52
30,3,Melora Hardin,0.07718120805369127,0.0771094976531248,0.07714678706141942,0.07714535285340804,False,0.52
30,3,"Mike ""The Miz"" Mizanin",0.0738255033557047,0.0735706812193421,0.0737031887302507,0.0736980922875234,False,0.52
30,3,Olivia Jade,0.08053691275167785,0.0808185343641219,0.08067209112565103,0.08067772355789987,False,0.52
30,3,Suni Lee,0.07046979865771812,0.0701942730767966,0.07033754637887582,0.07033203586725736,False,0.52
30,4,Amanda Kloots,0.0815347721822542,0.0813417042847533,0.08144982230735383,0.08143823823350375,False,0.56
30,4,Brian Austin Green,0.06235011990407674,0.063386973386789,0.06280633543647016,0.06286854664543287,True,0.56
30,4,Cody Rigsby,0.06954436450839328,0.0696013214216016,0.06956942555020496,0.06957284296499744,False,0.56
30,4,Iman Shumpert,0.07553956834532374,0.0752428741137922,0.07540902288344989,0.07539122122955796,False,0.56
30,4,Jimmie Allen,0.07793764988009592,0.0776255218498812,0.07780031354680148,0.07778158586498857,False,0.56
30,4,JoJo Siwa,0.08393285371702638,0.0839174781350529,0.08392608846095809,0.08392516592603964,False,0.56
30,4,Kenya Moore,0.07074340527577938,0.0706947337655993,0.07072198981130016,0.07071906952068935,False,0.56
30,4,Matt James,0.0683453237410072,0.0685248205289996,0.06842430232772387,0.0684350721350034,True,0.56
30,4,Melanie C,0.07913669064748201,0.0788449915677878,0.07900834305241658,0.07899084110763491,False,0.56
30,4,Melora Hardin,0.08752997601918465,0.0879348766760551,0.08770813230820768,0.08773242634761988,False,0.56
30,4,"Mike ""The Miz"" Mizanin",0.07793764988009592,0.0776255218498812,0.07780031354680148,0.07778158586498857,False,0.56
30,4,Olivia Jade,0.08393285371702638,0.0839174781350529,0.08392608846095809,0.08392516592603964,False,0.56
30,4,Suni Lee,0.0815347721822542,0.0813417042847533,0.08144982230735383,0.08143823823350375,False,0.56
30,5,Amanda Kloots,0.1012987012987013,0.1014928023829119,0.10137634173238555,0.1013957518408066,False,0.6000000000000001
30,5,Cody Rigsby,0.08311688311688312,0.0830952785269563,0.0831082412809124,0.08310608082191971,False,0.6000000000000001
30,5,Iman Shumpert,0.07272727272727272,0.0741212428383426,0.07328486077170068,0.07342425778280766,False,0.6000000000000001
30,5,Jimmie Allen,0.08831168831168831,0.0879818673694589,0.08817975993479656,0.0881467778405736,False,0.6000000000000001
30,5,JoJo Siwa,0.1038961038961039,0.1044344197344297,0.10411143023143424,0.10416526181526681,False,0.6000000000000001
30,5,Kenya Moore,0.09350649350649351,0.0931558221241888,0.09336622495357164,0.09333115781534115,False,0.6000000000000001
30,5,Melanie C,0.09350649350649351,0.0931558221241888,0.09336622495357164,0.09333115781534115,True,0.6000000000000001
30,5,Melora Hardin,0.09350649350649351,0.0931558221241888,0.09336622495357164,0.09333115781534115,False,0.6000000000000001
30,5,"Mike ""The Miz"" Mizanin",0.08311688311688312,0.0830952785269563,0.0831082412809124,0.08310608082191971,False,0.6000000000000001
30,5,Olivia Jade,0.09350649350649351,0.0931558221241888,0.09336622495357164,0.09333115781534115,False,0.6000000000000001
30,5,Suni Lee,0.09350649350649351,0.0931558221241888,0.09336622495357164,0.09333115781534115,False,0.6000000000000001
30,6,Amanda Kloots,0.1043956043956044,0.1042483796121735,0.1043426034735693,0.10432199200388895,False,0.64
30,6,Cody Rigsby,0.0989010989010989,0.098674964553543,0.09881969053597878,0.09878803172732095,False,0.64
30,6,Iman Shumpert,0.10989010989010989,0.1101365954468298,0.10997884469052907,0.11001335266846984,False,0.64
30,6,Jimmie Allen,0.1043956043956044,0.1042483796121735,0.1043426034735693,0.10432199200388895,False,0.64
30,6,JoJo Siwa,0.10989010989010989,0.1101365954468298,0.10997884469052907,0.11001335266846984,False,0.64
30,6,Kenya Moore,0.08791208791208792,0.0884061159702683,0.08808993801303286,0.08815910194117811,True,0.64
30,6,Melora Hardin,0.09340659340659341,0.0933995201255479,0.09340404702541703,0.09340305676607066,False,0.64
30,6,"Mike ""The Miz"" Mizanin",0.09340659340659341,0.0933995201255479,0.09340404702541703,0.09340305676607066,False,0.64
30,6,Olivia Jade,0.0989010989010989,0.098674964553543,0.09881969053597878,0.09878803172732095,False,0.64
30,6,Suni Lee,0.0989010989010989,0.098674964553543,0.09881969053597878,0.09878803172732095,False,0.64
30,7,Amanda Kloots,0.10397553516819572,0.103846144773782,0.10393413024198335,0.10391083997098885,False,0.68
30,7,Cody Rigsby,0.11009174311926606,0.109722702667033,0.1099736501745515,0.10990722289314953,False,0.68
30,7,Iman Shumpert,0.10397553516819572,0.103846144773782,0.10393413024198335,0.10391083997098885,False,0.68
30,7,Jimmie Allen,0.1162079510703364,0.1159318095706297,0.11611958579043029,0.11606988032048304,False,0.68
30,7,JoJo Siwa,0.11926605504587157,0.1191669088184037,0.11923432825308188,0.11921648193213763,False,0.68
30,7,Melora Hardin,0.1162079510703364,0.1159318095706297,0.11611958579043029,0.11606988032048304,False,0.68
30,7,"Mike ""The Miz"" Mizanin",0.09785932721712538,0.0982843251419237,0.09799532655306087,0.09807182617952453,True,0.68
30,7,Olivia Jade,0.12844036697247707,0.1294240099100335,0.12875513271249517,0.12893218844125529,False,0.68
30,7,Suni Lee,0.10397553516819572,0.103846144773782,0.10393413024198335,0.10391083997098885,False,0.68
30,8,Amanda Kloots,0.13636363636363635,0.1363070688473704,0.1363477974590819,0.1363353526055034,False,0.72
30,8,Cody Rigsby,0.12337662337662338,0.1228561422740498,0.1232308886679028,0.12311638282533659,False,0.72
30,8,Iman Shumpert,0.11363636363636363,0.1136464164057696,0.11363917841179733,0.11364139002106662,False,0.72
30,8,Jimmie Allen,0.1038961038961039,0.1051270837811554,0.10424077826391834,0.10451159383862965,True,0.72
30,8,JoJo Siwa,0.1331168831168831,0.1328122097626942,0.13303157457771023,0.13296454643978867,False,0.72
30,8,Melora Hardin,0.13636363636363635,0.1363070688473704,0.1363477974590819,0.1363353526055034,False,0.72
30,8,Olivia Jade,0.11688311688311688,0.1166369412342193,0.11681418770142557,0.11676002905866809,True,0.72
30,8,Suni Lee,0.13636363636363635,0.1363070688473704,0.1363477974590819,0.1363353526055034,False,0.72
30,9,Amanda Kloots,0.1747787610619469,0.1748113043111427,0.1747865714417539,0.17479503268654478,False,0.76
30,9,Cody Rigsby,0.1570796460176991,0.1571989877676279,0.157108288037682,0.1571393168926635,False,0.76
30,9,Iman Shumpert,0.16592920353982302,0.165771409139364,0.16589133288371286,0.16585030633959352,False,0.76
30,9,JoJo Siwa,0.17699115044247787,0.1771472783014773,0.17702862112863774,0.1770692143719776,False,0.76
30,9,Melora Hardin,0.1592920353982301,0.159299611341024,0.15929385362450063,0.15929582336962705,True,0.76
30,9,Suni Lee,0.16592920353982302,0.165771409139364,0.16589133288371286,0.16585030633959352,True,0.76
30,10,Amanda Kloots,0.2484076433121019,0.248357476256216,0.24839760990092474,0.24838255978415896,True,0.8
30,10,Cody Rigsby,0.24203821656050956,0.2421098231305959,0.24205253787452682,0.2420740198455527,False,0.8
30,10,Iman Shumpert,0.25477707006369427,0.254766350306594,0.2547749261122742,0.2547717101851441,False,0.8
30,10,JoJo Siwa,0.25477707006369427,0.254766350306594,0.2547749261122742,0.2547717101851441,False,0.8
31,1,Charli D'Amelio,0.08376963350785341,0.0863891369052565,0.08523655541039918,0.08507938520655495,False,0.44
31,1,Cheryl Ladd,0.0549738219895288,0.0544960898568168,0.054706291995210106,0.054734955923172804,False,0.44
31,1,Daniel Durant,0.07068062827225131,0.0700660139354851,0.07033644424366227,0.07037332110386821,False,0.44
31,1,Gabby Windey,0.07329842931937172,0.0730630429582466,0.07316661295714169,0.07318073613880915,False,0.44
31,1,Heidi D'Amelio,0.06282722513089005,0.0617925868639368,0.062247827701396266,0.06230990599741343,False,0.44
31,1,Jason Lewis,0.04712041884816754,0.0480611665639053,0.047647237568980705,0.04759079270603642,True,0.44
31,1,Jessie James Decker,0.05235602094240838,0.0522606729303518,0.05230262605565672,0.05230834693638009,False,0.44
31,1,Jordin Sparks,0.06806282722513089,0.0671919223459264,0.0675751204927764,0.06762737478552865,False,0.44
31,1,Joseph Baena,0.060209424083769635,0.0592578693278965,0.05967655342048071,0.05973364670583307,False,0.44
31,1,Sam Champion,0.05235602094240838,0.0522606729303518,0.05230262605565672,0.05230834693638009,False,0.44
31,1,Selma Blair,0.07329842931937172,0.0730630429582466,0.07316661295714169,0.07318073613880915,False,0.44
31,1,Shangela,0.07329842931937172,0.0730630429582466,0.07316661295714169,0.07318073613880915,False,0.44
31,1,Teresa Giudice,0.05235602094240838,0.0522606729303518,0.05230262605565672,0.05230834693638009,False,0.44
31,1,Trevor Donovan,0.0549738219895288,0.0544960898568168,0.054706291995210106,0.054734955923172804,False,0.44
31,1,Vinny Guadagnino,0.04450261780104712,0.0460897086937189,0.045391388700943336,0.04529616324738301,False,0.44
31,1,Wayne Brady,0.07591623036649214,0.0761882679844449,0.07606857143254572,0.07605224917546852,False,0.44
31,2,Charli D'Amelio,0.07766990291262135,0.078103147727762,0.07789519021649452,0.07788652532019168,False,0.48000000000000004
31,2,Cheryl Ladd,0.050970873786407765,0.05232869713364,0.05167694192696855,0.051649785460023884,False,0.48000000000000004
31,2,Daniel Durant,0.0703883495145631,0.0700218305812007,0.07019775966921468,0.0702050900478819,False,0.48000000000000004
31,2,Gabby Windey,0.07766990291262135,0.078103147727762,0.07789519021649452,0.07788652532019168,False,0.48000000000000004
31,2,Heidi D'Amelio,0.06796116504854369,0.0675183418370019,0.06773089697854198,0.06773975344277279,False,0.48000000000000004
31,2,Jessie James Decker,0.06067961165048544,0.0605322324487269,0.06060297446557103,0.06060592204960617,False,0.48000000000000004
31,2,Jordin Sparks,0.06553398058252427,0.0651043602627859,0.06531057801626035,0.06531917042265509,False,0.48000000000000004
31,2,Joseph Baena,0.05825242718446602,0.0583680250674178,0.05831253808360097,0.05831022612594191,False,0.48000000000000004
31,2,Sam Champion,0.06310679611650485,0.0627766857109597,0.0629351387056214,0.06294174091373228,False,0.48000000000000004
31,2,Selma Blair,0.06796116504854369,0.0675183418370019,0.06773089697854198,0.06773975344277279,False,0.48000000000000004
31,2,Shangela,0.06796116504854369,0.0675183418370019,0.06773089697854198,0.06773975344277279,False,0.48000000000000004
31,2,Teresa Giudice,0.055825242718446605,0.0562811945380739,0.05606233766465282,0.05605321862826025,True,0.48000000000000004
31,2,Trevor Donovan,0.07281553398058252,0.0726181453001169,0.07271289186674043,0.07271683964034971,False,0.48000000000000004
31,2,Vinny Guadagnino,0.06553398058252427,0.0651043602627859,0.06531057801626035,0.06531917042265509,False,0.48000000000000004
31,2,Wayne Brady,0.07766990291262135,0.078103147727762,0.07789519021649452,0.07788652532019168,False,0.48000000000000004
31,3,Charli D'Amelio,0.08188585607940446,0.0821542734775621,0.08201469643052016,0.08202006477848328,False,0.52
31,3,Cheryl Ladd,0.05955334987593052,0.0600960296343394,0.05981383615996681,0.05982468975513496,True,0.52
31,3,Daniel Durant,0.07692307692307693,0.0766400629750978,0.07678723022804698,0.07678156994908736,False,0.52
31,3,Gabby Windey,0.08188585607940446,0.0821542734775621,0.08201469643052016,0.08202006477848328,False,0.52
31,3,Heidi D'Amelio,0.0794044665012407,0.0793492828763674,0.07937797836130155,0.07937687468880406,False,0.52
31,3,Jessie James Decker,0.06451612903225806,0.0644199060105077,0.06446994198181791,0.06446801752138288,False,0.52
31,3,Jordin Sparks,0.07196029776674938,0.0714959673331075,0.07173741915860131,0.07172813254992844,False,0.52
31,3,Joseph Baena,0.07196029776674938,0.0714959673331075,0.07173741915860131,0.07172813254992844,False,0.52
31,3,Sam Champion,0.062034739454094295,0.0622204193223481,0.062123865790856145,0.062127579388221194,False,0.52
31,3,Selma Blair,0.06947890818858561,0.0690548829207736,0.06927537606003586,0.0692668955546796,False,0.52
31,3,Shangela,0.07444168734491315,0.0740233438779612,0.07424088248077625,0.07423251561143718,False,0.52
31,3,Trevor Donovan,0.06699751861042183,0.066697144371576,0.06685333897577586,0.06684733149099892,False,0.52
31,3,Vinny Guadagnino,0.05707196029776675,0.0580441729121266,0.057538622352659496,0.057558066604946674,False,0.52
31,3,Wayne Brady,0.08188585607940446,0.0821542734775621,0.08201469643052016,0.08202006477848328,False,0.52
31,4,Charli D'Amelio,0.08780487804878048,0.0880930087479299,0.08793165555640627,0.08794894339835518,False,0.56
31,4,Daniel Durant,0.07073170731707316,0.0705584859901031,0.07065548993320636,0.07064509665358813,False,0.56
31,4,Gabby Windey,0.08780487804878048,0.0880930087479299,0.08793165555640627,0.08794894339835518,False,0.56
31,4,Heidi D'Amelio,0.08292682926829269,0.0826800665544713,0.0828182536742113,0.082803447911382,False,0.56
31,4,Jessie James Decker,0.07560975609756097,0.0751778461556004,0.07541971572309836,0.07539380112658069,False,0.56
31,4,Jordin Sparks,0.08292682926829269,0.0826800665544713,0.0828182536742113,0.082803447911382,False,0.56
31,4,Joseph Baena,0.06829268292682927,0.0683563619155005,0.06832070168184465,0.06832452242116488,False,0.56
31,4,Sam Champion,0.06097560975609756,0.0621538452252507,0.06149403336252497,0.061564727490674126,True,0.56
31,4,Selma Blair,0.07804878048780488,0.0775997267276042,0.07785119683331662,0.07782425360770454,False,0.56
31,4,Shangela,0.07804878048780488,0.0775997267276042,0.07785119683331662,0.07782425360770454,False,0.56
31,4,Trevor Donovan,0.06829268292682927,0.0683563619155005,0.06832070168184465,0.06832452242116488,False,0.56
31,4,Vinny Guadagnino,0.07073170731707316,0.0705584859901031,0.07065548993320636,0.07064509665358813,False,0.56
31,4,Wayne Brady,0.08780487804878048,0.0880930087479299,0.08793165555640627,0.08794894339835518,False,0.56
31,5,Charli D'Amelio,0.09364548494983277,0.093957230803788,0.09377018329141487,0.09380135787681038,False,0.6000000000000001
31,5,Daniel Durant,0.07469342251950947,0.0748446729093418,0.07475392267544242,0.07476904771442563,False,0.6000000000000001
31,5,Gabby Windey,0.09141583054626533,0.0914766578651899,0.09144016147383519,0.09144624420572761,False,0.6000000000000001
31,5,Heidi D'Amelio,0.08695652173913043,0.0867102524446901,0.08685801402135432,0.08683338709191027,False,0.6000000000000001
31,5,Jessie James Decker,0.0802675585284281,0.0800222379342279,0.08016943029074802,0.080144898231328,False,0.6000000000000001
31,5,Jordin Sparks,0.07915273132664437,0.0789588352441612,0.07907517289365112,0.07905578328540278,False,0.6000000000000001
31,5,Joseph Baena,0.07803790412486064,0.0779095639419491,0.07798656805169604,0.07797373403340488,True,0.6000000000000001
31,5,Selma Blair,0.08918617614269789,0.0890615747462797,0.08913633558413064,0.0891238754444888,True,0.6000000000000001
31,5,Shangela,0.0858416945373467,0.0855579738020729,0.08572820624323721,0.0856998341697098,False,0.6000000000000001
31,5,Trevor Donovan,0.0802675585284281,0.0800222379342279,0.08016943029074802,0.080144898231328,False,0.6000000000000001
31,5,Vinny Guadagnino,0.06911928651059086,0.070002104508881,0.06947241370990694,0.06956069550973593,False,0.6000000000000001
31,5,Wayne Brady,0.09141583054626533,0.0914766578651899,0.09144016147383519,0.09144624420572761,False,0.6000000000000001
31,6,Charli D'Amelio,0.11594202898550725,0.116842764413769,0.1162662937396815,0.11639239669963813,False,0.64
31,6,Daniel Durant,0.09855072463768116,0.0981911504404106,0.09842127792666377,0.09837093753904588,False,0.64
31,6,Gabby Windey,0.1072463768115942,0.1071117428596223,0.10719790858888434,0.10717905983560824,False,0.64
31,6,Heidi D'Amelio,0.10434782608695652,0.1040516185350945,0.1042411913682862,0.1041997223110255,False,0.64
31,6,Jessie James Decker,0.0927536231884058,0.0926607597320504,0.09272019234411788,0.0927071914602281,True,0.64
31,6,Jordin Sparks,0.09855072463768116,0.0981911504404106,0.09842127792666377,0.09837093753904588,False,0.64
31,6,Shangela,0.10434782608695652,0.1040516185350945,0.1042411913682862,0.1041997223110255,False,0.64
31,6,Trevor Donovan,0.09855072463768116,0.0981911504404106,0.09842127792666377,0.09837093753904588,False,0.64
31,6,Vinny Guadagnino,0.08115942028985507,0.0825168941627264,0.08164811088408877,0.08183815722629073,False,0.64
31,6,Wayne Brady,0.09855072463768116,0.0981911504404106,0.09842127792666377,0.09837093753904588,False,0.64
31,7,Charli D'Amelio,0.11981566820276497,0.1199338399444808,0.11985348316011404,0.11987475407362289,False,0.68
31,7,Daniel Durant,0.11213517665130568,0.1119235258293631,0.11206744838828406,0.11202935124033439,False,0.68
31,7,Gabby Windey,0.10906298003072197,0.1088712578372699,0.10900162892881732,0.10896711893399594,False,0.68
31,7,Heidi D'Amelio,0.10752688172043011,0.1073764816027118,0.10747875368276025,0.10745168166157096,False,0.68
31,7,Jordin Sparks,0.10599078341013825,0.1059022282870193,0.1059624457707402,0.10594650584857877,True,0.68
31,7,Shangela,0.11213517665130568,0.1119235258293631,0.11206744838828406,0.11202935124033439,False,0.68
31,7,Trevor Donovan,0.11981566820276497,0.1199338399444808,0.11985348316011404,0.11987475407362289,False,0.68
31,7,Vinny Guadagnino,0.0967741935483871,0.0974721781578851,0.09699754862342647,0.09712318585313609,False,0.68
31,7,Wayne Brady,0.11674347158218126,0.1166631225674258,0.11671775989745953,0.11670329707480354,False,0.68
31,8,Charli D'Amelio,0.14331210191082802,0.1436038662260733,0.1433937959190967,0.14345798406845067,False,0.72
31,8,Daniel Durant,0.12420382165605096,0.1232472299714265,0.12393597598435613,0.12372552581373872,False,0.72
31,8,Gabby Windey,0.12738853503184713,0.1264276293934676,0.12711948145310087,0.12690808221265737,False,0.72
31,8,Heidi D'Amelio,0.11146496815286625,0.111305815742375,0.1114204054779287,0.11138539194762062,True,0.72
31,8,Shangela,0.1337579617834395,0.1330367570468809,0.13355602445720308,0.13339735941516018,False,0.72
31,8,Trevor Donovan,0.12420382165605096,0.1232472299714265,0.12393597598435613,0.12372552581373872,False,0.72
31,8,Vinny Guadagnino,0.09235668789808917,0.0955276054222766,0.09324454480486166,0.09394214666018288,True,0.72
31,8,Wayne Brady,0.14331210191082802,0.1436038662260733,0.1433937959190967,0.14345798406845067,False,0.72
31,9,Charli D'Amelio,0.18181818181818182,0.1820285066439709,0.1818686597763712,0.18192334423107637,False,0.76
31,9,Daniel Durant,0.15681818181818183,0.1566733876052073,0.15678343120706795,0.15674578471169456,True,0.76
31,9,Gabby Windey,0.18181818181818182,0.1820285066439709,0.1818686597763712,0.18192334423107637,False,0.76
31,9,Shangela,0.16590909090909092,0.1654565726154795,0.1658004865186242,0.1656828317622852,False,0.76
31,9,Trevor Donovan,0.14772727272727273,0.1483564538758919,0.14787827620294133,0.1480418633015823,True,0.76
31,9,Wayne Brady,0.16590909090909092,0.1654565726154795,0.1658004865186242,0.1656828317622852,False,0.76
31,10,Charli D'Amelio,0.2564102564102564,0.2564088519458561,0.2564099755173763,0.2564095541780562,False,0.8
31,10,Gabby Windey,0.2564102564102564,0.2564088519458561,0.2564099755173763,0.2564095541780562,False,0.8
31,10,Shangela,0.24358974358974358,0.2435911480541438,0.24359002448262362,0.2435904458219437,True,0.8
31,10,Wayne Brady,0.24358974358974358,0.2435911480541438,0.24359002448262362,0.2435904458219437,False,0.8
32,1,Adrian Peterson,0.07792207792207792,0.0766039243660351,0.07718391193069396,0.07726300114405651,False,0.44
32,1,Alyson Hannigan,0.05627705627705628,0.0565778748081542,0.05644551465447113,0.056427465542605235,False,0.44
32,1,Ariana Madix,0.09090909090909091,0.091878448285236,0.09145193103973219,0.09139376959716346,False,0.44
32,1,Barry Williams,0.06926406926406926,0.0678592825063462,0.06847738867974437,0.06856167588520773,False,0.44
32,1,Charity Lawson,0.09523809523809523,0.0976190393587213,0.09657142394564586,0.09642856729840826,False,0.44
32,1,Harry Jowsey,0.05194805194805195,0.0532507529145762,0.052677564489305544,0.05259940243131407,False,0.44
32,1,Jamie Lynn Spears,0.06493506493506493,0.0638687454761921,0.06433792603809617,0.06440190520562852,False,0.44
32,1,Jason Mraz,0.09090909090909091,0.091878448285236,0.09145193103973219,0.09139376959716346,False,0.44
32,1,Lele Pons,0.08225108225108226,0.0813901589250297,0.08176896518849285,0.08182062058805598,False,0.44
32,1,Matt Walsh,0.05194805194805195,0.0532507529145762,0.052677564489305544,0.05259940243131407,True,0.44
32,1,Mauricio Umansky,0.06493506493506493,0.0638687454761921,0.06433792603809617,0.06440190520562852,False,0.44
32,1,Mira Sorvino,0.0735930735930736,0.0720991494030932,0.07275647604668459,0.0728461114980834,False,0.44
32,1,Tyson Beckford,0.05194805194805195,0.0532507529145762,0.052677564489305544,0.05259940243131407,False,0.44
32,1,Xochitl Gomez,0.07792207792207792,0.0766039243660351,0.07718391193069396,0.07726300114405651,False,0.44
32,2,Adrian Peterson,0.06302521008403361,0.0630325194306933,0.06302901094429667,0.06302886475736345,False,0.48000000000000004
32,2,Alyson Hannigan,0.07983193277310924,0.078424640464277,0.0791001407725165,0.07912828661869312,False,0.48000000000000004
32,2,Ariana Madix,0.08403361344537816,0.0828274905990126,0.08340642956526809,0.08343055202219538,False,0.48000000000000004
32,2,Barry Williams,0.06302521008403361,0.0630325194306933,0.06302901094429667,0.06302886475736345,False,0.48000000000000004
32,2,Charity Lawson,0.08823529411764706,0.0874775218390001,0.08784125253275066,0.08785640797832359,False,0.48000000000000004
32,2,Harry Jowsey,0.06302521008403361,0.0630325194306933,0.06302901094429667,0.06302886475736345,False,0.48000000000000004
32,2,Jamie Lynn Spears,0.06722689075630252,0.0665712380658723,0.06688595135727882,0.06689906441108741,True,0.48000000000000004
32,2,Jason Mraz,0.10084033613445378,0.1030534116271229,0.10199113539064175,0.10194687388078835,False,0.48000000000000004
32,2,Lele Pons,0.08823529411764706,0.0874775218390001,0.08784125253275066,0.08785640797832359,False,0.48000000000000004
32,2,Mauricio Umansky,0.05042016806722689,0.0535055415245898,0.05202456226505561,0.05196285479590834,False,0.48000000000000004
32,2,Mira Sorvino,0.07563025210084033,0.0742558320609611,0.07491555368010315,0.07494304208090072,False,0.48000000000000004
32,2,Tyson Beckford,0.07563025210084033,0.0742558320609611,0.07491555368010315,0.07494304208090072,False,0.48000000000000004
32,2,Xochitl Gomez,0.10084033613445378,0.1030534116271229,0.10199113539064175,0.10194687388078835,False,0.48000000000000004
32,3,Adrian Peterson,0.06811145510835913,0.0683706158286057,0.0682358522540775,0.06824103546848241,False,0.52
32,3,Alyson Hannigan,0.07430340557275542,0.073644285117399,0.07398702775418435,0.0739738453450772,False,0.52
32,3,Ariana Madix,0.10526315789473684,0.1067792450192049,0.10599087971448153,0.10602120145697086,False,0.52
32,3,Barry Williams,0.07739938080495357,0.0764317547216537,0.07693492028496965,0.07691556776330363,False,0.52
32,3,Charity Lawson,0.09907120743034056,0.099132780337789,0.09910076242591583,0.09910199388406478,False,0.52
32,3,Harry Jowsey,0.07430340557275542,0.073644285117399,0.07398702775418435,0.0739738453450772,False,0.52
32,3,Jason Mraz,0.10526315789473684,0.1067792450192049,0.10599087971448153,0.10602120145697086,False,0.52
32,3,Lele Pons,0.08359133126934984,0.082327208385178,0.08298455228494739,0.08295926982726393,False,0.52
32,3,Mauricio Umansky,0.07120743034055728,0.0709584746576051,0.07108793161274024,0.0710829524990812,False,0.52
32,3,Mira Sorvino,0.0804953560371517,0.07932473131511,0.07993345617057171,0.07991004367613086,False,0.52
32,3,Tyson Beckford,0.06191950464396285,0.0634745941430612,0.06266594760353006,0.06269704939351202,True,0.52
32,3,Xochitl Gomez,0.09907120743034056,0.099132780337789,0.09910076242591583,0.09910199388406478,False,0.52
32,4,Adrian Peterson,0.0875,0.0868438008911796,0.08721127239211904,0.0871719004455898,True,0.56
32,4,Alyson Hannigan,0.075,0.0756873555609768,0.0753024364468298,0.0753436777804884,False,0.56
32,4,Ariana Madix,0.10416666666666667,0.1043180542525786,0.10423327720446793,0.10424236045962264,False,0.56
32,4,Barry Williams,0.075,0.0756873555609768,0.0753024364468298,0.0753436777804884,False,0.56
32,4,Charity Lawson,0.1,0.0996447252956384,0.09984367913008091,0.09982236264781921,False,0.56
32,4,Harry Jowsey,0.0875,0.0868438008911796,0.08721127239211904,0.0871719004455898,False,0.56
32,4,Jason Mraz,0.1,0.0996447252956384,0.09984367913008091,0.09982236264781921,False,0.56
32,4,Lele Pons,0.09166666666666666,0.0909167676059894,0.09133671107996867,0.09129171713632803,False,0.56
32,4,Mauricio Umansky,0.07916666666666666,0.0792370859593286,0.07919765115543792,0.07920187631299763,False,0.56
32,4,Mira Sorvino,0.0875,0.0868438008911796,0.08721127239211904,0.0871719004455898,False,0.56
32,4,Xochitl Gomez,0.1125,0.114332527795334,0.11330631222994697,0.113416263897667,False,0.56
32,5,Alyson Hannigan,0.0875,0.0875735230101784,0.08752940920407137,0.0875367615050892,False,0.6000000000000001
32,5,Ariana Madix,0.1,0.0992338021285957,0.0996935208514383,0.09961690106429785,False,0.6000000000000001
32,5,Barry Williams,0.1,0.0992338021285957,0.0996935208514383,0.09961690106429785,False,0.6000000000000001
32,5,Charity Lawson,0.11666666666666667,0.1172308854528657,0.1168923541811463,0.11694877605976618,False,0.6000000000000001
32,5,Harry Jowsey,0.075,0.0772833628049032,0.0759133451219613,0.07614168140245159,False,0.6000000000000001
32,5,Jason Mraz,0.1125,0.1124466293739578,0.11247865174958316,0.11247331468697891,False,0.6000000000000001
32,5,Lele Pons,0.1,0.0992338021285957,0.0996935208514383,0.09961690106429785,False,0.6000000000000001
32,5,Mauricio Umansky,0.1,0.0992338021285957,0.0996935208514383,0.09961690106429785,False,0.6000000000000001
32,5,Mira Sorvino,0.09166666666666666,0.091299505390846,0.09151980215633841,0.09148308602875632,True,0.6000000000000001
32,5,Xochitl Gomez,0.11666666666666667,0.1172308854528657,0.1168923541811463,0.11694877605976618,False,0.6000000000000001
32,6,Alyson Hannigan,0.09627329192546584,0.0964956460068451,0.0963533393947624,0.09638446896615546,False,0.64
32,6,Ariana Madix,0.12732919254658384,0.1276128401288468,0.12743130567619854,0.12747101633771532,False,0.64
32,6,Barry Williams,0.09937888198757763,0.0992307750746497,0.0993255634989236,0.09930482853111366,False,0.64
32,6,Charity Lawson,0.11801242236024845,0.1173487255674967,0.11777349151485784,0.11768057396387258,False,0.64
32,6,Harry Jowsey,0.09006211180124224,0.0912494775629776,0.090489563475467,0.09065579468210992,False,0.64
32,6,Jason Mraz,0.12111801242236025,0.1206749265273485,0.12095850150015605,0.12089646947485438,False,0.64
32,6,Lele Pons,0.11490683229813664,0.1141142057310041,0.11462148673396896,0.11451051901457038,False,0.64
32,6,Mauricio Umansky,0.10248447204968944,0.1020434302415803,0.10232569699877017,0.10226395114563487,True,0.64
32,6,Xochitl Gomez,0.13043478260869565,0.1312299731592507,0.13072105120689548,0.13083237788397317,False,0.64
32,7,Alyson Hannigan,0.12411347517730496,0.1239506519818828,0.12406137175476989,0.12403206357959388,False,0.68
32,7,Ariana Madix,0.13120567375886524,0.1311866485405782,0.1311995856890134,0.1311961611497217,False,0.68
32,7,Barry Williams,0.11524822695035461,0.1154643163285975,0.11531737555139235,0.11535627163947605,False,0.68
32,7,Charity Lawson,0.1276595744680851,0.1275173345781772,0.12761405770331458,0.12758845452313117,False,0.68
32,7,Harry Jowsey,0.11347517730496454,0.1138380854261145,0.11359130790373254,0.11365663136553952,False,0.68
32,7,Jason Mraz,0.1276595744680851,0.1275173345781772,0.12761405770331458,0.12758845452313117,False,0.68
32,7,Lele Pons,0.12943262411347517,0.1293389800258941,0.12940265800544923,0.12938580206968464,True,0.68
32,7,Xochitl Gomez,0.13120567375886524,0.1311866485405782,0.1311995856890134,0.1311961611497217,False,0.68
32,8,Alyson Hannigan,0.1422924901185771,0.1412697402931741,0.14200612016746428,0.1417811152058756,False,0.72
32,8,Ariana Madix,0.16600790513833993,0.1667805738958521,0.16622425239044336,0.16639423951709603,False,0.72
32,8,Barry Williams,0.1383399209486166,0.1374146683114789,0.13808085021021804,0.13787729463004775,True,0.72
32,8,Charity Lawson,0.1541501976284585,0.1534960858139828,0.1539670463204053,0.15382314172122064,False,0.72
32,8,Harry Jowsey,0.11067193675889328,0.1132193673763547,0.11138521733178247,0.111945652067624,False,0.72
32,8,Jason Mraz,0.13043478260869565,0.1300172536431079,0.1303178744983311,0.1302260181259018,False,0.72
32,8,Xochitl Gomez,0.15810276679841898,0.1578023106660493,0.15801863908135547,0.15795253873223414,False,0.72
32,9,Alyson Hannigan,0.14479638009049775,0.1450480728811381,0.14485678636025145,0.14492222648581793,False,0.76
32,9,Ariana Madix,0.167420814479638,0.1661368474419197,0.16711266239058561,0.16677883096077883,False,0.76
32,9,Charity Lawson,0.17194570135746606,0.1707091365159632,0.1716489257955054,0.17132741893671463,False,0.76
32,9,Harry Jowsey,0.13574660633484162,0.1373821669483614,0.13613914088208637,0.1365643866416015,True,0.76
32,9,Jason Mraz,0.19457013574660634,0.1955288147367208,0.1948002187042338,0.19504947524166355,False,0.76
32,9,Xochitl Gomez,0.18552036199095023,0.1851949614758965,0.18544226586733736,0.18535766173342338,False,0.76
32,10,Alyson Hannigan,0.17894736842105263,0.1797465364049042,0.17910720201782296,0.17934695241297843,False,0.8
32,10,Ariana Madix,0.20350877192982456,0.2032333334870364,0.20345368424126692,0.20337105270843048,False,0.8
32,10,Charity Lawson,0.20701754385964913,0.2068302905632282,0.20698009320036498,0.20692391721143866,False,0.8
32,10,Jason Mraz,0.2,0.1996989305955955,0.19993978611911914,0.19984946529779773,False,0.8
32,10,Xochitl Gomez,0.21052631578947367,0.2104909089492355,0.21051923442142606,0.2105086123693546,False,0.8
32,11,Alyson Hannigan,0.18213058419243985,0.1827217493385638,0.18224881722166467,0.18242616676550183,True,0.8
32,11,Ariana Madix,0.2027491408934708,0.2025642831454583,0.2027121693438683,0.20265671201946456,False,0.8
32,11,Charity Lawson,0.2027491408934708,0.2025642831454583,0.2027121693438683,0.20265671201946456,True,0.8
32,11,Jason Mraz,0.20618556701030927,0.2060748421852597,0.20616342204529936,0.20613020459778447,False,0.8
32,11,Xochitl Gomez,0.20618556701030927,0.2060748421852597,0.20616342204529936,0.20613020459778447,False,0.8
33,1,Anna Delvey,0.0728744939271255,0.0724675085778248,0.07264658213151715,0.07267100125247515,False,0.44
33,1,Brooks Nader,0.0728744939271255,0.0724675085778248,0.07264658213151715,0.07267100125247515,False,0.44
33,1,Chandler Kinney,0.0931174089068826,0.0942825569582121,0.09376989181562714,0.09369998293254735,False,0.44
33,1,Danny Amendola,0.08097165991902834,0.0805116151630275,0.08071403485566789,0.08074163754102792,False,0.44
33,1,Dwight Howard ,0.08906882591093117,0.0894486412375847,0.08928152249385718,0.08925873357425793,False,0.44
33,1,Eric Roberts,0.06072874493927125,0.0618828800435184,0.061375060597649675,0.06130581249139483,False,0.44
33,1,Ilona Maher,0.0728744939271255,0.0724675085778248,0.07264658213151715,0.07267100125247515,False,0.44
33,1,Jenn Tran,0.07692307692307693,0.0763837427889026,0.07662104980793932,0.07665340985598976,False,0.44
33,1,Joey Graziadei,0.08502024291497975,0.0848625628895105,0.084931942100717,0.08494140290224513,False,0.44
33,1,Phaedra Parks,0.07692307692307693,0.0763837427889026,0.07662104980793932,0.07665340985598976,False,0.44
33,1,Reginald VelJohnson,0.06477732793522267,0.0652271077762296,0.06502920464618658,0.06500221785572613,False,0.44
33,1,Stephen Nedoroscik,0.08502024291497975,0.0848625628895105,0.084931942100717,0.08494140290224513,False,0.44
33,1,Tori Spelling,0.06882591093117409,0.0687520617311265,0.06878455537914746,0.0687889863311503,False,0.44
33,2,Anna Delvey,0.06589147286821706,0.0660681779063284,0.06598335948803499,0.06597982538727273,True,0.48000000000000004
33,2,Brooks Nader,0.07751937984496124,0.0768495794890433,0.07717108365988393,0.07718447966700226,False,0.48000000000000004
33,2,Chandler Kinney,0.09302325581395349,0.094009927249016,0.09353632496018602,0.09351659153148474,False,0.48000000000000004
33,2,Danny Amendola,0.08139534883720931,0.0808210616082098,0.08109671947812959,0.08110820522270956,False,0.48000000000000004
33,2,Dwight Howard ,0.08527131782945736,0.0849977845410246,0.08512908051947235,0.08513455118524099,False,0.48000000000000004
33,2,Eric Roberts,0.05813953488372093,0.0597346356393331,0.05896898727663928,0.058937085261527015,False,0.48000000000000004
33,2,Ilona Maher,0.08139534883720931,0.0808210616082098,0.08109671947812959,0.08110820522270956,False,0.48000000000000004
33,2,Jenn Tran,0.07364341085271318,0.0730732528146212,0.07334692867290538,0.07335833183366719,False,0.48000000000000004
33,2,Joey Graziadei,0.08527131782945736,0.0849977845410246,0.08512908051947235,0.08513455118524099,False,0.48000000000000004
33,2,Phaedra Parks,0.08139534883720931,0.0808210616082098,0.08109671947812959,0.08110820522270956,False,0.48000000000000004
33,2,Reginald VelJohnson,0.05813953488372093,0.0597346356393331,0.05896898727663928,0.058937085261527015,False,0.48000000000000004
33,2,Stephen Nedoroscik,0.08527131782945736,0.0849977845410246,0.08512908051947235,0.08513455118524099,False,0.48000000000000004
33,2,Tori Spelling,0.07364341085271318,0.0730732528146212,0.07334692867290538,0.07335833183366719,True,0.48000000000000004
33,3,Brooks Nader,0.0959119496855346,0.0950919482592728,0.09551834900092895,0.09550194897240369,False,0.52
33,3,Chandler Kinney,0.10849056603773585,0.1092030594432358,0.10883256287237586,0.10884681274048583,False,0.52
33,3,Danny Amendola,0.09433962264150944,0.0934614173472566,0.0939180841002681,0.09390051999438302,False,0.52
33,3,Dwight Howard ,0.08176100628930817,0.0813844255640415,0.08158024754118019,0.08157271592667484,False,0.52
33,3,Eric Roberts,0.07232704402515723,0.0733623115888332,0.07282397245572171,0.07284467780699522,True,0.52
33,3,Ilona Maher,0.0880503144654088,0.0872141259384489,0.08764894397246807,0.08763222020192885,False,0.52
33,3,Jenn Tran,0.09748427672955975,0.0967509254663539,0.09713226812322097,0.09711760109795683,False,0.52
33,3,Joey Graziadei,0.11006289308176101,0.1111082195527531,0.11056464978783724,0.11058555631725706,False,0.52
33,3,Phaedra Parks,0.0880503144654088,0.0872141259384489,0.08764894397246807,0.08763222020192885,False,0.52
33,3,Reginald VelJohnson,0.0660377358490566,0.0684585154350009,0.06719971005030988,0.06724812564202876,True,0.52
33,3,Stephen Nedoroscik,0.09748427672955975,0.0967509254663539,0.09713226812322097,0.09711760109795683,False,0.52
33,4,Brooks Nader,0.10884353741496598,0.1086500357057644,0.10875839666291731,0.10874678656036518,True,0.56
33,4,Chandler Kinney,0.10884353741496598,0.1086500357057644,0.10875839666291731,0.10874678656036518,False,0.56
33,4,Danny Amendola,0.12244897959183673,0.122802947138627,0.12260472531242447,0.12262596336523186,False,0.56
33,4,Dwight Howard ,0.09863945578231292,0.0991164380201506,0.09884932796696154,0.09887794690123176,False,0.56
33,4,Ilona Maher,0.10884353741496598,0.1086500357057644,0.10875839666291731,0.10874678656036518,False,0.56
33,4,Jenn Tran,0.10884353741496598,0.1086500357057644,0.10875839666291731,0.10874678656036518,False,0.56
33,4,Joey Graziadei,0.12244897959183673,0.122802947138627,0.12260472531242447,0.12262596336523186,False,0.56
33,4,Phaedra Parks,0.10884353741496598,0.1086500357057644,0.10875839666291731,0.10874678656036518,False,0.56
33,4,Stephen Nedoroscik,0.11224489795918367,0.1120274891737728,0.11214923809360292,0.11213619356647823,False,0.56
33,5,Chandler Kinney,0.13366336633663367,0.1338524511965374,0.13373900028059518,0.13375790876658555,False,0.6000000000000001
33,5,Danny Amendola,0.12623762376237624,0.126132399156258,0.12619553391992896,0.12618501145931713,False,0.6000000000000001
33,5,Dwight Howard ,0.1188118811881188,0.1188576075723382,0.11883017174180659,0.11883474438022851,False,0.6000000000000001
33,5,Ilona Maher,0.12871287128712872,0.1286549638869658,0.12868970832706356,0.12868391758704725,False,0.6000000000000001
33,5,Jenn Tran,0.12623762376237624,0.126132399156258,0.12619553391992896,0.12618501145931713,False,0.6000000000000001
33,5,Joey Graziadei,0.12871287128712872,0.1286549638869658,0.12868970832706356,0.12868391758704725,False,0.6000000000000001
33,5,Phaedra Parks,0.1188118811881188,0.1188576075723382,0.11883017174180659,0.11883474438022851,True,0.6000000000000001
33,5,Stephen Nedoroscik,0.1188118811881188,0.1188576075723382,0.11883017174180659,0.11883474438022851,False,0.6000000000000001
33,6,Chandler Kinney,0.1553398058252427,0.1552560213454712,0.15530964341252498,0.15529791358535694,False,0.64
33,6,Danny Amendola,0.13592233009708737,0.135524600154669,0.13577914731781676,0.13572346512587818,False,0.64
33,6,Dwight Howard ,0.15048543689320387,0.1500689600880244,0.15033550524333927,0.15027719849061413,False,0.64
33,6,Ilona Maher,0.11650485436893204,0.1183008368236706,0.11715140805263793,0.11740284559630132,False,0.64
33,6,Jenn Tran,0.15048543689320387,0.1500689600880244,0.15033550524333927,0.15027719849061413,True,0.64
33,6,Joey Graziadei,0.1553398058252427,0.1552560213454712,0.15530964341252498,0.15529791358535694,False,0.64
33,6,Stephen Nedoroscik,0.13592233009708737,0.135524600154669,0.13577914731781676,0.13572346512587818,False,0.64
33,7,Chandler Kinney,0.1875,0.1883930314563604,0.18778577006603533,0.18794651572818022,False,0.68
33,7,Danny Amendola,0.159375,0.1591393722711584,0.1592995991267707,0.1592571861355792,False,0.68
33,7,Dwight Howard ,0.15,0.1504348911191492,0.15013916515812775,0.1502174455595746,True,0.68
33,7,Ilona Maher,0.1625,0.1621513848773862,0.1623884431607636,0.1623256924386931,False,0.68
33,7,Joey Graziadei,0.171875,0.1715338071528108,0.17176581828889947,0.1717044035764054,False,0.68
33,7,Stephen Nedoroscik,0.16875,0.1683475131231348,0.16862120419940316,0.16854875656156743,False,0.68
33,8,Chandler Kinney,0.20714285714285716,0.2071273191013063,0.20713850649122292,0.20713508812208173,False,0.72
33,8,Danny Amendola,0.19285714285714287,0.1928485374751044,0.1928547333501721,0.19285284016612364,False,0.72
33,8,Ilona Maher,0.20357142857142857,0.2034614454028796,0.20354063328423488,0.2035164369871541,False,0.72
33,8,Joey Graziadei,0.20714285714285716,0.2071273191013063,0.20713850649122292,0.20713508812208173,False,0.72
33,8,Stephen Nedoroscik,0.18928571428571428,0.1894353789194034,0.18932762038314724,0.18936054660255885,False,0.72
33,9,Chandler Kinney,0.20618556701030927,0.2062166500008122,0.20619302692803,0.20620110850556073,False,0.76
33,9,Danny Amendola,0.19243986254295534,0.1925197590426943,0.1924590377028927,0.19247981079282483,True,0.76
33,9,Ilona Maher,0.1958762886597938,0.1958562405287339,0.19587147710833946,0.19586626459426387,False,0.76
33,9,Joey Graziadei,0.2027491408934708,0.2027036752138797,0.20273822913036893,0.20272640805367526,False,0.76
33,9,Stephen Nedoroscik,0.2027491408934708,0.2027036752138797,0.20273822913036893,0.20272640805367526,True,0.76
34,1,Alix Earle,0.07926829268292683,0.0785316835659261,0.07885579157740644,0.07889998812442647,False,0.44
34,1,Andy Richter,0.054878048780487805,0.0558147817951879,0.05540261926871987,0.055346415287837854,False,0.44
34,1,Baron Davis,0.06097560975609756,0.060788741230088,0.06087096338153222,0.06088217549309278,False,0.44
34,1,Corey Feldman,0.054878048780487805,0.0558147817951879,0.05540261926871987,0.055346415287837854,False,0.44
34,1,Danielle Fishel,0.07317073170731707,0.0721059310251252,0.07257444332528964,0.07263833136622114,False,0.44
34,1,Dylan Efron,0.06097560975609756,0.060788741230088,0.06087096338153222,0.06088217549309278,False,0.44
34,1,Elaine Hendrix,0.07317073170731707,0.0721059310251252,0.07257444332528964,0.07263833136622114,False,0.44
34,1,Hilaria Baldwin,0.08536585365853659,0.0855300699404297,0.08545781477639676,0.08544796179948315,False,0.44
34,1,Jen Affleck,0.07317073170731707,0.0721059310251252,0.07257444332528964,0.07263833136622114,False,0.44
34,1,Jordan Chiles,0.06097560975609756,0.060788741230088,0.06087096338153222,0.06088217549309278,False,0.44
34,1,Lauren Jauregui,0.07926829268292683,0.0785316835659261,0.07885579157740644,0.07889998812442647,False,0.44
34,1,Robert Irwin,0.09146341463414634,0.0931521206708071,0.09240909001467638,0.09230776765247672,False,0.44
34,1,Scott Hoying,0.06097560975609756,0.060788741230088,0.06087096338153222,0.06088217549309278,False,0.44
34,1,Whitney Leavitt,0.09146341463414634,0.0931521206708071,0.09240909001467638,0.09230776765247672,False,0.44
34,2,Alix Earle,0.07553956834532374,0.0752001095154868,0.07536304975380856,0.07536983893040528,False,0.48000000000000004
34,2,Andy Richter,0.05755395683453238,0.0584606644860645,0.0580254448133291,0.05800731066029843,False,0.48000000000000004
34,2,Baron Davis,0.06474820143884892,0.0646555242791264,0.06470000931579323,0.06470186285898766,True,0.48000000000000004
34,2,Corey Feldman,0.0539568345323741,0.0555895044135247,0.054805822870572424,0.0547731694729494,True,0.48000000000000004
34,2,Danielle Fishel,0.0683453237410072,0.0679949381080107,0.06816312321184904,0.06817013092450895,False,0.48000000000000004
34,2,Dylan Efron,0.07194244604316546,0.07150683038858,0.07171592590278104,0.07172463821587273,False,0.48000000000000004
34,2,Elaine Hendrix,0.07553956834532374,0.0752001095154868,0.07536304975380856,0.07536983893040528,False,0.48000000000000004
34,2,Hilaria Baldwin,0.07553956834532374,0.0752001095154868,0.07536304975380856,0.07536983893040528,False,0.48000000000000004
34,2,Jen Affleck,0.07913669064748201,0.0790841439959049,0.07910936638866194,0.07911041732169345,False,0.48000000000000004
34,2,Jordan Chiles,0.07913669064748201,0.0790841439959049,0.07910936638866194,0.07911041732169345,False,0.48000000000000004
34,2,Lauren Jauregui,0.07553956834532374,0.0752001095154868,0.07536304975380856,0.07536983893040528,False,0.48000000000000004
34,2,Robert Irwin,0.07913669064748201,0.0790841439959049,0.07910936638866194,0.07911041732169345,False,0.48000000000000004
34,2,Scott Hoying,0.06474820143884892,0.0646555242791264,0.06470000931579323,0.06470186285898766,False,0.48000000000000004
34,2,Whitney Leavitt,0.07913669064748201,0.0790841439959049,0.07910936638866194,0.07911041732169345,False,0.48000000000000004
34,3,Alix Earle,0.08949416342412451,0.0893364849833085,0.08941847777253287,0.0894153242037165,False,0.52
34,3,Andy Richter,0.07003891050583658,0.0707354552486699,0.0703732519823966,0.07038718287725323,False,0.52
34,3,Danielle Fishel,0.08171206225680934,0.0813714729867412,0.08154857940717666,0.08154176762177527,False,0.52
34,3,Dylan Efron,0.08949416342412451,0.0893364849833085,0.08941847777253287,0.0894153242037165,False,0.52
34,3,Elaine Hendrix,0.08171206225680934,0.0813714729867412,0.08154857940717666,0.08154176762177527,False,0.52
34,3,Hilaria Baldwin,0.08560311284046693,0.0852610190799388,0.08543890783541346,0.08543206596020286,False,0.52
34,3,Jen Affleck,0.07392996108949416,0.0741166010423297,0.07401954826685525,0.07402328106591194,False,0.52
34,3,Jordan Chiles,0.0933852140077821,0.093606757640207,0.09349155495134609,0.09349598582399454,False,0.52
34,3,Lauren Jauregui,0.07003891050583658,0.0707354552486699,0.0703732519823966,0.07038718287725323,True,0.52
34,3,Robert Irwin,0.08560311284046693,0.0852610190799388,0.08543890783541346,0.08543206596020286,False,0.52
34,3,Scott Hoying,0.08560311284046693,0.0852610190799388,0.08543890783541346,0.08543206596020286,False,0.52
34,3,Whitney Leavitt,0.0933852140077821,0.093606757640207,0.09349155495134609,0.09349598582399454,False,0.52
34,4,Alix Earle,0.0967741935483871,0.0966420253843802,0.09671603955622407,0.09670810946638364,False,0.56
34,4,Andy Richter,0.07258064516129033,0.0740606727831361,0.07323185731490248,0.07332065897221321,False,0.56
34,4,Danielle Fishel,0.0846774193548387,0.0846012613327492,0.08464390982511935,0.08463934034379395,False,0.56
34,4,Dylan Efron,0.09274193548387097,0.0924491582889065,0.09261311351808663,0.09259554688638874,False,0.56
34,4,Elaine Hendrix,0.0967741935483871,0.0966420253843802,0.09671603955622407,0.09670810946638364,False,0.56
34,4,Hilaria Baldwin,0.09274193548387097,0.0924491582889065,0.09261311351808663,0.09259554688638874,True,0.56
34,4,Jen Affleck,0.09274193548387097,0.0924491582889065,0.09261311351808663,0.09259554688638874,False,0.56
34,4,Jordan Chiles,0.0967741935483871,0.0966420253843802,0.09671603955622407,0.09670810946638364,False,0.56
34,4,Robert Irwin,0.08870967741935484,0.0884382010241755,0.08859022780547596,0.08857393922176518,False,0.56
34,4,Scott Hoying,0.0846774193548387,0.0846012613327492,0.08464390982511935,0.08463934034379395,False,0.56
34,4,Whitney Leavitt,0.10080645161290322,0.1010250525073295,0.1009026360064508,0.10091575206011635,False,0.56
34,5,Alix Earle,0.11182108626198083,0.1118732417523114,0.11184194845811309,0.11184716400714612,False,0.6000000000000001
34,5,Andy Richter,0.07667731629392971,0.07872248033833,0.07749538191168984,0.07769989831612986,False,0.6000000000000001
34,5,Danielle Fishel,0.0926517571884984,0.0923580775530679,0.09253428533432621,0.09250491737078315,False,0.6000000000000001
34,5,Dylan Efron,0.11501597444089456,0.1155051759156407,0.11521165503079303,0.11526057517826763,False,0.6000000000000001
34,5,Elaine Hendrix,0.09584664536741214,0.0953564572537925,0.09565057012196429,0.09560155131060233,False,0.6000000000000001
34,5,Jen Affleck,0.0926517571884984,0.0923580775530679,0.09253428533432621,0.09250491737078315,False,0.6000000000000001
34,5,Jordan Chiles,0.10223642172523961,0.1016484015509988,0.10200121365554331,0.1019424116381192,False,0.6000000000000001
34,5,Robert Irwin,0.11182108626198083,0.1118732417523114,0.11184194845811309,0.11184716400714612,False,0.6000000000000001
34,5,Scott Hoying,0.09584664536741214,0.0953564572537925,0.09565057012196429,0.09560155131060233,False,0.6000000000000001
34,5,Whitney Leavitt,0.10543130990415335,0.1049483890766865,0.10523814157316662,0.10518984949041993,False,0.6000000000000001
34,6,Alix Earle,0.10294117647058823,0.1023059996561494,0.10271251281739027,0.10262358806336881,False,0.64
34,6,Andy Richter,0.07941176470588235,0.0808563562914268,0.07993181767667837,0.08013406049865457,False,0.64
34,6,Danielle Fishel,0.10588235294117647,0.1053596866781506,0.10569419308648717,0.10562101980966354,False,0.64
34,6,Dylan Efron,0.09411764705882353,0.0936657903366526,0.093954978638842,0.09389171869773806,False,0.64
34,6,Elaine Hendrix,0.10588235294117647,0.1053596866781506,0.10569419308648717,0.10562101980966354,False,0.64
34,6,Jen Affleck,0.09411764705882353,0.0936657903366526,0.093954978638842,0.09389171869773806,False,0.64
34,6,Jordan Chiles,0.11470588235294117,0.1150786005256067,0.11484006089510078,0.11489224143927393,False,0.64
34,6,Robert Irwin,0.10588235294117647,0.1053596866781506,0.10569419308648717,0.10562101980966354,False,0.64
34,6,Scott Hoying,0.08235294117647059,0.0832698022934531,0.0826830111785843,0.08281137173496184,True,0.64
34,6,Whitney Leavitt,0.11470588235294117,0.1150786005256067,0.11484006089510078,0.11489224143927393,False,0.64
34,7,Alix Earle,0.12951807228915663,0.1301768141324341,0.12972886967900543,0.12984744321079536,False,0.68
34,7,Andy Richter,0.08734939759036145,0.0890658125012159,0.08789865036183489,0.08820760504578867,False,0.68
34,7,Danielle Fishel,0.10542168674698796,0.1047971068567411,0.10522182118210897,0.10510939680186453,False,0.68
34,7,Dylan Efron,0.1144578313253012,0.1136759056149128,0.11420761509797692,0.114066868470107,False,0.68
34,7,Elaine Hendrix,0.0963855421686747,0.0966117977783893,0.09645794396378339,0.096498669973532,False,0.68
34,7,Jen Affleck,0.10240963855421686,0.1019943818068337,0.10227675639505426,0.10220201018052529,True,0.68
34,7,Jordan Chiles,0.1144578313253012,0.1136759056149128,0.11420761509797692,0.114066868470107,False,0.68
34,7,Robert Irwin,0.12349397590361445,0.1233069490652577,0.12343412731534031,0.12340046248443608,False,0.68
34,7,Whitney Leavitt,0.12650602409638553,0.1266953266293022,0.12656660090691887,0.12660067536284386,False,0.68
34,8,Alix Earle,0.12769485903814262,0.1276139892833761,0.12767221550680802,0.12765442416075937,False,0.72
34,8,Andy Richter,0.11276948590381426,0.1132510474932586,0.11290432314885868,0.11301026669853642,False,0.72
34,8,Danielle Fishel,0.12271973466003316,0.1226345756540567,0.12269589013835977,0.12267715515704493,True,0.72
34,8,Dylan Efron,0.12603648424543948,0.1259321160729896,0.12600726115715352,0.12598430015921452,False,0.72
34,8,Elaine Hendrix,0.12437810945273632,0.1242724089081261,0.12434851330024546,0.12432525918043122,False,0.72
34,8,Jordan Chiles,0.12935323383084577,0.1293183245755891,0.1293434592393739,0.12933577920321743,False,0.72
34,8,Robert Irwin,0.12603648424543948,0.1259321160729896,0.12600726115715352,0.12598430015921452,False,0.72
34,8,Whitney Leavitt,0.1310116086235489,0.131045421939614,0.13102107635204713,0.13102851528158144,False,0.72
34,9,Alix Earle,0.14814814814814814,0.1473310885104208,0.14795205383509358,0.14773961832928445,False,0.76
34,9,Andy Richter,0.10740740740740741,0.1107745629567282,0.10821552473924441,0.1090909851820678,True,0.76
34,9,Dylan Efron,0.15555555555555556,0.155172004606908,0.15546350332788017,0.15536378008123178,False,0.76
34,9,Elaine Hendrix,0.13333333333333333,0.1328178516701626,0.13320961773417236,0.13307559250174797,False,0.76
34,9,Jordan Chiles,0.14444444444444443,0.1435604830419642,0.14423229370784918,0.1440024637432043,False,0.76
34,9,Robert Irwin,0.15555555555555556,0.155172004606908,0.15546350332788017,0.15536378008123178,False,0.76
34,9,Whitney Leavitt,0.15555555555555556,0.155172004606908,0.15546350332788017,0.15536378008123178,False,0.76
34,10,Alix Earle,0.1686046511627907,0.1685762584059351,0.1685989726114196,0.1685904547843629,False,0.8
34,10,Dylan Efron,0.15988372093023256,0.1599822126568555,0.15990341927555715,0.15993296679354402,False,0.8
34,10,Elaine Hendrix,0.16569767441860464,0.1656614684033868,0.16569043321556107,0.1656795714109957,False,0.8
34,10,Jordan Chiles,0.16569767441860464,0.1656614684033868,0.16569043321556107,0.1656795714109957,False,0.8
34,10,Robert Irwin,0.17151162790697674,0.1715423337245006,0.17151776907048152,0.17152698081573867,False,0.8
34,10,Whitney Leavitt,0.1686046511627907,0.1685762584059351,0.1685989726114196,0.1685904547843629,True,0.8
34,11,Alix Earle,0.2031609129238783,0.2031725730996604,0.20316324495903473,0.20316674301176935,False,0.8
34,11,Dylan Efron,0.19864532303262358,0.1986367504817647,0.19864360852245183,0.19864103675719413,True,0.8
34,11,Elaine Hendrix,0.19638752808699622,0.196406954958706,0.1963914134613382,0.1963972415228511,True,0.8
34,11,Jordan Chiles,0.20090311797825097,0.2008918607299344,0.20090086652858766,0.20089748935409268,False,0.8
34,11,Robert Irwin,0.20090311797825097,0.2008918607299344,0.20090086652858766,0.20089748935409268,False,0.8
