celebrity_name,ballroom_partner,celebrity_industry,celebrity_homestate,celebrity_homecountry/region,celebrity_age_during_season,season,results,placement,week1_judge1_score,week1_judge2_score,week1_judge3_score,week1_judge4_score,week2_judge1_score,week2_judge2_score,week2_judge3_score,week2_judge4_score,week3_judge1_score,week3_judge2_score,week3_judge3_score,week3_judge4_score,week4_judge1_score,week4_judge2_score,week4_judge3_score,week4_judge4_score,week5_judge1_score,week5_judge2_score,week5_judge3_score,week5_judge4_score,week6_judge1_score,week6_judge2_score,week6_judge3_score,week6_judge4_score,week7_judge1_score,week7_judge2_score,week7_judge3_score,week7_judge4_score,week8_judge1_score,week8_judge2_score,week8_judge3_score,week8_judge4_score,week9_judge1_score,week9_judge2_score,week9_judge3_score,week9_judge4_score,week10_judge1_score,week10_judge2_score,week10_judge3_score,week10_judge4_score,week11_judge1_score,week11_judge2_score,week11_judge3_score,week11_judge4_score,is_withdrew,is_controversial,contestants,weeks,judges,voting_method,is_allstar,active_weeks,week1_total,week1_avg,week2_total,week2_avg,week3_total,week3_avg,week4_total,week4_avg,week5_total,week5_avg,week6_total,week6_avg,week7_total,week7_avg,week8_total,week8_avg,week9_total,week9_avg,week10_total,week10_avg,week11_total,week11_avg,overall_avg_score,elimination_week,is_finalist,final_rank
John O'Hurley,Charlotte Jorgensen,Actor/Actress,Maine,United States,50,1,2nd Place,2,7.0,7.0,6.0,,8.0,9.0,9.0,,9.0,8.0,7.0,,7.0,8.0,6.0,,9.0,9.0,9.0,,9.0,9.0,9.0,,,,,,,,,,,,,,,,,,,,,,False,False,6,6,3,rank,False,6,20.0,6.666666666666667,26.0,8.666666666666666,24.0,8.0,21.0,7.0,27.0,9.0,27.0,9.0,0.0,,0.0,,0.0,,0.0,,0.0,,8.055555555555555,,True,2.0
Kelly Monaco,Alec Mazo,Actor/Actress,Pennsylvania,United States,29,1,1st Place,1,5.0,4.0,4.0,,5.0,6.0,6.0,,6.0,7.0,8.0,,9.0,9.0,8.0,,8.5,7.5,7.5,,8.5,9.5,9.5,,,,,,,,,,,,,,,,,,,,,,False,False,6,6,3,rank,False,6,13.0,4.333333333333333,17.0,5.666666666666667,21.0,7.0,26.0,8.666666666666666,23.5,7.833333333333333,27.5,9.166666666666666,0.0,,0.0,,0.0,,0.0,,0.0,,7.111111111111111,,True,1.0
Evander Holyfield,Edyta Sliwinska,Athlete,Alabama,United States,42,1,Eliminated Week 3,5,5.0,7.0,6.0,,5.0,4.0,5.0,,5.0,4.0,4.0,,0.0,0.0,0.0,,0.0,0.0,0.0,,0.0,0.0,0.0,,,,,,,,,,,,,,,,,,,,,,False,False,6,6,3,rank,False,3,18.0,6.0,14.0,4.666666666666667,13.0,4.333333333333333,0.0,0.0,0.0,0.0,0.0,0.0,0.0,,0.0,,0.0,,0.0,,0.0,,5.0,3.0,False,
Rachel Hunter,Jonathan Roberts,Model,Non-US,New Zealand,35,1,Eliminated Week 4,4,7.0,6.0,7.0,,8.0,8.0,8.0,,8.0,9.0,9.0,,7.0,9.0,9.0,,0.0,0.0,0.0,,0.0,0.0,0.0,,,,,,,,,,,,,,,,,,,,,,False,False,6,6,3,rank,False,4,20.0,6.666666666666667,24.0,8.0,26.0,8.666666666666666,25.0,8.333333333333334,0.0,0.0,0.0,0.0,0.0,,0.0,,0.0,,0.0,,0.0,,7.916666666666667,4.0,False,
Joey McIntyre,Ashly DelGrosso,Singer/Rapper,Massachusetts,United States,32,1,3rd Place,3,7.0,7.0,6.0,,8.0,7.0,6.0,,7.0,7.0,8.0,,7.0,6.0,7.0,,8.5,7.0,7.0,,0.0,0.0,0.0,,,,,,,,,,,,,,,,,,,,,,False,False,6,6,3,rank,False,5,20.0,6.666666666666667,21.0,7.0,22.0,7.333333333333333,20.0,6.666666666666667,22.5,7.5,0.0,0.0,0.0,,0.0,,0.0,,0.0,,0.0,,7.033333333333333,,True,3.0
Trista Sutter,Louis van Amstel,TV Personality,Indiana,United States,32,1,Eliminated Week 2,6,6.0,6.0,6.0,,6.0,7.0,6.0,,0.0,0.0,0.0,,0.0,0.0,0.0,,0.0,0.0,0.0,,0.0,0.0,0.0,,,,,,,,,,,,,,,,,,,,,,False,False,6,6,3,rank,False,2,18.0,6.0,19.0,6.333333333333333,0.0,0.0,0.0,0.0,0.0,0.0,0.0,0.0,0.0,,0.0,,0.0,,0.0,,0.0,,6.166666666666667,2.0,False,
Tatum O'Neal,Nick Kosovich,Actor/Actress,California,United States,42,2,Eliminated Week 2,9,7.0,8.0,8.0,,5.0,6.0,6.0,,0.0,0.0,0.0,,0.0,0.0,0.0,,0.0,0.0,0.0,,0.0,0.0,0.0,,0.0,0.0,0.0,,0.0,0.0,0.0,,,,,,,,,,,,,,False,False,10,8,3,rank,False,2,23.0,7.666666666666667,17.0,5.666666666666667,0.0,0.0,0.0,0.0,0.0,0.0,0.0,0.0,0.0,0.0,0.0,0.0,0.0,,0.0,,0.0,,6.666666666666667,2.0,False,
Tia Carrere,Maksim Chmerkoskiy,Actor/Actress,Hawaii,United States,39,2,Eliminated Week 5,6,6.0,7.0,7.0,,7.0,8.0,7.0,,9.0,8.0,9.0,,9.0,8.0,8.0,,7.0,7.0,8.0,,0.0,0.0,0.0,,0.0,0.0,0.0,,0.0,0.0,0.0,,,,,,,,,,,,,,False,False,10,8,3,rank,False,5,20.0,6.666666666666667,22.0,7.333333333333333,26.0,8.666666666666666,25.0,8.333333333333334,22.0,7.333333333333333,0.0,0.0,0.0,0.0,0.0,0.0,0.0,,0.0,,0.0,,7.666666666666667,5.0,False,
George Hamilton,Edyta Sliwinska,Actor/Actress,Tennessee,United States,66,2,Eliminated Week 6,5,7.0,5.0,6.0,,8.0,7.0,7.0,,7.0,7.0,8.0,,7.0,7.0,7.0,,8.0,8.0,8.0,,8.0,7.0,8.0,,0.0,0.0,0.0,,0.0,0.0,0.0,,,,,,,,,,,,,,False,False,10,8,3,rank,False,6,18.0,6.0,22.0,7.333333333333333,22.0,7.333333333333333,21.0,7.0,24.0,8.0,23.0,7.666666666666667,0.0,0.0,0.0,0.0,0.0,,0.0,,0.0,,7.222222222222222,6.0,False,
Lisa Rinna,Louis van Amstel,Actor/Actress,California,United States,42,2,Eliminated Week 7,4,5.0,7.0,7.0,,6.0,7.0,7.0,,8.0,8.0,9.0,,9.0,9.0,8.0,,7.0,9.0,9.0,,9.0,9.0,9.0,,8.5,9.0,9.0,,0.0,0.0,0.0,,,,,,,,,,,,,,False,False,10,8,3,rank,False,7,19.0,6.333333333333333,20.0,6.666666666666667,25.0,8.333333333333334,26.0,8.666666666666666,25.0,8.333333333333334,27.0,9.0,26.5,8.833333333333334,0.0,0.0,0.0,,0.0,,0.0,,8.023809523809524,7.0,False,
Stacy Keibler,Tony Dovolani,Athlete,Maryland,United States,26,2,3rd Place,3,8.0,6.0,8.0,,9.0,10.0,10.0,,9.0,9.0,9.0,,8.0,9.0,9.0,,10.0,10.0,10.0,,10.0,10.0,10.0,,9.0,9.0,9.5,,9.3333,9.6666,9.6666,,,,,,,,,,,,,,False,False,10,8,3,rank,False,8,22.0,7.333333333333333,29.0,9.666666666666666,27.0,9.0,26.0,8.666666666666666,30.0,10.0,30.0,10.0,27.5,9.166666666666666,28.6665,9.5555,0.0,,0.0,,0.0,,9.173604166666667,,True,3.0
Jerry Rice,Anna Trebunskaya,Athlete,Mississippi,United States,43,2,2nd Place,2,7.0,7.0,7.0,,7.0,8.0,8.0,,7.0,6.0,6.0,,8.0,8.0,8.0,,7.0,8.0,8.0,,8.0,7.0,8.0,,7.0,7.0,6.5,,9.0,9.0,8.6666,,,,,,,,,,,,,,False,True,10,8,3,rank,False,8,21.0,7.0,23.0,7.666666666666667,19.0,6.333333333333333,24.0,8.0,23.0,7.666666666666667,23.0,7.666666666666667,20.5,6.833333333333333,26.666600000000003,8.888866666666667,0.0,,0.0,,0.0,,7.506941666666667,,True,2.0
Giselle Fernandez,Jonathan Roberts,News Anchor,Non-US,Mexico,44,2,Eliminated Week 3,8,7.0,8.0,8.0,,8.0,8.0,8.0,,7.0,8.0,7.0,,0.0,0.0,0.0,,0.0,0.0,0.0,,0.0,0.0,0.0,,0.0,0.0,0.0,,0.0,0.0,0.0,,,,,,,,,,,,,,False,False,10,8,3,rank,False,3,23.0,7.666666666666667,24.0,8.0,22.0,7.333333333333333,0.0,0.0,0.0,0.0,0.0,0.0,0.0,0.0,0.0,0.0,0.0,,0.0,,0.0,,7.666666666666667,3.0,False,
Master P,Ashly DelGrosso,Singer/Rapper,Louisiana,United States,35,2,Eliminated Week 4,7,4.0,4.0,4.0,,6.0,5.0,5.0,,6.0,4.0,4.0,,4.0,2.0,2.0,,0.0,0.0,0.0,,0.0,0.0,0.0,,0.0,0.0,0.0,,0.0,0.0,0.0,,,,,,,,,,,,,,False,False,10,8,3,rank,False,4,12.0,4.0,16.0,5.333333333333333,14.0,4.666666666666667,8.0,2.6666666666666665,0.0,0.0,0.0,0.0,0.0,0.0,0.0,0.0,0.0,,0.0,,0.0,,4.166666666666667,4.0,False,
Drew Lachey,Cheryl Burke,Singer/Rapper,Ohio,United States,29,2,1st Place,1,8.0,8.0,8.0,,9.0,9.0,9.0,,9.0,9.0,9.0,,9.0,9.0,10.0,,9.0,9.0,9.0,,10.0,10.0,10.0,,9.5,9.0,9.0,,9.6666,9.6666,9.6666,,,,,,,,,,,,,,False,False,10,8,3,rank,False,8,24.0,8.0,27.0,9.0,27.0,9.0,28.0,9.333333333333334,27.0,9.0,30.0,10.0,27.5,9.166666666666666,28.9998,9.6666,0.0,,0.0,,0.0,,9.145825,,True,1.0
Kenny Mayne,Andrea Hale,Sports Broadcaster,Washington,United States,46,2,Eliminated Week 1,10,4.0,5.0,4.0,,0.0,0.0,0.0,,0.0,0.0,0.0,,0.0,0.0,0.0,,0.0,0.0,0.0,,0.0,0.0,0.0,,0.0,0.0,0.0,,0.0,0.0,0.0,,,,,,,,,,,,,,False,False,10,8,3,rank,False,1,13.0,4.333333333333333,0.0,0.0,0.0,0.0,0.0,0.0,0.0,0.0,0.0,0.0,0.0,0.0,0.0,0.0,0.0,,0.0,,0.0,,4.333333333333333,1.0,False,
Harry Hamlin,Ashly DelGrosso,Actor/Actress,California,United States,54,3,Eliminated Week 3,9,5.0,6.0,6.0,,7.0,7.0,7.0,,7.0,8.0,7.0,,0.0,0.0,0.0,,0.0,0.0,0.0,,0.0,0.0,0.0,,0.0,0.0,0.0,,0.0,0.0,0.0,,0.0,0.0,0.0,,0.0,0.0,0.0,,,,,,False,False,11,10,3,percentage,False,3,17.0,5.666666666666667,21.0,7.0,22.0,7.333333333333333,0.0,0.0,0.0,0.0,0.0,0.0,0.0,0.0,0.0,0.0,0.0,0.0,0.0,0.0,0.0,,6.666666666666667,3.0,False,
Vivica A. Fox,Nick Kosovich,Actor/Actress,Indiana,United States,42,3,Eliminated Week 4,8,6.0,8.0,8.0,,8.0,8.0,8.0,,9.0,9.0,9.0,,8.0,8.0,8.0,,0.0,0.0,0.0,,0.0,0.0,0.0,,0.0,0.0,0.0,,0.0,0.0,0.0,,0.0,0.0,0.0,,0.0,0.0,0.0,,,,,,False,False,11,10,3,percentage,False,4,22.0,7.333333333333333,24.0,8.0,27.0,9.0,24.0,8.0,0.0,0.0,0.0,0.0,0.0,0.0,0.0,0.0,0.0,0.0,0.0,0.0,0.0,,8.083333333333334,4.0,False,
Monique Coleman,Louis van Amstel,Actor/Actress,South Carolina,United States,25,3,Eliminated Week 8,4,6.0,6.0,7.0,,9.0,8.0,9.0,,9.0,9.0,9.0,,8.0,8.0,8.0,,9.0,9.0,9.0,,9.0,7.0,7.0,,9.0,9.0,9.0,,8.5,9.0,9.0,,0.0,0.0,0.0,,0.0,0.0,0.0,,,,,,False,False,11,10,3,percentage,False,8,19.0,6.333333333333333,26.0,8.666666666666666,27.0,9.0,24.0,8.0,27.0,9.0,23.0,7.666666666666667,27.0,9.0,26.5,8.833333333333334,0.0,0.0,0.0,0.0,0.0,,8.3125,8.0,False,
Joey Lawrence,Edyta Sliwinska,Actor/Actress,Pennsylvania,United States,30,3,3rd Place,3,7.0,7.0,7.0,,10.0,9.0,10.0,,8.0,6.0,8.0,,9.0,9.0,9.0,,8.0,8.0,9.0,,8.0,8.0,8.0,,9.5,9.0,10.0,,9.5,8.5,9.0,,9.5,10.0,10.0,,0.0,0.0,0.0,,,,,,False,False,11,10,3,percentage,False,9,21.0,7.0,29.0,9.666666666666666,22.0,7.333333333333333,27.0,9.0,25.0,8.333333333333334,24.0,8.0,28.5,9.5,27.0,9.0,29.5,9.833333333333334,0.0,0.0,0.0,,8.62962962962963,,True,3.0
Mario Lopez,Karina Smirnoff,Actor/Actress,California,United States,32,3,2nd Place,2,9.0,8.0,9.0,,7.0,6.0,8.0,,8.0,6.0,8.0,,10.0,9.0,10.0,,9.0,9.0,9.0,,9.0,9.0,10.0,,9.5,9.0,9.5,,9.5,9.0,10.0,,10.0,9.5,10.0,,10.0,10.0,9.6666,,,,,,False,False,11,10,3,percentage,False,10,26.0,8.666666666666666,21.0,7.0,22.0,7.333333333333333,29.0,9.666666666666666,27.0,9.0,28.0,9.333333333333334,28.0,9.333333333333334,28.5,9.5,29.5,9.833333333333334,29.666600000000003,9.888866666666667,0.0,,8.955553333333334,,True,2.0
Emmitt Smith,Cheryl Burke,Athlete,Florida,United States,37,3,1st Place,1,8.0,8.0,8.0,,8.0,8.0,8.0,,7.0,6.0,6.0,,8.0,8.0,8.0,,9.0,9.0,9.0,,8.0,8.0,9.0,,10.0,9.5,9.0,,8.5,9.0,9.5,,9.5,10.0,10.0,,10.0,9.6666,10.0,,,,,,False,False,11,10,3,percentage,False,10,24.0,8.0,24.0,8.0,19.0,6.333333333333333,24.0,8.0,27.0,9.0,25.0,8.333333333333334,28.5,9.5,27.0,9.0,29.5,9.833333333333334,29.666600000000003,9.888866666666667,0.0,,8.588886666666667,,True,1.0
Shanna Moakler,Jesse DeSoto,Model,Rhode Island,United States,31,3,Eliminated Week 2,10,7.0,5.0,6.0,,8.0,7.0,7.0,,0.0,0.0,0.0,,0.0,0.0,0.0,,0.0,0.0,0.0,,0.0,0.0,0.0,,0.0,0.0,0.0,,0.0,0.0,0.0,,0.0,0.0,0.0,,0.0,0.0,0.0,,,,,,False,False,11,10,3,percentage,False,2,18.0,6.0,22.0,7.333333333333333,0.0,0.0,0.0,0.0,0.0,0.0,0.0,0.0,0.0,0.0,0.0,0.0,0.0,0.0,0.0,0.0,0.0,,6.666666666666667,2.0,False,
Willa Ford,Maksim Chmerkoskiy,Singer/Rapper,Florida,United States,25,3,Eliminated Week 5,7,7.0,7.0,8.0,,7.0,8.0,8.0,,7.0,7.0,8.0,,9.0,9.0,10.0,,9.0,9.0,9.0,,0.0,0.0,0.0,,0.0,0.0,0.0,,0.0,0.0,0.0,,0.0,0.0,0.0,,0.0,0.0,0.0,,,,,,False,False,11,10,3,percentage,False,5,22.0,7.333333333333333,23.0,7.666666666666667,22.0,7.333333333333333,28.0,9.333333333333334,27.0,9.0,0.0,0.0,0.0,0.0,0.0,0.0,0.0,0.0,0.0,0.0,0.0,,8.133333333333333,5.0,False,
Sara Evans,Tony Dovolani,Singer/Rapper,Missouri,United States,35,3,Withdrew,6,5.0,5.0,5.0,,7.0,7.0,7.0,,8.0,9.0,8.0,,6.0,7.0,7.0,,8.0,8.0,8.0,,0.0,0.0,0.0,,0.0,0.0,0.0,,0.0,0.0,0.0,,0.0,0.0,0.0,,0.0,0.0,0.0,,,,,,True,False,11,10,3,percentage,False,5,15.0,5.0,21.0,7.0,25.0,8.333333333333334,20.0,6.666666666666667,24.0,8.0,0.0,0.0,0.0,0.0,0.0,0.0,0.0,0.0,0.0,0.0,0.0,,7.0,-1.0,False,
Jerry Springer,Kym Johnson,TV Personality,Non-US,England,62,3,Eliminated Week 7,5,5.0,5.0,6.0,,7.0,6.0,6.0,,7.0,7.0,7.0,,7.0,7.0,8.0,,8.0,8.0,8.0,,7.0,6.0,5.0,,7.5,8.0,7.5,,0.0,0.0,0.0,,0.0,0.0,0.0,,0.0,0.0,0.0,,,,,,False,False,11,10,3,percentage,False,7,16.0,5.333333333333333,19.0,6.333333333333333,21.0,7.0,22.0,7.333333333333333,24.0,8.0,18.0,6.0,23.0,7.666666666666667,0.0,0.0,0.0,0.0,0.0,0.0,0.0,,6.809523809523809,7.0,False,
Tucker Carlson,Elena Grinenko,TV Personality,California,United States,37,3,Eliminated Week 1,11,5.0,4.0,3.0,,0.0,0.0,0.0,,0.0,0.0,0.0,,0.0,0.0,0.0,,0.0,0.0,0.0,,0.0,0.0,0.0,,0.0,0.0,0.0,,0.0,0.0,0.0,,0.0,0.0,0.0,,0.0,0.0,0.0,,,,,,False,False,11,10,3,percentage,False,1,12.0,4.0,0.0,0.0,0.0,0.0,0.0,0.0,0.0,0.0,0.0,0.0,0.0,0.0,0.0,0.0,0.0,0.0,0.0,0.0,0.0,,4.0,1.0,False,
John Ratzenberger,Edyta Sliwinska,Actor/Actress,Connecticut,United States,59,4,Eliminated Week 7,6,6.0,5.0,6.0,,7.0,7.0,7.0,,7.0,6.0,7.0,,6.0,5.0,5.0,,6.0,6.0,6.0,,7.0,6.0,6.0,,7.5,7.5,7.5,,0.0,0.0,0.0,,0.0,0.0,0.0,,0.0,0.0,0.0,,,,,,False,False,11,10,3,percentage,False,7,17.0,5.666666666666667,21.0,7.0,20.0,6.666666666666667,16.0,5.333333333333333,18.0,6.0,19.0,6.333333333333333,22.5,7.5,0.0,0.0,0.0,0.0,0.0,0.0,0.0,,6.357142857142857,7.0,False,
Ian Ziering,Cheryl Burke,Actor/Actress,New Jersey,United States,42,4,Eliminated Week 9,4,7.0,7.0,7.0,,7.0,8.0,7.0,,8.0,8.0,8.0,,7.0,9.0,8.0,,8.0,8.0,8.0,,8.0,8.0,8.0,,9.0,9.0,9.0,,8.0,7.5,8.0,,9.5,10.0,9.5,,0.0,0.0,0.0,,,,,,False,False,11,10,3,percentage,False,9,21.0,7.0,22.0,7.333333333333333,24.0,8.0,24.0,8.0,24.0,8.0,24.0,8.0,27.0,9.0,23.5,7.833333333333333,29.0,9.666666666666666,0.0,0.0,0.0,,8.092592592592593,9.0,False,
Clyde Drexler,Elena Grinenko,Athlete,Louisiana,United States,44,4,Eliminated Week 5,8,6.0,5.0,5.0,,6.0,6.0,6.0,,6.0,5.0,5.0,,6.0,4.0,5.0,,4.0,5.0,4.0,,0.0,0.0,0.0,,0.0,0.0,0.0,,0.0,0.0,0.0,,0.0,0.0,0.0,,0.0,0.0,0.0,,,,,,False,False,11,10,3,percentage,False,5,16.0,5.333333333333333,18.0,6.0,16.0,5.333333333333333,15.0,5.0,13.0,4.333333333333333,0.0,0.0,0.0,0.0,0.0,0.0,0.0,0.0,0.0,0.0,0.0,,5.2,5.0,False,
Laila Ali,Maksim Chmerkoskiy,Athlete,Florida,United States,29,4,3rd Place,3,7.0,8.0,8.0,,9.0,9.0,9.0,,7.0,7.0,7.0,,7.0,7.0,7.0,,9.0,10.0,9.0,,9.0,9.0,10.0,,10.0,9.5,10.0,,9.0,8.5,9.0,,10.0,10.0,10.0,,9.6666,9.0,9.6666,,,,,,False,False,11,10,3,percentage,False,10,23.0,7.666666666666667,27.0,9.0,21.0,7.0,21.0,7.0,28.0,9.333333333333334,28.0,9.333333333333334,29.5,9.833333333333334,26.5,8.833333333333334,30.0,10.0,28.333200000000005,9.444400000000002,0.0,,8.744439999999999,,True,3.0
Apolo Anton Ohno,Julianne Hough,Athlete,Washington,United States,24,4,1st Place,1,7.0,7.0,7.0,,8.0,9.0,9.0,,7.0,8.0,8.0,,9.0,8.0,9.0,,10.0,10.0,10.0,,9.0,9.0,10.0,,9.0,8.5,9.5,,10.0,9.0,10.0,,10.0,9.5,10.0,,9.6666,9.6666,10.0,,,,,,False,False,11,10,3,percentage,False,10,21.0,7.0,26.0,8.666666666666666,23.0,7.666666666666667,26.0,8.666666666666666,30.0,10.0,28.0,9.333333333333334,27.0,9.0,29.0,9.666666666666666,29.5,9.833333333333334,29.3332,9.777733333333334,0.0,,8.961106666666666,,True,1.0
Shandi Finnessey,Brian Fortuna,Beauty Pagent,Missouri,United States,28,4,Eliminated Week 3,10,6.0,6.0,7.0,,6.0,7.0,7.0,,7.0,7.0,7.0,,0.0,0.0,0.0,,0.0,0.0,0.0,,0.0,0.0,0.0,,0.0,0.0,0.0,,0.0,0.0,0.0,,0.0,0.0,0.0,,0.0,0.0,0.0,,,,,,False,False,11,10,3,percentage,False,3,19.0,6.333333333333333,20.0,6.666666666666667,21.0,7.0,0.0,0.0,0.0,0.0,0.0,0.0,0.0,0.0,0.0,0.0,0.0,0.0,0.0,0.0,0.0,,6.666666666666667,3.0,False,
Paulina Porizkova,Alec Mazo,Model,Non-US,Czechoslovakia,41,4,Eliminated Week 2,11,6.0,6.0,7.0,,7.0,7.0,7.0,,0.0,0.0,0.0,,0.0,0.0,0.0,,0.0,0.0,0.0,,0.0,0.0,0.0,,0.0,0.0,0.0,,0.0,0.0,0.0,,0.0,0.0,0.0,,0.0,0.0,0.0,,,,,,False,False,11,10,3,percentage,False,2,19.0,6.333333333333333,21.0,7.0,0.0,0.0,0.0,0.0,0.0,0.0,0.0,0.0,0.0,0.0,0.0,0.0,0.0,0.0,0.0,0.0,0.0,,6.666666666666667,2.0,False,
Heather Mills,Jonathan Roberts,Model,Non-US,England,39,4,Eliminated Week 6,7,6.0,6.0,6.0,,8.0,8.0,8.0,,8.0,8.0,8.0,,7.0,8.0,8.0,,7.0,7.0,7.0,,7.0,8.0,8.0,,0.0,0.0,0.0,,0.0,0.0,0.0,,0.0,0.0,0.0,,0.0,0.0,0.0,,,,,,False,False,11,10,3,percentage,False,6,18.0,6.0,24.0,8.0,24.0,8.0,23.0,7.666666666666667,21.0,7.0,23.0,7.666666666666667,0.0,0.0,0.0,0.0,0.0,0.0,0.0,0.0,0.0,,7.388888888888889,6.0,False,
Billy Ray Cyrus,Karina Smirnoff,Singer/Rapper,Kentucky,United States,45,4,Eliminated Week 8,5,5.0,4.0,4.0,,7.0,7.0,7.0,,7.0,7.0,7.0,,7.0,7.0,7.0,,6.0,6.0,5.0,,7.0,7.0,7.0,,6.0,6.5,6.5,,6.5,6.5,6.0,,0.0,0.0,0.0,,0.0,0.0,0.0,,,,,,False,True,11,10,3,percentage,False,8,13.0,4.333333333333333,21.0,7.0,21.0,7.0,21.0,7.0,17.0,5.666666666666667,21.0,7.0,19.0,6.333333333333333,19.0,6.333333333333333,0.0,0.0,0.0,0.0,0.0,,6.333333333333333,8.0,False,
Joey Fatone,Kym Johnson,Singer/Rapper,New York,United States,30,4,2nd Place,2,8.0,8.0,8.0,,8.0,8.0,8.0,,8.0,8.0,8.0,,10.0,9.0,9.0,,8.0,8.0,9.0,,9.0,9.0,9.0,,10.0,9.5,10.0,,9.5,9.0,9.0,,10.0,10.0,10.0,,9.6666,9.3333,9.6666,,,,,,False,False,11,10,3,percentage,False,10,24.0,8.0,24.0,8.0,24.0,8.0,28.0,9.333333333333334,25.0,8.333333333333334,27.0,9.0,29.5,9.833333333333334,27.5,9.166666666666666,30.0,10.0,28.6665,9.5555,0.0,,8.922216666666666,,True,2.0
Leeza Gibbons,Tony Dovolani,TV Personality,South Carolina,United States,50,4,Eliminated Week 4,9,5.0,5.0,5.0,,7.0,7.0,7.0,,8.0,8.0,8.0,,6.0,5.0,5.0,,0.0,0.0,0.0,,0.0,0.0,0.0,,0.0,0.0,0.0,,0.0,0.0,0.0,,0.0,0.0,0.0,,0.0,0.0,0.0,,,,,,False,False,11,10,3,percentage,False,4,15.0,5.0,21.0,7.0,24.0,8.0,16.0,5.333333333333333,0.0,0.0,0.0,0.0,0.0,0.0,0.0,0.0,0.0,0.0,0.0,0.0,0.0,,6.333333333333333,4.0,False,
Cameron Mathison,Edyta Sliwinska,Actor/Actress,Non-US,Canada,38,5,Eliminated Week 8,5,7.0,7.0,7.0,,7.0,7.0,7.0,,8.0,7.0,8.0,,9.0,9.0,9.0,,8.0,9.0,9.0,,9.0,8.0,8.0,,8.5,8.5,8.5,,8.5,8.5,8.5,,0.0,0.0,0.0,,0.0,0.0,0.0,,,,,,False,False,12,10,3,percentage,False,8,21.0,7.0,21.0,7.0,23.0,7.666666666666667,27.0,9.0,26.0,8.666666666666666,25.0,8.333333333333334,25.5,8.5,25.5,8.5,0.0,0.0,0.0,0.0,0.0,,8.083333333333334,8.0,False,
Jane Seymour,Tony Dovolani,Actor/Actress,Non-US,England,56,5,Eliminated Week 7,6,8.0,8.0,8.0,,7.0,7.0,7.0,,9.0,9.0,9.0,,8.0,9.0,9.0,,8.0,9.0,9.0,,8.0,7.0,7.0,,8.0,8.5,8.5,,0.0,0.0,0.0,,0.0,0.0,0.0,,0.0,0.0,0.0,,,,,,False,False,12,10,3,percentage,False,7,24.0,8.0,21.0,7.0,27.0,9.0,26.0,8.666666666666666,26.0,8.666666666666666,22.0,7.333333333333333,25.0,8.333333333333334,0.0,0.0,0.0,0.0,0.0,0.0,0.0,,8.142857142857142,7.0,False,
Sabrina Bryan,Mark Ballas,Actor/Actress,California,United States,23,5,Eliminated Week 6,7,9.0,8.0,9.0,,9.0,8.0,9.0,,9.0,9.0,9.0,,10.0,10.0,10.0,,9.0,9.0,10.0,,9.0,8.0,8.0,,0.0,0.0,0.0,,0.0,0.0,0.0,,0.0,0.0,0.0,,0.0,0.0,0.0,,,,,,False,False,12,10,3,percentage,False,6,26.0,8.666666666666666,26.0,8.666666666666666,27.0,9.0,30.0,10.0,28.0,9.333333333333334,25.0,8.333333333333334,0.0,0.0,0.0,0.0,0.0,0.0,0.0,0.0,0.0,,9.0,6.0,False,
Jennie Garth,Derek Hough,Actor/Actress,Illinois,United States,35,5,Eliminated Week 9,4,7.0,7.0,7.0,,7.0,7.0,7.0,,9.0,8.0,9.0,,8.0,10.0,9.0,,8.0,9.0,8.0,,9.0,9.0,9.0,,8.5,8.5,9.5,,8.5,8.5,8.0,,9.5,10.0,9.5,,0.0,0.0,0.0,,,,,,False,False,12,10,3,percentage,False,9,21.0,7.0,21.0,7.0,26.0,8.666666666666666,27.0,9.0,25.0,8.333333333333334,27.0,9.0,26.5,8.833333333333334,25.0,8.333333333333334,29.0,9.666666666666666,0.0,0.0,0.0,,8.425925925925926,9.0,False,
Floyd Mayweather Jr. ,Karina Smirnoff,Athlete,Michigan,United States,30,5,Eliminated Week 4,9,6.0,6.0,6.0,,7.0,7.0,7.0,,7.0,7.0,7.0,,7.0,8.0,8.0,,0.0,0.0,0.0,,0.0,0.0,0.0,,0.0,0.0,0.0,,0.0,0.0,0.0,,0.0,0.0,0.0,,0.0,0.0,0.0,,,,,,False,False,12,10,3,percentage,False,4,18.0,6.0,21.0,7.0,21.0,7.0,23.0,7.666666666666667,0.0,0.0,0.0,0.0,0.0,0.0,0.0,0.0,0.0,0.0,0.0,0.0,0.0,,6.916666666666667,4.0,False,
Josie Maran,Alec Mazo,Model,California,United States,29,5,Eliminated Week 1,12,6.0,5.0,5.0,,0.0,0.0,0.0,,0.0,0.0,0.0,,0.0,0.0,0.0,,0.0,0.0,0.0,,0.0,0.0,0.0,,0.0,0.0,0.0,,0.0,0.0,0.0,,0.0,0.0,0.0,,0.0,0.0,0.0,,,,,,False,False,12,10,3,percentage,False,1,16.0,5.333333333333333,0.0,0.0,0.0,0.0,0.0,0.0,0.0,0.0,0.0,0.0,0.0,0.0,0.0,0.0,0.0,0.0,0.0,0.0,0.0,,5.333333333333333,1.0,False,
Albert Reed,Anna Trebunskaya,Model,Florida,United States,22,5,Eliminated Week 2,11,7.0,7.0,7.0,,7.0,7.0,7.0,,0.0,0.0,0.0,,0.0,0.0,0.0,,0.0,0.0,0.0,,0.0,0.0,0.0,,0.0,0.0,0.0,,0.0,0.0,0.0,,0.0,0.0,0.0,,0.0,0.0,0.0,,,,,,False,False,12,10,3,percentage,False,2,21.0,7.0,21.0,7.0,0.0,0.0,0.0,0.0,0.0,0.0,0.0,0.0,0.0,0.0,0.0,0.0,0.0,0.0,0.0,0.0,0.0,,7.0,2.0,False,
Helio Castroneves,Julianne Hough,Racing Driver,Non-US,Brazil,32,5,1st Place,1,8.0,9.0,8.0,,9.0,9.0,9.0,,8.0,8.0,8.0,,9.0,9.0,9.0,,8.0,7.0,8.0,,9.0,10.0,9.0,,9.0,8.5,8.5,,9.5,9.5,9.5,,10.0,10.0,10.0,,9.0,9.3333,9.6666,,,,,,False,False,12,10,3,percentage,False,10,25.0,8.333333333333334,27.0,9.0,24.0,8.0,27.0,9.0,23.0,7.666666666666667,28.0,9.333333333333334,26.0,8.666666666666666,28.5,9.5,30.0,10.0,27.999900000000004,9.333300000000001,0.0,,8.88333,,True,1.0
Mel B,Maksim Chmerkoskiy,Singer/Rapper,Non-US,England,32,5,2nd Place,2,8.0,8.0,8.0,,7.0,8.0,8.0,,9.0,9.0,9.0,,8.0,9.0,9.0,,10.0,9.0,10.0,,10.0,10.0,10.0,,9.0,9.0,9.0,,9.0,9.5,9.5,,10.0,10.0,10.0,,9.3333,9.3333,9.6666,,,,,,False,False,12,10,3,percentage,False,10,24.0,8.0,23.0,7.666666666666667,27.0,9.0,26.0,8.666666666666666,29.0,9.666666666666666,30.0,10.0,27.0,9.0,28.0,9.333333333333334,30.0,10.0,28.333199999999998,9.4444,0.0,,9.077773333333335,,True,2.0
Wayne Newton,Cheryl Burke,Singer/Rapper,Virginia,United States,65,5,Eliminated Week 3,10,6.0,7.0,6.0,,5.0,5.0,5.0,,6.0,6.0,6.0,,0.0,0.0,0.0,,0.0,0.0,0.0,,0.0,0.0,0.0,,0.0,0.0,0.0,,0.0,0.0,0.0,,0.0,0.0,0.0,,0.0,0.0,0.0,,,,,,False,False,12,10,3,percentage,False,3,19.0,6.333333333333333,15.0,5.0,18.0,6.0,0.0,0.0,0.0,0.0,0.0,0.0,0.0,0.0,0.0,0.0,0.0,0.0,0.0,0.0,0.0,,5.777777777777778,3.0,False,
Marie Osmond,Jonathan Roberts,Singer/Rapper,Utah,United States,47,5,3rd Place,3,7.0,7.0,7.0,,8.0,8.0,8.0,,9.0,8.0,9.0,,9.0,9.0,8.0,,7.0,7.0,7.0,,8.0,8.0,7.0,,9.0,8.5,8.5,,8.0,8.5,8.0,,9.5,9.5,9.0,,8.0,7.5,7.5,,,,,,False,False,12,10,3,percentage,False,10,21.0,7.0,24.0,8.0,26.0,8.666666666666666,26.0,8.666666666666666,21.0,7.0,23.0,7.666666666666667,26.0,8.666666666666666,24.5,8.166666666666666,28.0,9.333333333333334,23.0,7.666666666666667,0.0,,8.083333333333334,,True,3.0
Mark Cuban,Kym Johnson,TV Personality,Pennsylvania,United States,49,5,Eliminated Week 5,8,7.0,7.0,7.0,,6.0,6.0,6.0,,6.0,7.0,7.0,,7.0,8.0,7.0,,7.0,7.0,7.0,,0.0,0.0,0.0,,0.0,0.0,0.0,,0.0,0.0,0.0,,0.0,0.0,0.0,,0.0,0.0,0.0,,,,,,False,False,12,10,3,percentage,False,5,21.0,7.0,18.0,6.0,20.0,6.666666666666667,22.0,7.333333333333333,21.0,7.0,0.0,0.0,0.0,0.0,0.0,0.0,0.0,0.0,0.0,0.0,0.0,,6.8,5.0,False,
Cristian de la Fuente,Cheryl Burke,Actor/Actress,Non-US,Chile,34,6,3rd Place,3,7.0,7.0,7.0,,7.0,6.0,7.0,,8.0,8.0,9.0,,9.0,8.0,9.0,,7.0,8.0,8.0,,9.0,9.0,9.0,,7.5,7.5,8.0,,10.0,9.0,9.5,,9.5,9.0,9.5,,9.0,8.0,9.0,,,,,,False,False,12,10,3,percentage,False,10,21.0,7.0,20.0,6.666666666666667,25.0,8.333333333333334,26.0,8.666666666666666,23.0,7.666666666666667,27.0,9.0,23.0,7.666666666666667,28.5,9.5,28.0,9.333333333333334,26.0,8.666666666666666,0.0,,8.25,,True,3.0
Steve Guttenberg,Anna Trebunskaya,Actor/Actress,New York,United States,49,6,Eliminated Week 3,10,6.0,6.0,6.0,,6.0,5.0,5.0,,7.0,7.0,7.0,,0.0,0.0,0.0,,0.0,0.0,0.0,,0.0,0.0,0.0,,0.0,0.0,0.0,,0.0,0.0,0.0,,0.0,0.0,0.0,,0.0,0.0,0.0,,,,,,False,False,12,10,3,percentage,False,3,18.0,6.0,16.0,5.333333333333333,21.0,7.0,0.0,0.0,0.0,0.0,0.0,0.0,0.0,0.0,0.0,0.0,0.0,0.0,0.0,0.0,0.0,,6.111111111111111,3.0,False,
Priscilla Presley,Louis van Amstel,Actor/Actress,New York,United States,62,6,Eliminated Week 5,8,8.0,8.0,8.0,,7.0,7.0,7.0,,8.0,9.0,9.0,,7.0,7.0,8.0,,7.0,7.0,7.0,,0.0,0.0,0.0,,0.0,0.0,0.0,,0.0,0.0,0.0,,0.0,0.0,0.0,,0.0,0.0,0.0,,,,,,False,False,12,10,3,percentage,False,5,24.0,8.0,21.0,7.0,26.0,8.666666666666666,22.0,7.333333333333333,21.0,7.0,0.0,0.0,0.0,0.0,0.0,0.0,0.0,0.0,0.0,0.0,0.0,,7.6,5.0,False,
Marlee Matlin,Fabian Sanchez,Actor/Actress,Illinois,United States,42,6,Eliminated Week 6,7,7.0,7.0,8.0,,8.0,8.0,8.0,,7.0,7.0,7.0,,8.0,8.0,8.0,,7.0,7.0,8.0,,7.0,7.0,7.0,,0.0,0.0,0.0,,0.0,0.0,0.0,,0.0,0.0,0.0,,0.0,0.0,0.0,,,,,,False,False,12,10,3,percentage,False,6,22.0,7.333333333333333,24.0,8.0,21.0,7.0,24.0,8.0,22.0,7.333333333333333,21.0,7.0,0.0,0.0,0.0,0.0,0.0,0.0,0.0,0.0,0.0,,7.444444444444445,6.0,False,
Shannon Elizabeth,Derek Hough,Actor/Actress,Texas,United States,34,6,Eliminated Week 7,6,7.0,7.0,7.0,,8.0,8.0,8.0,,8.0,8.0,8.0,,9.0,10.0,9.0,,8.0,8.0,7.0,,8.0,8.0,8.0,,8.5,8.5,8.5,,0.0,0.0,0.0,,0.0,0.0,0.0,,0.0,0.0,0.0,,,,,,False,False,12,10,3,percentage,False,7,21.0,7.0,24.0,8.0,24.0,8.0,28.0,9.333333333333334,23.0,7.666666666666667,24.0,8.0,25.5,8.5,0.0,0.0,0.0,0.0,0.0,0.0,0.0,,8.071428571428571,7.0,False,
Marissa Jaret Winokur,Tony Dovolani,Actor/Actress,New York,United States,35,6,Eliminated Week 9,4,6.0,6.0,6.0,,7.0,7.0,7.0,,6.0,7.0,6.0,,8.0,8.0,8.0,,8.0,8.0,8.0,,9.0,8.0,9.0,,9.0,8.5,8.5,,8.5,8.0,8.5,,8.5,9.0,8.5,,0.0,0.0,0.0,,,,,,False,False,12,10,3,percentage,False,9,18.0,6.0,21.0,7.0,19.0,6.333333333333333,24.0,8.0,24.0,8.0,26.0,8.666666666666666,26.0,8.666666666666666,25.0,8.333333333333334,26.0,8.666666666666666,0.0,0.0,0.0,,7.7407407407407405,9.0,False,
Jason Taylor,Edyta Sliwinska,Athlete,Pennsylvania,United States,33,6,2nd Place,2,7.0,8.0,7.0,,9.0,9.0,9.0,,8.0,7.0,8.0,,10.0,9.0,10.0,,9.0,9.0,9.0,,8.0,8.0,8.0,,9.5,8.5,9.5,,9.0,8.0,9.0,,9.0,9.5,9.0,,9.5,9.5,9.5,,,,,,False,False,12,10,3,percentage,False,10,22.0,7.333333333333333,27.0,9.0,23.0,7.666666666666667,29.0,9.666666666666666,27.0,9.0,24.0,8.0,27.5,9.166666666666666,26.0,8.666666666666666,27.5,9.166666666666666,28.5,9.5,0.0,,8.716666666666667,,True,2.0
Kristi Yamaguchi,Mark Ballas,Athlete,California,United States,36,6,1st Place,1,9.0,9.0,9.0,,9.0,9.0,9.0,,9.0,9.0,9.0,,10.0,9.0,10.0,,9.0,10.0,10.0,,10.0,10.0,10.0,,9.5,8.0,9.5,,8.5,9.5,9.5,,9.5,9.0,10.0,,10.0,10.0,10.0,,,,,,False,False,12,10,3,percentage,False,10,27.0,9.0,27.0,9.0,27.0,9.0,29.0,9.666666666666666,29.0,9.666666666666666,30.0,10.0,27.0,9.0,27.5,9.166666666666666,28.5,9.5,30.0,10.0,0.0,,9.4,,True,1.0
Monica Seles,Jonathan Roberts,Athlete,Non-US,Yugoslavia,34,6,Eliminated Week 2,11,5.0,5.0,5.0,,5.0,5.0,5.0,,0.0,0.0,0.0,,0.0,0.0,0.0,,0.0,0.0,0.0,,0.0,0.0,0.0,,0.0,0.0,0.0,,0.0,0.0,0.0,,0.0,0.0,0.0,,0.0,0.0,0.0,,,,,,False,False,12,10,3,percentage,False,2,15.0,5.0,15.0,5.0,0.0,0.0,0.0,0.0,0.0,0.0,0.0,0.0,0.0,0.0,0.0,0.0,0.0,0.0,0.0,0.0,0.0,,5.0,2.0,False,
Penn Jillette,Kym Johnson,Magician,Massachusetts,United States,53,6,Eliminated Week 2,12,5.0,6.0,5.0,,6.0,6.0,5.0,,0.0,0.0,0.0,,0.0,0.0,0.0,,0.0,0.0,0.0,,0.0,0.0,0.0,,0.0,0.0,0.0,,0.0,0.0,0.0,,0.0,0.0,0.0,,0.0,0.0,0.0,,,,,,False,False,12,10,3,percentage,False,2,16.0,5.333333333333333,17.0,5.666666666666667,0.0,0.0,0.0,0.0,0.0,0.0,0.0,0.0,0.0,0.0,0.0,0.0,0.0,0.0,0.0,0.0,0.0,,5.5,2.0,False,
Adam Carolla,Julianne Hough,Radio Personality,California,United States,43,6,Eliminated Week 4,9,5.0,5.0,5.0,,6.0,7.0,6.0,,7.0,7.0,7.0,,6.0,7.0,6.0,,0.0,0.0,0.0,,0.0,0.0,0.0,,0.0,0.0,0.0,,0.0,0.0,0.0,,0.0,0.0,0.0,,0.0,0.0,0.0,,,,,,False,False,12,10,3,percentage,False,4,15.0,5.0,19.0,6.333333333333333,21.0,7.0,19.0,6.333333333333333,0.0,0.0,0.0,0.0,0.0,0.0,0.0,0.0,0.0,0.0,0.0,0.0,0.0,,6.166666666666667,4.0,False,
Mario,Karina Smirnoff,Singer/Rapper,Maryland,United States,21,6,Eliminated Week 8,5,8.0,8.0,8.0,,9.0,8.0,9.0,,7.0,6.0,8.0,,8.0,7.0,9.0,,9.0,9.0,9.0,,9.0,9.0,10.0,,8.5,8.5,8.5,,9.0,8.5,9.0,,0.0,0.0,0.0,,0.0,0.0,0.0,,,,,,False,False,12,10,3,percentage,False,8,24.0,8.0,26.0,8.666666666666666,21.0,7.0,24.0,8.0,27.0,9.0,28.0,9.333333333333334,25.5,8.5,26.5,8.833333333333334,0.0,0.0,0.0,0.0,0.0,,8.416666666666666,8.0,False,
Ted McGinley,Inna Brayer,Actor/Actress,California,United States,50,7,Eliminated Week 1,12,6.0,6.0,6.5,,0.0,0.0,0.0,,0.0,0.0,0.0,,0.0,0.0,0.0,,0.0,0.0,0.0,,0.0,0.0,0.0,,0.0,0.0,0.0,,0.0,0.0,0.0,,0.0,0.0,0.0,,0.0,0.0,0.0,,,,,,False,False,13,10,3,percentage,False,1,18.5,6.166666666666667,0.0,0.0,0.0,0.0,0.0,0.0,0.0,0.0,0.0,0.0,0.0,0.0,0.0,0.0,0.0,0.0,0.0,0.0,0.0,,6.166666666666667,1.0,False,
Cloris Leachman,Corky Ballas,Actor/Actress,Iowa,United States,82,7,Eliminated Week 6,7,6.0,5.0,5.0,,5.0,5.0,5.0,,6.0,5.0,5.0,,8.0,7.0,7.0,,7.0,7.0,7.0,,5.0,5.0,5.0,,0.0,0.0,0.0,,0.0,0.0,0.0,,0.0,0.0,0.0,,0.0,0.0,0.0,,,,,,False,False,13,10,3,percentage,False,6,16.0,5.333333333333333,15.0,5.0,16.0,5.333333333333333,22.0,7.333333333333333,21.0,7.0,15.0,5.0,0.0,0.0,0.0,0.0,0.0,0.0,0.0,0.0,0.0,,5.833333333333333,6.0,False,
Susan Lucci,Tony Dovolani,Actor/Actress,New York,United States,61,7,Eliminated Week 7,6,6.0,6.0,6.5,,7.0,7.0,7.0,,7.0,7.0,7.0,,8.0,8.0,8.0,,7.0,7.0,8.0,,8.0,8.0,7.0,,8.0,8.0,8.0,,0.0,0.0,0.0,,0.0,0.0,0.0,,0.0,0.0,0.0,,,,,,False,False,13,10,3,percentage,False,7,18.5,6.166666666666667,21.0,7.0,21.0,7.0,24.0,8.0,22.0,7.333333333333333,23.0,7.666666666666667,24.0,8.0,0.0,0.0,0.0,0.0,0.0,0.0,0.0,,7.309523809523809,7.0,False,
Cody Linley,Julianne Hough,Actor/Actress,Texas,United States,18,7,Eliminated Week 9,4,7.0,6.5,7.0,,7.0,7.0,7.0,,7.0,7.0,7.0,,7.0,8.0,8.0,,10.0,9.0,9.0,,8.0,8.0,7.0,,8.0,7.0,7.0,,8.0,8.0,8.0,,8.0,7.5,7.5,,0.0,0.0,0.0,,,,,,False,False,13,10,3,percentage,False,9,20.5,6.833333333333333,21.0,7.0,21.0,7.0,23.0,7.666666666666667,28.0,9.333333333333334,23.0,7.666666666666667,22.0,7.333333333333333,24.0,8.0,23.0,7.666666666666667,0.0,0.0,0.0,,7.611111111111111,9.0,False,
Misty May-Treanor,Maksim Chmerkoskiy,Athlete,California,United States,31,7,Withdrew,10,6.5,7.5,7.0,,7.0,7.0,7.0,,0.0,0.0,0.0,,0.0,0.0,0.0,,0.0,0.0,0.0,,0.0,0.0,0.0,,0.0,0.0,0.0,,0.0,0.0,0.0,,0.0,0.0,0.0,,0.0,0.0,0.0,,,,,,True,False,13,10,3,percentage,False,2,21.0,7.0,21.0,7.0,0.0,0.0,0.0,0.0,0.0,0.0,0.0,0.0,0.0,0.0,0.0,0.0,0.0,0.0,0.0,0.0,0.0,,7.0,-1.0,False,
Maurice Greene,Cheryl Burke,Athlete,Kansas,United States,34,7,Eliminated Week 8,5,6.5,6.5,6.5,,7.0,6.0,6.0,,8.0,8.0,8.0,,6.0,7.0,7.0,,9.0,9.0,9.0,,7.0,7.0,7.0,,8.0,9.0,8.0,,8.0,8.0,8.0,,0.0,0.0,0.0,,0.0,0.0,0.0,,,,,,False,False,13,10,3,percentage,False,8,19.5,6.5,19.0,6.333333333333333,24.0,8.0,20.0,6.666666666666667,27.0,9.0,21.0,7.0,25.0,8.333333333333334,24.0,8.0,0.0,0.0,0.0,0.0,0.0,,7.479166666666667,8.0,False,
Warren Sapp,Kym Johnson,Athlete,Florida,United States,35,7,2nd Place,2,7.0,7.0,7.5,,8.0,8.0,8.0,,9.0,8.0,8.0,,8.0,7.0,7.0,,8.0,8.0,9.0,,8.0,9.0,8.0,,7.0,7.0,7.0,,9.5,8.5,9.0,,8.5,8.0,8.0,,9.0,9.5,9.0,,,,,,False,False,13,10,3,percentage,False,10,21.5,7.166666666666667,24.0,8.0,25.0,8.333333333333334,22.0,7.333333333333333,25.0,8.333333333333334,25.0,8.333333333333334,21.0,7.0,27.0,9.0,24.5,8.166666666666666,27.5,9.166666666666666,0.0,,8.083333333333334,,True,2.0
Jeffrey Ross,Edyta Sliwinska,Comedian,New Jersey,United States,43,7,Eliminated Week 1,13,4.0,4.0,4.0,,0.0,0.0,0.0,,0.0,0.0,0.0,,0.0,0.0,0.0,,0.0,0.0,0.0,,0.0,0.0,0.0,,0.0,0.0,0.0,,0.0,0.0,0.0,,0.0,0.0,0.0,,0.0,0.0,0.0,,,,,,False,False,13,10,3,percentage,False,1,12.0,4.0,0.0,0.0,0.0,0.0,0.0,0.0,0.0,0.0,0.0,0.0,0.0,0.0,0.0,0.0,0.0,0.0,0.0,0.0,0.0,,4.0,1.0,False,
Toni Braxton,Alec Mazo,Singer/Rapper,Maryland,United States,40,7,Eliminated Week 5,8,7.5,7.0,8.0,,7.0,8.0,8.0,,8.0,7.0,7.0,,7.0,7.0,8.0,,7.0,7.0,8.0,,0.0,0.0,0.0,,0.0,0.0,0.0,,0.0,0.0,0.0,,0.0,0.0,0.0,,0.0,0.0,0.0,,,,,,False,False,13,10,3,percentage,False,5,22.5,7.5,23.0,7.666666666666667,22.0,7.333333333333333,22.0,7.333333333333333,22.0,7.333333333333333,0.0,0.0,0.0,0.0,0.0,0.0,0.0,0.0,0.0,0.0,0.0,,7.433333333333334,5.0,False,
Lance Bass,Lacey Schwimmer,Singer/Rapper,Mississippi,United States,29,7,3rd Place,3,7.5,6.0,8.0,,7.0,6.0,7.0,,8.0,7.0,7.0,,9.0,8.0,9.0,,7.0,7.0,7.0,,9.0,9.0,9.0,,9.0,7.0,9.0,,8.5,7.5,9.0,,10.0,9.0,9.5,,9.0,9.0,9.5,,,,,,False,False,13,10,3,percentage,False,10,21.5,7.166666666666667,20.0,6.666666666666667,22.0,7.333333333333333,26.0,8.666666666666666,21.0,7.0,27.0,9.0,25.0,8.333333333333334,25.0,8.333333333333334,28.5,9.5,27.5,9.166666666666666,0.0,,8.116666666666667,,True,3.0
Kim Kardashian,Mark Ballas,TV Personality,California,United States,27,7,Eliminated Week 2,11,6.0,6.5,6.0,,6.0,6.0,5.0,,0.0,0.0,0.0,,0.0,0.0,0.0,,0.0,0.0,0.0,,0.0,0.0,0.0,,0.0,0.0,0.0,,0.0,0.0,0.0,,0.0,0.0,0.0,,0.0,0.0,0.0,,,,,,False,False,13,10,3,percentage,False,2,18.5,6.166666666666667,17.0,5.666666666666667,0.0,0.0,0.0,0.0,0.0,0.0,0.0,0.0,0.0,0.0,0.0,0.0,0.0,0.0,0.0,0.0,0.0,,5.916666666666667,2.0,False,
Rocco DiSpirito,Karina Smirnoff,TV Personality,New York,United States,41,7,Eliminated Week 4,9,6.0,5.5,6.0,,5.0,6.0,5.0,,7.0,7.0,6.0,,6.0,6.0,6.0,,0.0,0.0,0.0,,0.0,0.0,0.0,,0.0,0.0,0.0,,0.0,0.0,0.0,,0.0,0.0,0.0,,0.0,0.0,0.0,,,,,,False,False,13,10,3,percentage,False,4,17.5,5.833333333333333,16.0,5.333333333333333,20.0,6.666666666666667,18.0,6.0,0.0,0.0,0.0,0.0,0.0,0.0,0.0,0.0,0.0,0.0,0.0,0.0,0.0,,5.958333333333333,4.0,False,
Brooke Burke,Derek Hough,TV Personality,Connecticut,United States,37,7,1st Place,1,8.0,8.0,8.5,,8.0,8.0,8.0,,9.0,10.0,9.0,,9.0,8.0,9.0,,10.0,9.0,10.0,,8.0,10.0,8.0,,10.0,10.0,10.0,,9.5,8.5,9.5,,8.0,8.5,8.0,,10.0,10.0,10.0,,,,,,False,False,13,10,3,percentage,False,10,24.5,8.166666666666666,24.0,8.0,28.0,9.333333333333334,26.0,8.666666666666666,29.0,9.666666666666666,26.0,8.666666666666666,30.0,10.0,27.5,9.166666666666666,24.5,8.166666666666666,30.0,10.0,0.0,,8.983333333333333,,True,1.0
Gilles Marini,Cheryl Burke,Actor/Actress,Non-US,France,33,8,2nd Place,2,8.0,8.0,8.0,,9.0,9.0,9.0,,9.0,9.0,9.0,,10.0,10.0,10.0,,10.0,9.0,10.0,,9.0,8.0,9.0,,9.0,9.0,9.0,,9.0,9.0,9.5,,9.5,9.0,9.5,,10.0,10.0,10.0,,9.5,10.0,9.5,,False,False,13,11,3,percentage,False,11,24.0,8.0,27.0,9.0,27.0,9.0,30.0,10.0,29.0,9.666666666666666,26.0,8.666666666666666,27.0,9.0,27.5,9.166666666666666,28.0,9.333333333333334,30.0,10.0,29.0,9.666666666666666,9.227272727272727,,True,2.0
Denise Richards,Maksim Chmerkoskiy,Actor/Actress,Illinois,United States,38,8,Eliminated Week 3,12,6.0,6.0,6.0,,7.0,7.0,7.0,,5.0,6.0,5.0,,0.0,0.0,0.0,,0.0,0.0,0.0,,0.0,0.0,0.0,,0.0,0.0,0.0,,0.0,0.0,0.0,,0.0,0.0,0.0,,0.0,0.0,0.0,,0.0,0.0,0.0,,False,False,13,11,3,percentage,False,3,18.0,6.0,21.0,7.0,16.0,5.333333333333333,0.0,0.0,0.0,0.0,0.0,0.0,0.0,0.0,0.0,0.0,0.0,0.0,0.0,0.0,0.0,0.0,6.111111111111111,3.0,False,
David Alan Grier,Kym Johnson,Actor/Actress,Michigan,United States,52,8,Eliminated Week 5,9,6.0,7.0,6.0,,6.0,5.0,6.0,,8.0,8.0,8.0,,8.0,7.0,7.0,,7.0,8.0,7.0,,0.0,0.0,0.0,,0.0,0.0,0.0,,0.0,0.0,0.0,,0.0,0.0,0.0,,0.0,0.0,0.0,,0.0,0.0,0.0,,False,False,13,11,3,percentage,False,5,19.0,6.333333333333333,17.0,5.666666666666667,24.0,8.0,22.0,7.333333333333333,22.0,7.333333333333333,0.0,0.0,0.0,0.0,0.0,0.0,0.0,0.0,0.0,0.0,0.0,0.0,6.933333333333334,5.0,False,
Lawrence Taylor,Edyta Sliwinska,Athlete,Virginia,United States,50,8,Eliminated Week 7,7,6.0,5.0,5.0,,7.0,6.0,7.0,,7.0,6.0,7.0,,7.0,5.0,7.0,,6.0,7.0,7.0,,7.0,7.0,8.0,,7.0,7.0,7.0,,0.0,0.0,0.0,,0.0,0.0,0.0,,0.0,0.0,0.0,,0.0,0.0,0.0,,False,False,13,11,3,percentage,False,7,16.0,5.333333333333333,20.0,6.666666666666667,20.0,6.666666666666667,19.0,6.333333333333333,20.0,6.666666666666667,22.0,7.333333333333333,21.0,7.0,0.0,0.0,0.0,0.0,0.0,0.0,0.0,0.0,6.571428571428571,7.0,False,
Ty Murray,Chelsie Hightower,Athlete,Arizona,United States,39,8,Eliminated Week 10,4,5.0,4.0,5.0,,7.0,6.0,7.0,,8.0,8.0,7.0,,9.0,8.0,8.0,,7.0,7.0,7.0,,6.0,6.0,6.0,,8.0,8.0,8.0,,9.0,8.0,9.0,,7.5,8.0,7.5,,8.0,8.0,8.0,,0.0,0.0,0.0,,False,False,13,11,3,percentage,False,10,14.0,4.666666666666667,20.0,6.666666666666667,23.0,7.666666666666667,25.0,8.333333333333334,21.0,7.0,18.0,6.0,24.0,8.0,26.0,8.666666666666666,23.0,7.666666666666667,24.0,8.0,0.0,0.0,7.266666666666667,10.0,False,
Shawn Johnson,Mark Ballas,Athlete,Iowa,United States,17,8,1st Place,1,8.0,8.0,7.0,,8.0,8.0,8.0,,9.0,9.0,9.0,,8.0,8.0,9.0,,9.0,8.0,9.0,,8.0,9.0,9.0,,9.0,9.0,10.0,,9.0,8.0,9.0,,9.5,9.0,9.5,,9.5,9.0,9.5,,10.0,10.0,10.0,,False,False,13,11,3,percentage,False,11,23.0,7.666666666666667,24.0,8.0,27.0,9.0,25.0,8.333333333333334,26.0,8.666666666666666,26.0,8.666666666666666,28.0,9.333333333333334,26.0,8.666666666666666,28.0,9.333333333333334,28.0,9.333333333333334,30.0,10.0,8.818181818181818,,True,1.0
Steve Wozniak,Karina Smirnoff,Entrepreneur,California,United States,58,8,Eliminated Week 4,10,5.0,4.0,4.0,,6.0,5.0,6.0,,4.0,3.0,3.0,,4.0,4.0,4.0,,0.0,0.0,0.0,,0.0,0.0,0.0,,0.0,0.0,0.0,,0.0,0.0,0.0,,0.0,0.0,0.0,,0.0,0.0,0.0,,0.0,0.0,0.0,,False,False,13,11,3,percentage,False,4,13.0,4.333333333333333,17.0,5.666666666666667,10.0,3.3333333333333335,12.0,4.0,0.0,0.0,0.0,0.0,0.0,0.0,0.0,0.0,0.0,0.0,0.0,0.0,0.0,0.0,4.333333333333333,4.0,False,
Belinda Carlisle,Jonathan Roberts,Singer/Rapper,California,United States,50,8,Eliminated Week 2,13,6.0,6.0,5.0,,6.0,6.0,6.0,,0.0,0.0,0.0,,0.0,0.0,0.0,,0.0,0.0,0.0,,0.0,0.0,0.0,,0.0,0.0,0.0,,0.0,0.0,0.0,,0.0,0.0,0.0,,0.0,0.0,0.0,,0.0,0.0,0.0,,False,False,13,11,3,percentage,False,2,17.0,5.666666666666667,18.0,6.0,0.0,0.0,0.0,0.0,0.0,0.0,0.0,0.0,0.0,0.0,0.0,0.0,0.0,0.0,0.0,0.0,0.0,0.0,5.833333333333333,2.0,False,
Chuck Wicks,Julianne Hough,Singer/Rapper,Delaware,United States,29,8,Eliminated Week 8,6,6.0,7.0,7.0,,6.0,7.0,7.0,,8.0,7.0,8.0,,8.0,7.0,7.0,,7.0,8.0,8.0,,8.0,7.0,8.0,,9.0,9.0,9.0,,8.5,8.5,8.5,,0.0,0.0,0.0,,0.0,0.0,0.0,,0.0,0.0,0.0,,False,False,13,11,3,percentage,False,8,20.0,6.666666666666667,20.0,6.666666666666667,23.0,7.666666666666667,22.0,7.333333333333333,23.0,7.666666666666667,23.0,7.666666666666667,27.0,9.0,25.5,8.5,0.0,0.0,0.0,0.0,0.0,0.0,7.645833333333333,8.0,False,
Lil' Kim,Derek Hough,Singer/Rapper,New York,United States,34,8,Eliminated Week 9,5,7.0,7.0,7.0,,8.0,7.0,8.0,,8.0,8.0,9.0,,9.0,8.0,10.0,,9.0,8.0,9.0,,10.0,8.0,10.0,,9.0,8.0,9.0,,9.0,9.0,10.0,,8.5,9.0,8.5,,0.0,0.0,0.0,,0.0,0.0,0.0,,False,False,13,11,3,percentage,False,9,21.0,7.0,23.0,7.666666666666667,25.0,8.333333333333334,27.0,9.0,26.0,8.666666666666666,28.0,9.333333333333334,26.0,8.666666666666666,28.0,9.333333333333334,26.0,8.666666666666666,0.0,0.0,0.0,0.0,8.518518518518519,9.0,False,
Steve-O,Lacey Schwimmer,TV Personality,Non-US,England,34,8,Eliminated Week 6,8,6.0,5.0,6.0,,5.0,4.0,5.0,,5.0,5.0,5.0,,5.0,5.0,5.0,,6.0,6.0,6.0,,7.0,4.0,5.0,,0.0,0.0,0.0,,0.0,0.0,0.0,,0.0,0.0,0.0,,0.0,0.0,0.0,,0.0,0.0,0.0,,False,False,13,11,3,percentage,False,6,17.0,5.666666666666667,14.0,4.666666666666667,15.0,5.0,15.0,5.0,18.0,6.0,16.0,5.333333333333333,0.0,0.0,0.0,0.0,0.0,0.0,0.0,0.0,0.0,0.0,5.277777777777778,6.0,False,
Holly Madison,Dmitry Chaplin,TV Personality,Oregon,United States,30,8,Eliminated Week 4,11,6.0,6.0,6.0,,6.0,6.0,6.0,,5.0,6.0,6.0,,5.0,6.0,5.0,,0.0,0.0,0.0,,0.0,0.0,0.0,,0.0,0.0,0.0,,0.0,0.0,0.0,,0.0,0.0,0.0,,0.0,0.0,0.0,,0.0,0.0,0.0,,False,False,13,11,3,percentage,False,4,18.0,6.0,18.0,6.0,17.0,5.666666666666667,16.0,5.333333333333333,0.0,0.0,0.0,0.0,0.0,0.0,0.0,0.0,0.0,0.0,0.0,0.0,0.0,0.0,5.75,4.0,False,
Melissa Rycroft,Tony Dovolani,TV Personality,Texas,United States,26,8,3rd Place,3,8.0,7.0,8.0,,9.0,8.0,9.0,,9.0,9.0,9.0,,10.0,9.0,10.0,,8.0,8.0,9.0,,9.0,9.0,9.0,,10.0,9.0,10.0,,7.5,7.5,8.0,,9.5,9.5,9.5,,9.0,9.5,9.0,,9.5,9.5,9.5,,False,False,13,11,3,percentage,False,11,23.0,7.666666666666667,26.0,8.666666666666666,27.0,9.0,29.0,9.666666666666666,25.0,8.333333333333334,27.0,9.0,29.0,9.666666666666666,23.0,7.666666666666667,28.5,9.5,27.5,9.166666666666666,28.5,9.5,8.893939393939394,,True,3.0
Ashley Hamiliton,Edyta Sliwinska,Actor/Actress,California,United States,34,9,Eliminated Week 1,16,6.3333,7.3333,5.3333,,0.0,0.0,0.0,,0.0,0.0,0.0,,0.0,0.0,0.0,,0.0,0.0,0.0,,0.0,0.0,0.0,,0.0,0.0,0.0,,0.0,0.0,0.0,,0.0,0.0,0.0,,0.0,0.0,0.0,,,,,,False,False,16,10,3,percentage,False,1,18.9999,6.3333,0.0,0.0,0.0,0.0,0.0,0.0,0.0,0.0,0.0,0.0,0.0,0.0,0.0,0.0,0.0,0.0,0.0,0.0,0.0,,6.3333,1.0,False,
Debi Mazar,Maksim Chmerkoskiy,Actor/Actress,New York,United States,45,9,Eliminated Week 3,12,8.0,7.0,7.0,,7.0,7.0,7.0,,6.0,5.0,6.0,,0.0,0.0,0.0,,0.0,0.0,0.0,,0.0,0.0,0.0,,0.0,0.0,0.0,,0.0,0.0,0.0,,0.0,0.0,0.0,,0.0,0.0,0.0,,,,,,False,False,16,10,3,percentage,False,3,22.0,7.333333333333333,21.0,7.0,17.0,5.666666666666667,0.0,0.0,0.0,0.0,0.0,0.0,0.0,0.0,0.0,0.0,0.0,0.0,0.0,0.0,0.0,,6.666666666666667,3.0,False,
Melissa Joan Hart,Mark Ballas,Actor/Actress,New York,United States,33,9,Eliminated Week 6,9,8.0,8.0,8.0,,7.0,6.0,6.0,,6.0,6.0,7.0,,9.0,9.0,10.0,,8.0,8.0,7.0,,8.3333,8.3333,7.3333,,0.0,0.0,0.0,,0.0,0.0,0.0,,0.0,0.0,0.0,,0.0,0.0,0.0,,,,,,False,False,16,10,3,percentage,False,6,24.0,8.0,19.0,6.333333333333333,19.0,6.333333333333333,28.0,9.333333333333334,23.0,7.666666666666667,23.9999,7.9999666666666664,0.0,0.0,0.0,0.0,0.0,0.0,0.0,0.0,0.0,,7.611105555555557,6.0,False,
Mark Dacascos,Lacey Schwimmer,Actor/Actress,Hawaii,United States,45,9,Eliminated Week 7,6,9.6666,9.6666,9.6666,,7.0,7.0,7.0,,6.0,6.0,6.0,,8.0,7.0,7.0,,9.0,9.0,8.0,,11.0,11.0,10.0,,7.0,7.5,7.0,,0.0,0.0,0.0,,0.0,0.0,0.0,,0.0,0.0,0.0,,,,,,False,False,16,10,3,percentage,False,7,28.9998,9.6666,21.0,7.0,18.0,6.0,22.0,7.333333333333333,26.0,8.666666666666666,32.0,10.666666666666666,21.5,7.166666666666667,0.0,0.0,0.0,0.0,0.0,0.0,0.0,,8.071419047619047,7.0,False,
Chuck Liddell,Anna Trebunskaya,Athlete,California,United States,39,9,Eliminated Week 4,11,8.0,7.0,7.0,,6.0,7.0,6.0,,6.0,5.0,6.0,,6.0,5.0,6.0,,0.0,0.0,0.0,,0.0,0.0,0.0,,0.0,0.0,0.0,,0.0,0.0,0.0,,0.0,0.0,0.0,,0.0,0.0,0.0,,,,,,False,False,16,10,3,percentage,False,4,22.0,7.333333333333333,19.0,6.333333333333333,17.0,5.666666666666667,17.0,5.666666666666667,0.0,0.0,0.0,0.0,0.0,0.0,0.0,0.0,0.0,0.0,0.0,0.0,0.0,,6.25,4.0,False,
Natalie Coughlin,Alec Mazo,Athlete,California,United States,27,9,Eliminated Week 5,10,9.6666,8.6666,8.6666,,7.0,7.0,7.0,,9.0,8.0,9.0,,8.0,8.0,8.0,,7.0,8.0,7.0,,0.0,0.0,0.0,,0.0,0.0,0.0,,0.0,0.0,0.0,,0.0,0.0,0.0,,0.0,0.0,0.0,,,,,,False,False,16,10,3,percentage,False,5,26.9998,8.999933333333333,21.0,7.0,26.0,8.666666666666666,24.0,8.0,22.0,7.333333333333333,0.0,0.0,0.0,0.0,0.0,0.0,0.0,0.0,0.0,0.0,0.0,,7.999986666666667,5.0,False,
Louie Vito,Chelsie Hightower,Athlete,Ohio,United States,21,9,Eliminated Week 6,8,8.6666,9.6666,8.6666,,6.0,7.0,6.0,,8.0,5.0,7.0,,5.0,5.0,6.0,,7.0,8.0,7.0,,8.0,8.0,8.0,,0.0,0.0,0.0,,0.0,0.0,0.0,,0.0,0.0,0.0,,0.0,0.0,0.0,,,,,,False,False,16,10,3,percentage,False,6,26.9998,8.999933333333333,19.0,6.333333333333333,20.0,6.666666666666667,16.0,5.333333333333333,22.0,7.333333333333333,24.0,8.0,0.0,0.0,0.0,0.0,0.0,0.0,0.0,0.0,0.0,,7.1111,6.0,False,
Michael Irvin,Anna Demidova,Athlete,Florida,United States,43,9,Eliminated Week 7,7,7.0,6.0,6.0,,7.0,7.0,6.0,,5.0,4.0,5.0,,5.0,6.0,5.0,,7.0,7.0,7.0,,6.6666,8.6666,6.6666,,8.0,8.0,7.5,,0.0,0.0,0.0,,0.0,0.0,0.0,,0.0,0.0,0.0,,,,,,False,False,16,10,3,percentage,False,7,19.0,6.333333333333333,20.0,6.666666666666667,14.0,4.666666666666667,16.0,5.333333333333333,21.0,7.0,21.9998,7.333266666666667,23.5,7.833333333333333,0.0,0.0,0.0,0.0,0.0,0.0,0.0,,6.452371428571428,7.0,False,
Joanna Krupa,Derek Hough,Model,Non-US,Poland,30,9,Eliminated Week 9,4,11.3333,11.3333,11.3333,,6.0,7.0,7.0,,7.0,8.0,8.0,,9.0,8.0,9.0,,8.0,8.0,8.0,,11.3333,12.3333,12.3333,,9.0,9.0,9.5,,8.5,8.5,9.0,,9.0,9.0,9.0,,0.0,0.0,0.0,,,,,,False,False,16,10,3,percentage,False,9,33.9999,11.3333,20.0,6.666666666666667,23.0,7.666666666666667,26.0,8.666666666666666,24.0,8.0,35.9999,11.999966666666666,27.5,9.166666666666666,26.0,8.666666666666666,27.0,9.0,0.0,0.0,0.0,,9.018511111111112,9.0,False,
Kathy Ireland,Tony Dovolani,Model,California,United States,46,9,Eliminated Week 2,14,7.3333,6.3333,6.3333,,6.0,6.0,6.0,,0.0,0.0,0.0,,0.0,0.0,0.0,,0.0,0.0,0.0,,0.0,0.0,0.0,,0.0,0.0,0.0,,0.0,0.0,0.0,,0.0,0.0,0.0,,0.0,0.0,0.0,,,,,,False,False,16,10,3,percentage,False,2,19.9999,6.666633333333333,18.0,6.0,0.0,0.0,0.0,0.0,0.0,0.0,0.0,0.0,0.0,0.0,0.0,0.0,0.0,0.0,0.0,0.0,0.0,,6.333316666666666,2.0,False,
Tom DeLay,Cheryl Burke,Politician,Texas,United States,62,9,Withdrew,13,7.3333,6.3333,6.3333,,6.0,6.0,6.0,,6.0,4.0,5.0,,0.0,0.0,0.0,,0.0,0.0,0.0,,0.0,0.0,0.0,,0.0,0.0,0.0,,0.0,0.0,0.0,,0.0,0.0,0.0,,0.0,0.0,0.0,,,,,,True,False,16,10,3,percentage,False,3,19.9999,6.666633333333333,18.0,6.0,15.0,5.0,0.0,0.0,0.0,0.0,0.0,0.0,0.0,0.0,0.0,0.0,0.0,0.0,0.0,0.0,0.0,,5.888877777777778,-1.0,False,
Macy Gray,Jonathan Roberts,Singer/Rapper,Ohio,United States,42,9,Eliminated Week 1,15,7.3333,5.3333,6.3333,,0.0,0.0,0.0,,0.0,0.0,0.0,,0.0,0.0,0.0,,0.0,0.0,0.0,,0.0,0.0,0.0,,0.0,0.0,0.0,,0.0,0.0,0.0,,0.0,0.0,0.0,,0.0,0.0,0.0,,,,,,False,False,16,10,3,percentage,False,1,18.9999,6.3333,0.0,0.0,0.0,0.0,0.0,0.0,0.0,0.0,0.0,0.0,0.0,0.0,0.0,0.0,0.0,0.0,0.0,0.0,0.0,,6.3333,1.0,False,
Aaron Carter,Karina Smirnoff,Singer/Rapper,Florida,United States,21,9,Eliminated Week 8,5,10.3333,11.3333,10.3333,,9.0,9.0,9.0,,8.0,6.0,7.0,,6.0,6.0,6.0,,8.0,8.0,8.0,,10.6666,11.6666,10.6666,,8.5,9.0,9.0,,8.0,8.5,8.5,,0.0,0.0,0.0,,0.0,0.0,0.0,,,,,,False,False,16,10,3,percentage,False,8,31.999899999999997,10.666633333333332,27.0,9.0,21.0,7.0,18.0,6.0,24.0,8.0,32.9998,10.999933333333333,26.5,8.833333333333334,25.0,8.333333333333334,0.0,0.0,0.0,0.0,0.0,,8.604154166666667,8.0,False,
Mya,Dmitry Chaplin,Singer/Rapper,Washington D.C.,United States,29,9,2nd Place,2,11.3333,8.3333,11.3333,,9.0,9.0,9.0,,10.0,7.0,10.0,,10.0,8.0,10.0,,9.0,9.0,9.0,,11.0,10.0,12.0,,8.5,7.5,8.5,,9.5,10.0,10.0,,9.3333,9.6666,10.0,,9.4444,9.4444,9.4444,,,,,,False,False,16,10,3,percentage,False,10,30.999899999999997,10.3333,27.0,9.0,27.0,9.0,28.0,9.333333333333334,27.0,9.0,33.0,11.0,24.5,8.166666666666666,29.5,9.833333333333334,28.9999,9.666633333333333,28.333199999999998,9.4444,0.0,,9.477766666666664,,True,2.0
Donny Osmond,Kym Johnson,Singer/Rapper,Utah,United States,51,9,1st Place,1,10.3333,9.3333,10.3333,,8.0,9.0,8.0,,7.0,7.0,7.0,,8.0,8.0,8.0,,10.0,9.0,10.0,,10.3333,10.3333,10.3333,,8.5,8.5,9.0,,8.5,8.0,8.5,,8.0,8.3333,8.3333,,9.6666,9.6666,9.6666,,,,,,False,False,16,10,3,percentage,False,10,29.999899999999997,9.999966666666666,25.0,8.333333333333334,21.0,7.0,24.0,8.0,29.0,9.666666666666666,30.999899999999997,10.3333,26.0,8.666666666666666,25.0,8.333333333333334,24.666600000000003,8.2222,28.9998,9.6666,0.0,,8.822206666666666,,True,1.0
Kelly Osbourne,Louis van Amstel,TV Personality,Non-US,England,24,9,3rd Place,3,9.6666,10.6666,10.6666,,6.0,7.0,6.0,,7.0,6.0,7.0,,8.0,7.0,8.0,,8.0,8.0,8.0,,8.6666,7.6666,8.6666,,8.5,8.5,9.0,,8.0,8.5,9.0,,8.6666,8.6666,8.6666,,8.5,8.5,8.2222,,,,,,False,False,16,10,3,percentage,False,10,30.9998,10.333266666666667,19.0,6.333333333333333,20.0,6.666666666666667,23.0,7.666666666666667,24.0,8.0,24.9998,8.333266666666667,26.0,8.666666666666666,25.5,8.5,25.9998,8.6666,25.2222,8.4074,0.0,,8.157386666666666,,True,3.0
Aiden Turner,Edyta Sliwinska,Actor/Actress,Non-US,England,32,10,Eliminated Week 4,9,5.0,5.0,5.0,,7.0,6.0,6.0,,7.0,6.0,7.0,,5.5,5.5,5.5,,0.0,0.0,0.0,,0.0,0.0,0.0,,0.0,0.0,0.0,,0.0,0.0,0.0,,0.0,0.0,0.0,,0.0,0.0,0.0,,,,,,False,False,11,10,3,percentage,False,4,15.0,5.0,19.0,6.333333333333333,20.0,6.666666666666667,16.5,5.5,0.0,0.0,0.0,0.0,0.0,0.0,0.0,0.0,0.0,0.0,0.0,0.0,0.0,,5.875,4.0,False,
Shannen Doherty,Mark Ballas,Actor/Actress,Tennessee,United States,38,10,Eliminated Week 2,11,6.0,6.0,6.0,,7.0,6.0,7.0,,0.0,0.0,0.0,,0.0,0.0,0.0,,0.0,0.0,0.0,,0.0,0.0,0.0,,0.0,0.0,0.0,,0.0,0.0,0.0,,0.0,0.0,0.0,,0.0,0.0,0.0,,,,,,False,False,11,10,3,percentage,False,2,18.0,6.0,20.0,6.666666666666667,0.0,0.0,0.0,0.0,0.0,0.0,0.0,0.0,0.0,0.0,0.0,0.0,0.0,0.0,0.0,0.0,0.0,,6.333333333333333,2.0,False,
Niecy Nash,Louis van Amstel,Actor/Actress,California,United States,40,10,Eliminated Week 8,5,7.0,5.0,6.0,,7.0,7.0,7.0,,7.0,7.0,7.0,,6.0,6.0,6.0,,6.0,6.0,6.0,,8.6666,8.6666,8.6666,,8.5,8.0,8.0,,7.0,7.0,7.5,,0.0,0.0,0.0,,0.0,0.0,0.0,,,,,,False,False,11,10,3,percentage,False,8,18.0,6.0,21.0,7.0,21.0,7.0,18.0,6.0,18.0,6.0,25.9998,8.6666,24.5,8.166666666666666,21.5,7.166666666666667,0.0,0.0,0.0,0.0,0.0,,6.999991666666666,8.0,False,
Buzz Aldrin,Ashly DelGrosso,Astronaut,New Jersey,United States,80,10,Eliminated Week 3,10,5.0,4.0,5.0,,4.0,4.0,4.0,,5.0,4.0,4.0,,0.0,0.0,0.0,,0.0,0.0,0.0,,0.0,0.0,0.0,,0.0,0.0,0.0,,0.0,0.0,0.0,,0.0,0.0,0.0,,0.0,0.0,0.0,,,,,,False,False,11,10,3,percentage,False,3,14.0,4.666666666666667,12.0,4.0,13.0,4.333333333333333,0.0,0.0,0.0,0.0,0.0,0.0,0.0,0.0,0.0,0.0,0.0,0.0,0.0,0.0,0.0,,4.333333333333333,3.0,False,
Chad Ochocinco,Cheryl Burke,Athlete,Florida,United States,32,10,Eliminated Week 9,4,6.0,6.0,6.0,,6.0,5.0,5.0,,7.0,6.0,7.0,,7.5,6.5,8.0,,6.0,6.0,6.0,,10.3333,10.3333,10.3333,,8.5,9.0,8.5,,7.5,7.5,7.5,,8.5,8.5,9.0,,0.0,0.0,0.0,,,,,,False,False,11,10,3,percentage,False,9,18.0,6.0,16.0,5.333333333333333,20.0,6.666666666666667,22.0,7.333333333333333,18.0,6.0,30.999899999999997,10.3333,26.0,8.666666666666666,22.5,7.5,26.0,8.666666666666666,0.0,0.0,0.0,,7.388885185185186,9.0,False,
Evan Lysacek,Anna Trebunskaya,Athlete,Illinois,United States,24,10,2nd Place,2,8.0,7.0,8.0,,8.0,8.0,8.0,,9.0,8.0,9.0,,9.0,8.0,9.0,,9.0,9.0,9.0,,9.0,9.0,9.0,,9.0,9.0,9.0,,9.0,8.5,9.0,,10.0,9.5,10.0,,9.3333,8.7777,8.7777,,,,,,False,False,11,10,3,percentage,False,10,23.0,7.666666666666667,24.0,8.0,26.0,8.666666666666666,26.0,8.666666666666666,27.0,9.0,27.0,9.0,27.0,9.0,26.5,8.833333333333334,29.5,9.833333333333334,26.888699999999996,8.9629,0.0,,8.762956666666668,,True,2.0
Pamela Anderson,Damian Whitewood,Model,Non-US,Canada,42,10,Eliminated Week 7,6,7.0,6.0,8.0,,7.0,7.0,8.0,,7.0,7.0,7.0,,7.5,7.5,8.5,,7.0,6.0,8.0,,9.6666,9.6666,10.6666,,8.5,8.5,8.5,,0.0,0.0,0.0,,0.0,0.0,0.0,,0.0,0.0,0.0,,,,,,False,False,11,10,3,percentage,False,7,21.0,7.0,22.0,7.333333333333333,21.0,7.0,23.5,7.833333333333333,21.0,7.0,29.9998,9.999933333333333,25.5,8.5,0.0,0.0,0.0,0.0,0.0,0.0,0.0,,7.809514285714285,7.0,False,
Nicole Scherzinger,Derek Hough,Singer/Rapper,Hawaii,United States,31,10,1st Place,1,9.0,7.0,9.0,,10.0,8.0,10.0,,8.0,6.0,9.0,,8.5,8.0,8.5,,10.0,9.0,10.0,,12.3333,10.3333,13.3333,,9.0,9.0,9.0,,10.0,9.5,10.0,,10.0,9.5,10.0,,9.5,9.5,9.7777,,,,,,False,False,11,10,3,percentage,False,10,25.0,8.333333333333334,28.0,9.333333333333334,23.0,7.666666666666667,25.0,8.333333333333334,29.0,9.666666666666666,35.9999,11.999966666666666,27.0,9.0,29.5,9.833333333333334,29.5,9.833333333333334,28.7777,9.592566666666666,0.0,,9.359253333333333,,True,1.0
Erin Andrews,Maksim Chmerkoskiy,Sports Broadcaster,Maine,United States,32,10,3rd Place,3,7.0,7.0,7.0,,8.0,7.0,8.0,,8.0,7.0,8.0,,6.5,6.5,6.5,,7.0,7.0,8.0,,12.0,10.0,12.0,,8.5,8.5,8.5,,8.5,9.0,9.0,,9.5,9.0,9.5,,9.2222,8.8888,8.8888,,,,,,False,False,11,10,3,percentage,False,10,21.0,7.0,23.0,7.666666666666667,23.0,7.666666666666667,19.5,6.5,22.0,7.333333333333333,34.0,11.333333333333334,25.5,8.5,26.5,8.833333333333334,28.0,9.333333333333334,26.9998,8.999933333333333,0.0,,8.31666,,True,3.0
Kate Gosselin,Tony Dovolani,TV Personality,Pennsylvania,United States,35,10,Eliminated Week 5,8,6.0,5.0,5.0,,5.0,5.0,5.0,,5.0,5.0,5.0,,5.0,5.5,5.5,,5.0,5.0,5.0,,0.0,0.0,0.0,,0.0,0.0,0.0,,0.0,0.0,0.0,,0.0,0.0,0.0,,0.0,0.0,0.0,,,,,,False,False,11,10,3,percentage,False,5,16.0,5.333333333333333,15.0,5.0,15.0,5.0,16.0,5.333333333333333,15.0,5.0,0.0,0.0,0.0,0.0,0.0,0.0,0.0,0.0,0.0,0.0,0.0,,5.133333333333334,5.0,False,
Jake Pavelka,Chelsie Hightower,TV Personality,Texas,United States,32,10,Eliminated Week 6,7,7.0,6.0,7.0,,6.0,7.0,7.0,,7.0,7.0,7.0,,6.5,6.5,6.0,,8.0,7.0,8.0,,8.3333,8.3333,8.3333,,0.0,0.0,0.0,,0.0,0.0,0.0,,0.0,0.0,0.0,,0.0,0.0,0.0,,,,,,False,False,11,10,3,percentage,False,6,20.0,6.666666666666667,20.0,6.666666666666667,21.0,7.0,19.0,6.333333333333333,23.0,7.666666666666667,24.999899999999997,8.3333,0.0,0.0,0.0,0.0,0.0,0.0,0.0,0.0,0.0,,7.111105555555556,6.0,False,
David Hasselhoff,Kym Johnson,Actor/Actress,Maryland,United States,58,11,Eliminated Week 1,12,5.0,5.0,5.0,,0.0,0.0,0.0,,0.0,0.0,0.0,,0.0,0.0,0.0,,0.0,0.0,0.0,,0.0,0.0,0.0,,0.0,0.0,0.0,0.0,0.0,0.0,0.0,,0.0,0.0,0.0,,0.0,0.0,0.0,,,,,,False,False,12,10,4,percentage,False,1,15.0,5.0,0.0,0.0,0.0,0.0,0.0,0.0,0.0,0.0,0.0,0.0,0.0,0.0,0.0,0.0,0.0,0.0,0.0,0.0,0.0,,5.0,1.0,False,
Florence Henderson,Corky Ballas,Actor/Actress,Indiana,United States,76,11,Eliminated Week 5,8,6.0,6.0,6.0,,7.0,6.0,6.0,,7.0,6.0,7.0,,6.0,6.0,5.5,,7.0,7.0,7.0,,0.0,0.0,0.0,,0.0,0.0,0.0,0.0,0.0,0.0,0.0,,0.0,0.0,0.0,,0.0,0.0,0.0,,,,,,False,False,12,10,4,percentage,False,5,18.0,6.0,19.0,6.333333333333333,20.0,6.666666666666667,17.5,5.833333333333333,21.0,7.0,0.0,0.0,0.0,0.0,0.0,0.0,0.0,0.0,0.0,0.0,0.0,,6.366666666666666,5.0,False,
Kyle Massey,Lacey Schwimmer,Actor/Actress,Georgia,United States,19,11,2nd Place,2,8.0,7.0,8.0,,8.0,7.0,7.0,,8.0,7.0,8.0,,7.0,6.5,6.5,,8.0,5.0,7.0,,10.3333,9.3333,10.3333,,9.0,8.5,8.0,8.0,9.5,9.0,9.5,,10.0,9.0,10.0,,9.3333,8.6666,9.3333,,,,,,False,False,12,10,4,percentage,False,10,23.0,7.666666666666667,22.0,7.333333333333333,23.0,7.666666666666667,20.0,6.666666666666667,20.0,6.666666666666667,29.999899999999997,9.999966666666666,33.5,8.375,28.0,9.333333333333334,29.0,9.666666666666666,27.333199999999998,9.111066666666666,0.0,,8.252680645161291,,True,2.0
Jennifer Grey,Derek Hough,Actor/Actress,New York,United States,50,11,1st Place,1,8.0,8.0,8.0,,8.0,8.0,8.0,,8.0,8.0,8.0,,9.5,9.0,9.5,,8.0,8.0,9.0,,9.0,10.0,10.0,,9.5,9.0,9.0,9.0,9.5,9.5,9.5,,10.0,10.0,10.0,,10.0,10.0,10.0,,,,,,False,False,12,10,4,percentage,False,10,24.0,8.0,24.0,8.0,24.0,8.0,28.0,9.333333333333334,25.0,8.333333333333334,29.0,9.666666666666666,36.5,9.125,28.5,9.5,30.0,10.0,30.0,10.0,0.0,,9.0,,True,1.0
Rick Fox,Cheryl Burke,Athlete,Non-US,Canada,41,11,Eliminated Week 7,6,8.0,7.0,7.0,,7.0,7.0,7.0,,8.0,8.0,8.0,,6.0,7.0,6.5,,8.0,8.0,8.0,,10.0,10.0,10.0,,9.0,8.5,8.5,8.5,0.0,0.0,0.0,,0.0,0.0,0.0,,0.0,0.0,0.0,,,,,,False,False,12,10,4,percentage,False,7,22.0,7.333333333333333,21.0,7.0,24.0,8.0,19.5,6.5,24.0,8.0,30.0,10.0,34.5,8.625,0.0,0.0,0.0,0.0,0.0,0.0,0.0,,7.954545454545454,7.0,False,
Kurt Warner,Anna Trebunskaya,Athlete,Iowa,United States,39,11,Eliminated Week 8,5,7.0,5.0,7.0,,7.0,7.0,7.0,,8.0,8.0,7.0,,6.0,5.5,5.5,,8.0,8.0,8.0,,7.3333,7.3333,7.3333,,9.5,8.5,8.5,8.5,8.0,8.0,8.0,,0.0,0.0,0.0,,0.0,0.0,0.0,,,,,,False,False,12,10,4,percentage,False,8,19.0,6.333333333333333,21.0,7.0,23.0,7.666666666666667,17.0,5.666666666666667,24.0,8.0,21.9999,7.3333,35.0,8.75,24.0,8.0,0.0,0.0,0.0,0.0,0.0,,7.399996000000001,8.0,False,
Margaret Cho,Louis van Amstel,Comedian,California,United States,41,11,Eliminated Week 3,10,5.0,5.0,5.0,,6.0,6.0,6.0,,6.0,6.0,6.0,,0.0,0.0,0.0,,0.0,0.0,0.0,,0.0,0.0,0.0,,0.0,0.0,0.0,0.0,0.0,0.0,0.0,,0.0,0.0,0.0,,0.0,0.0,0.0,,,,,,False,False,12,10,4,percentage,False,3,15.0,5.0,18.0,6.0,18.0,6.0,0.0,0.0,0.0,0.0,0.0,0.0,0.0,0.0,0.0,0.0,0.0,0.0,0.0,0.0,0.0,,5.666666666666667,3.0,False,
Michael Bolton,Chelsie Hightower,Singer/Rapper,Connecticut,United States,57,11,Eliminated Week 2,11,6.0,5.0,5.0,,4.0,5.0,3.0,,0.0,0.0,0.0,,0.0,0.0,0.0,,0.0,0.0,0.0,,0.0,0.0,0.0,,0.0,0.0,0.0,0.0,0.0,0.0,0.0,,0.0,0.0,0.0,,0.0,0.0,0.0,,,,,,False,False,12,10,4,percentage,False,2,16.0,5.333333333333333,12.0,4.0,0.0,0.0,0.0,0.0,0.0,0.0,0.0,0.0,0.0,0.0,0.0,0.0,0.0,0.0,0.0,0.0,0.0,,4.666666666666667,2.0,False,
Brandy,Maksim Chmerkoskiy,Singer/Rapper,Mississippi,United States,31,11,Eliminated Week 9,4,7.0,8.0,8.0,,7.0,7.0,7.0,,8.0,8.0,8.0,,8.0,8.0,8.0,,9.0,9.0,9.0,,11.3333,12.3333,12.3333,,9.0,9.0,9.5,9.0,9.0,9.5,10.0,,9.5,9.5,9.5,,0.0,0.0,0.0,,,,,,False,False,12,10,4,percentage,False,9,23.0,7.666666666666667,21.0,7.0,24.0,8.0,24.0,8.0,27.0,9.0,35.9999,11.999966666666666,36.5,9.125,28.5,9.5,28.5,9.5,0.0,0.0,0.0,,8.87499642857143,9.0,False,
The Situation,Karina Smirnoff,TV Personality,New York,United States,28,11,Eliminated Week 4,9,5.0,5.0,5.0,,6.0,6.0,6.0,,7.0,6.0,7.0,,5.0,4.5,4.5,,0.0,0.0,0.0,,0.0,0.0,0.0,,0.0,0.0,0.0,0.0,0.0,0.0,0.0,,0.0,0.0,0.0,,0.0,0.0,0.0,,,,,,False,False,12,10,4,percentage,False,4,15.0,5.0,18.0,6.0,20.0,6.666666666666667,14.0,4.666666666666667,0.0,0.0,0.0,0.0,0.0,0.0,0.0,0.0,0.0,0.0,0.0,0.0,0.0,,5.583333333333333,4.0,False,
Audrina Patridge,Tony Dovolani,TV Personality,California,United States,25,11,Eliminated Week 6,7,6.0,7.0,6.0,,8.0,8.0,7.0,,8.0,9.0,9.0,,8.0,7.5,7.5,,7.0,8.0,8.0,,10.6666,10.6666,10.6666,,0.0,0.0,0.0,0.0,0.0,0.0,0.0,,0.0,0.0,0.0,,0.0,0.0,0.0,,,,,,False,False,12,10,4,percentage,False,6,19.0,6.333333333333333,23.0,7.666666666666667,26.0,8.666666666666666,23.0,7.666666666666667,23.0,7.666666666666667,31.9998,10.6666,0.0,0.0,0.0,0.0,0.0,0.0,0.0,0.0,0.0,,8.1111,6.0,False,
Bristol Palin,Mark Ballas,TV Personality,Alaska,United States,19,11,3rd Place,3,6.0,6.0,6.0,,7.0,8.0,7.0,,6.0,6.0,7.0,,5.0,5.5,5.5,,6.0,6.0,6.0,,9.6666,8.6666,9.6666,,8.5,8.0,8.0,8.0,7.5,8.0,8.0,,8.5,9.0,9.0,,8.3333,9.0,8.3333,,,,,,False,True,12,10,4,percentage,False,10,18.0,6.0,22.0,7.333333333333333,19.0,6.333333333333333,16.0,5.333333333333333,18.0,6.0,27.9998,9.333266666666667,32.5,8.125,23.5,7.833333333333333,26.5,8.833333333333334,25.666600000000003,8.555533333333335,0.0,,7.392464516129032,,True,3.0
Ralph Macchio,Karina Smirnoff,Actor/Actress,New York,United States,49,12,Eliminated Week 9,4,8.0,8.0,8.0,,7.0,7.0,7.0,,7.0,7.0,7.0,,8.0,8.0,9.0,,8.0,7.0,7.0,,8.0,8.0,8.0,,9.0,8.5,7.5,8.0,7.5,7.5,8.0,,8.0,8.0,8.0,,0.0,0.0,0.0,,,,,,False,False,11,10,4,percentage,False,9,24.0,8.0,21.0,7.0,21.0,7.0,25.0,8.333333333333334,22.0,7.333333333333333,24.0,8.0,33.0,8.25,23.0,7.666666666666667,24.0,8.0,0.0,0.0,0.0,,7.75,9.0,False,
Chelsea Kane,Mark Ballas,Actor/Actress,Arizona,United States,22,12,3rd Place,3,7.0,7.0,7.0,,6.0,5.0,7.0,,7.0,8.0,8.0,,9.0,8.0,9.0,,9.0,8.0,9.0,,10.0,9.0,9.0,,8.0,8.5,7.5,8.0,9.0,9.0,9.5,,12.0,12.0,12.5,,10.0,9.6666,10.0,,,,,,False,False,11,10,4,percentage,False,10,21.0,7.0,18.0,6.0,23.0,7.666666666666667,26.0,8.666666666666666,26.0,8.666666666666666,28.0,9.333333333333334,32.0,8.0,27.5,9.166666666666666,36.5,12.166666666666666,29.666600000000003,9.888866666666667,0.0,,8.634406451612904,,True,3.0
Kirstie Alley,Maksim Chmerkoskiy,Actor/Actress,Kansas,United States,60,12,2nd Place,2,8.0,7.0,8.0,,7.0,6.0,7.0,,7.0,7.0,7.0,,7.0,7.0,8.0,,8.0,7.0,8.0,,8.0,9.0,9.0,,8.0,7.0,7.0,8.0,8.5,9.0,9.0,,9.0,9.0,9.0,,9.3333,9.3333,9.3333,,,,,,False,False,11,10,4,percentage,False,10,23.0,7.666666666666667,20.0,6.666666666666667,21.0,7.0,22.0,7.333333333333333,23.0,7.666666666666667,26.0,8.666666666666666,30.0,7.5,26.5,8.833333333333334,27.0,9.0,27.999899999999997,9.3333,0.0,,7.951609677419356,,True,2.0
Hines Ward,Kym Johnson,Athlete,Non-US,South Korea,35,12,1st Place,1,7.0,7.0,7.0,,8.0,7.0,8.0,,9.0,8.0,8.0,,9.0,8.0,8.0,,9.0,9.0,9.0,,9.0,9.0,9.0,,8.0,8.0,8.0,9.0,9.0,9.0,9.0,,10.0,10.0,10.0,,10.0,9.6666,10.0,,,,,,False,False,11,10,4,percentage,False,10,21.0,7.0,23.0,7.666666666666667,25.0,8.333333333333334,25.0,8.333333333333334,27.0,9.0,27.0,9.0,33.0,8.25,27.0,9.0,30.0,10.0,29.666600000000003,9.888866666666667,0.0,,8.634406451612904,,True,1.0
Sugar Ray Leonard,Anna Trebunskaya,Athlete,North Carolina,United States,54,12,Eliminated Week 4,9,6.0,5.0,6.0,,6.0,5.0,6.0,,7.0,6.0,7.0,,7.0,7.0,7.0,,0.0,0.0,0.0,,0.0,0.0,0.0,,0.0,0.0,0.0,0.0,0.0,0.0,0.0,,0.0,0.0,0.0,,0.0,0.0,0.0,,,,,,False,False,11,10,4,percentage,False,4,17.0,5.666666666666667,17.0,5.666666666666667,20.0,6.666666666666667,21.0,7.0,0.0,0.0,0.0,0.0,0.0,0.0,0.0,0.0,0.0,0.0,0.0,0.0,0.0,,6.25,4.0,False,
Chris Jericho,Cheryl Burke,Athlete,New York,United States,40,12,Eliminated Week 6,7,7.0,6.0,6.0,,8.0,7.0,8.0,,7.0,7.0,7.0,,8.0,7.0,8.0,,9.0,8.0,9.0,,7.0,8.0,7.0,,0.0,0.0,0.0,0.0,0.0,0.0,0.0,,0.0,0.0,0.0,,0.0,0.0,0.0,,,,,,False,False,11,10,4,percentage,False,6,19.0,6.333333333333333,23.0,7.666666666666667,21.0,7.0,23.0,7.666666666666667,26.0,8.666666666666666,22.0,7.333333333333333,0.0,0.0,0.0,0.0,0.0,0.0,0.0,0.0,0.0,,7.444444444444445,6.0,False,
Petra Nemcova,Dmitry Chaplin,Model,Non-US,Czechoslovakia,31,12,Eliminated Week 5,8,6.0,6.0,6.0,,6.0,6.0,6.0,,8.0,9.0,8.0,,8.0,7.0,8.0,,7.0,7.0,8.0,,0.0,0.0,0.0,,0.0,0.0,0.0,0.0,0.0,0.0,0.0,,0.0,0.0,0.0,,0.0,0.0,0.0,,,,,,False,False,11,10,4,percentage,False,5,18.0,6.0,18.0,6.0,25.0,8.333333333333334,23.0,7.666666666666667,22.0,7.333333333333333,0.0,0.0,0.0,0.0,0.0,0.0,0.0,0.0,0.0,0.0,0.0,,7.066666666666666,5.0,False,
Mike Catherwood,Lacey Schwimmer,Radio Personality,California,United States,32,12,Eliminated Week 2,11,5.0,4.0,4.0,,6.0,5.0,6.0,,0.0,0.0,0.0,,0.0,0.0,0.0,,0.0,0.0,0.0,,0.0,0.0,0.0,,0.0,0.0,0.0,0.0,0.0,0.0,0.0,,0.0,0.0,0.0,,0.0,0.0,0.0,,,,,,False,False,11,10,4,percentage,False,2,13.0,4.333333333333333,17.0,5.666666666666667,0.0,0.0,0.0,0.0,0.0,0.0,0.0,0.0,0.0,0.0,0.0,0.0,0.0,0.0,0.0,0.0,0.0,,5.0,2.0,False,
Romeo,Chelsie Hightower,Singer/Rapper,Louisiana,United States,21,12,Eliminated Week 8,5,7.0,6.0,6.0,,7.0,8.0,8.0,,7.0,6.0,7.0,,7.0,8.0,8.0,,9.0,8.0,9.0,,10.0,9.0,9.0,,7.5,8.0,7.0,7.5,8.5,9.0,8.5,,0.0,0.0,0.0,,0.0,0.0,0.0,,,,,,False,False,11,10,4,percentage,False,8,19.0,6.333333333333333,23.0,7.666666666666667,20.0,6.666666666666667,23.0,7.666666666666667,26.0,8.666666666666666,28.0,9.333333333333334,30.0,7.5,26.0,8.666666666666666,0.0,0.0,0.0,0.0,0.0,,7.8,8.0,False,
Wendy Williams,Tony Dovolani,TV Personality,New Jersey,United States,46,12,Eliminated Week 3,10,5.0,4.0,5.0,,6.0,5.0,6.0,,5.0,5.0,5.0,,0.0,0.0,0.0,,0.0,0.0,0.0,,0.0,0.0,0.0,,0.0,0.0,0.0,0.0,0.0,0.0,0.0,,0.0,0.0,0.0,,0.0,0.0,0.0,,,,,,False,False,11,10,4,percentage,False,3,14.0,4.666666666666667,17.0,5.666666666666667,15.0,5.0,0.0,0.0,0.0,0.0,0.0,0.0,0.0,0.0,0.0,0.0,0.0,0.0,0.0,0.0,0.0,,5.111111111111111,3.0,False,
Kendra Wilkinson,Louis van Amstel,TV Personality,California,United States,25,12,Eliminated Week 7,6,6.0,6.0,6.0,,7.0,6.0,6.0,,8.0,7.0,8.0,,6.0,6.0,6.0,,8.0,7.0,7.0,,8.0,8.0,9.0,,7.5,7.5,7.5,8.0,0.0,0.0,0.0,,0.0,0.0,0.0,,0.0,0.0,0.0,,,,,,False,False,11,10,4,percentage,False,7,18.0,6.0,19.0,6.333333333333333,23.0,7.666666666666667,18.0,6.0,22.0,7.333333333333333,25.0,8.333333333333334,30.5,7.625,0.0,0.0,0.0,0.0,0.0,0.0,0.0,,7.068181818181818,7.0,False,
Elisabetta Canalis,Valentin Chmerkovskiy,Actor/Actress,Non-US,Italy,33,13,Eliminated Week 2,11,5.0,5.0,5.0,,7.0,7.0,7.0,,0.0,0.0,0.0,,0.0,0.0,0.0,,0.0,0.0,0.0,,0.0,0.0,0.0,,0.0,0.0,0.0,,0.0,0.0,0.0,,0.0,0.0,0.0,,0.0,0.0,0.0,,,,,,False,False,12,10,3,percentage,False,2,15.0,5.0,21.0,7.0,0.0,0.0,0.0,0.0,0.0,0.0,0.0,0.0,0.0,0.0,0.0,0.0,0.0,0.0,0.0,0.0,0.0,,6.0,2.0,False,
David Arquette,Kym Johnson,Actor/Actress,Virginia,United States,40,13,Eliminated Week 7,6,6.0,6.0,6.0,,6.0,6.0,6.0,,8.0,8.0,8.0,,8.0,7.0,8.0,,8.0,9.0,8.0,,8.0,7.0,8.0,,8.0,7.5,8.0,,0.0,0.0,0.0,,0.0,0.0,0.0,,0.0,0.0,0.0,,,,,,False,False,12,10,3,percentage,False,7,18.0,6.0,18.0,6.0,24.0,8.0,23.0,7.666666666666667,25.0,8.333333333333334,23.0,7.666666666666667,23.5,7.833333333333333,0.0,0.0,0.0,0.0,0.0,0.0,0.0,,7.357142857142857,7.0,False,
Ricki Lake,Derek Hough,Actor/Actress,New York,United States,42,13,3rd Place,3,7.0,6.0,7.0,,8.0,7.0,8.0,,9.0,9.0,9.0,,10.0,9.0,10.0,,8.0,8.0,8.0,,10.0,9.0,10.0,,9.0,8.5,9.0,,8.5,8.5,9.0,,10.8333,11.3333,11.3333,,9.3333,9.3333,9.3333,,,,,,False,False,12,10,3,percentage,False,10,20.0,6.666666666666667,23.0,7.666666666666667,27.0,9.0,29.0,9.666666666666666,24.0,8.0,29.0,9.666666666666666,26.5,8.833333333333334,26.0,8.666666666666666,33.4999,11.166633333333332,27.999899999999997,9.3333,0.0,,8.866660000000001,,True,3.0
J.R. Martinez,Karina Smirnoff,Actor/Actress,Louisiana,United States,28,13,1st Place,1,8.0,7.0,7.0,,7.0,7.0,8.0,,9.0,8.0,9.0,,8.0,9.0,9.0,,9.0,9.0,10.0,,10.0,9.0,10.0,,8.5,7.5,8.0,,10.0,10.0,10.0,,9.5,9.0,9.5,,9.3333,9.1666,9.6666,,,,,,False,False,12,10,3,percentage,False,10,22.0,7.333333333333333,22.0,7.333333333333333,26.0,8.666666666666666,26.0,8.666666666666666,28.0,9.333333333333334,29.0,9.666666666666666,24.0,8.0,30.0,10.0,28.0,9.333333333333334,28.1665,9.388833333333332,0.0,,8.772216666666667,,True,1.0
Metta World Peace (Ron),Peta Murgatroyd,Athlete,New York,United States,31,13,Eliminated Week 1,12,5.0,4.0,5.0,,0.0,0.0,0.0,,0.0,0.0,0.0,,0.0,0.0,0.0,,0.0,0.0,0.0,,0.0,0.0,0.0,,0.0,0.0,0.0,,0.0,0.0,0.0,,0.0,0.0,0.0,,0.0,0.0,0.0,,,,,,False,False,12,10,3,percentage,False,1,14.0,4.666666666666667,0.0,0.0,0.0,0.0,0.0,0.0,0.0,0.0,0.0,0.0,0.0,0.0,0.0,0.0,0.0,0.0,0.0,0.0,0.0,,4.666666666666667,1.0,False,
Hope Solo,Maksim Chmerkoskiy,Athlete,Washington,United States,30,13,Eliminated Week 9,4,7.0,7.0,7.0,,6.0,7.0,6.0,,8.0,8.0,8.0,,8.0,8.0,8.0,,8.0,8.0,8.0,,7.0,6.0,7.0,,8.5,8.0,8.5,,8.5,9.0,8.5,,8.1666,8.1666,8.1666,,0.0,0.0,0.0,,,,,,False,False,12,10,3,percentage,False,9,21.0,7.0,19.0,6.333333333333333,24.0,8.0,24.0,8.0,24.0,8.0,20.0,6.666666666666667,25.0,8.333333333333334,26.0,8.666666666666666,24.4998,8.1666,0.0,0.0,0.0,,7.685177777777777,9.0,False,
Chynna Phillips,Tony Dovolani,Singer/Rapper,California,United States,43,13,Eliminated Week 4,9,8.0,7.0,7.0,,7.0,7.0,7.0,,8.0,9.0,9.0,,7.0,7.0,7.0,,0.0,0.0,0.0,,0.0,0.0,0.0,,0.0,0.0,0.0,,0.0,0.0,0.0,,0.0,0.0,0.0,,0.0,0.0,0.0,,,,,,False,False,12,10,3,percentage,False,4,22.0,7.333333333333333,21.0,7.0,26.0,8.666666666666666,21.0,7.0,0.0,0.0,0.0,0.0,0.0,0.0,0.0,0.0,0.0,0.0,0.0,0.0,0.0,,7.5,4.0,False,
Kristin Cavallari,Mark Ballas,TV Personality,Colorado,United States,24,13,Eliminated Week 3,10,7.0,6.0,6.0,,8.0,7.0,7.0,,8.0,8.0,8.0,,0.0,0.0,0.0,,0.0,0.0,0.0,,0.0,0.0,0.0,,0.0,0.0,0.0,,0.0,0.0,0.0,,0.0,0.0,0.0,,0.0,0.0,0.0,,,,,,False,False,12,10,3,percentage,False,3,19.0,6.333333333333333,22.0,7.333333333333333,24.0,8.0,0.0,0.0,0.0,0.0,0.0,0.0,0.0,0.0,0.0,0.0,0.0,0.0,0.0,0.0,0.0,,7.222222222222222,3.0,False,
Carson Kressley,Anna Trebunskaya,TV Personality,Pennsylvania,United States,41,13,Eliminated Week 5,8,6.0,5.0,6.0,,6.0,6.0,6.0,,8.0,7.0,8.0,,7.0,6.0,7.0,,6.0,6.0,7.0,,0.0,0.0,0.0,,0.0,0.0,0.0,,0.0,0.0,0.0,,0.0,0.0,0.0,,0.0,0.0,0.0,,,,,,False,False,12,10,3,percentage,False,5,17.0,5.666666666666667,18.0,6.0,23.0,7.666666666666667,20.0,6.666666666666667,19.0,6.333333333333333,0.0,0.0,0.0,0.0,0.0,0.0,0.0,0.0,0.0,0.0,0.0,,6.466666666666667,5.0,False,
Chaz Bono,Lacey Schwimmer,TV Personality,California,United States,42,13,Eliminated Week 6,7,6.0,5.0,6.0,,6.0,5.0,6.0,,6.0,6.0,6.0,,7.0,7.0,7.0,,7.0,7.0,7.0,,7.0,6.0,6.0,,0.0,0.0,0.0,,0.0,0.0,0.0,,0.0,0.0,0.0,,0.0,0.0,0.0,,,,,,False,False,12,10,3,percentage,False,6,17.0,5.666666666666667,17.0,5.666666666666667,18.0,6.0,21.0,7.0,21.0,7.0,19.0,6.333333333333333,0.0,0.0,0.0,0.0,0.0,0.0,0.0,0.0,0.0,,6.277777777777778,6.0,False,
Nancy Grace,Tristan MacManus,TV Personality,Georgia,United States,51,13,Eliminated Week 8,5,5.0,5.0,6.0,,6.0,8.0,7.0,,7.0,7.0,7.0,,7.0,7.0,7.0,,7.0,7.0,8.0,,9.0,7.0,8.0,,7.5,7.0,7.5,,7.5,7.0,7.5,,0.0,0.0,0.0,,0.0,0.0,0.0,,,,,,False,False,12,10,3,percentage,False,8,16.0,5.333333333333333,21.0,7.0,21.0,7.0,21.0,7.0,22.0,7.333333333333333,24.0,8.0,22.0,7.333333333333333,22.0,7.333333333333333,0.0,0.0,0.0,0.0,0.0,,7.041666666666667,8.0,False,
Rob Kardashian,Cheryl Burke,TV Personality,California,United States,24,13,2nd Place,2,6.0,5.0,5.0,,7.0,7.0,7.0,,8.0,8.0,8.0,,8.0,8.0,8.0,,9.0,8.0,8.0,,8.0,7.0,7.0,,9.0,8.0,8.5,,8.5,8.5,8.5,,11.1666,10.6666,10.6666,,9.4444,9.4444,9.4444,,,,,,False,False,12,10,3,percentage,False,10,16.0,5.333333333333333,21.0,7.0,24.0,8.0,24.0,8.0,25.0,8.333333333333334,22.0,7.333333333333333,25.5,8.5,25.5,8.5,32.4998,10.833266666666667,28.333199999999998,9.4444,0.0,,8.127766666666666,,True,2.0
William Levy,Cheryl Burke,Actor/Actress,Non-US,Cuba,31,14,3rd Place,3,8.0,8.0,8.0,,9.0,7.0,9.0,,9.0,9.0,10.0,,7.0,7.0,8.0,,10.0,9.0,10.0,,12.0,11.0,13.0,,9.0,8.5,9.0,,9.5,9.5,9.5,,9.5,9.5,10.0,,10.0,9.6666,10.0,,,,,,False,False,12,10,3,percentage,False,10,24.0,8.0,25.0,8.333333333333334,28.0,9.333333333333334,22.0,7.333333333333333,29.0,9.666666666666666,36.0,12.0,26.5,8.833333333333334,28.5,9.5,29.0,9.666666666666666,29.666600000000003,9.888866666666667,0.0,,9.255553333333333,,True,3.0
Jack Wagner,Anna Trebunskaya,Actor/Actress,Missouri,United States,52,14,Eliminated Week 3,11,8.0,7.0,8.0,,7.0,7.0,7.0,,8.0,8.0,8.0,,0.0,0.0,0.0,,0.0,0.0,0.0,,0.0,0.0,0.0,,0.0,0.0,0.0,,0.0,0.0,0.0,,0.0,0.0,0.0,,0.0,0.0,0.0,,,,,,False,False,12,10,3,percentage,False,3,23.0,7.666666666666667,21.0,7.0,24.0,8.0,0.0,0.0,0.0,0.0,0.0,0.0,0.0,0.0,0.0,0.0,0.0,0.0,0.0,0.0,0.0,,7.555555555555555,3.0,False,
Sherri Sheperd,Valentin Chmerkovskiy,Actor/Actress,Illinois,United States,44,14,Eliminated Week 4,10,8.0,7.0,8.0,,8.0,7.0,8.0,,8.0,8.0,8.0,,7.0,7.0,7.0,,0.0,0.0,0.0,,0.0,0.0,0.0,,0.0,0.0,0.0,,0.0,0.0,0.0,,0.0,0.0,0.0,,0.0,0.0,0.0,,,,,,False,False,12,10,3,percentage,False,4,23.0,7.666666666666667,23.0,7.666666666666667,24.0,8.0,21.0,7.0,0.0,0.0,0.0,0.0,0.0,0.0,0.0,0.0,0.0,0.0,0.0,0.0,0.0,,7.583333333333333,4.0,False,
Jaleel White,Kym Johnson,Actor/Actress,California,United States,35,14,Eliminated Week 7,7,9.0,8.0,9.0,,7.0,7.0,8.0,,9.0,8.0,8.0,,8.0,7.0,7.0,,8.0,8.0,8.0,,12.6666,11.6666,12.6666,,9.0,8.0,8.5,,0.0,0.0,0.0,,0.0,0.0,0.0,,0.0,0.0,0.0,,,,,,False,False,12,10,3,percentage,False,7,26.0,8.666666666666666,22.0,7.333333333333333,25.0,8.333333333333334,22.0,7.333333333333333,24.0,8.0,36.9998,12.333266666666667,25.5,8.5,0.0,0.0,0.0,0.0,0.0,0.0,0.0,,8.642847619047618,7.0,False,
Roshon Fegan,Chelsie Hightower,Actor/Actress,California,United States,20,14,Eliminated Week 8,6,8.0,7.0,8.0,,9.0,8.0,9.0,,8.0,8.0,9.0,,9.0,8.0,9.0,,9.0,8.0,9.0,,8.6666,9.6666,9.6666,,9.5,8.0,8.5,,9.5,9.0,9.5,,0.0,0.0,0.0,,0.0,0.0,0.0,,,,,,False,False,12,10,3,percentage,False,8,23.0,7.666666666666667,26.0,8.666666666666666,25.0,8.333333333333334,26.0,8.666666666666666,26.0,8.666666666666666,27.9998,9.333266666666667,26.0,8.666666666666666,28.0,9.333333333333334,0.0,0.0,0.0,0.0,0.0,,8.666658333333332,8.0,False,
Melissa Gilbert,Maksim Chmerkoskiy,Actor/Actress,California,United States,47,14,Eliminated Week 8,5,7.0,6.0,7.0,,7.0,6.0,7.0,,8.0,8.0,8.0,,7.0,8.0,7.0,,7.0,7.0,7.0,,10.0,10.0,10.0,,8.0,7.5,8.0,,8.5,8.5,8.5,,0.0,0.0,0.0,,0.0,0.0,0.0,,,,,,False,False,12,10,3,percentage,False,8,20.0,6.666666666666667,20.0,6.666666666666667,24.0,8.0,22.0,7.333333333333333,21.0,7.0,30.0,10.0,23.5,7.833333333333333,25.5,8.5,0.0,0.0,0.0,0.0,0.0,,7.75,8.0,False,
Martina Navratilova,Tony Dovolani,Athlete,Non-US,Czechoslovakia,55,14,Eliminated Week 2,12,7.0,6.0,7.0,,6.0,5.0,6.0,,0.0,0.0,0.0,,0.0,0.0,0.0,,0.0,0.0,0.0,,0.0,0.0,0.0,,0.0,0.0,0.0,,0.0,0.0,0.0,,0.0,0.0,0.0,,0.0,0.0,0.0,,,,,,False,False,12,10,3,percentage,False,2,20.0,6.666666666666667,17.0,5.666666666666667,0.0,0.0,0.0,0.0,0.0,0.0,0.0,0.0,0.0,0.0,0.0,0.0,0.0,0.0,0.0,0.0,0.0,,6.166666666666667,2.0,False,
Donald Driver,Peta Murgatroyd,Athlete,Texas,United States,37,14,1st Place,1,7.0,7.0,7.0,,8.0,8.0,8.0,,9.0,8.0,9.0,,9.0,9.0,9.0,,10.0,8.0,9.0,,11.3333,11.3333,11.3333,,9.0,8.5,9.0,,9.5,9.0,9.0,,9.5,9.0,10.0,,10.0,9.6666,10.0,,,,,,False,False,12,10,3,percentage,False,10,21.0,7.0,24.0,8.0,26.0,8.666666666666666,27.0,9.0,27.0,9.0,33.9999,11.3333,26.5,8.833333333333334,27.5,9.166666666666666,28.5,9.5,29.666600000000003,9.888866666666667,0.0,,9.038883333333334,,True,1.0
Gavin DeGraw,Karina Smirnoff,Singer/Rapper,New York,United States,35,14,Eliminated Week 5,9,7.0,6.0,7.0,,7.0,7.0,7.0,,8.0,8.0,8.0,,8.0,8.0,7.0,,6.0,6.0,7.0,,0.0,0.0,0.0,,0.0,0.0,0.0,,0.0,0.0,0.0,,0.0,0.0,0.0,,0.0,0.0,0.0,,,,,,False,False,12,10,3,percentage,False,5,20.0,6.666666666666667,21.0,7.0,24.0,8.0,23.0,7.666666666666667,19.0,6.333333333333333,0.0,0.0,0.0,0.0,0.0,0.0,0.0,0.0,0.0,0.0,0.0,,7.133333333333334,5.0,False,
Gladys Knight,Tristan MacManus,Singer/Rapper,Georgia,United States,67,14,Eliminated Week 6,8,8.0,7.0,8.0,,7.0,5.0,7.0,,8.0,8.0,8.0,,7.0,6.0,7.0,,7.0,7.0,8.0,,8.0,8.0,8.0,,0.0,0.0,0.0,,0.0,0.0,0.0,,0.0,0.0,0.0,,0.0,0.0,0.0,,,,,,False,False,12,10,3,percentage,False,6,23.0,7.666666666666667,19.0,6.333333333333333,24.0,8.0,20.0,6.666666666666667,22.0,7.333333333333333,24.0,8.0,0.0,0.0,0.0,0.0,0.0,0.0,0.0,0.0,0.0,,7.333333333333333,6.0,False,
Katherine Jenkins,Mark Ballas,Singer/Rapper,Non-US,Wales,31,14,2nd Place,2,9.0,8.0,9.0,,9.0,8.0,9.0,,10.0,9.0,10.0,,8.0,8.0,8.0,,10.0,9.0,10.0,,13.3333,12.3333,13.3333,,9.5,8.5,9.0,,9.0,9.0,9.5,,9.5,9.0,9.5,,10.0,10.0,10.0,,,,,,False,False,12,10,3,percentage,False,10,26.0,8.666666666666666,26.0,8.666666666666666,29.0,9.666666666666666,24.0,8.0,29.0,9.666666666666666,38.9999,12.999966666666666,27.0,9.0,27.5,9.166666666666666,28.0,9.333333333333334,30.0,10.0,0.0,,9.516663333333334,,True,2.0
Maria Menounos,Derek Hough,TV Personality,Massachusetts,United States,33,14,Eliminated Week 9,4,7.0,7.0,7.0,,8.0,8.0,9.0,,9.0,9.0,9.0,,9.0,8.0,9.0,,9.0,9.0,9.0,,9.3333,10.3333,10.3333,,10.0,9.0,9.5,,9.5,7.5,9.5,,10.0,9.5,10.0,,0.0,0.0,0.0,,,,,,False,False,12,10,3,percentage,False,9,21.0,7.0,25.0,8.333333333333334,27.0,9.0,26.0,8.666666666666666,27.0,9.0,29.999899999999997,9.999966666666666,28.5,9.5,26.5,8.833333333333334,29.5,9.833333333333334,0.0,0.0,0.0,,8.907403703703705,9.0,False,
Gilles Marini,Peta Murgatroyd,Actor/Actress,Non-US,France,36,15,Eliminated Week 8,6,8.0,8.0,8.0,,8.5,8.5,8.5,,8.5,8.5,8.5,,10.0,9.5,10.0,10.0,9.5,9.25,9.5,,9.0,9.0,9.5,,11.1666,11.1666,11.1666,,9.5,10.0,9.7777,,0.0,0.0,0.0,,0.0,0.0,0.0,,,,,,False,False,13,10,4,percentage,True,8,24.0,8.0,25.5,8.5,25.5,8.5,39.5,9.875,28.25,9.416666666666666,27.5,9.166666666666666,33.4998,11.1666,29.2777,9.759233333333333,0.0,0.0,0.0,0.0,0.0,,9.3211,8.0,False,
Sabrina Bryan,Louis van Amstel,Actor/Actress,California,United States,28,15,Eliminated Week 6,8,7.5,7.5,7.5,,9.0,8.5,8.5,,8.5,8.5,8.5,,9.0,9.0,8.5,9.0,9.75,9.75,9.75,,10.0,10.0,10.0,,0.0,0.0,0.0,,0.0,0.0,0.0,,0.0,0.0,0.0,,0.0,0.0,0.0,,,,,,False,False,13,10,4,percentage,True,6,22.5,7.5,26.0,8.666666666666666,25.5,8.5,35.5,8.875,29.25,9.75,30.0,10.0,0.0,0.0,0.0,0.0,0.0,0.0,0.0,0.0,0.0,,8.881578947368421,6.0,False,
Kirstie Alley,Maksim Chmerkoskiy,Actor/Actress,Kansas,United States,61,15,Eliminated Week 8,7,6.5,6.0,6.5,,7.0,7.0,7.0,,8.0,8.0,8.0,,7.5,7.5,7.5,7.5,8.75,8.75,8.75,,9.5,8.5,9.5,,9.3333,9.3333,9.3333,,8.5,8.5,8.5,,0.0,0.0,0.0,,0.0,0.0,0.0,,,,,,False,False,13,10,4,percentage,True,8,19.0,6.333333333333333,21.0,7.0,24.0,8.0,30.0,7.5,26.25,8.75,27.5,9.166666666666666,27.999899999999997,9.3333,25.5,8.5,0.0,0.0,0.0,0.0,0.0,,8.049996,8.0,False,
Kelly Monaco,Valentin Chmerkovskiy,Actor/Actress,Pennsylvania,United States,36,15,3rd Place,3,7.0,7.0,7.5,,7.5,7.0,7.5,,9.0,9.0,9.0,,9.0,9.5,9.5,9.5,8.5,8.5,8.75,,9.0,9.0,9.0,,12.0,12.0,12.0,,9.5,9.3333,9.5,,8.7777,9.3333,9.0,,9.6666,9.6666,9.7777,,,,,,False,False,13,10,4,percentage,True,10,21.5,7.166666666666667,22.0,7.333333333333333,27.0,9.0,37.5,9.375,25.75,8.583333333333334,27.0,9.0,36.0,12.0,28.3333,9.444433333333334,27.110999999999997,9.036999999999999,29.1109,9.703633333333334,0.0,,9.074361290322582,,True,3.0
Apolo Anton Ohno,Karina Smirnoff,Athlete,Washington,United States,30,15,Eliminated Week 9,5,7.5,7.0,7.5,,8.5,8.0,8.0,,9.0,8.0,8.5,,8.5,9.0,8.5,8.5,9.0,9.75,9.5,,10.0,10.0,10.0,,11.0,11.0,11.0,,9.7777,9.5,10.0,,9.3333,9.5,9.7777,,0.0,0.0,0.0,,,,,,False,False,13,10,4,percentage,True,9,22.0,7.333333333333333,24.5,8.166666666666666,25.5,8.5,34.5,8.625,28.25,9.416666666666666,30.0,10.0,33.0,11.0,29.2777,9.759233333333333,28.611,9.537,0.0,0.0,0.0,,9.12995357142857,9.0,False,
Emmitt Smith,Cheryl Burke,Athlete,Florida,United States,43,15,Eliminated Week 9,4,8.0,8.5,8.0,,7.5,7.5,7.5,,8.5,8.0,8.5,,9.0,9.0,9.0,9.0,9.25,9.25,9.5,,8.5,8.5,9.5,,10.8333,11.8333,11.8333,,9.5,9.7777,9.7777,,9.0,9.0,9.0,,0.0,0.0,0.0,,,,,,False,False,13,10,4,percentage,True,9,24.5,8.166666666666666,22.5,7.5,25.0,8.333333333333334,36.0,9.0,28.0,9.333333333333334,26.5,8.833333333333334,34.4999,11.499966666666666,29.0554,9.685133333333333,27.0,9.0,0.0,0.0,0.0,,9.037689285714286,9.0,False,
Shawn Johnson,Derek Hough,Athlete,Iowa,United States,20,15,2nd Place,2,8.0,6.5,7.5,,8.5,8.0,8.5,,9.0,8.0,9.5,,10.0,9.5,10.0,10.0,9.25,9.0,10.0,,9.5,8.5,10.0,,12.6666,12.6666,12.6666,,10.0,8.3333,9.5,,9.5,10.0,10.0,,9.6666,9.5,9.7777,,,,,,False,False,13,10,4,percentage,True,10,22.0,7.333333333333333,25.0,8.333333333333334,26.5,8.833333333333334,39.5,9.875,28.25,9.416666666666666,28.0,9.333333333333334,37.9998,12.6666,27.8333,9.277766666666666,29.5,9.833333333333334,28.944300000000002,9.648100000000001,0.0,,9.468625806451612,,True,2.0
Pamela Anderson,Tristan MacManus,Model,Non-US,Canada,45,15,Eliminated Week 1,13,5.5,5.5,6.0,,0.0,0.0,0.0,,0.0,0.0,0.0,,0.0,0.0,0.0,0.0,0.0,0.0,0.0,,0.0,0.0,0.0,,0.0,0.0,0.0,,0.0,0.0,0.0,,0.0,0.0,0.0,,0.0,0.0,0.0,,,,,,False,False,13,10,4,percentage,True,1,17.0,5.666666666666667,0.0,0.0,0.0,0.0,0.0,0.0,0.0,0.0,0.0,0.0,0.0,0.0,0.0,0.0,0.0,0.0,0.0,0.0,0.0,,5.666666666666667,1.0,False,
Helio Castroneves,Chelsie Hightower,Racing Driver,Non-US,Brazil,37,15,Eliminated Week 3,10,7.0,7.5,7.0,,8.0,7.5,7.5,,8.5,8.5,8.5,,0.0,0.0,0.0,0.0,0.0,0.0,0.0,,0.0,0.0,0.0,,0.0,0.0,0.0,,0.0,0.0,0.0,,0.0,0.0,0.0,,0.0,0.0,0.0,,,,,,False,False,13,10,4,percentage,True,3,21.5,7.166666666666667,23.0,7.666666666666667,25.5,8.5,0.0,0.0,0.0,0.0,0.0,0.0,0.0,0.0,0.0,0.0,0.0,0.0,0.0,0.0,0.0,,7.777777777777778,3.0,False,
Joey Fatone,Kym Johnson,Singer/Rapper,New York,United States,35,15,Eliminated Week 2,12,6.5,7.0,7.0,,7.5,7.5,7.5,,0.0,0.0,0.0,,0.0,0.0,0.0,0.0,0.0,0.0,0.0,,0.0,0.0,0.0,,0.0,0.0,0.0,,0.0,0.0,0.0,,0.0,0.0,0.0,,0.0,0.0,0.0,,,,,,False,False,13,10,4,percentage,True,2,20.5,6.833333333333333,22.5,7.5,0.0,0.0,0.0,0.0,0.0,0.0,0.0,0.0,0.0,0.0,0.0,0.0,0.0,0.0,0.0,0.0,0.0,,7.166666666666667,2.0,False,
Drew Lachey,Anna Trebunskaya,Singer/Rapper,Ohio,United States,36,15,Eliminated Week 3,11,7.0,7.0,7.5,,7.5,7.5,7.5,,8.0,8.0,8.0,,0.0,0.0,0.0,0.0,0.0,0.0,0.0,,0.0,0.0,0.0,,0.0,0.0,0.0,,0.0,0.0,0.0,,0.0,0.0,0.0,,0.0,0.0,0.0,,,,,,False,False,13,10,4,percentage,True,3,21.5,7.166666666666667,22.5,7.5,24.0,8.0,0.0,0.0,0.0,0.0,0.0,0.0,0.0,0.0,0.0,0.0,0.0,0.0,0.0,0.0,0.0,,7.555555555555555,3.0,False,
Bristol Palin,Mark Ballas,TV Personality,Alaska,United States,21,15,Eliminated Week 4,9,6.5,6.5,6.5,,6.0,6.0,6.0,,7.5,7.5,7.5,,8.0,8.0,8.0,8.0,0.0,0.0,0.0,,0.0,0.0,0.0,,0.0,0.0,0.0,,0.0,0.0,0.0,,0.0,0.0,0.0,,0.0,0.0,0.0,,,,,,False,False,13,10,4,percentage,True,4,19.5,6.5,18.0,6.0,22.5,7.5,32.0,8.0,0.0,0.0,0.0,0.0,0.0,0.0,0.0,0.0,0.0,0.0,0.0,0.0,0.0,,7.076923076923077,4.0,False,
Melissa Rycroft,Tony Dovolani,TV Personality,Texas,United States,29,15,1st Place,1,7.0,7.0,7.0,,8.0,8.0,7.5,,9.0,9.0,9.0,,9.0,9.0,9.5,9.5,9.25,9.5,9.5,,9.5,10.0,10.0,,13.3333,12.8333,12.8333,,10.0,10.0,10.0,,9.5,9.7777,9.5,,9.7777,9.7777,9.7777,,,,,,False,False,13,10,4,percentage,True,10,21.0,7.0,23.5,7.833333333333333,27.0,9.0,37.0,9.25,28.25,9.416666666666666,29.5,9.833333333333334,38.9999,12.999966666666666,30.0,10.0,28.7777,9.592566666666666,29.333099999999998,9.7777,0.0,,9.463248387096773,,True,1.0
Ingo Rademacher,Kym Johnson,Actor/Actress,Non-US,Germany,41,16,Eliminated Week 9,5,7.0,6.0,7.0,,6.0,7.0,7.0,,7.0,7.0,7.0,,8.0,7.0,8.0,,7.0,7.0,7.0,,7.5,8.0,7.5,,8.0,9.0,8.0,,8.0,8.0,8.0,,8.5,8.5,8.5,,0.0,0.0,0.0,,,,,,False,False,12,10,3,percentage,False,9,20.0,6.666666666666667,20.0,6.666666666666667,21.0,7.0,23.0,7.666666666666667,21.0,7.0,23.0,7.666666666666667,25.0,8.333333333333334,24.0,8.0,25.5,8.5,0.0,0.0,0.0,,7.5,9.0,False,
Zendaya,Valentin Chmerkovskiy,Actor/Actress,California,United States,16,16,2nd Place,2,8.0,8.0,8.0,,9.0,8.0,9.0,,8.6666,8.6666,8.6666,,9.0,8.0,9.0,,10.0,9.0,10.0,,8.5,8.5,8.5,,10.0,10.0,10.0,,9.5,10.0,9.5,,9.0,9.0,9.5,,10.0,10.0,10.0,,,,,,False,False,12,10,3,percentage,False,10,24.0,8.0,26.0,8.666666666666666,25.9998,8.6666,26.0,8.666666666666666,29.0,9.666666666666666,25.5,8.5,30.0,10.0,29.0,9.666666666666666,27.5,9.166666666666666,30.0,10.0,0.0,,9.099993333333334,,True,2.0
Dorothy Hamill,Tristan MacManus,Athlete,Illinois,United States,56,16,Withdrew,12,7.0,7.0,7.0,,5.0,5.0,5.0,,0.0,0.0,0.0,,0.0,0.0,0.0,,0.0,0.0,0.0,,0.0,0.0,0.0,,0.0,0.0,0.0,,0.0,0.0,0.0,,0.0,0.0,0.0,,0.0,0.0,0.0,,,,,,True,False,12,10,3,percentage,False,2,21.0,7.0,15.0,5.0,0.0,0.0,0.0,0.0,0.0,0.0,0.0,0.0,0.0,0.0,0.0,0.0,0.0,0.0,0.0,0.0,0.0,,6.0,-1.0,False,
Victor Ortiz,Lindsay Arnold,Athlete,Kansas,United States,26,16,Eliminated Week 6,8,6.0,6.0,6.0,,6.0,6.0,6.0,,8.0,7.0,8.0,,6.0,6.0,6.0,,7.0,7.0,7.0,,6.5,7.0,6.5,,0.0,0.0,0.0,,0.0,0.0,0.0,,0.0,0.0,0.0,,0.0,0.0,0.0,,,,,,False,False,12,10,3,percentage,False,6,18.0,6.0,18.0,6.0,23.0,7.666666666666667,18.0,6.0,21.0,7.0,20.0,6.666666666666667,0.0,0.0,0.0,0.0,0.0,0.0,0.0,0.0,0.0,,6.555555555555555,6.0,False,
Alexandra Raisman,Mark Ballas,Athlete,Massachusetts,United States,18,16,Eliminated Week 10,4,7.0,7.0,7.0,,8.0,8.0,8.0,,7.0,8.0,8.0,,9.0,9.0,9.0,,8.0,8.0,9.0,,8.5,9.0,8.5,,11.0,10.0,11.0,,9.0,9.5,9.5,,10.0,9.5,10.0,,9.5,9.5,10.0,,,,,,False,False,12,10,3,percentage,False,10,21.0,7.0,24.0,8.0,23.0,7.666666666666667,27.0,9.0,25.0,8.333333333333334,26.0,8.666666666666666,32.0,10.666666666666666,28.0,9.333333333333334,29.5,9.833333333333334,29.0,9.666666666666666,0.0,,8.816666666666666,10.0,False,
Jacoby Jones,Karina Smirnoff,Athlete,Louisiana,United States,28,16,3rd Place,3,7.0,6.0,7.0,,8.0,7.0,8.0,,8.6666,8.6666,8.6666,,8.0,8.0,8.0,,9.0,8.0,9.0,,7.5,7.5,7.5,,9.0,9.0,9.0,,8.5,9.0,8.5,,10.0,9.5,10.0,,9.3333,9.3333,9.3333,,,,,,False,False,12,10,3,percentage,False,10,20.0,6.666666666666667,23.0,7.666666666666667,25.9998,8.6666,24.0,8.0,26.0,8.666666666666666,22.5,7.5,27.0,9.0,26.0,8.666666666666666,29.5,9.833333333333334,27.999899999999997,9.3333,0.0,,8.39999,,True,3.0
D. L. Hughley,Cheryl Burke,Comedian,Virginia,United States,50,16,Eliminated Week 5,9,4.0,4.0,4.0,,5.0,5.0,6.0,,6.0,5.0,5.0,,7.0,7.0,7.0,,6.0,6.0,6.0,,0.0,0.0,0.0,,0.0,0.0,0.0,,0.0,0.0,0.0,,0.0,0.0,0.0,,0.0,0.0,0.0,,,,,,False,False,12,10,3,percentage,False,5,12.0,4.0,16.0,5.333333333333333,16.0,5.333333333333333,21.0,7.0,18.0,6.0,0.0,0.0,0.0,0.0,0.0,0.0,0.0,0.0,0.0,0.0,0.0,,5.533333333333333,5.0,False,
Andy Dick,Sharna Burgess,Comedian,South Carolina,United States,47,16,Eliminated Week 7,7,6.0,5.0,6.0,,7.0,6.0,7.0,,6.0,6.0,6.0,,7.0,7.0,7.0,,6.0,6.0,6.0,,7.0,7.5,7.0,,5.0,6.0,6.0,,0.0,0.0,0.0,,0.0,0.0,0.0,,0.0,0.0,0.0,,,,,,False,False,12,10,3,percentage,False,7,17.0,5.666666666666667,20.0,6.666666666666667,18.0,6.0,21.0,7.0,18.0,6.0,21.5,7.166666666666667,17.0,5.666666666666667,0.0,0.0,0.0,0.0,0.0,0.0,0.0,,6.309523809523809,7.0,False,
Wynonna Judd,Tony Dovolani,Singer/Rapper,Kentucky,United States,48,16,Eliminated Week 3,11,6.0,6.0,6.0,,6.0,6.0,6.0,,5.0,5.0,5.0,,0.0,0.0,0.0,,0.0,0.0,0.0,,0.0,0.0,0.0,,0.0,0.0,0.0,,0.0,0.0,0.0,,0.0,0.0,0.0,,0.0,0.0,0.0,,,,,,False,False,12,10,3,percentage,False,3,18.0,6.0,18.0,6.0,15.0,5.0,0.0,0.0,0.0,0.0,0.0,0.0,0.0,0.0,0.0,0.0,0.0,0.0,0.0,0.0,0.0,,5.666666666666667,3.0,False,
Kellie Pickler,Derek Hough,Singer/Rapper,North Carolina,United States,26,16,1st Place,1,7.0,7.0,7.0,,9.0,8.0,9.0,,8.0,9.0,8.0,,9.0,8.0,9.0,,9.0,9.0,9.0,,8.5,9.5,9.0,,9.0,10.0,10.0,,9.5,8.0,10.0,,9.5,10.0,9.5,,10.0,10.0,10.0,,,,,,False,False,12,10,3,percentage,False,10,21.0,7.0,26.0,8.666666666666666,25.0,8.333333333333334,26.0,8.666666666666666,27.0,9.0,27.0,9.0,29.0,9.666666666666666,27.5,9.166666666666666,29.0,9.666666666666666,30.0,10.0,0.0,,8.916666666666666,,True,1.0
Lisa Vanderpump,Gleb Savchenko,TV Personality,Non-US,England,52,16,Eliminated Week 4,10,6.0,6.0,6.0,,6.0,6.0,6.0,,7.0,7.0,7.0,,6.0,6.0,6.0,,0.0,0.0,0.0,,0.0,0.0,0.0,,0.0,0.0,0.0,,0.0,0.0,0.0,,0.0,0.0,0.0,,0.0,0.0,0.0,,,,,,False,False,12,10,3,percentage,False,4,18.0,6.0,18.0,6.0,21.0,7.0,18.0,6.0,0.0,0.0,0.0,0.0,0.0,0.0,0.0,0.0,0.0,0.0,0.0,0.0,0.0,,6.25,4.0,False,
Sean Lowe,Peta Murgatroyd,TV Personality,Texas,United States,29,16,Eliminated Week 8,6,7.0,6.0,6.0,,7.0,6.0,7.0,,7.0,7.0,7.0,,6.0,7.0,7.0,,8.0,8.0,8.0,,7.5,8.0,7.5,,8.0,8.0,8.0,,7.0,7.0,7.0,,0.0,0.0,0.0,,0.0,0.0,0.0,,,,,,False,False,12,10,3,percentage,False,8,19.0,6.333333333333333,20.0,6.666666666666667,21.0,7.0,20.0,6.666666666666667,24.0,8.0,23.0,7.666666666666667,24.0,8.0,21.0,7.0,0.0,0.0,0.0,0.0,0.0,,7.166666666666667,8.0,False,
Valerie Harper,Tristan MacManus,Actor/Actress,New York,United States,74,17,Eliminated Week 4,10,7.0,7.0,7.0,,6.0,6.0,7.0,,6.0,5.0,5.0,,6.0,6.0,6.0,,0.0,0.0,0.0,,0.0,0.0,0.0,,0.0,0.0,0.0,,0.0,0.0,0.0,,0.0,0.0,0.0,,0.0,0.0,0.0,0.0,0.0,0.0,0.0,,False,False,12,11,4,percentage,False,4,21.0,7.0,19.0,6.333333333333333,16.0,5.333333333333333,18.0,6.0,0.0,0.0,0.0,0.0,0.0,0.0,0.0,0.0,0.0,0.0,0.0,0.0,0.0,0.0,6.166666666666667,4.0,False,
Brant Daugherty,Peta Murgatroyd,Actor/Actress,Ohio,United States,28,17,Eliminated Week 8,7,7.0,8.0,7.0,,8.0,7.0,8.0,,9.0,9.0,9.0,,7.0,7.0,7.0,,9.0,9.0,9.0,,10.0,11.0,10.0,,9.5,9.5,9.5,,9.0,9.0,9.0,,0.0,0.0,0.0,,0.0,0.0,0.0,0.0,0.0,0.0,0.0,,False,False,12,11,4,percentage,False,8,22.0,7.333333333333333,23.0,7.666666666666667,27.0,9.0,21.0,7.0,27.0,9.0,31.0,10.333333333333334,28.5,9.5,27.0,9.0,0.0,0.0,0.0,0.0,0.0,0.0,8.604166666666666,8.0,False,
Elizabeth Berkley Lauren,Valentin Chmerkovskiy,Actor/Actress,Michigan,United States,39,17,Eliminated Week 9,6,8.0,8.0,8.0,,8.0,9.0,8.0,,8.0,9.0,8.0,,9.0,9.0,9.0,,8.0,9.0,9.0,,10.6666,10.6666,10.6666,,9.0,9.0,9.0,,8.0,9.0,8.0,,9.5,9.0,9.5,,0.0,0.0,0.0,0.0,0.0,0.0,0.0,,False,False,12,11,4,percentage,False,9,24.0,8.0,25.0,8.333333333333334,25.0,8.333333333333334,27.0,9.0,26.0,8.666666666666666,31.9998,10.6666,27.0,9.0,25.0,8.333333333333334,28.0,9.333333333333334,0.0,0.0,0.0,0.0,8.851844444444444,9.0,False,
Leah Remini,Tony Dovolani,Actor/Actress,New York,United States,43,17,Eliminated Week 10,5,7.0,7.0,7.0,,8.0,8.0,8.0,,8.0,8.0,8.0,,8.0,8.0,8.0,,7.0,7.0,8.0,,9.3333,9.3333,9.3333,,9.0,8.5,9.0,,9.0,10.0,9.0,,9.0,9.0,9.0,,8.0,8.0,8.0,8.5,0.0,0.0,0.0,,False,False,12,11,4,percentage,False,10,21.0,7.0,24.0,8.0,24.0,8.0,24.0,8.0,22.0,7.333333333333333,27.999899999999997,9.3333,26.5,8.833333333333334,28.0,9.333333333333334,27.0,9.0,32.5,8.125,0.0,0.0,8.29031935483871,10.0,False,
Corbin Bleu,Karina Smirnoff,Actor/Actress,New York,United States,24,17,2nd Place,2,8.0,8.0,8.0,,9.0,8.0,9.0,,9.0,8.0,9.0,,9.0,9.0,9.0,,9.0,9.0,10.0,,9.3333,8.3333,9.3333,,10.0,9.5,10.0,,10.0,10.0,10.0,,9.5,9.5,10.0,,9.5,9.0,9.5,9.5,9.8888,9.8888,9.8888,,False,False,12,11,4,percentage,False,11,24.0,8.0,26.0,8.666666666666666,26.0,8.666666666666666,27.0,9.0,28.0,9.333333333333334,26.999899999999997,8.999966666666666,29.5,9.833333333333334,30.0,10.0,29.0,9.666666666666666,37.5,9.375,29.6664,9.8888,9.225479411764708,,True,2.0
Amber Riley,Derek Hough,Actor/Actress,California,United States,27,17,1st Place,1,9.0,9.0,9.0,,8.0,8.0,8.0,,8.0,8.0,8.0,,9.0,9.0,9.0,,9.0,7.0,10.0,,11.3333,9.3333,11.3333,,10.0,10.0,9.5,,9.0,9.0,10.0,,8.5,8.5,8.5,,10.0,10.0,9.5,10.0,10.4444,10.4444,10.4444,,False,False,12,11,4,percentage,False,11,27.0,9.0,24.0,8.0,24.0,8.0,27.0,9.0,26.0,8.666666666666666,31.999899999999997,10.666633333333332,29.5,9.833333333333334,28.0,9.333333333333334,25.5,8.5,39.5,9.875,31.333199999999998,10.4444,9.230385294117646,,True,1.0
Keyshawn Johnson,Sharna Burgess,Athlete,California,United States,41,17,Eliminated Week 2,12,6.0,5.0,6.0,,6.0,6.0,6.0,,0.0,0.0,0.0,,0.0,0.0,0.0,,0.0,0.0,0.0,,0.0,0.0,0.0,,0.0,0.0,0.0,,0.0,0.0,0.0,,0.0,0.0,0.0,,0.0,0.0,0.0,0.0,0.0,0.0,0.0,,False,False,12,11,4,percentage,False,2,17.0,5.666666666666667,18.0,6.0,0.0,0.0,0.0,0.0,0.0,0.0,0.0,0.0,0.0,0.0,0.0,0.0,0.0,0.0,0.0,0.0,0.0,0.0,5.833333333333333,2.0,False,
Bill Engvall,Emma Slater,Comedian,Texas,United States,56,17,Eliminated Week 11,4,6.0,6.0,6.0,,7.0,7.0,7.0,,8.0,8.0,8.0,,7.0,7.0,7.0,,8.0,8.0,8.0,,8.3333,8.3333,7.3333,,8.5,8.0,8.5,,8.0,8.0,8.0,,7.0,7.0,7.0,,7.5,7.5,7.5,7.5,8.3333,8.8333,8.3333,,False,False,12,11,4,percentage,False,11,18.0,6.0,21.0,7.0,24.0,8.0,21.0,7.0,24.0,8.0,23.9999,7.9999666666666664,25.0,8.333333333333334,24.0,8.0,21.0,7.0,30.0,7.5,25.499899999999997,8.499966666666666,7.573523529411765,11.0,False,
Christina Milian,Mark Ballas,Singer/Rapper,New Jersey,United States,31,17,Eliminated Week 5,9,7.0,7.0,8.0,,9.0,8.0,8.0,,9.0,8.0,9.0,,8.0,8.0,8.0,,9.0,10.0,9.0,,0.0,0.0,0.0,,0.0,0.0,0.0,,0.0,0.0,0.0,,0.0,0.0,0.0,,0.0,0.0,0.0,0.0,0.0,0.0,0.0,,False,False,12,11,4,percentage,False,5,22.0,7.333333333333333,25.0,8.333333333333334,26.0,8.666666666666666,24.0,8.0,28.0,9.333333333333334,0.0,0.0,0.0,0.0,0.0,0.0,0.0,0.0,0.0,0.0,0.0,0.0,8.333333333333334,5.0,False,
"Nicole ""Snooki"" Polizzi",Sasha Farber,TV Personality,Non-US,Chile,25,17,Eliminated Week 7,8,8.0,8.0,7.0,,6.0,7.0,7.0,,9.0,8.0,8.0,,8.0,8.0,8.0,,9.0,9.0,9.0,,10.0,10.0,10.0,,9.0,9.0,9.0,,0.0,0.0,0.0,,0.0,0.0,0.0,,0.0,0.0,0.0,0.0,0.0,0.0,0.0,,False,False,12,11,4,percentage,False,7,23.0,7.666666666666667,20.0,6.666666666666667,25.0,8.333333333333334,24.0,8.0,27.0,9.0,30.0,10.0,27.0,9.0,0.0,0.0,0.0,0.0,0.0,0.0,0.0,0.0,8.380952380952381,7.0,False,
Jack Osbourne,Cheryl Burke,TV Personality,Non-US,England,27,17,3rd Place,3,8.0,8.0,7.0,,8.0,8.0,8.0,,7.0,7.0,8.0,,8.0,8.0,8.0,,9.0,9.0,9.0,,8.6666,9.6666,8.6666,,10.0,9.0,9.5,,10.0,10.0,10.0,,9.0,9.0,9.0,,9.0,8.5,9.0,9.0,9.3333,9.3333,9.3333,,False,False,12,11,4,percentage,False,11,23.0,7.666666666666667,24.0,8.0,22.0,7.333333333333333,24.0,8.0,27.0,9.0,26.9998,8.999933333333333,28.5,9.5,30.0,10.0,27.0,9.0,35.5,8.875,27.999899999999997,9.3333,8.705873529411765,,True,3.0
Bill Nye,Tyne Stecklein,TV Personality,Washington D.C.,United States,57,17,Eliminated Week 3,11,5.0,4.0,5.0,,6.0,5.0,6.0,,6.0,5.0,5.0,,0.0,0.0,0.0,,0.0,0.0,0.0,,0.0,0.0,0.0,,0.0,0.0,0.0,,0.0,0.0,0.0,,0.0,0.0,0.0,,0.0,0.0,0.0,0.0,0.0,0.0,0.0,,False,False,12,11,4,percentage,False,3,14.0,4.666666666666667,17.0,5.666666666666667,16.0,5.333333333333333,0.0,0.0,0.0,0.0,0.0,0.0,0.0,0.0,0.0,0.0,0.0,0.0,0.0,0.0,0.0,0.0,5.222222222222222,3.0,False,
Billy Dee Williams,Emma Slater,Actor/Actress,New York,United States,76,18,Withdrew,10,5.0,5.0,5.0,,5.0,5.0,5.0,,0.0,0.0,0.0,0.0,0.0,0.0,0.0,0.0,0.0,0.0,0.0,0.0,0.0,0.0,0.0,0.0,0.0,0.0,0.0,0.0,0.0,0.0,0.0,0.0,0.0,0.0,0.0,0.0,0.0,0.0,0.0,,,,,,True,False,12,10,4,percentage,False,2,15.0,5.0,15.0,5.0,0.0,0.0,0.0,0.0,0.0,0.0,0.0,0.0,0.0,0.0,0.0,0.0,0.0,0.0,0.0,0.0,0.0,,5.0,-1.0,False,
Danica McKellar,Valentin Chmerkovskiy,Actor/Actress,California,United States,39,18,Eliminated Week 8,6,8.0,8.0,8.0,,8.0,8.0,8.0,,9.0,9.0,9.0,9.0,8.0,8.0,8.0,8.0,10.0,9.0,10.0,10.0,9.0,9.0,9.0,9.0,9.0,9.5,8.5,9.0,10.0,9.0,9.0,10.0,0.0,0.0,0.0,0.0,0.0,0.0,0.0,,,,,,False,False,12,10,4,percentage,False,8,24.0,8.0,24.0,8.0,36.0,9.0,32.0,8.0,39.0,9.75,36.0,9.0,36.0,9.0,38.0,9.5,0.0,0.0,0.0,0.0,0.0,,8.833333333333334,8.0,False,
James Maslow,Peta Murgatroyd,Actor/Actress,New York,United States,23,18,Eliminated Week 10,4,7.0,7.0,7.0,,9.0,8.0,8.0,,9.0,9.0,9.0,9.0,9.0,8.0,9.0,9.0,10.0,10.0,10.0,10.0,9.0,9.0,8.0,9.0,8.5,9.5,8.0,9.0,8.0,9.0,10.0,9.0,9.5,9.5,9.5,9.5,9.5,9.5,10.0,,,,,,False,False,12,10,4,percentage,False,10,21.0,7.0,25.0,8.333333333333334,36.0,9.0,35.0,8.75,40.0,10.0,35.0,8.75,35.0,8.75,36.0,9.0,38.0,9.5,29.0,9.666666666666666,0.0,,8.91891891891892,10.0,False,
Candace Cameron Bure,Mark Ballas,Actor/Actress,California,United States,37,18,3rd Place,3,9.0,8.0,8.0,,7.0,7.0,7.0,,8.0,8.0,8.0,8.0,7.0,7.0,7.0,7.0,8.0,9.0,9.0,9.0,8.0,8.0,8.0,8.0,9.0,9.5,9.0,9.5,9.0,9.0,9.0,9.0,8.5,9.5,9.5,8.5,8.6666,8.6666,8.6666,,,,,,False,False,12,10,4,percentage,False,10,25.0,8.333333333333334,21.0,7.0,32.0,8.0,28.0,7.0,35.0,8.75,32.0,8.0,37.0,9.25,36.0,9.0,36.0,9.0,25.9998,8.6666,0.0,,8.32431891891892,,True,3.0
Sean Avery,Karina Smirnoff,Athlete,Non-US,Canada,33,18,Eliminated Week 2,11,7.0,6.0,7.0,,7.0,7.0,7.0,,0.0,0.0,0.0,0.0,0.0,0.0,0.0,0.0,0.0,0.0,0.0,0.0,0.0,0.0,0.0,0.0,0.0,0.0,0.0,0.0,0.0,0.0,0.0,0.0,0.0,0.0,0.0,0.0,0.0,0.0,0.0,,,,,,False,False,12,10,4,percentage,False,2,20.0,6.666666666666667,21.0,7.0,0.0,0.0,0.0,0.0,0.0,0.0,0.0,0.0,0.0,0.0,0.0,0.0,0.0,0.0,0.0,0.0,0.0,,6.833333333333333,2.0,False,
Diana Nyad,Henry Byalikov,Athlete,New York,United States,64,18,Eliminated Week 2,12,6.0,6.0,6.0,,0.0,0.0,0.0,,0.0,0.0,0.0,0.0,0.0,0.0,0.0,0.0,0.0,0.0,0.0,0.0,0.0,0.0,0.0,0.0,0.0,0.0,0.0,0.0,0.0,0.0,0.0,0.0,0.0,0.0,0.0,0.0,0.0,0.0,0.0,,,,,,False,False,12,10,4,percentage,False,1,18.0,6.0,0.0,0.0,0.0,0.0,0.0,0.0,0.0,0.0,0.0,0.0,0.0,0.0,0.0,0.0,0.0,0.0,0.0,0.0,0.0,,6.0,2.0,False,
Charlie White,Sharna Burgess,Athlete,Michigan,United States,26,18,Eliminated Week 9,5,9.0,9.0,9.0,,9.0,7.0,9.0,,9.0,9.0,9.0,9.0,7.0,8.0,9.0,9.0,9.0,10.0,9.0,9.0,9.0,9.0,9.0,9.0,8.5,10.0,8.0,9.0,10.0,10.0,10.0,10.0,9.5,9.5,9.5,9.5,0.0,0.0,0.0,,,,,,False,False,12,10,4,percentage,False,9,27.0,9.0,25.0,8.333333333333334,36.0,9.0,33.0,8.25,37.0,9.25,36.0,9.0,35.5,8.875,40.0,10.0,38.0,9.5,0.0,0.0,0.0,,9.044117647058824,9.0,False,
Amy Purdy,Derek Hough,Athlete,Nevada,United States,34,18,2nd Place,2,8.0,8.0,8.0,,8.0,8.0,8.0,,9.0,9.0,9.0,9.0,9.0,8.0,8.0,9.0,9.0,9.0,10.0,9.0,9.0,10.0,9.0,10.0,9.5,9.5,9.0,9.5,10.0,10.0,10.0,10.0,9.5,9.5,10.0,10.0,10.0,9.6666,10.0,,,,,,False,False,12,10,4,percentage,False,10,24.0,8.0,24.0,8.0,36.0,9.0,34.0,8.5,37.0,9.25,38.0,9.5,37.5,9.375,40.0,10.0,39.0,9.75,29.666600000000003,9.888866666666667,0.0,,9.166664864864865,,True,2.0
Meryl Davis,Maksim Chmerkoskiy,Athlete,Michigan,United States,27,18,1st Place,1,8.0,8.0,8.0,,8.0,9.0,8.0,,10.0,9.0,10.0,10.0,10.0,9.0,10.0,10.0,9.0,9.0,9.0,9.0,10.0,10.0,10.0,10.0,10.0,10.0,9.0,10.0,9.0,9.0,8.0,10.0,10.0,10.0,10.0,10.0,10.0,10.0,10.0,,,,,,False,False,12,10,4,percentage,False,10,24.0,8.0,25.0,8.333333333333334,39.0,9.75,39.0,9.75,36.0,9.0,40.0,10.0,39.0,9.75,36.0,9.0,40.0,10.0,30.0,10.0,0.0,,9.405405405405405,,True,1.0
Drew Carey,Cheryl Burke,Comedian,Ohio,United States,55,18,Eliminated Week 6,8,7.0,7.0,7.0,,7.0,7.0,7.0,,7.0,7.0,8.0,8.0,8.0,8.0,9.0,8.0,7.0,7.0,7.0,7.0,8.0,9.0,7.0,8.0,0.0,0.0,0.0,0.0,0.0,0.0,0.0,0.0,0.0,0.0,0.0,0.0,0.0,0.0,0.0,,,,,,False,False,12,10,4,percentage,False,6,21.0,7.0,21.0,7.0,30.0,7.5,33.0,8.25,28.0,7.0,32.0,8.0,0.0,0.0,0.0,0.0,0.0,0.0,0.0,0.0,0.0,,7.5,6.0,False,
Cody Simpson,Witney Carson,Singer/Rapper,Non-US,Australia,17,18,Eliminated Week 5,9,7.0,7.0,8.0,,7.0,7.0,8.0,,9.0,8.0,9.0,9.0,8.0,7.0,8.0,8.0,9.0,8.0,8.0,9.0,0.0,0.0,0.0,0.0,0.0,0.0,0.0,0.0,0.0,0.0,0.0,0.0,0.0,0.0,0.0,0.0,0.0,0.0,0.0,,,,,,False,False,12,10,4,percentage,False,5,22.0,7.333333333333333,22.0,7.333333333333333,35.0,8.75,31.0,7.75,34.0,8.5,0.0,0.0,0.0,0.0,0.0,0.0,0.0,0.0,0.0,0.0,0.0,,8.0,5.0,False,
NeNe Leakes,Tony Dovolani,TV Personality,New York,United States,46,18,Eliminated Week 7,7,7.0,7.0,7.0,,7.0,7.0,7.0,,8.0,7.0,8.0,8.0,8.0,8.0,8.0,8.0,9.0,9.0,9.0,9.0,8.0,9.0,8.0,8.0,8.0,9.0,7.5,8.5,0.0,0.0,0.0,0.0,0.0,0.0,0.0,0.0,0.0,0.0,0.0,,,,,,False,False,12,10,4,percentage,False,7,21.0,7.0,21.0,7.0,31.0,7.75,32.0,8.0,36.0,9.0,33.0,8.25,33.0,8.25,0.0,0.0,0.0,0.0,0.0,0.0,0.0,,7.961538461538462,7.0,False,
Antonio Sabato Jr.,Cheryl Burke,Actor/Actress,Non-US,Italy,42,19,Eliminated Week 7,8,6.0,6.0,6.0,7.0,8.0,7.0,8.0,8.0,7.0,7.0,7.0,8.0,7.0,7.0,7.0,8.0,8.0,6.0,7.0,7.0,7.0,7.0,7.0,7.0,7.0,7.5,7.5,7.5,0.0,0.0,0.0,0.0,0.0,0.0,0.0,0.0,0.0,0.0,0.0,0.0,0.0,0.0,0.0,0.0,False,False,13,11,4,percentage,False,7,25.0,6.25,31.0,7.75,29.0,7.25,29.0,7.25,28.0,7.0,28.0,7.0,29.5,7.375,0.0,0.0,0.0,0.0,0.0,0.0,0.0,0.0,7.125,7.0,False,
Jonathan Bennett,Allison Holker,Actor/Actress,Ohio,United States,33,19,Eliminated Week 6,9,8.0,7.0,7.0,8.0,7.0,7.0,8.0,8.0,8.0,8.0,8.0,8.0,6.0,6.0,6.0,6.0,6.0,6.0,6.0,6.0,8.0,8.0,8.0,8.0,0.0,0.0,0.0,0.0,0.0,0.0,0.0,0.0,0.0,0.0,0.0,0.0,0.0,0.0,0.0,0.0,0.0,0.0,0.0,0.0,False,False,13,11,4,percentage,False,6,30.0,7.5,30.0,7.5,32.0,8.0,24.0,6.0,24.0,6.0,32.0,8.0,0.0,0.0,0.0,0.0,0.0,0.0,0.0,0.0,0.0,0.0,7.166666666666667,6.0,False,
Lea Thompson,Artem Chigvintsev,Actor/Actress,Minnesota,United States,53,19,Eliminated Week 9,6,8.0,8.0,8.0,8.0,9.0,8.0,9.0,9.0,7.0,8.0,8.0,8.0,10.0,10.0,10.0,9.0,9.0,8.0,8.0,9.0,8.0,8.0,8.0,8.0,8.5,8.5,9.0,9.0,8.0,8.0,8.0,8.0,8.5,9.0,8.5,9.0,0.0,0.0,0.0,0.0,0.0,0.0,0.0,0.0,False,False,13,11,4,percentage,False,9,32.0,8.0,35.0,8.75,31.0,7.75,39.0,9.75,34.0,8.5,32.0,8.0,35.0,8.75,32.0,8.0,35.0,8.75,0.0,0.0,0.0,0.0,8.472222222222221,9.0,False,
Janel Parrish,Valentin Chmerkovskiy,Actor/Actress,Hawaii,United States,25,19,3rd Place,3,7.0,7.0,7.0,8.0,9.0,8.0,8.0,9.0,10.0,10.0,10.0,10.0,9.0,9.0,9.0,9.0,8.0,8.0,8.0,9.0,8.0,7.0,9.0,9.0,8.5,8.0,8.5,8.5,10.75,10.75,10.75,10.75,9.5,9.5,10.0,9.5,9.5,9.5,10.0,10.0,9.6666,10.0,9.6666,9.6666,False,False,13,11,4,percentage,False,11,29.0,7.25,34.0,8.5,40.0,10.0,36.0,9.0,33.0,8.25,33.0,8.25,33.5,8.375,43.0,10.75,38.5,9.625,39.0,9.75,38.99980000000001,9.749950000000002,9.04545,,True,3.0
Alfonso Ribeiro,Witney Carson,Actor/Actress,New York,United States,42,19,1st Place,1,9.0,9.0,9.0,9.0,8.0,8.0,8.0,8.0,8.0,8.0,8.0,8.0,10.0,10.0,10.0,10.0,8.0,9.0,9.0,8.0,10.0,10.0,9.0,10.0,8.5,8.5,8.5,8.5,10.75,9.75,9.75,10.75,9.5,9.5,9.5,10.0,9.5,9.0,9.5,9.5,10.0,10.0,10.0,10.0,False,False,13,11,4,percentage,False,11,36.0,9.0,32.0,8.0,32.0,8.0,40.0,10.0,34.0,8.5,39.0,9.75,34.0,8.5,41.0,10.25,38.5,9.625,37.5,9.375,40.0,10.0,9.181818181818182,,True,1.0
Lolo Jones,Keo Motsepe,Athlete,Iowa,United States,32,19,Eliminated Week 1,13,6.0,6.0,5.0,5.0,0.0,0.0,0.0,0.0,0.0,0.0,0.0,0.0,0.0,0.0,0.0,0.0,0.0,0.0,0.0,0.0,0.0,0.0,0.0,0.0,0.0,0.0,0.0,0.0,0.0,0.0,0.0,0.0,0.0,0.0,0.0,0.0,0.0,0.0,0.0,0.0,0.0,0.0,0.0,0.0,False,False,13,11,4,percentage,False,1,22.0,5.5,0.0,0.0,0.0,0.0,0.0,0.0,0.0,0.0,0.0,0.0,0.0,0.0,0.0,0.0,0.0,0.0,0.0,0.0,0.0,0.0,5.5,1.0,False,
Randy Couture,Karina Smirnoff,Athlete,Washington,United States,51,19,Eliminated Week 3,11,8.0,7.0,8.0,8.0,7.0,7.0,7.0,7.0,7.0,7.0,6.0,6.0,0.0,0.0,0.0,0.0,0.0,0.0,0.0,0.0,0.0,0.0,0.0,0.0,0.0,0.0,0.0,0.0,0.0,0.0,0.0,0.0,0.0,0.0,0.0,0.0,0.0,0.0,0.0,0.0,0.0,0.0,0.0,0.0,False,False,13,11,4,percentage,False,3,31.0,7.75,28.0,7.0,26.0,6.5,0.0,0.0,0.0,0.0,0.0,0.0,0.0,0.0,0.0,0.0,0.0,0.0,0.0,0.0,0.0,0.0,7.083333333333333,3.0,False,
Tommy Chong,Peta Murgatroyd,Comedian,Non-US,Canada,76,19,Eliminated Week 10,5,7.0,6.0,7.0,7.0,7.0,7.0,7.0,7.0,8.0,10.0,8.0,8.0,7.0,7.0,7.0,7.0,6.0,6.0,5.0,6.0,7.0,7.0,7.0,7.0,7.5,7.5,7.5,7.5,6.75,7.75,7.75,6.75,7.0,7.5,7.0,7.0,8.0,7.5,8.0,7.5,0.0,0.0,0.0,0.0,False,False,13,11,4,percentage,False,10,27.0,6.75,28.0,7.0,34.0,8.5,28.0,7.0,23.0,5.75,28.0,7.0,30.0,7.5,29.0,7.25,28.5,7.125,31.0,7.75,0.0,0.0,7.1625,10.0,False,
Betsey Johnson,Tony Dovolani,Fashion Designer,Connecticut,United States,72,19,Eliminated Week 4,10,5.0,5.0,5.0,5.0,7.0,7.0,7.0,7.0,7.0,9.0,6.0,7.0,8.0,7.0,7.0,7.0,0.0,0.0,0.0,0.0,0.0,0.0,0.0,0.0,0.0,0.0,0.0,0.0,0.0,0.0,0.0,0.0,0.0,0.0,0.0,0.0,0.0,0.0,0.0,0.0,0.0,0.0,0.0,0.0,False,False,13,11,4,percentage,False,4,20.0,5.0,28.0,7.0,29.0,7.25,29.0,7.25,0.0,0.0,0.0,0.0,0.0,0.0,0.0,0.0,0.0,0.0,0.0,0.0,0.0,0.0,6.625,4.0,False,
Michael Waltrip,Emma Slater,Racing Driver,Kentucky,United States,51,19,Eliminated Week 8,7,7.0,6.0,6.0,6.0,6.0,6.0,6.0,6.0,7.0,7.0,7.0,7.0,6.0,6.0,6.0,7.0,5.0,5.0,5.0,5.0,8.0,7.0,8.0,7.0,7.0,7.0,7.0,7.0,6.0,7.0,6.0,6.0,0.0,0.0,0.0,0.0,0.0,0.0,0.0,0.0,0.0,0.0,0.0,0.0,False,False,13,11,4,percentage,False,8,25.0,6.25,24.0,6.0,28.0,7.0,25.0,6.25,20.0,5.0,30.0,7.5,28.0,7.0,25.0,6.25,0.0,0.0,0.0,0.0,0.0,0.0,6.40625,8.0,False,
Tavis Smiley,Sharna Burgess,Radio Personality,Mississippi,United States,50,19,Eliminated Week 2,12,7.0,7.0,8.0,7.0,7.0,7.0,7.0,7.0,0.0,0.0,0.0,0.0,0.0,0.0,0.0,0.0,0.0,0.0,0.0,0.0,0.0,0.0,0.0,0.0,0.0,0.0,0.0,0.0,0.0,0.0,0.0,0.0,0.0,0.0,0.0,0.0,0.0,0.0,0.0,0.0,0.0,0.0,0.0,0.0,False,False,13,11,4,percentage,False,2,29.0,7.25,28.0,7.0,0.0,0.0,0.0,0.0,0.0,0.0,0.0,0.0,0.0,0.0,0.0,0.0,0.0,0.0,0.0,0.0,0.0,0.0,7.125,2.0,False,
Bethany Mota,Derek Hough,Social Media Personality,California,United States,18,19,Eliminated Week 11,4,8.0,8.0,8.0,8.0,8.0,9.0,8.0,8.0,10.0,10.0,10.0,10.0,8.0,8.0,8.0,9.0,8.0,8.0,8.0,8.0,9.0,9.0,9.0,9.0,9.5,9.0,9.5,9.5,9.75,9.75,9.75,10.75,9.0,9.5,9.5,9.0,9.5,9.5,9.5,9.5,9.5,9.5,9.5,9.5,False,False,13,11,4,percentage,False,11,32.0,8.0,33.0,8.25,40.0,10.0,33.0,8.25,32.0,8.0,36.0,9.0,37.5,9.375,40.0,10.0,37.0,9.25,38.0,9.5,38.0,9.5,9.011363636363637,11.0,False,
Sadie Robertson,Mark Ballas,TV Personality,Louisiana,United States,17,19,2nd Place,2,8.0,8.0,9.0,9.0,8.0,7.0,8.0,8.0,8.0,8.0,8.0,8.0,9.0,10.0,9.0,9.0,9.0,9.0,9.0,9.0,9.0,10.0,8.0,8.0,7.5,7.5,8.0,8.0,9.0,9.0,10.0,10.0,9.0,9.5,9.0,9.0,9.0,9.5,9.5,9.0,10.0,9.6666,10.0,9.6666,False,False,13,11,4,percentage,False,11,34.0,8.5,31.0,7.75,32.0,8.0,37.0,9.25,36.0,9.0,35.0,8.75,31.0,7.75,38.0,9.5,36.5,9.125,37.0,9.25,39.333200000000005,9.833300000000001,8.791663636363637,,True,2.0
Suzanne Somers,Tony Dovolani,Actor/Actress,California,United States,68,20,Eliminated Week 5,9,6.0,6.0,6.0,7.0,7.0,7.0,7.0,7.0,6.0,6.0,6.0,7.0,7.0,7.0,7.0,7.0,7.0,7.0,7.0,7.0,0.0,0.0,0.0,0.0,0.0,0.0,0.0,0.0,0.0,0.0,0.0,0.0,0.0,0.0,0.0,0.0,0.0,0.0,0.0,0.0,,,,,False,False,12,10,4,percentage,False,5,25.0,6.25,28.0,7.0,25.0,6.25,28.0,7.0,28.0,7.0,0.0,0.0,0.0,0.0,0.0,0.0,0.0,0.0,0.0,0.0,0.0,,6.7,5.0,False,
Willow Shields,Mark Ballas,Actor/Actress,New Mexico,United States,14,20,Eliminated Week 7,7,6.0,6.0,6.0,7.0,8.0,8.0,8.0,8.0,8.0,8.0,8.0,8.0,10.0,9.0,10.0,10.0,8.0,8.0,9.0,9.0,9.5,8.5,9.0,9.5,9.5,9.5,9.5,10.5,0.0,0.0,0.0,0.0,0.0,0.0,0.0,0.0,0.0,0.0,0.0,0.0,,,,,False,False,12,10,4,percentage,False,7,25.0,6.25,32.0,8.0,32.0,8.0,39.0,9.75,34.0,8.5,36.5,9.125,39.0,9.75,0.0,0.0,0.0,0.0,0.0,0.0,0.0,,8.482142857142858,7.0,False,
Riker Lynch,Allison Holker,Actor/Actress,Colorado,United States,23,20,2nd Place,2,8.0,7.0,8.0,8.0,8.0,8.0,8.0,8.0,9.0,7.0,9.0,9.0,8.0,8.0,9.0,9.0,10.0,9.0,9.0,10.0,10.0,8.5,9.5,10.0,9.0,10.0,9.0,9.0,10.0,9.0,10.0,10.0,10.0,10.0,10.0,10.0,10.0,10.0,10.0,10.0,,,,,False,False,12,10,4,percentage,False,10,31.0,7.75,32.0,8.0,34.0,8.5,34.0,8.5,38.0,9.5,38.0,9.5,37.0,9.25,39.0,9.75,40.0,10.0,40.0,10.0,0.0,,9.075,,True,2.0
Rumer Willis,Valentin Chmerkovskiy,Actor/Actress,Kentucky,United States,26,20,1st Place,1,8.0,8.0,8.0,8.0,8.0,8.0,8.0,8.0,8.0,9.0,8.0,8.0,9.0,8.0,9.0,9.0,10.0,9.0,10.0,10.0,9.0,8.5,8.5,9.5,8.5,9.5,9.5,9.5,10.0,10.0,10.0,10.0,10.0,9.5,9.5,10.0,10.0,10.0,10.0,10.0,,,,,False,False,12,10,4,percentage,False,10,32.0,8.0,32.0,8.0,33.0,8.25,35.0,8.75,39.0,9.75,35.5,8.875,37.0,9.25,40.0,10.0,39.0,9.75,40.0,10.0,0.0,,9.0625,,True,1.0
Nastia Liukin,Derek Hough,Athlete,Non-US,Russia,25,20,Eliminated Week 9,4,7.0,7.0,8.0,8.0,9.0,8.0,8.0,9.0,9.0,8.0,9.0,8.0,9.0,8.0,9.0,10.0,9.0,9.0,10.0,10.0,9.5,8.5,9.0,9.5,10.75,9.75,9.75,10.75,9.5,9.5,9.5,9.5,10.0,10.0,10.0,10.0,0.0,0.0,0.0,0.0,,,,,False,False,12,10,4,percentage,False,9,30.0,7.5,34.0,8.5,34.0,8.5,36.0,9.0,38.0,9.5,36.5,9.125,41.0,10.25,38.0,9.5,40.0,10.0,0.0,0.0,0.0,,9.097222222222221,9.0,False,
Michael Sam,Peta Murgatroyd,Athlete,Texas,United States,25,20,Eliminated Week 4,10,6.0,6.0,7.0,7.0,7.0,7.0,7.0,7.0,6.0,6.0,6.0,6.0,7.0,7.0,8.0,8.0,0.0,0.0,0.0,0.0,0.0,0.0,0.0,0.0,0.0,0.0,0.0,0.0,0.0,0.0,0.0,0.0,0.0,0.0,0.0,0.0,0.0,0.0,0.0,0.0,,,,,False,False,12,10,4,percentage,False,4,26.0,6.5,28.0,7.0,24.0,6.0,30.0,7.5,0.0,0.0,0.0,0.0,0.0,0.0,0.0,0.0,0.0,0.0,0.0,0.0,0.0,,6.75,4.0,False,
Robert Herjavec,Kym Johnson,Entrepreneur,Non-US,Croatia,52,20,Eliminated Week 8,6,7.0,7.0,7.0,7.0,7.0,7.0,7.0,7.0,7.0,7.0,8.0,7.0,8.0,9.0,8.0,9.0,6.0,6.0,6.0,6.0,8.5,8.0,8.5,8.5,7.0,8.0,8.0,8.0,7.5,7.5,8.5,7.5,0.0,0.0,0.0,0.0,0.0,0.0,0.0,0.0,,,,,False,False,12,10,4,percentage,False,8,28.0,7.0,28.0,7.0,29.0,7.25,34.0,8.5,24.0,6.0,33.5,8.375,31.0,7.75,31.0,7.75,0.0,0.0,0.0,0.0,0.0,,7.453125,8.0,False,
Charlotte McKinney,Keo Motsepe,Model,Florida,United States,21,20,Eliminated Week 3,11,6.0,5.0,5.0,6.0,7.0,6.0,7.0,6.0,6.0,5.0,5.0,6.0,0.0,0.0,0.0,0.0,0.0,0.0,0.0,0.0,0.0,0.0,0.0,0.0,0.0,0.0,0.0,0.0,0.0,0.0,0.0,0.0,0.0,0.0,0.0,0.0,0.0,0.0,0.0,0.0,,,,,False,False,12,10,4,percentage,False,3,22.0,5.5,26.0,6.5,22.0,5.5,0.0,0.0,0.0,0.0,0.0,0.0,0.0,0.0,0.0,0.0,0.0,0.0,0.0,0.0,0.0,,5.833333333333333,3.0,False,
Noah Galloway,Sharna Burgess,Motivational Speaker,Alabama,United States,33,20,3rd Place,3,7.0,6.0,6.0,7.0,7.0,6.0,7.0,7.0,7.0,7.0,8.0,8.0,8.0,8.0,8.0,8.0,7.0,7.0,7.0,7.0,8.5,8.0,8.5,9.0,10.5,8.5,9.5,9.5,8.0,7.5,8.0,8.0,9.5,9.5,9.5,9.5,9.0,9.0,9.0,9.0,,,,,False,False,12,10,4,percentage,False,10,26.0,6.5,27.0,6.75,30.0,7.5,32.0,8.0,28.0,7.0,34.0,8.5,38.0,9.5,31.5,7.875,38.0,9.5,36.0,9.0,0.0,,8.0125,,True,3.0
Redfoo,Emma Slater,Singer/Rapper,California,United States,39,20,Eliminated Week 2,12,6.0,5.0,5.0,6.0,8.0,7.0,8.0,8.0,0.0,0.0,0.0,0.0,0.0,0.0,0.0,0.0,0.0,0.0,0.0,0.0,0.0,0.0,0.0,0.0,0.0,0.0,0.0,0.0,0.0,0.0,0.0,0.0,0.0,0.0,0.0,0.0,0.0,0.0,0.0,0.0,,,,,False,False,12,10,4,percentage,False,2,22.0,5.5,31.0,7.75,0.0,0.0,0.0,0.0,0.0,0.0,0.0,0.0,0.0,0.0,0.0,0.0,0.0,0.0,0.0,0.0,0.0,,6.625,2.0,False,
Patti LaBelle,Artem Chigvintsev,Singer/Rapper,Pennsylvania,United States,70,20,Eliminated Week 6,8,7.0,6.0,6.0,6.0,7.0,7.0,7.0,7.0,6.0,5.0,5.0,6.0,8.0,7.0,7.0,8.0,7.0,6.0,7.0,7.0,9.0,8.0,8.5,8.5,0.0,0.0,0.0,0.0,0.0,0.0,0.0,0.0,0.0,0.0,0.0,0.0,0.0,0.0,0.0,0.0,,,,,False,False,12,10,4,percentage,False,6,25.0,6.25,28.0,7.0,22.0,5.5,30.0,7.5,27.0,6.75,34.0,8.5,0.0,0.0,0.0,0.0,0.0,0.0,0.0,0.0,0.0,,6.916666666666667,6.0,False,
Chris Soules,Witney Carson,TV Personality,Iowa,United States,33,20,Eliminated Week 8,5,7.0,6.0,6.0,7.0,5.0,6.0,5.0,5.0,7.0,7.0,7.0,7.0,7.0,6.0,7.0,7.0,7.0,6.0,7.0,7.0,9.0,8.0,9.0,9.0,8.0,7.0,8.0,8.0,8.0,7.5,8.5,8.0,0.0,0.0,0.0,0.0,0.0,0.0,0.0,0.0,,,,,False,False,12,10,4,percentage,False,8,26.0,6.5,21.0,5.25,28.0,7.0,27.0,6.75,27.0,6.75,35.0,8.75,31.0,7.75,32.0,8.0,0.0,0.0,0.0,0.0,0.0,,7.09375,8.0,False,
Gary Busey,Anna Trebunskaya,Actor/Actress,Texas,United States,71,21,Eliminated Week 4,10,5.0,5.0,5.0,,5.5,5.5,5.5,,6.0,7.0,6.0,6.0,5.0,6.0,5.0,,0.0,0.0,0.0,0.0,0.0,0.0,0.0,0.0,0.0,0.0,0.0,,0.0,0.0,0.0,,0.0,0.0,0.0,,0.0,0.0,0.0,,0.0,0.0,0.0,,False,False,13,11,4,percentage,False,4,15.0,5.0,16.5,5.5,25.0,6.25,16.0,5.333333333333333,0.0,0.0,0.0,0.0,0.0,0.0,0.0,0.0,0.0,0.0,0.0,0.0,0.0,0.0,5.576923076923077,4.0,False,
Alexa PenaVega,Mark Ballas,Actor/Actress,Florida,United States,27,21,Eliminated Week 9,6,7.0,7.0,8.0,,7.5,7.5,8.0,,9.0,9.0,9.0,9.0,7.0,7.0,7.0,,10.0,10.0,10.0,10.0,8.0,7.0,7.0,8.0,9.0,9.5,9.0,,9.6666,8.6666,8.6666,,10.0,10.0,10.0,,0.0,0.0,0.0,,0.0,0.0,0.0,,False,False,13,11,4,percentage,False,9,22.0,7.333333333333333,23.0,7.666666666666667,36.0,9.0,21.0,7.0,40.0,10.0,30.0,7.5,27.5,9.166666666666666,26.9998,8.999933333333333,30.0,10.0,0.0,0.0,0.0,0.0,8.549993333333331,9.0,False,
Carlos PenaVega,Witney Carson,Actor/Actress,Missouri,United States,26,21,Eliminated Week 11,4,8.0,8.0,7.0,,7.5,7.5,7.5,,7.0,8.0,8.0,8.0,9.0,8.0,8.0,,10.0,10.0,9.0,10.0,10.0,9.0,9.0,10.0,9.0,10.0,9.0,,9.6666,9.6666,9.6666,,9.0,9.0,9.0,,10.0,10.5,11.0,,10.0,10.0,10.0,,False,False,13,11,4,percentage,False,11,23.0,7.666666666666667,22.5,7.5,31.0,7.75,25.0,8.333333333333334,39.0,9.75,38.0,9.5,28.0,9.333333333333334,28.9998,9.6666,27.0,9.0,31.5,10.5,30.0,10.0,8.999994444444445,11.0,False,
Victor Espinoza,Karina Smirnoff,Athlete,Non-US,Mexico,43,21,Eliminated Week 2,12,5.0,5.0,5.0,,6.5,5.5,6.5,,0.0,0.0,0.0,0.0,0.0,0.0,0.0,,0.0,0.0,0.0,0.0,0.0,0.0,0.0,0.0,0.0,0.0,0.0,,0.0,0.0,0.0,,0.0,0.0,0.0,,0.0,0.0,0.0,,0.0,0.0,0.0,,False,False,13,11,4,percentage,False,2,15.0,5.0,18.5,6.166666666666667,0.0,0.0,0.0,0.0,0.0,0.0,0.0,0.0,0.0,0.0,0.0,0.0,0.0,0.0,0.0,0.0,0.0,0.0,5.583333333333333,2.0,False,
Alek Skarlatos,Lindsay Arnold,Military,California,United States,22,21,3rd Place,3,8.0,7.0,7.0,,7.5,7.0,8.0,,8.0,8.0,9.0,8.0,8.0,8.0,8.0,,8.0,7.0,7.0,7.0,8.0,8.0,7.0,7.0,9.0,9.0,8.5,,9.0,8.0,8.0,,8.5,8.5,8.5,,9.5,9.5,9.5,,9.3333,9.3333,9.3333,,False,False,13,11,4,percentage,False,11,22.0,7.333333333333333,22.5,7.5,33.0,8.25,24.0,8.0,29.0,7.25,30.0,7.5,26.5,8.833333333333334,25.0,8.333333333333334,25.5,8.5,28.5,9.5,27.999899999999997,9.3333,8.16666388888889,,True,3.0
Chaka Khan,Keo Motsepe,Singer/Rapper,Illinois,United States,62,21,Eliminated Week 2,13,5.0,4.0,4.0,,5.0,5.0,5.0,,0.0,0.0,0.0,0.0,0.0,0.0,0.0,,0.0,0.0,0.0,0.0,0.0,0.0,0.0,0.0,0.0,0.0,0.0,,0.0,0.0,0.0,,0.0,0.0,0.0,,0.0,0.0,0.0,,0.0,0.0,0.0,,False,False,13,11,4,percentage,False,2,13.0,4.333333333333333,15.0,5.0,0.0,0.0,0.0,0.0,0.0,0.0,0.0,0.0,0.0,0.0,0.0,0.0,0.0,0.0,0.0,0.0,0.0,0.0,4.666666666666667,2.0,False,
Andy Grammer,Allison Holker,Singer/Rapper,California,United States,31,21,Eliminated Week 8,7,7.0,7.0,7.0,,7.5,7.5,7.0,,7.0,7.0,8.0,7.0,7.0,8.0,8.0,,9.0,9.0,9.0,9.0,10.0,10.0,10.0,10.0,9.5,9.5,9.0,,8.6666,7.6666,7.6666,,0.0,0.0,0.0,,0.0,0.0,0.0,,0.0,0.0,0.0,,False,False,13,11,4,percentage,False,8,21.0,7.0,22.0,7.333333333333333,29.0,7.25,23.0,7.666666666666667,36.0,9.0,40.0,10.0,28.0,9.333333333333334,23.9998,7.999933333333334,0.0,0.0,0.0,0.0,0.0,0.0,8.25925185185185,8.0,False,
Tamar Braxton,Valentin Chmerkovskiy,Singer/Rapper,Maryland,United States,38,21,Withdrew,5,8.0,7.0,8.0,,8.0,8.0,8.5,,8.0,9.0,8.0,8.0,9.0,9.0,9.0,,7.0,7.0,8.0,7.0,10.0,10.0,10.0,10.0,9.0,9.0,9.0,,9.0,9.0,10.0,,8.5,8.0,8.0,,0.0,0.0,0.0,,0.0,0.0,0.0,,True,False,13,11,4,percentage,False,9,23.0,7.666666666666667,24.5,8.166666666666666,33.0,8.25,27.0,9.0,29.0,7.25,40.0,10.0,27.0,9.0,28.0,9.333333333333334,24.5,8.166666666666666,0.0,0.0,0.0,0.0,8.533333333333333,-1.0,False,
Nick Carter,Sharna Burgess,Singer/Rapper,New York,United States,35,21,2nd Place,2,8.0,8.0,8.0,,7.5,7.5,7.5,,9.0,9.0,9.0,9.0,9.0,9.0,9.0,,9.0,9.0,8.0,9.0,9.0,10.0,10.0,10.0,9.0,9.0,9.0,,11.0,11.0,11.0,,9.0,9.0,9.5,,9.0,9.0,9.0,,10.0,10.0,10.0,,False,False,13,11,4,percentage,False,11,24.0,8.0,22.5,7.5,36.0,9.0,27.0,9.0,35.0,8.75,39.0,9.75,27.0,9.0,33.0,11.0,27.5,9.166666666666666,27.0,9.0,30.0,10.0,9.11111111111111,,True,2.0
Hayes Grier,Emma Slater,Social Media Personality,North Carolina,United States,15,21,Eliminated Week 7,8,7.0,7.0,7.0,,8.0,7.0,7.5,,7.0,8.0,7.0,8.0,9.0,9.0,9.0,,8.0,8.0,7.0,7.0,8.0,8.0,8.0,8.0,9.0,9.5,9.5,,0.0,0.0,0.0,,0.0,0.0,0.0,,0.0,0.0,0.0,,0.0,0.0,0.0,,False,False,13,11,4,percentage,False,7,21.0,7.0,22.5,7.5,30.0,7.5,27.0,9.0,30.0,7.5,32.0,8.0,28.0,9.333333333333334,0.0,0.0,0.0,0.0,0.0,0.0,0.0,0.0,7.9375,7.0,False,
Bindi Irwin,Derek Hough,TV Personality,Non-US,Australia,17,21,1st Place,1,8.0,8.0,8.0,,8.0,8.0,8.0,,8.0,8.0,8.0,8.0,9.0,9.0,10.0,,9.0,9.0,10.0,9.0,10.0,10.0,10.0,10.0,9.5,10.0,9.5,,10.0,9.0,9.0,,10.0,10.0,10.0,,10.5,10.5,10.5,,10.0,10.0,10.0,,False,False,13,11,4,percentage,False,11,24.0,8.0,24.0,8.0,32.0,8.0,28.0,9.333333333333334,37.0,9.25,40.0,10.0,29.0,9.666666666666666,28.0,9.333333333333334,30.0,10.0,31.5,10.5,30.0,10.0,9.26388888888889,,True,1.0
Kim Zolciak-Biermann,Tony Dovolani,TV Personality,Florida,United States,37,21,Withdrew,11,4.0,4.0,4.0,,6.5,6.0,6.0,,0.0,0.0,0.0,0.0,0.0,0.0,0.0,,0.0,0.0,0.0,0.0,0.0,0.0,0.0,0.0,0.0,0.0,0.0,,0.0,0.0,0.0,,0.0,0.0,0.0,,0.0,0.0,0.0,,0.0,0.0,0.0,,True,False,13,11,4,percentage,False,2,12.0,4.0,18.5,6.166666666666667,0.0,0.0,0.0,0.0,0.0,0.0,0.0,0.0,0.0,0.0,0.0,0.0,0.0,0.0,0.0,0.0,0.0,0.0,5.083333333333333,-1.0,False,
Paula Deen,Louis van Amstel,TV Personality,Georgia,United States,68,21,Eliminated Week 6,9,5.0,5.0,5.0,,6.5,6.0,6.0,,5.0,5.0,5.0,5.0,6.0,6.0,6.0,,7.0,7.0,6.0,6.0,6.0,6.0,6.0,6.0,0.0,0.0,0.0,,0.0,0.0,0.0,,0.0,0.0,0.0,,0.0,0.0,0.0,,0.0,0.0,0.0,,False,False,13,11,4,percentage,False,6,15.0,5.0,18.5,6.166666666666667,20.0,5.0,18.0,6.0,26.0,6.5,24.0,6.0,0.0,0.0,0.0,0.0,0.0,0.0,0.0,0.0,0.0,0.0,5.785714285714286,6.0,False,
Mischa Barton,Artem Chigvintsev,Actor/Actress,Non-US,England,30,22,Eliminated Week 3,11,5.0,5.0,6.0,,5.0,5.0,5.0,,6.0,6.0,6.0,,0.0,0.0,0.0,0.0,0.0,0.0,0.0,0.0,0.0,0.0,0.0,,0.0,0.0,0.0,,0.0,0.0,0.0,,0.0,0.0,0.0,,0.0,0.0,0.0,,,,,,False,False,12,10,4,percentage,False,3,16.0,5.333333333333333,15.0,5.0,18.0,6.0,0.0,0.0,0.0,0.0,0.0,0.0,0.0,0.0,0.0,0.0,0.0,0.0,0.0,0.0,0.0,,5.444444444444445,3.0,False,
Kim Fields,Sasha Farber,Actor/Actress,New York,United States,46,22,Eliminated Week 7,8,7.0,6.0,7.0,,7.0,6.0,6.0,,8.0,7.0,7.0,,8.0,8.0,8.0,8.0,8.0,6.0,6.0,8.0,8.0,8.0,8.0,,8.5,8.5,9.0,,0.0,0.0,0.0,,0.0,0.0,0.0,,0.0,0.0,0.0,,,,,,False,False,12,10,4,percentage,False,7,20.0,6.666666666666667,19.0,6.333333333333333,22.0,7.333333333333333,32.0,8.0,28.0,7.0,24.0,8.0,26.0,8.666666666666666,0.0,0.0,0.0,0.0,0.0,0.0,0.0,,7.434782608695652,7.0,False,
Jodie Sweetin,Keo Motsepe,Actor/Actress,California,United States,34,22,Eliminated Week 8,6,7.0,6.0,7.0,,7.0,7.0,7.0,,8.0,7.0,8.0,,7.0,6.0,7.0,7.0,9.0,8.0,9.0,9.0,9.0,8.0,8.0,,8.0,8.5,9.0,,10.0,10.0,10.0,,0.0,0.0,0.0,,0.0,0.0,0.0,,,,,,False,False,12,10,4,percentage,False,8,20.0,6.666666666666667,21.0,7.0,23.0,7.666666666666667,27.0,6.75,35.0,8.75,25.0,8.333333333333334,25.5,8.5,30.0,10.0,0.0,0.0,0.0,0.0,0.0,,7.9423076923076925,8.0,False,
Doug Flutie,Karina Smirnoff,Athlete,Maryland,United States,53,22,Eliminated Week 6,9,5.0,5.0,5.0,,7.0,6.0,7.0,,7.0,6.0,7.0,,6.0,6.0,6.0,6.0,7.0,7.0,7.0,7.0,7.0,7.0,7.0,,0.0,0.0,0.0,,0.0,0.0,0.0,,0.0,0.0,0.0,,0.0,0.0,0.0,,,,,,False,False,12,10,4,percentage,False,6,15.0,5.0,20.0,6.666666666666667,20.0,6.666666666666667,24.0,6.0,28.0,7.0,21.0,7.0,0.0,0.0,0.0,0.0,0.0,0.0,0.0,0.0,0.0,,6.4,6.0,False,
Von Miller,Witney Carson,Athlete,Texas,United States,27,22,Eliminated Week 7,7,8.0,6.0,7.0,,7.0,6.0,7.0,,7.0,6.0,7.0,,8.0,8.0,8.0,8.0,8.0,7.0,7.0,7.0,8.0,8.0,8.0,,8.5,8.5,9.0,,0.0,0.0,0.0,,0.0,0.0,0.0,,0.0,0.0,0.0,,,,,,False,False,12,10,4,percentage,False,7,21.0,7.0,20.0,6.666666666666667,20.0,6.666666666666667,32.0,8.0,29.0,7.25,24.0,8.0,26.0,8.666666666666666,0.0,0.0,0.0,0.0,0.0,0.0,0.0,,7.478260869565218,7.0,False,
Antonio Brown,Sharna Burgess,Athlete,Florida,United States,27,22,Eliminated Week 9,5,8.0,6.0,7.0,,6.0,6.0,7.0,,7.0,6.0,7.0,,9.0,8.0,9.0,9.0,7.0,6.0,6.0,7.0,9.0,9.0,9.0,,8.5,8.5,9.0,,9.0,9.0,9.0,,9.0,9.0,9.5,,0.0,0.0,0.0,,,,,,False,False,12,10,4,percentage,False,9,21.0,7.0,19.0,6.333333333333333,20.0,6.666666666666667,35.0,8.75,26.0,6.5,27.0,9.0,26.0,8.666666666666666,27.0,9.0,27.5,9.166666666666666,0.0,0.0,0.0,,7.879310344827586,9.0,False,
Paige VanZant,Mark Ballas,Athlete,Oregon,United States,22,22,2nd Place,2,7.0,7.0,7.0,,8.0,8.0,8.0,,8.0,7.0,8.0,,9.0,9.0,9.0,9.0,8.0,8.0,7.0,8.0,9.0,10.0,9.0,,9.0,9.0,9.5,,10.0,9.0,9.0,,10.0,9.5,10.0,,10.0,9.6666,10.0,,,,,,False,False,12,10,4,percentage,False,10,21.0,7.0,24.0,8.0,23.0,7.666666666666667,36.0,9.0,31.0,7.75,28.0,9.333333333333334,27.5,9.166666666666666,28.0,9.333333333333334,29.5,9.833333333333334,29.666600000000003,9.888866666666667,0.0,,8.67708125,,True,2.0
Geraldo Rivera,Edyta Sliwinska,Journalist,New York,United States,72,22,Eliminated Week 2,12,5.0,4.0,4.0,,5.0,4.0,4.0,,0.0,0.0,0.0,,0.0,0.0,0.0,0.0,0.0,0.0,0.0,0.0,0.0,0.0,0.0,,0.0,0.0,0.0,,0.0,0.0,0.0,,0.0,0.0,0.0,,0.0,0.0,0.0,,,,,,False,False,12,10,4,percentage,False,2,13.0,4.333333333333333,13.0,4.333333333333333,0.0,0.0,0.0,0.0,0.0,0.0,0.0,0.0,0.0,0.0,0.0,0.0,0.0,0.0,0.0,0.0,0.0,,4.333333333333333,2.0,False,
Nyle DiMarco,Peta Murgatroyd,Model,New York,United States,26,22,1st Place,1,8.0,7.0,8.0,,7.0,6.0,7.0,,8.0,8.0,9.0,,8.0,8.0,9.0,9.0,9.0,10.0,9.0,9.0,8.0,8.0,9.0,,9.5,9.0,9.5,,10.0,9.0,10.0,,9.5,9.5,9.5,,9.6666,9.6666,9.6666,,,,,,False,False,12,10,4,percentage,False,10,23.0,7.666666666666667,20.0,6.666666666666667,25.0,8.333333333333334,34.0,8.5,37.0,9.25,25.0,8.333333333333334,28.0,9.333333333333334,29.0,9.666666666666666,28.5,9.5,28.9998,9.6666,0.0,,8.70311875,,True,1.0
Ginger Zee,Valentin Chmerkovskiy,News Anchor,California,United States,35,22,3rd Place,3,8.0,7.0,8.0,,7.0,7.0,7.0,,7.0,7.0,7.0,,9.0,9.0,9.0,9.0,8.0,8.0,8.0,8.0,8.0,8.0,8.0,,9.0,9.0,9.5,,10.0,10.0,10.0,,9.0,9.5,9.5,,9.3333,9.6666,9.3333,,,,,,False,False,12,10,4,percentage,False,10,23.0,7.666666666666667,21.0,7.0,21.0,7.0,36.0,9.0,32.0,8.0,24.0,8.0,27.5,9.166666666666666,30.0,10.0,28.0,9.333333333333334,28.333199999999998,9.4444,0.0,,8.463537500000001,,True,3.0
Wanya Morris,Lindsay Arnold,Singer/Rapper,Pennsylvania,United States,42,22,Eliminated Week 9,4,8.0,7.0,8.0,,8.0,8.0,8.0,,8.0,8.0,8.0,,8.0,9.0,9.0,9.0,8.0,7.0,7.0,8.0,10.0,9.0,10.0,,9.0,9.0,9.5,,8.0,8.0,9.0,,10.0,10.0,10.0,,0.0,0.0,0.0,,,,,,False,False,12,10,4,percentage,False,9,23.0,7.666666666666667,24.0,8.0,24.0,8.0,35.0,8.75,30.0,7.5,29.0,9.666666666666666,27.5,9.166666666666666,25.0,8.333333333333334,30.0,10.0,0.0,0.0,0.0,,8.53448275862069,9.0,False,
Marla Maples,Tony Dovolani,TV Personality,Georgia,United States,52,22,Eliminated Week 4,10,7.0,7.0,7.0,,7.0,6.0,7.0,,7.0,7.0,7.0,,7.0,7.0,7.0,7.0,0.0,0.0,0.0,0.0,0.0,0.0,0.0,,0.0,0.0,0.0,,0.0,0.0,0.0,,0.0,0.0,0.0,,0.0,0.0,0.0,,,,,,False,False,12,10,4,percentage,False,4,21.0,7.0,20.0,6.666666666666667,21.0,7.0,28.0,7.0,0.0,0.0,0.0,0.0,0.0,0.0,0.0,0.0,0.0,0.0,0.0,0.0,0.0,,6.923076923076923,4.0,False,
Jake T. Austin,Jenna Johnson,Actor/Actress,New York,United States,21,23,Eliminated Week 2,13,5.0,6.0,5.0,6.0,6.0,6.0,6.0,6.0,0.0,0.0,0.0,0.0,0.0,0.0,0.0,,0.0,0.0,0.0,,0.0,0.0,0.0,0.0,0.0,0.0,0.0,0.0,0.0,0.0,0.0,,0.0,0.0,0.0,0.0,0.0,0.0,0.0,,0.0,0.0,0.0,0.0,False,False,13,11,4,percentage,False,2,22.0,5.5,24.0,6.0,0.0,0.0,0.0,0.0,0.0,0.0,0.0,0.0,0.0,0.0,0.0,0.0,0.0,0.0,0.0,0.0,0.0,0.0,5.75,2.0,False,
Maureen McCormick,Artem Chigvintsev,Actor/Actress,California,United States,60,23,Eliminated Week 7,8,6.0,5.0,5.0,6.0,7.0,6.0,6.0,7.0,7.0,7.0,7.0,7.0,8.0,8.0,8.0,,8.0,8.0,8.0,,8.0,7.0,8.0,8.0,8.5,8.0,8.0,8.5,0.0,0.0,0.0,,0.0,0.0,0.0,0.0,0.0,0.0,0.0,,0.0,0.0,0.0,0.0,False,False,13,11,4,percentage,False,7,22.0,5.5,26.0,6.5,28.0,7.0,24.0,8.0,24.0,8.0,31.0,7.75,33.0,8.25,0.0,0.0,0.0,0.0,0.0,0.0,0.0,0.0,7.230769230769231,7.0,False,
Marilu Henner,Derek Hough,Actor/Actress,Illinois,United States,64,23,Eliminated Week 9,6,7.0,7.0,6.0,7.0,7.0,6.0,7.0,7.0,7.0,7.0,7.0,7.0,7.0,7.0,7.0,,9.0,9.0,9.0,,8.0,9.0,9.0,8.0,7.5,8.0,8.5,8.0,7.0,8.0,8.0,,9.0,9.0,9.0,9.0,0.0,0.0,0.0,,0.0,0.0,0.0,0.0,False,False,13,11,4,percentage,False,9,27.0,6.75,27.0,6.75,28.0,7.0,21.0,7.0,27.0,9.0,34.0,8.5,32.0,8.0,23.0,7.666666666666667,36.0,9.0,0.0,0.0,0.0,0.0,7.7272727272727275,9.0,False,
Ryan Lochte,Cheryl Burke,Athlete,New York,United States,32,23,Eliminated Week 8,7,6.0,6.0,6.0,6.0,6.0,6.0,6.0,6.0,6.0,7.0,6.0,6.0,7.0,7.0,8.0,,8.0,8.0,8.0,,7.0,8.0,8.0,7.0,8.5,8.0,8.0,8.5,8.0,9.0,9.0,,0.0,0.0,0.0,0.0,0.0,0.0,0.0,,0.0,0.0,0.0,0.0,False,False,13,11,4,percentage,False,8,24.0,6.0,24.0,6.0,25.0,6.25,22.0,7.333333333333333,24.0,8.0,30.0,7.5,33.0,8.25,26.0,8.666666666666666,0.0,0.0,0.0,0.0,0.0,0.0,7.172413793103448,8.0,False,
Calvin Johnson Jr.,Lindsay Arnold,Athlete,Georgia,United States,30,23,3rd Place,3,7.0,6.0,6.0,7.0,7.0,7.0,7.0,7.0,8.0,8.0,8.0,8.0,8.0,7.0,8.0,,8.0,8.0,8.0,,9.0,10.0,9.0,9.0,9.5,9.0,9.0,9.5,10.0,10.0,10.0,,9.0,9.0,10.0,9.0,9.0,9.5,9.5,,9.3333,9.6666,9.6666,9.6666,False,False,13,11,4,percentage,False,11,26.0,6.5,28.0,7.0,32.0,8.0,23.0,7.666666666666667,24.0,8.0,37.0,9.25,37.0,9.25,30.0,10.0,37.0,9.25,28.0,9.333333333333334,38.3331,9.583275,8.5083275,,True,3.0
Laurie Hernandez,Valentin Chmerkovskiy,Athlete,New Jersey,United States,16,23,1st Place,1,8.0,8.0,7.0,8.0,8.0,8.0,8.0,8.0,7.0,8.0,8.0,8.0,10.0,10.0,10.0,,8.0,9.0,8.0,,9.0,9.0,9.0,10.0,8.0,8.5,9.0,9.0,11.0,11.0,11.0,,10.0,10.0,10.0,10.0,10.0,10.0,10.0,,9.6666,10.0,9.6666,10.0,False,False,13,11,4,percentage,False,11,31.0,7.75,32.0,8.0,31.0,7.75,30.0,10.0,25.0,8.333333333333334,37.0,9.25,34.5,8.625,33.0,11.0,40.0,10.0,30.0,10.0,39.333200000000005,9.833300000000001,9.07083,,True,1.0
Amber Rose,Maksim Chmerkoskiy,Model,Pennsylvania,United States,32,23,Eliminated Week 6,9,6.0,6.0,6.0,6.0,6.0,6.0,6.0,6.0,7.0,6.0,6.0,6.0,8.0,8.0,8.0,,8.0,8.0,8.0,,7.0,7.0,7.0,7.0,0.0,0.0,0.0,0.0,0.0,0.0,0.0,,0.0,0.0,0.0,0.0,0.0,0.0,0.0,,0.0,0.0,0.0,0.0,False,False,13,11,4,percentage,False,6,24.0,6.0,24.0,6.0,25.0,6.25,24.0,8.0,24.0,8.0,28.0,7.0,0.0,0.0,0.0,0.0,0.0,0.0,0.0,0.0,0.0,0.0,6.7727272727272725,6.0,False,
Rick Perry,Emma Slater,Politician,Texas,United States,66,23,Eliminated Week 3,12,5.0,5.0,5.0,5.0,6.0,5.0,6.0,5.0,6.0,5.0,6.0,6.0,0.0,0.0,0.0,,0.0,0.0,0.0,,0.0,0.0,0.0,0.0,0.0,0.0,0.0,0.0,0.0,0.0,0.0,,0.0,0.0,0.0,0.0,0.0,0.0,0.0,,0.0,0.0,0.0,0.0,False,False,13,11,4,percentage,False,3,20.0,5.0,22.0,5.5,23.0,5.75,0.0,0.0,0.0,0.0,0.0,0.0,0.0,0.0,0.0,0.0,0.0,0.0,0.0,0.0,0.0,0.0,5.416666666666667,3.0,False,
James Hinchcliffe,Sharna Burgess,Racing Driver,Non-US,Canada,29,23,2nd Place,2,8.0,8.0,7.0,8.0,7.0,7.0,7.0,8.0,7.0,7.0,8.0,7.0,9.0,9.0,10.0,,10.0,9.0,10.0,,10.0,9.0,9.0,10.0,9.5,9.0,9.0,9.5,11.6666,11.6666,11.6666,,9.0,9.0,9.0,9.0,9.5,10.0,10.0,,9.6666,9.6666,9.6666,10.0,False,False,13,11,4,percentage,False,11,31.0,7.75,29.0,7.25,29.0,7.25,28.0,9.333333333333334,29.0,9.666666666666666,38.0,9.5,37.0,9.25,34.9998,11.6666,36.0,9.0,29.5,9.833333333333334,38.9998,9.74995,9.01249,,True,2.0
Babyface,Allison Holker,Singer/Rapper,Indiana,United States,57,23,Eliminated Week 4,11,7.0,6.0,6.0,7.0,8.0,7.0,7.0,8.0,7.0,6.0,6.0,6.0,6.0,6.0,6.0,,0.0,0.0,0.0,,0.0,0.0,0.0,0.0,0.0,0.0,0.0,0.0,0.0,0.0,0.0,,0.0,0.0,0.0,0.0,0.0,0.0,0.0,,0.0,0.0,0.0,0.0,False,False,13,11,4,percentage,False,4,26.0,6.5,30.0,7.5,25.0,6.25,18.0,6.0,0.0,0.0,0.0,0.0,0.0,0.0,0.0,0.0,0.0,0.0,0.0,0.0,0.0,0.0,6.6,4.0,False,
Vanilla Ice,Witney Carson,Singer/Rapper,Texas,United States,48,23,Eliminated Week 4,10,7.0,5.0,6.0,7.0,6.0,7.0,6.0,7.0,6.0,6.0,5.0,6.0,8.0,7.0,8.0,,0.0,0.0,0.0,,0.0,0.0,0.0,0.0,0.0,0.0,0.0,0.0,0.0,0.0,0.0,,0.0,0.0,0.0,0.0,0.0,0.0,0.0,,0.0,0.0,0.0,0.0,False,False,13,11,4,percentage,False,4,25.0,6.25,26.0,6.5,23.0,5.75,23.0,7.666666666666667,0.0,0.0,0.0,0.0,0.0,0.0,0.0,0.0,0.0,0.0,0.0,0.0,0.0,0.0,6.466666666666667,4.0,False,
Jana Kramer,Gleb Savchenko,Singer/Rapper,Michigan,United States,32,23,Eliminated Week 11,4,7.0,6.0,6.0,8.0,7.0,8.0,7.0,7.0,6.0,7.0,6.0,7.0,8.0,7.0,8.0,,9.0,8.0,9.0,,10.0,10.0,10.0,10.0,8.0,8.5,9.0,9.0,10.0,10.0,10.0,,10.0,10.0,10.0,10.0,9.5,9.5,10.0,,8.5,9.0,9.0,9.0,False,False,13,11,4,percentage,False,11,27.0,6.75,29.0,7.25,26.0,6.5,23.0,7.666666666666667,26.0,8.666666666666666,40.0,10.0,34.5,8.625,30.0,10.0,40.0,10.0,29.0,9.666666666666666,35.5,8.875,8.5,11.0,False,
Terra Jole,Sasha Farber,TV Personality,Texas,United States,36,23,Eliminated Week 10,5,7.0,6.0,6.0,6.0,8.0,7.0,8.0,8.0,8.0,7.0,8.0,7.0,9.0,8.0,8.0,,9.0,9.0,9.0,,7.0,8.0,8.0,7.0,8.5,8.5,9.0,8.5,8.0,8.0,8.0,,10.0,10.0,9.0,9.0,10.0,10.0,10.0,,0.0,0.0,0.0,0.0,False,False,13,11,4,percentage,False,10,25.0,6.25,31.0,7.75,30.0,7.5,25.0,8.333333333333334,27.0,9.0,30.0,7.5,34.5,8.625,24.0,8.0,38.0,9.5,30.0,10.0,0.0,0.0,8.180555555555555,10.0,False,
Charo,Keo Motsepe,Actor/Actress,Non-US,Spain,66,24,Eliminated Week 3,11,6.0,5.0,5.0,5.0,6.0,6.0,7.0,6.0,6.0,6.0,6.0,6.0,0.0,0.0,0.0,0.0,0.0,0.0,0.0,0.0,0.0,0.0,0.0,0.0,0.0,0.0,0.0,0.0,0.0,0.0,0.0,0.0,0.0,0.0,0.0,0.0,0.0,0.0,0.0,0.0,,,,,False,False,12,10,4,percentage,False,3,21.0,5.25,25.0,6.25,24.0,6.0,0.0,0.0,0.0,0.0,0.0,0.0,0.0,0.0,0.0,0.0,0.0,0.0,0.0,0.0,0.0,,5.833333333333333,3.0,False,
Mr. T,Kym Herjavec,Actor/Actress,Illinois,United States,64,24,Eliminated Week 4,10,5.0,5.0,5.0,5.0,6.0,5.0,6.0,5.0,6.0,6.0,6.0,6.0,7.0,7.0,7.0,7.0,0.0,0.0,0.0,0.0,0.0,0.0,0.0,0.0,0.0,0.0,0.0,0.0,0.0,0.0,0.0,0.0,0.0,0.0,0.0,0.0,0.0,0.0,0.0,0.0,,,,,False,False,12,10,4,percentage,False,4,20.0,5.0,22.0,5.5,24.0,6.0,28.0,7.0,0.0,0.0,0.0,0.0,0.0,0.0,0.0,0.0,0.0,0.0,0.0,0.0,0.0,,5.875,4.0,False,
Heather Morris,Maksim Chmerkoskiy,Actor/Actress,California,United States,30,24,Eliminated Week 6,8,7.0,7.0,7.0,7.0,8.0,6.0,8.0,8.0,9.0,8.0,8.0,8.0,8.0,9.0,9.0,9.0,8.0,8.0,9.0,9.0,9.0,9.5,9.0,9.5,0.0,0.0,0.0,0.0,0.0,0.0,0.0,0.0,0.0,0.0,0.0,0.0,0.0,0.0,0.0,0.0,,,,,False,False,12,10,4,percentage,False,6,28.0,7.0,30.0,7.5,33.0,8.25,35.0,8.75,34.0,8.5,37.0,9.25,0.0,0.0,0.0,0.0,0.0,0.0,0.0,0.0,0.0,,8.208333333333334,6.0,False,
Nancy Kerrigan,Artem Chigvintsev,Athlete,Massachusetts,United States,47,24,Eliminated Week 7,7,7.0,7.0,7.0,7.0,7.0,7.0,7.0,7.0,8.0,9.0,8.0,8.0,8.0,9.0,8.0,8.0,9.0,9.0,9.0,9.0,8.5,8.5,8.0,8.5,9.0,9.0,9.0,9.0,0.0,0.0,0.0,0.0,0.0,0.0,0.0,0.0,0.0,0.0,0.0,0.0,,,,,False,False,12,10,4,percentage,False,7,28.0,7.0,28.0,7.0,33.0,8.25,33.0,8.25,36.0,9.0,33.5,8.375,36.0,9.0,0.0,0.0,0.0,0.0,0.0,0.0,0.0,,8.125,7.0,False,
Bonner Bolton,Sharna Burgess,Athlete,Texas,United States,29,24,Eliminated Week 8,5,6.0,5.0,5.0,6.0,8.0,5.0,8.0,7.0,6.0,6.0,6.0,6.0,8.0,8.0,8.0,8.0,7.0,8.0,8.0,7.0,8.0,8.5,7.5,7.5,7.5,7.5,8.5,7.5,7.5,7.0,7.5,7.0,0.0,0.0,0.0,0.0,0.0,0.0,0.0,0.0,,,,,False,False,12,10,4,percentage,False,8,22.0,5.5,28.0,7.0,24.0,6.0,32.0,8.0,30.0,7.5,31.5,7.875,31.0,7.75,29.0,7.25,0.0,0.0,0.0,0.0,0.0,,7.109375,8.0,False,
Simone Biles,Sasha Farber,Athlete,Ohio,United States,20,24,Eliminated Week 9,4,8.0,8.0,8.0,8.0,7.0,7.0,7.0,8.0,7.0,8.0,9.0,8.0,9.0,9.0,9.0,9.0,9.0,9.0,10.0,10.0,8.5,8.5,8.5,9.0,10.5,9.5,9.5,9.5,9.0,9.0,9.0,9.0,10.0,10.0,10.0,10.0,0.0,0.0,0.0,0.0,,,,,False,False,12,10,4,percentage,False,9,32.0,8.0,29.0,7.25,32.0,8.0,36.0,9.0,38.0,9.5,34.5,8.625,39.0,9.75,36.0,9.0,40.0,10.0,0.0,0.0,0.0,,8.791666666666666,9.0,False,
David Ross,Lindsay Arnold,Athlete,Georgia,United States,40,24,2nd Place,2,7.0,7.0,7.0,7.0,7.0,6.0,7.0,7.0,8.0,7.0,8.0,8.0,7.0,8.0,8.0,8.0,7.0,7.0,8.0,7.0,7.5,8.5,7.5,7.5,8.0,8.0,8.0,8.0,8.0,8.0,8.5,8.0,9.0,8.5,9.0,8.5,9.0,9.0,9.3333,9.0,,,,,False,False,12,10,4,percentage,False,10,28.0,7.0,27.0,6.75,31.0,7.75,31.0,7.75,29.0,7.25,31.0,7.75,32.0,8.0,32.5,8.125,35.0,8.75,36.3333,9.083325,0.0,,7.8208325,,True,2.0
Rashad Jennings,Emma Slater,Athlete,Virginia,United States,32,24,1st Place,1,8.0,7.0,8.0,8.0,8.0,8.0,8.0,8.0,7.0,7.0,7.0,7.0,10.0,9.0,10.0,10.0,7.0,8.0,9.0,8.0,8.5,9.5,8.5,8.5,9.5,9.5,10.5,9.5,9.5,9.0,9.5,9.5,9.5,9.0,10.0,10.0,10.0,9.6666,10.0,10.0,,,,,False,False,12,10,4,percentage,False,10,31.0,7.75,32.0,8.0,28.0,7.0,39.0,9.75,32.0,8.0,35.0,8.75,39.0,9.75,37.5,9.375,38.5,9.625,39.6666,9.91665,0.0,,8.791665,,True,1.0
Chris Kattan,Witney Carson,Comedian,California,United States,46,24,Eliminated Week 2,12,5.0,4.0,4.0,4.0,6.0,5.0,6.0,5.0,0.0,0.0,0.0,0.0,0.0,0.0,0.0,0.0,0.0,0.0,0.0,0.0,0.0,0.0,0.0,0.0,0.0,0.0,0.0,0.0,0.0,0.0,0.0,0.0,0.0,0.0,0.0,0.0,0.0,0.0,0.0,0.0,,,,,False,False,12,10,4,percentage,False,2,17.0,4.25,22.0,5.5,0.0,0.0,0.0,0.0,0.0,0.0,0.0,0.0,0.0,0.0,0.0,0.0,0.0,0.0,0.0,0.0,0.0,,4.875,2.0,False,
Erika Jayne,Gleb Savchenko,Singer/Rapper,Georgia,United States,45,24,Eliminated Week 5,9,6.0,6.0,6.0,6.0,7.0,7.0,7.0,7.0,6.0,7.0,7.0,6.0,8.0,7.0,7.0,8.0,8.0,8.0,8.0,8.0,0.0,0.0,0.0,0.0,0.0,0.0,0.0,0.0,0.0,0.0,0.0,0.0,0.0,0.0,0.0,0.0,0.0,0.0,0.0,0.0,,,,,False,False,12,10,4,percentage,False,5,24.0,6.0,28.0,7.0,26.0,6.5,30.0,7.5,32.0,8.0,0.0,0.0,0.0,0.0,0.0,0.0,0.0,0.0,0.0,0.0,0.0,,7.0,5.0,False,
Normani,Valentin Chmerkovskiy,Singer/Rapper,Georgia,United States,20,24,3rd Place,3,7.0,6.0,7.0,7.0,8.0,8.0,8.0,8.0,8.0,8.0,9.0,9.0,8.0,7.0,8.0,9.0,10.0,9.0,10.0,10.0,9.0,9.5,8.0,9.5,10.5,10.5,10.5,10.5,10.0,9.5,10.0,10.0,9.5,9.5,9.5,9.5,10.0,9.6666,9.6666,10.0,,,,,False,False,12,10,4,percentage,False,10,27.0,6.75,32.0,8.0,34.0,8.5,32.0,8.0,39.0,9.75,36.0,9.0,42.0,10.5,39.5,9.875,38.0,9.5,39.333200000000005,9.833300000000001,0.0,,8.970830000000001,,True,3.0
Nick Viall,Peta Murgatroyd,TV Personality,Wisconsin,United States,36,24,Eliminated Week 7,6,6.0,6.0,6.0,6.0,7.0,5.0,7.0,6.0,7.0,6.0,7.0,6.0,8.0,7.0,8.0,7.0,9.0,8.0,9.0,8.0,7.5,8.0,7.5,7.5,8.0,8.0,9.0,9.0,0.0,0.0,0.0,0.0,0.0,0.0,0.0,0.0,0.0,0.0,0.0,0.0,,,,,False,False,12,10,4,percentage,False,7,24.0,6.0,25.0,6.25,26.0,6.5,30.0,7.5,34.0,8.5,30.5,7.625,34.0,8.5,0.0,0.0,0.0,0.0,0.0,0.0,0.0,,7.267857142857143,7.0,False,
Sasha Pieterse,Gleb Savchenko,Actor/Actress,Non-US,South Africa,21,25,Eliminated Week 5,10,6.0,6.0,6.0,,8.0,7.5,7.0,,7.0,6.0,6.0,,8.0,8.0,8.0,,8.0,8.0,8.0,,0.0,0.0,0.0,0.0,0.0,0.0,0.0,,0.0,0.0,0.0,,0.0,0.0,0.0,,0.0,0.0,0.0,0.0,,,,,False,False,13,10,4,percentage,False,5,18.0,6.0,22.5,7.5,19.0,6.333333333333333,24.0,8.0,24.0,8.0,0.0,0.0,0.0,0.0,0.0,0.0,0.0,0.0,0.0,0.0,0.0,,7.166666666666667,5.0,False,
Frankie Muniz,Witney Carson,Actor/Actress,New Jersey,United States,31,25,3rd Place,3,7.0,6.0,6.0,,8.0,7.5,8.5,,7.0,7.0,7.0,,8.0,8.0,8.0,,10.0,9.0,10.0,,7.0,8.0,8.0,8.0,10.0,10.0,10.0,,9.0,8.5,9.0,,8.5,8.0,9.0,,9.7777,9.3333,9.7777,10.0,,,,,False,False,13,10,4,percentage,False,10,19.0,6.333333333333333,24.0,8.0,21.0,7.0,24.0,8.0,29.0,9.666666666666666,31.0,7.75,30.0,10.0,26.5,8.833333333333334,25.5,8.5,38.8887,9.722175,0.0,,8.402771875,,True,3.0
Jordan Fisher,Lindsay Arnold,Actor/Actress,Alabama,United States,23,25,1st Place,1,8.0,7.0,7.0,,8.0,8.0,8.0,,9.0,7.0,9.0,,10.0,9.0,10.0,,10.0,10.0,10.0,,10.0,9.0,10.0,10.0,9.0,9.0,9.0,,10.0,10.0,10.0,,9.5,9.5,10.0,,10.0,10.0,10.0,10.0,,,,,False,False,13,10,4,percentage,False,10,22.0,7.333333333333333,24.0,8.0,25.0,8.333333333333334,29.0,9.666666666666666,30.0,10.0,39.0,9.75,27.0,9.0,30.0,10.0,29.0,9.666666666666666,40.0,10.0,0.0,,9.21875,,True,1.0
Derek Fisher,Sharna Burgess,Athlete,Arkansas,United States,43,25,Eliminated Week 4,11,6.0,6.0,6.0,,6.5,6.0,6.5,,7.0,7.0,7.0,,7.0,8.0,8.0,,0.0,0.0,0.0,,0.0,0.0,0.0,0.0,0.0,0.0,0.0,,0.0,0.0,0.0,,0.0,0.0,0.0,,0.0,0.0,0.0,0.0,,,,,False,False,13,10,4,percentage,False,4,18.0,6.0,19.0,6.333333333333333,21.0,7.0,23.0,7.666666666666667,0.0,0.0,0.0,0.0,0.0,0.0,0.0,0.0,0.0,0.0,0.0,0.0,0.0,,6.75,4.0,False,
Nikki Bella,Artem Chigvintsev,Athlete,California,United States,33,25,Eliminated Week 7,8,7.0,7.0,6.0,,6.5,6.5,6.5,,7.0,7.0,7.0,,8.0,8.0,8.0,,9.0,9.0,9.0,,9.0,9.0,9.0,9.0,8.0,8.0,8.0,,0.0,0.0,0.0,,0.0,0.0,0.0,,0.0,0.0,0.0,0.0,,,,,False,False,13,10,4,percentage,False,7,20.0,6.666666666666667,19.5,6.5,21.0,7.0,24.0,8.0,27.0,9.0,36.0,9.0,24.0,8.0,0.0,0.0,0.0,0.0,0.0,0.0,0.0,,7.795454545454546,7.0,False,
Terrell Owens,Cheryl Burke,Athlete,Alabama,United States,43,25,Eliminated Week 8,6,5.0,5.0,5.0,,6.5,6.0,7.0,,7.0,7.0,7.0,,8.0,8.0,8.0,,9.0,8.0,8.0,,9.0,9.0,10.0,9.0,8.0,8.0,8.5,,8.5,8.5,8.5,,0.0,0.0,0.0,,0.0,0.0,0.0,0.0,,,,,False,False,13,10,4,percentage,False,8,15.0,5.0,19.5,6.5,21.0,7.0,24.0,8.0,25.0,8.333333333333334,37.0,9.25,24.5,8.166666666666666,25.5,8.5,0.0,0.0,0.0,0.0,0.0,,7.66,8.0,False,
Victoria Arlen,Valentin Chmerkovskiy,Athlete,New Hamshire,United States,22,25,Eliminated Week 9,5,7.0,6.0,6.0,,7.5,7.0,7.5,,8.0,7.0,7.0,,9.0,9.0,9.0,,9.0,9.0,9.0,,8.0,8.0,7.0,8.0,9.5,9.5,9.5,,8.0,8.0,8.0,,9.0,9.5,9.5,,0.0,0.0,0.0,0.0,,,,,False,False,13,10,4,percentage,False,9,19.0,6.333333333333333,22.0,7.333333333333333,22.0,7.333333333333333,27.0,9.0,27.0,9.0,31.0,7.75,28.5,9.5,24.0,8.0,28.0,9.333333333333334,0.0,0.0,0.0,,8.160714285714286,9.0,False,
Barbara Corcoran,Keo Motsepe,Entrepreneur,New Jersey,United States,68,25,Eliminated Week 2,13,5.0,4.0,5.0,,6.0,5.0,6.0,,0.0,0.0,0.0,,0.0,0.0,0.0,,0.0,0.0,0.0,,0.0,0.0,0.0,0.0,0.0,0.0,0.0,,0.0,0.0,0.0,,0.0,0.0,0.0,,0.0,0.0,0.0,0.0,,,,,False,False,13,10,4,percentage,False,2,14.0,4.666666666666667,17.0,5.666666666666667,0.0,0.0,0.0,0.0,0.0,0.0,0.0,0.0,0.0,0.0,0.0,0.0,0.0,0.0,0.0,0.0,0.0,,5.166666666666667,2.0,False,
Lindsey Stirling,Mark Ballas,Musician,California,United States,31,25,2nd Place,2,7.0,8.0,7.0,,7.5,7.5,7.5,,9.0,9.0,9.0,,9.0,8.0,9.0,,9.0,10.0,9.0,,10.0,10.0,10.0,10.0,8.5,8.5,8.5,,9.5,8.5,9.0,,9.5,9.0,10.0,,10.0,10.0,10.0,10.0,,,,,False,False,13,10,4,percentage,False,10,22.0,7.333333333333333,22.5,7.5,27.0,9.0,26.0,8.666666666666666,28.0,9.333333333333334,40.0,10.0,25.5,8.5,27.0,9.0,28.5,9.5,40.0,10.0,0.0,,8.953125,,True,2.0
Debbie Gibson,Alan Bersten,Singer/Rapper,New York,United States,47,25,Eliminated Week 2,12,6.0,5.0,6.0,,7.0,6.5,7.0,,0.0,0.0,0.0,,0.0,0.0,0.0,,0.0,0.0,0.0,,0.0,0.0,0.0,0.0,0.0,0.0,0.0,,0.0,0.0,0.0,,0.0,0.0,0.0,,0.0,0.0,0.0,0.0,,,,,False,False,13,10,4,percentage,False,2,17.0,5.666666666666667,20.5,6.833333333333333,0.0,0.0,0.0,0.0,0.0,0.0,0.0,0.0,0.0,0.0,0.0,0.0,0.0,0.0,0.0,0.0,0.0,,6.25,2.0,False,
Nick Lachey,Peta Murgatroyd,Singer/Rapper,Kentucky,United States,43,25,Eliminated Week 6,9,6.0,6.0,6.0,,7.0,6.0,6.0,,7.0,7.0,7.0,,8.0,7.0,7.0,,7.0,8.0,7.0,,7.0,6.0,7.0,6.0,0.0,0.0,0.0,,0.0,0.0,0.0,,0.0,0.0,0.0,,0.0,0.0,0.0,0.0,,,,,False,False,13,10,4,percentage,False,6,18.0,6.0,19.0,6.333333333333333,21.0,7.0,22.0,7.333333333333333,22.0,7.333333333333333,26.0,6.5,0.0,0.0,0.0,0.0,0.0,0.0,0.0,0.0,0.0,,6.7368421052631575,6.0,False,
Drew Scott,Emma Slater,TV Personality,Non-US,Canada,39,25,Eliminated Week 10,4,6.0,5.0,5.0,,7.0,6.5,7.0,,8.0,7.0,8.0,,8.0,8.0,8.0,,9.0,8.0,8.0,,7.0,7.0,9.0,7.0,9.5,9.5,9.5,,8.0,7.5,8.0,,8.0,8.0,8.0,,9.0,9.5,9.5,9.5,,,,,False,False,13,10,4,percentage,False,10,16.0,5.333333333333333,20.5,6.833333333333333,23.0,7.666666666666667,24.0,8.0,25.0,8.333333333333334,30.0,7.5,28.5,9.5,23.5,7.833333333333333,24.0,8.0,37.5,9.375,0.0,,7.875,10.0,False,
Vanessa Lachey,Maksim Chmerkoskiy,TV Personality,Non-US,Philippines,36,25,Eliminated Week 7,7,7.0,7.0,7.0,,8.0,8.0,7.5,,7.0,8.0,8.0,,8.0,8.0,8.0,,8.0,8.0,8.0,,9.0,9.0,9.0,9.0,9.0,9.0,9.0,,0.0,0.0,0.0,,0.0,0.0,0.0,,0.0,0.0,0.0,0.0,,,,,False,False,13,10,4,percentage,False,7,21.0,7.0,23.5,7.833333333333333,23.0,7.666666666666667,24.0,8.0,24.0,8.0,36.0,9.0,27.0,9.0,0.0,0.0,0.0,0.0,0.0,0.0,0.0,,8.113636363636363,7.0,False,
Jamie Anderson,Artem Chigvintsev,Athlete,California,United States,27,26,Eliminated Week 1,10,6.0,7.0,6.0,,0.0,0.0,0.0,0.0,0.0,0.0,0.0,0.0,0.0,0.0,0.0,,,,,,,,,,,,,,,,,,,,,,,,,,,,,,False,False,10,4,4,percentage,False,1,19.0,6.333333333333333,0.0,0.0,0.0,0.0,0.0,0.0,0.0,,0.0,,0.0,,0.0,,0.0,,0.0,,0.0,,6.333333333333333,1.0,False,
Johnny Damon,Emma Slater,Athlete,Kansas,United States,44,26,Eliminated Week 1,9,6.0,6.0,6.0,,0.0,0.0,0.0,0.0,0.0,0.0,0.0,0.0,0.0,0.0,0.0,,,,,,,,,,,,,,,,,,,,,,,,,,,,,,False,False,10,4,4,percentage,False,1,18.0,6.0,0.0,0.0,0.0,0.0,0.0,0.0,0.0,,0.0,,0.0,,0.0,,0.0,,0.0,,0.0,,6.0,1.0,False,
Kareem Abdul-Jabbar,Lindsay Arnold,Athlete,New York,United States,71,26,Eliminated Week 2,8,6.0,5.0,6.0,,7.5,8.0,7.0,7.0,0.0,0.0,0.0,0.0,0.0,0.0,0.0,,,,,,,,,,,,,,,,,,,,,,,,,,,,,,False,False,10,4,4,percentage,False,2,17.0,5.666666666666667,29.5,7.375,0.0,0.0,0.0,0.0,0.0,,0.0,,0.0,,0.0,,0.0,,0.0,,0.0,,6.642857142857143,2.0,False,
Arike Ogunbowale,Gleb Savchenko,Athlete,Wisconsin,United States,21,26,Eliminated Week 2,7,7.0,6.0,7.0,,8.5,9.5,8.5,8.5,0.0,0.0,0.0,0.0,0.0,0.0,0.0,,,,,,,,,,,,,,,,,,,,,,,,,,,,,,False,False,10,4,4,percentage,False,2,20.0,6.666666666666667,35.0,8.75,0.0,0.0,0.0,0.0,0.0,,0.0,,0.0,,0.0,,0.0,,0.0,,0.0,,7.857142857142857,2.0,False,
Jennie Finch Daigle,Keo Motsepe,Athlete,California,United States,37,26,Eliminated Week 3,6,7.0,7.0,7.0,,7.5,8.5,8.0,7.5,7.0,8.0,7.0,7.0,0.0,0.0,0.0,,,,,,,,,,,,,,,,,,,,,,,,,,,,,,False,False,10,4,4,percentage,False,3,21.0,7.0,31.5,7.875,29.0,7.25,0.0,0.0,0.0,,0.0,,0.0,,0.0,,0.0,,0.0,,0.0,,7.409090909090909,3.0,False,
Chris Mazdzer,Witney Carson,Athlete,Massachusetts,United States,29,26,Eliminated Week 3,5,7.0,7.0,7.0,,8.5,8.5,8.0,8.0,8.0,9.0,7.0,9.0,0.0,0.0,0.0,,,,,,,,,,,,,,,,,,,,,,,,,,,,,,False,False,10,4,4,percentage,False,3,21.0,7.0,33.0,8.25,33.0,8.25,0.0,0.0,0.0,,0.0,,0.0,,0.0,,0.0,,0.0,,0.0,,7.909090909090909,3.0,False,
Mirai Nagasu,Alan Bersten,Athlete,California,United States,25,26,Eliminated Week 3,4,7.0,8.0,8.0,,9.0,10.0,9.0,9.0,9.0,9.0,8.0,9.0,0.0,0.0,0.0,,,,,,,,,,,,,,,,,,,,,,,,,,,,,,False,False,10,4,4,percentage,False,3,23.0,7.666666666666667,37.0,9.25,35.0,8.75,0.0,0.0,0.0,,0.0,,0.0,,0.0,,0.0,,0.0,,0.0,,8.636363636363637,3.0,False,
Tonya Harding,Sasha Farber,Athlete,Oregon,United States,47,26,3rd Place,3,8.0,8.0,7.0,,8.0,9.0,8.0,8.0,8.5,9.5,8.5,8.5,9.0,9.5,9.5,,,,,,,,,,,,,,,,,,,,,,,,,,,,,,False,False,10,4,4,percentage,False,4,23.0,7.666666666666667,33.0,8.25,35.0,8.75,28.0,9.333333333333334,0.0,,0.0,,0.0,,0.0,,0.0,,0.0,,0.0,,8.5,,True,3.0
Josh Norman,Sharna Burgess,Athlete,South Carolina,United States,30,26,2nd Place,2,8.0,8.0,8.0,,7.5,8.0,8.0,8.0,9.5,9.5,9.5,9.5,9.5,9.5,9.5,,,,,,,,,,,,,,,,,,,,,,,,,,,,,,False,False,10,4,4,percentage,False,4,24.0,8.0,31.5,7.875,38.0,9.5,28.5,9.5,0.0,,0.0,,0.0,,0.0,,0.0,,0.0,,0.0,,8.714285714285714,,True,2.0
Adam Rippon,Jenna Johnson,Athlete,Pennsylvania,United States,28,26,1st Place,1,8.0,8.0,8.0,,9.0,9.5,9.0,9.5,10.5,10.5,9.5,10.5,9.5,9.5,10.0,,,,,,,,,,,,,,,,,,,,,,,,,,,,,,False,False,10,4,4,percentage,False,4,24.0,8.0,37.0,9.25,41.0,10.25,29.0,9.666666666666666,0.0,,0.0,,0.0,,0.0,,0.0,,0.0,,0.0,,9.357142857142858,,True,1.0
Juan Pablo Di Pace,Cheryl Burke,Actor/Actress,Non-US,Argentina,39,27,Eliminated Week 8,5,7.0,7.0,8.0,,9.0,8.0,9.0,,10.0,10.0,10.0,,8.0,8.0,8.0,,10.0,9.0,10.0,,10.0,10.0,10.0,,9.5,9.0,9.5,,10.0,10.0,10.0,,0.0,0.0,0.0,,,,,,,,,,False,False,13,9,3,percentage,False,8,22.0,7.333333333333333,26.0,8.666666666666666,30.0,10.0,24.0,8.0,29.0,9.666666666666666,30.0,10.0,28.0,9.333333333333334,30.0,10.0,0.0,0.0,0.0,,0.0,,9.125,8.0,False,
Evanna Lynch,Keo Motsepe,Actor/Actress,Non-US,Ireland,27,27,3rd Place,3,7.0,5.0,6.0,,8.0,8.0,8.0,,9.0,9.0,9.0,,8.0,8.0,8.0,,8.0,8.0,8.0,,10.0,9.0,10.0,,10.0,9.5,10.0,,10.0,9.5,9.5,,10.0,10.0,10.0,,,,,,,,,,False,False,13,9,3,percentage,False,9,18.0,6.0,24.0,8.0,27.0,9.0,24.0,8.0,24.0,8.0,29.0,9.666666666666666,29.5,9.833333333333334,29.0,9.666666666666666,30.0,10.0,0.0,,0.0,,8.685185185185185,,True,3.0
Nancy McKeon,Valentin Chmerkovskiy,Actor/Actress,New York,United States,52,27,Eliminated Week 3,11,6.5,6.5,6.5,,7.0,6.5,7.0,,8.0,7.0,7.0,,0.0,0.0,0.0,,0.0,0.0,0.0,,0.0,0.0,0.0,,0.0,0.0,0.0,,0.0,0.0,0.0,,0.0,0.0,0.0,,,,,,,,,,False,False,13,9,3,percentage,False,3,19.5,6.5,20.5,6.833333333333333,22.0,7.333333333333333,0.0,0.0,0.0,0.0,0.0,0.0,0.0,0.0,0.0,0.0,0.0,0.0,0.0,,0.0,,6.888888888888889,3.0,False,
John Schneider,Emma Slater,Actor/Actress,New York,United States,58,27,Eliminated Week 7,8,7.0,5.0,6.0,,7.5,6.5,7.5,,7.0,7.0,7.0,,7.0,7.0,7.0,,8.0,8.0,8.0,,6.0,7.0,6.0,,9.0,9.0,9.0,,0.0,0.0,0.0,,0.0,0.0,0.0,,,,,,,,,,False,False,13,9,3,percentage,False,7,18.0,6.0,21.5,7.166666666666667,21.0,7.0,21.0,7.0,24.0,8.0,19.0,6.333333333333333,27.0,9.0,0.0,0.0,0.0,0.0,0.0,,0.0,,7.214285714285714,7.0,False,
Milo Manheim,Witney Carson,Actor/Actress,California,United States,17,27,2nd Place,2,7.0,6.0,7.0,,9.0,8.0,9.0,,9.0,9.0,9.0,,10.0,9.0,10.0,,9.0,8.0,10.0,,10.0,10.0,10.0,,10.0,9.0,10.0,,9.0,9.0,9.5,,10.0,10.0,10.0,,,,,,,,,,False,False,13,9,3,percentage,False,9,20.0,6.666666666666667,26.0,8.666666666666666,27.0,9.0,29.0,9.666666666666666,27.0,9.0,30.0,10.0,29.0,9.666666666666666,27.5,9.166666666666666,30.0,10.0,0.0,,0.0,,9.092592592592593,,True,2.0
Danelle Umstead,Artem Chigvintsev,Athlete,New Mexico,United States,46,27,Eliminated Week 2,12,6.0,6.0,6.0,,6.5,6.0,6.0,,0.0,0.0,0.0,,0.0,0.0,0.0,,0.0,0.0,0.0,,0.0,0.0,0.0,,0.0,0.0,0.0,,0.0,0.0,0.0,,0.0,0.0,0.0,,,,,,,,,,False,False,13,9,3,percentage,False,2,18.0,6.0,18.5,6.166666666666667,0.0,0.0,0.0,0.0,0.0,0.0,0.0,0.0,0.0,0.0,0.0,0.0,0.0,0.0,0.0,,0.0,,6.083333333333333,2.0,False,
Mary Lou Retton,Sasha Farber,Athlete,West Virginia,United States,50,27,Eliminated Week 6,9,6.5,7.0,6.5,,8.0,7.5,7.5,,8.0,8.0,8.0,,9.0,8.0,9.0,,9.0,8.0,8.0,,8.0,8.0,8.0,,0.0,0.0,0.0,,0.0,0.0,0.0,,0.0,0.0,0.0,,,,,,,,,,False,False,13,9,3,percentage,False,6,20.0,6.666666666666667,23.0,7.666666666666667,24.0,8.0,26.0,8.666666666666666,25.0,8.333333333333334,24.0,8.0,0.0,0.0,0.0,0.0,0.0,0.0,0.0,,0.0,,7.888888888888889,6.0,False,
DeMarcus Ware,Lindsay Arnold,Athlete,Alabama,United States,36,27,Eliminated Week 7,7,8.0,7.0,8.0,,8.0,7.5,8.0,,9.0,8.0,9.0,,7.0,7.0,8.0,,9.0,8.0,9.0,,8.0,9.0,9.0,,9.0,8.5,9.0,,0.0,0.0,0.0,,0.0,0.0,0.0,,,,,,,,,,False,False,13,9,3,percentage,False,7,23.0,7.666666666666667,23.5,7.833333333333333,26.0,8.666666666666666,22.0,7.333333333333333,26.0,8.666666666666666,26.0,8.666666666666666,26.5,8.833333333333334,0.0,0.0,0.0,0.0,0.0,,0.0,,8.238095238095237,7.0,False,
Nikki Glaser,Gleb Savchenko,Comedian,Ohio,United States,34,27,Eliminated Week 1,13,6.0,5.5,6.0,,0.0,0.0,0.0,,0.0,0.0,0.0,,0.0,0.0,0.0,,0.0,0.0,0.0,,0.0,0.0,0.0,,0.0,0.0,0.0,,0.0,0.0,0.0,,0.0,0.0,0.0,,,,,,,,,,False,False,13,9,3,percentage,False,1,17.5,5.833333333333333,0.0,0.0,0.0,0.0,0.0,0.0,0.0,0.0,0.0,0.0,0.0,0.0,0.0,0.0,0.0,0.0,0.0,,0.0,,5.833333333333333,1.0,False,
Bobby Bones,Sharna Burgess,Radio Personality,Arkansas,United States,38,27,1st Place,1,7.0,6.0,7.0,,7.0,6.0,6.5,,8.0,7.0,8.0,,7.0,6.0,7.0,,7.0,7.0,7.0,,8.0,7.0,7.0,,9.0,8.5,9.0,,7.5,7.5,7.5,,9.0,9.0,9.0,,,,,,,,,,False,True,13,9,3,percentage,False,9,20.0,6.666666666666667,19.5,6.5,23.0,7.666666666666667,20.0,6.666666666666667,21.0,7.0,22.0,7.333333333333333,26.5,8.833333333333334,22.5,7.5,27.0,9.0,0.0,,0.0,,7.462962962962963,,True,1.0
Tinashe,Brandon Armstrong,Singer/Rapper,Kentucky,United States,25,27,Eliminated Week 4,10,8.0,7.0,8.0,,9.0,8.0,9.0,,9.0,9.0,9.0,,9.0,8.0,9.0,,0.0,0.0,0.0,,0.0,0.0,0.0,,0.0,0.0,0.0,,0.0,0.0,0.0,,0.0,0.0,0.0,,,,,,,,,,False,False,13,9,3,percentage,False,4,23.0,7.666666666666667,26.0,8.666666666666666,27.0,9.0,26.0,8.666666666666666,0.0,0.0,0.0,0.0,0.0,0.0,0.0,0.0,0.0,0.0,0.0,,0.0,,8.5,4.0,False,
Alexis Ren,Alan Bersten,Social Media Personality,California,United States,21,27,4th Place,4,7.0,7.5,7.5,,8.0,8.5,8.0,,9.0,8.0,9.0,,8.0,8.0,9.0,,10.0,9.0,10.0,,9.0,9.0,9.0,,9.0,9.0,9.5,,9.5,9.5,10.0,,9.5,9.5,9.5,,,,,,,,,,False,False,13,9,3,percentage,False,9,22.0,7.333333333333333,24.5,8.166666666666666,26.0,8.666666666666666,25.0,8.333333333333334,29.0,9.666666666666666,27.0,9.0,27.5,9.166666666666666,29.0,9.666666666666666,28.5,9.5,0.0,,0.0,,8.833333333333334,,False,
Joe Amabile,Jenna Johnson,TV Personality,Illinois,United States,32,27,Eliminated Week 8,6,5.0,4.0,5.0,,5.5,6.0,6.0,,6.0,6.0,6.0,,5.0,5.0,5.0,,6.0,5.0,6.0,,8.0,7.0,7.0,,8.0,7.5,8.0,,8.0,7.5,7.5,,0.0,0.0,0.0,,,,,,,,,,False,False,13,9,3,percentage,False,8,14.0,4.666666666666667,17.5,5.833333333333333,18.0,6.0,15.0,5.0,17.0,5.666666666666667,22.0,7.333333333333333,23.5,7.833333333333333,23.0,7.666666666666667,0.0,0.0,0.0,,0.0,,6.25,8.0,False,
Kate Flannery,Pasha Pashkov,Actor/Actress,Pennsylvania,United States,55,28,Eliminated Week 8,7,5.0,5.0,5.0,,7.0,7.0,7.0,,8.0,8.0,8.0,,7.0,7.0,6.0,6.0,8.0,8.0,8.0,,9.0,9.0,9.0,,8.0,8.0,8.0,,8.6666,8.6666,8.6666,,0.0,0.0,0.0,0.0,0.0,0.0,0.0,,0.0,0.0,0.0,,False,False,12,11,4,rank,False,8,15.0,5.0,21.0,7.0,24.0,8.0,26.0,6.5,24.0,8.0,27.0,9.0,24.0,8.0,25.9998,8.6666,0.0,0.0,0.0,0.0,0.0,0.0,7.479991999999999,8.0,False,
James Van Der Beek,Emma Slater,Actor/Actress,Connecticut,United States,42,28,Eliminated Week 10,5,7.0,7.0,7.0,,7.0,6.0,7.0,,8.0,7.0,8.0,,7.0,7.0,7.0,7.0,9.0,8.0,9.0,,9.0,9.0,9.0,,9.0,9.0,9.0,,10.6666,10.6666,10.6666,,9.0,8.5,9.5,9.0,8.5,8.5,8.5,,0.0,0.0,0.0,,False,False,12,11,4,rank,False,10,21.0,7.0,20.0,6.666666666666667,23.0,7.666666666666667,28.0,7.0,26.0,8.666666666666666,27.0,9.0,27.0,9.0,31.9998,10.6666,36.0,9.0,25.5,8.5,0.0,0.0,8.296868750000002,10.0,False,
Kel Mitchell,Witney Carson,Actor/Actress,Illinois,United States,41,28,2nd Place,2,6.0,5.0,5.0,,7.0,6.0,7.0,,7.0,6.0,7.0,,8.0,8.0,8.0,8.0,9.0,8.0,9.0,,9.0,8.0,9.0,,8.5,8.5,8.5,,9.6666,9.6666,10.6666,,9.0,9.0,9.5,9.5,9.5,9.5,9.5,,10.0,9.5,10.0,,False,False,12,11,4,rank,False,11,16.0,5.333333333333333,20.0,6.666666666666667,20.0,6.666666666666667,32.0,8.0,26.0,8.666666666666666,26.0,8.666666666666666,25.5,8.5,29.9998,9.999933333333333,37.0,9.25,28.5,9.5,29.5,9.833333333333334,8.299994285714286,,True,2.0
Ray Lewis,Cheryl Burke,Athlete,Florida,United States,44,28,Withdrew,11,5.0,5.0,5.0,,5.0,5.0,5.0,,0.0,0.0,0.0,,0.0,0.0,0.0,0.0,0.0,0.0,0.0,,0.0,0.0,0.0,,0.0,0.0,0.0,,0.0,0.0,0.0,,0.0,0.0,0.0,0.0,0.0,0.0,0.0,,0.0,0.0,0.0,,True,False,12,11,4,rank,False,2,15.0,5.0,15.0,5.0,0.0,0.0,0.0,0.0,0.0,0.0,0.0,0.0,0.0,0.0,0.0,0.0,0.0,0.0,0.0,0.0,0.0,0.0,5.0,-1.0,False,
Lamar Odom,Peta Murgatroyd,Athlete,New York,United States,39,28,Eliminated Week 4,10,5.0,3.0,3.0,,4.0,4.0,4.0,,4.0,4.0,4.0,,5.0,7.0,4.0,4.0,0.0,0.0,0.0,,0.0,0.0,0.0,,0.0,0.0,0.0,,0.0,0.0,0.0,,0.0,0.0,0.0,0.0,0.0,0.0,0.0,,0.0,0.0,0.0,,False,False,12,11,4,rank,False,4,11.0,3.6666666666666665,12.0,4.0,12.0,4.0,20.0,5.0,0.0,0.0,0.0,0.0,0.0,0.0,0.0,0.0,0.0,0.0,0.0,0.0,0.0,0.0,4.230769230769231,4.0,False,
Sailor Brinkley-Cook,Valentin Chmerkovskiy,Model,New York,United States,21,28,Eliminated Week 6,9,6.0,6.0,6.0,,6.0,6.0,6.0,,7.0,8.0,8.0,,7.0,8.0,8.0,8.0,8.0,8.0,8.0,,9.0,9.0,9.0,,0.0,0.0,0.0,,0.0,0.0,0.0,,0.0,0.0,0.0,0.0,0.0,0.0,0.0,,0.0,0.0,0.0,,False,False,12,11,4,rank,False,6,18.0,6.0,18.0,6.0,23.0,7.666666666666667,31.0,7.75,24.0,8.0,27.0,9.0,0.0,0.0,0.0,0.0,0.0,0.0,0.0,0.0,0.0,0.0,7.421052631578948,6.0,False,
Sean Spicer,Lindsay Arnold,Politician,New York,United States,48,28,Eliminated Week 9,6,4.0,4.0,4.0,,6.0,5.0,5.0,,5.0,5.0,5.0,,5.0,6.0,5.0,5.0,7.0,6.0,6.0,,7.0,7.0,7.0,,7.0,7.0,7.0,,7.0,7.0,6.0,,6.5,6.0,6.5,6.0,0.0,0.0,0.0,,0.0,0.0,0.0,,False,False,12,11,4,rank,False,9,12.0,4.0,16.0,5.333333333333333,15.0,5.0,21.0,5.25,19.0,6.333333333333333,21.0,7.0,21.0,7.0,20.0,6.666666666666667,25.0,6.25,0.0,0.0,0.0,0.0,5.862068965517241,9.0,False,
Mary Wilson,Brandon Armstrong,Singer/Rapper,Nevada,United States,75,28,Eliminated Week 2,12,6.0,5.0,6.0,,5.0,5.0,5.0,,0.0,0.0,0.0,,0.0,0.0,0.0,0.0,0.0,0.0,0.0,,0.0,0.0,0.0,,0.0,0.0,0.0,,0.0,0.0,0.0,,0.0,0.0,0.0,0.0,0.0,0.0,0.0,,0.0,0.0,0.0,,False,False,12,11,4,rank,False,2,17.0,5.666666666666667,15.0,5.0,0.0,0.0,0.0,0.0,0.0,0.0,0.0,0.0,0.0,0.0,0.0,0.0,0.0,0.0,0.0,0.0,0.0,0.0,5.333333333333333,2.0,False,
Lauren Alaina,Gleb Savchenko,Singer/Rapper,Georgia,United States,24,28,4th Place,4,7.0,6.0,6.0,,6.0,6.0,7.0,,6.0,7.0,7.0,,8.0,8.0,8.0,8.0,8.0,7.0,8.0,,9.0,8.0,9.0,,9.0,9.0,9.0,,8.0,8.0,8.0,,9.0,9.0,8.5,8.5,9.0,9.0,9.0,,9.5,9.5,9.5,,False,False,12,11,4,rank,False,11,19.0,6.333333333333333,19.0,6.333333333333333,20.0,6.666666666666667,32.0,8.0,23.0,7.666666666666667,26.0,8.666666666666666,27.0,9.0,24.0,8.0,35.0,8.75,27.0,9.0,28.5,9.5,8.014285714285714,,False,
Ally Brooke,Sasha Farber,Singer/Rapper,Texas,United States,26,28,3rd Place,3,5.0,5.0,6.0,,7.0,6.0,7.0,,8.0,8.0,8.0,,8.0,8.0,8.0,8.0,9.0,9.0,9.0,,8.0,9.0,8.0,,9.0,9.0,9.0,,10.0,10.0,10.0,,10.0,10.0,10.0,10.0,10.0,9.5,10.0,,10.0,10.0,10.0,,False,False,12,11,4,rank,False,11,16.0,5.333333333333333,20.0,6.666666666666667,24.0,8.0,32.0,8.0,27.0,9.0,25.0,8.333333333333334,27.0,9.0,30.0,10.0,40.0,10.0,29.5,9.833333333333334,30.0,10.0,8.585714285714285,,True,3.0
Karamo Brown,Jenna Johnson,TV Personality,Texas,United States,38,28,Eliminated Week 7,8,6.0,5.0,6.0,,7.0,5.0,7.0,,5.0,5.0,6.0,,7.0,7.0,7.0,7.0,7.0,7.0,7.0,,9.0,8.0,8.0,,8.5,8.0,8.0,,0.0,0.0,0.0,,0.0,0.0,0.0,0.0,0.0,0.0,0.0,,0.0,0.0,0.0,,False,False,12,11,4,rank,False,7,17.0,5.666666666666667,19.0,6.333333333333333,16.0,5.333333333333333,28.0,7.0,21.0,7.0,25.0,8.333333333333334,24.5,8.166666666666666,0.0,0.0,0.0,0.0,0.0,0.0,0.0,0.0,6.840909090909091,7.0,False,
Hannah Brown,Alan Bersten,TV Personality,Alabama,United States,24,28,1st Place,1,7.0,7.0,6.0,,8.0,8.0,8.0,,7.0,7.0,7.0,,8.0,8.0,8.0,8.0,9.0,7.0,9.0,,8.0,8.0,8.0,,8.5,9.0,8.5,,10.6666,9.6666,10.6666,,9.0,8.5,9.0,9.0,9.0,9.0,9.0,,10.0,9.5,9.5,,False,False,12,11,4,rank,False,11,20.0,6.666666666666667,24.0,8.0,21.0,7.0,32.0,8.0,25.0,8.333333333333334,24.0,8.0,26.0,8.666666666666666,30.9998,10.333266666666667,35.5,8.875,27.0,9.0,29.0,9.666666666666666,8.414280000000002,,True,1.0
Anne Heche,Keo Motsepe,Actor/Actress,Ohio,United States,51,29,Eliminated Week 4,13,6.0,6.0,6.0,,6.0,6.0,6.0,,5.0,5.0,5.0,,7.0,7.0,7.0,,0.0,0.0,0.0,,0.0,0.0,0.0,,0.0,0.0,0.0,,0.0,0.0,0.0,,0.0,0.0,0.0,,0.0,0.0,0.0,,0.0,0.0,0.0,,False,False,15,11,3,rank,False,4,18.0,6.0,18.0,6.0,15.0,5.0,21.0,7.0,0.0,0.0,0.0,0.0,0.0,0.0,0.0,0.0,0.0,0.0,0.0,0.0,0.0,0.0,6.0,4.0,False,
Jesse Metcalfe,Sharna Burgess,Actor/Actress,California,United States,41,29,Eliminated Week 5,12,6.0,6.0,6.0,,7.0,7.0,6.0,,7.0,6.0,7.0,,7.0,7.0,7.0,,7.0,6.0,6.0,,0.0,0.0,0.0,,0.0,0.0,0.0,,0.0,0.0,0.0,,0.0,0.0,0.0,,0.0,0.0,0.0,,0.0,0.0,0.0,,False,False,15,11,3,rank,False,5,18.0,6.0,20.0,6.666666666666667,20.0,6.666666666666667,21.0,7.0,19.0,6.333333333333333,0.0,0.0,0.0,0.0,0.0,0.0,0.0,0.0,0.0,0.0,0.0,0.0,6.533333333333333,5.0,False,
Chrishell Stause,Gleb Savchenko,Actor/Actress,Kentucky,United States,39,29,Eliminated Week 8,8,4.0,5.0,4.0,,6.0,6.0,6.0,,7.0,7.0,8.0,,7.0,8.0,7.0,,6.0,6.0,7.0,,8.0,8.0,8.0,,9.0,9.0,8.0,,9.0,9.0,9.0,,0.0,0.0,0.0,,0.0,0.0,0.0,,0.0,0.0,0.0,,False,False,15,11,3,rank,False,8,13.0,4.333333333333333,18.0,6.0,22.0,7.333333333333333,22.0,7.333333333333333,19.0,6.333333333333333,24.0,8.0,26.0,8.666666666666666,27.0,9.0,0.0,0.0,0.0,0.0,0.0,0.0,7.125,8.0,False,
Skai Jackson,Alan Bersten,Actor/Actress,New York,United States,18,29,Eliminated Week 10,5,7.0,7.0,7.0,,5.0,5.0,5.0,,6.0,6.0,6.0,,10.0,9.0,9.0,,8.0,8.0,8.0,,6.0,6.0,6.0,,9.0,9.0,9.0,,8.6666,9.6666,8.6666,,9.6666,9.6666,9.6666,,9.5,9.5,9.5,,0.0,0.0,0.0,,False,False,15,11,3,rank,False,10,21.0,7.0,15.0,5.0,18.0,6.0,28.0,9.333333333333334,24.0,8.0,18.0,6.0,27.0,9.0,26.9998,8.999933333333333,28.9998,9.6666,28.5,9.5,0.0,0.0,7.849986666666665,10.0,False,
Justina Machado,Sasha Farber,Actor/Actress,Illinois,United States,48,29,4th Place,4,7.0,7.0,7.0,,7.0,7.0,7.0,,7.0,6.0,6.0,,8.0,8.0,8.0,,8.0,8.0,8.0,,9.0,9.0,9.0,,9.0,9.0,8.0,,9.6666,9.6666,9.6666,,8.6666,8.6666,8.6666,,9.5,10.0,9.5,,10.0,10.0,10.0,,False,False,15,11,3,rank,False,11,21.0,7.0,21.0,7.0,19.0,6.333333333333333,24.0,8.0,24.0,8.0,27.0,9.0,26.0,8.666666666666666,28.9998,9.6666,25.9998,8.6666,29.0,9.666666666666666,30.0,10.0,8.363624242424242,,False,
Charles Oakley,Emma Slater,Athlete,Ohio,United States,56,29,Eliminated Week 2,15,4.0,4.0,4.0,,5.0,5.0,5.0,,0.0,0.0,0.0,,0.0,0.0,0.0,,0.0,0.0,0.0,,0.0,0.0,0.0,,0.0,0.0,0.0,,0.0,0.0,0.0,,0.0,0.0,0.0,,0.0,0.0,0.0,,0.0,0.0,0.0,,False,False,15,11,3,rank,False,2,12.0,4.0,15.0,5.0,0.0,0.0,0.0,0.0,0.0,0.0,0.0,0.0,0.0,0.0,0.0,0.0,0.0,0.0,0.0,0.0,0.0,0.0,4.5,2.0,False,
Veron Davis,Peta Murgatroyd,Athlete,Washington D.C.,United States,36,29,Eliminated Week 6,11,5.0,6.0,6.0,,6.0,6.0,6.0,,8.0,7.0,7.0,,8.0,7.0,7.0,,7.0,7.0,7.0,,7.0,7.0,7.0,,0.0,0.0,0.0,,0.0,0.0,0.0,,0.0,0.0,0.0,,0.0,0.0,0.0,,0.0,0.0,0.0,,False,False,15,11,3,rank,False,6,17.0,5.666666666666667,18.0,6.0,22.0,7.333333333333333,22.0,7.333333333333333,21.0,7.0,21.0,7.0,0.0,0.0,0.0,0.0,0.0,0.0,0.0,0.0,0.0,0.0,6.722222222222222,6.0,False,
Johnny Weir,Britt Stewart,Athlete,Pennsylvania,United States,36,29,Eliminated Week 10,6,6.0,6.0,6.0,,6.0,6.0,6.0,,8.0,8.0,8.0,,8.0,8.0,8.0,,10.0,10.0,9.0,,7.0,8.0,7.0,,9.0,9.0,9.0,,10.0,10.0,10.0,,10.0,10.0,10.0,,9.5,9.5,9.5,,0.0,0.0,0.0,,False,False,15,11,3,rank,False,10,18.0,6.0,18.0,6.0,24.0,8.0,24.0,8.0,29.0,9.666666666666666,22.0,7.333333333333333,27.0,9.0,30.0,10.0,30.0,10.0,28.5,9.5,0.0,0.0,8.35,10.0,False,
Nev Schulman,Jenna Johnson,Producer,New York,United States,35,29,2nd Place,2,7.0,7.0,6.0,,7.0,7.0,7.0,,8.0,8.0,8.0,,8.0,8.0,8.0,,8.0,9.0,9.0,,9.0,9.0,8.0,,10.0,10.0,10.0,,10.0,10.0,10.0,,9.6666,9.6666,9.6666,,10.0,10.0,10.0,,10.0,10.0,10.0,,False,False,15,11,3,rank,False,11,20.0,6.666666666666667,21.0,7.0,24.0,8.0,24.0,8.0,26.0,8.666666666666666,26.0,8.666666666666666,30.0,10.0,30.0,10.0,28.9998,9.6666,30.0,10.0,30.0,10.0,8.787872727272728,,True,2.0
AJ McLean,Cheryl Burke,Singer/Rapper,Florida,United States,42,29,Eliminated Week 9,7,6.0,6.0,6.0,,7.0,6.0,6.0,,7.0,7.0,7.0,,8.0,8.0,8.0,,8.0,8.0,8.0,,9.0,9.0,9.0,,9.0,8.0,9.0,,9.0,9.0,9.0,,7.6666,8.6666,8.6666,,0.0,0.0,0.0,,0.0,0.0,0.0,,False,False,15,11,3,rank,False,9,18.0,6.0,19.0,6.333333333333333,21.0,7.0,24.0,8.0,24.0,8.0,27.0,9.0,26.0,8.666666666666666,27.0,9.0,24.9998,8.333266666666667,0.0,0.0,0.0,0.0,7.8148074074074065,9.0,False,
Nelly,Daniella Karagach,Singer/Rapper,Texas,United States,45,29,3rd Place,3,5.0,5.0,6.0,,6.0,6.0,6.0,,6.0,6.0,6.0,,7.0,7.0,7.0,,8.0,8.0,8.0,,8.0,8.0,8.0,,9.0,9.0,9.0,,8.0,8.0,8.0,,8.0,8.0,8.0,,9.5,9.0,9.5,,9.5,9.5,9.5,,False,False,15,11,3,rank,False,11,16.0,5.333333333333333,18.0,6.0,18.0,6.0,21.0,7.0,24.0,8.0,24.0,8.0,27.0,9.0,24.0,8.0,24.0,8.0,28.0,9.333333333333334,28.5,9.5,7.651515151515151,,True,3.0
Kaitlyn Bristowe,Artem Chigvintsev,TV Personality,Non-US,Canada,35,29,1st Place,1,6.0,7.0,7.0,,7.0,8.0,7.0,,8.0,7.0,8.0,,9.0,8.0,8.0,,9.0,9.0,9.0,,9.0,9.0,9.0,,7.0,9.0,8.0,,9.0,10.0,9.0,,10.0,10.0,10.0,,10.0,10.0,10.0,,10.0,10.0,10.0,,False,False,15,11,3,rank,False,11,20.0,6.666666666666667,22.0,7.333333333333333,23.0,7.666666666666667,25.0,8.333333333333334,27.0,9.0,27.0,9.0,24.0,8.0,28.0,9.333333333333334,30.0,10.0,30.0,10.0,30.0,10.0,8.666666666666666,,True,1.0
Carole Baskin,Pasha Pashkov,TV Personality,Texas,United States,59,29,Eliminated Week 3,14,4.0,4.0,3.0,,6.0,5.0,5.0,,5.0,4.0,3.0,,0.0,0.0,0.0,,0.0,0.0,0.0,,0.0,0.0,0.0,,0.0,0.0,0.0,,0.0,0.0,0.0,,0.0,0.0,0.0,,0.0,0.0,0.0,,0.0,0.0,0.0,,False,False,15,11,3,rank,False,3,11.0,3.6666666666666665,16.0,5.333333333333333,12.0,4.0,0.0,0.0,0.0,0.0,0.0,0.0,0.0,0.0,0.0,0.0,0.0,0.0,0.0,0.0,0.0,0.0,4.333333333333333,3.0,False,
Monica Aldama,Valentin Chmerkovskiy,TV Personality,Alabama,United States,48,29,Eliminated Week 7,10,6.0,7.0,6.0,,5.0,6.0,5.0,,7.0,7.0,7.0,,8.0,8.0,8.0,,9.0,9.0,8.0,,9.0,9.0,9.0,,7.0,8.0,7.0,,0.0,0.0,0.0,,0.0,0.0,0.0,,0.0,0.0,0.0,,0.0,0.0,0.0,,False,False,15,11,3,rank,False,7,19.0,6.333333333333333,16.0,5.333333333333333,21.0,7.0,24.0,8.0,26.0,8.666666666666666,27.0,9.0,22.0,7.333333333333333,0.0,0.0,0.0,0.0,0.0,0.0,0.0,0.0,7.380952380952381,7.0,False,
Jeannie Mai,Brandon Armstrong,TV Personality,California,United States,41,29,Withdrew,9,6.0,6.0,6.0,,6.0,6.0,6.0,,7.0,7.0,8.0,,7.0,7.0,7.0,,8.0,8.0,8.0,,8.0,8.0,9.0,,8.0,9.0,8.0,,0.0,0.0,0.0,,0.0,0.0,0.0,,0.0,0.0,0.0,,0.0,0.0,0.0,,True,False,15,11,3,rank,False,7,18.0,6.0,18.0,6.0,22.0,7.333333333333333,21.0,7.0,24.0,8.0,25.0,8.333333333333334,25.0,8.333333333333334,0.0,0.0,0.0,0.0,0.0,0.0,0.0,0.0,7.285714285714286,-1.0,False,
Martin Kove,Britt Stewart,Actor/Actress,New York,United States,75,30,Eliminated Week 2,15,4.0,3.0,3.0,3.0,4.0,3.0,4.0,4.0,0.0,0.0,0.0,,0.0,0.0,0.0,0.0,0.0,0.0,0.0,0.0,0.0,0.0,0.0,0.0,0.0,0.0,0.0,0.0,0.0,0.0,0.0,0.0,0.0,0.0,0.0,0.0,0.0,0.0,0.0,0.0,,,,,False,False,15,10,4,rank,False,2,13.0,3.25,15.0,3.75,0.0,0.0,0.0,0.0,0.0,0.0,0.0,0.0,0.0,0.0,0.0,0.0,0.0,0.0,0.0,0.0,0.0,,3.5,2.0,False,
Brian Austin Green,Sharna Burgess,Actor/Actress,California,United States,48,30,Eliminated Week 4,13,6.0,6.0,6.0,6.0,6.0,5.0,6.0,6.0,7.0,6.0,6.0,,6.5,6.0,7.0,6.5,0.0,0.0,0.0,0.0,0.0,0.0,0.0,0.0,0.0,0.0,0.0,0.0,0.0,0.0,0.0,0.0,0.0,0.0,0.0,0.0,0.0,0.0,0.0,0.0,,,,,False,False,15,10,4,rank,False,4,24.0,6.0,23.0,5.75,19.0,6.333333333333333,26.0,6.5,0.0,0.0,0.0,0.0,0.0,0.0,0.0,0.0,0.0,0.0,0.0,0.0,0.0,,6.133333333333334,4.0,False,
Melora Hardin,Artem Chigvintsev,Actor/Actress,Texas,United States,54,30,Eliminated Week 9,6,7.0,6.0,7.0,6.0,7.0,6.0,7.0,7.0,8.0,7.0,8.0,,9.0,9.5,9.0,9.0,9.0,9.0,9.0,9.0,8.0,9.0,8.0,9.0,9.5,9.5,9.5,9.5,10.5,10.5,10.5,10.5,8.5,9.5,9.0,9.0,0.0,0.0,0.0,0.0,,,,,False,False,15,10,4,rank,False,9,26.0,6.5,27.0,6.75,23.0,7.666666666666667,36.5,9.125,36.0,9.0,34.0,8.5,38.0,9.5,42.0,10.5,36.0,9.0,0.0,0.0,0.0,,8.528571428571428,9.0,False,
Matt James,Lindsay Arnold,Athlete,North Carolina,United States,29,30,Eliminated Week 4,12,6.0,6.0,6.0,6.0,5.0,5.0,6.0,6.0,7.0,6.0,7.0,,7.0,6.5,7.5,7.5,0.0,0.0,0.0,0.0,0.0,0.0,0.0,0.0,0.0,0.0,0.0,0.0,0.0,0.0,0.0,0.0,0.0,0.0,0.0,0.0,0.0,0.0,0.0,0.0,,,,,False,False,15,10,4,rank,False,4,24.0,6.0,22.0,5.5,20.0,6.666666666666667,28.5,7.125,0.0,0.0,0.0,0.0,0.0,0.0,0.0,0.0,0.0,0.0,0.0,0.0,0.0,,6.3,4.0,False,
"Mike ""The Miz"" Mizanin",Witney Carson,Athlete,Ohio,United States,40,30,Eliminated Week 7,9,6.0,6.0,6.0,6.0,7.0,5.0,7.0,7.0,7.0,7.0,8.0,,8.5,7.5,8.5,8.0,8.0,8.0,8.0,8.0,9.0,8.0,9.0,8.0,8.0,8.0,8.0,8.0,0.0,0.0,0.0,0.0,0.0,0.0,0.0,0.0,0.0,0.0,0.0,0.0,,,,,False,False,15,10,4,rank,False,7,24.0,6.0,26.0,6.5,22.0,7.333333333333333,32.5,8.125,32.0,8.0,34.0,8.5,32.0,8.0,0.0,0.0,0.0,0.0,0.0,0.0,0.0,,7.5,7.0,False,
Suni Lee,Sasha Farber,Athlete,Minnesota,United States,18,30,Eliminated Week 9,5,7.0,7.0,7.0,7.0,7.0,7.0,7.0,7.0,7.0,7.0,7.0,,8.5,8.0,9.0,8.5,9.0,9.0,9.0,9.0,9.0,9.0,9.0,9.0,8.25,8.25,8.25,9.25,10.5,10.5,10.5,10.5,10.0,9.0,9.5,9.0,0.0,0.0,0.0,0.0,,,,,False,False,15,10,4,rank,False,9,28.0,7.0,28.0,7.0,21.0,7.0,34.0,8.5,36.0,9.0,36.0,9.0,34.0,8.5,42.0,10.5,37.5,9.375,0.0,0.0,0.0,,8.471428571428572,9.0,False,
Iman Shumpert,Daniella Karagach,Athlete,Illinois,United States,31,30,1st Place,1,7.0,4.0,5.0,5.0,7.0,6.0,6.0,6.0,7.0,6.0,6.0,,8.5,6.5,8.5,8.0,7.0,7.0,7.0,7.0,10.0,10.0,10.0,10.0,9.5,7.5,8.5,8.5,9.0,8.0,9.0,9.0,9.5,9.0,10.0,9.0,10.0,10.0,10.0,10.0,,,,,False,False,15,10,4,rank,False,10,21.0,5.25,25.0,6.25,19.0,6.333333333333333,31.5,7.875,28.0,7.0,40.0,10.0,34.0,8.5,35.0,8.75,37.5,9.375,40.0,10.0,0.0,,7.9743589743589745,,True,1.0
Cody Rigsby,Cheryl Burke,Fitness Instructor,California,United States,34,30,3rd Place,3,6.0,6.0,6.0,6.0,6.0,6.0,6.0,6.0,6.0,6.0,6.0,,7.5,6.5,7.5,7.5,8.0,8.0,8.0,8.0,9.0,9.0,9.0,9.0,8.5,8.5,9.5,9.5,10.0,10.0,9.0,9.0,9.0,9.0,8.5,9.0,9.5,9.5,9.5,9.5,,,,,False,False,15,10,4,rank,False,10,24.0,6.0,24.0,6.0,18.0,6.0,29.0,7.25,32.0,8.0,36.0,9.0,36.0,9.0,38.0,9.5,35.5,8.875,38.0,9.5,0.0,,7.961538461538462,,True,3.0
Melanie C,Gleb Savchenko,Singer/Rapper,Non-US,England,47,30,Eliminated Week 5,11,7.0,7.0,6.0,7.0,7.0,7.0,8.0,8.0,7.0,7.0,8.0,,8.0,8.0,8.5,8.5,9.0,9.0,9.0,9.0,0.0,0.0,0.0,0.0,0.0,0.0,0.0,0.0,0.0,0.0,0.0,0.0,0.0,0.0,0.0,0.0,0.0,0.0,0.0,0.0,,,,,False,False,15,10,4,rank,False,5,27.0,6.75,30.0,7.5,22.0,7.333333333333333,33.0,8.25,36.0,9.0,0.0,0.0,0.0,0.0,0.0,0.0,0.0,0.0,0.0,0.0,0.0,,7.7894736842105265,5.0,False,
Jimmie Allen,Emma Slater,Singer/Rapper,Delaware,United States,36,30,Eliminated Week 8,7,6.0,5.0,6.0,5.0,7.0,6.0,7.0,7.0,6.0,6.0,8.0,,8.5,7.5,8.5,8.0,8.0,8.0,9.0,9.0,10.0,9.0,10.0,9.0,9.0,9.0,10.0,10.0,8.0,8.0,8.0,8.0,0.0,0.0,0.0,0.0,0.0,0.0,0.0,0.0,,,,,False,False,15,10,4,rank,False,8,22.0,5.5,27.0,6.75,20.0,6.666666666666667,32.5,8.125,34.0,8.5,38.0,9.5,38.0,9.5,32.0,8.0,0.0,0.0,0.0,0.0,0.0,,7.854838709677419,8.0,False,
Olivia Jade,Valentin Chmerkovskiy,Social Media Personality,California,United States,21,30,Eliminated Week 8,8,7.0,6.0,6.0,6.0,7.0,6.0,7.0,7.0,8.0,8.0,8.0,,8.0,9.0,9.0,9.0,9.0,9.0,9.0,9.0,9.0,9.0,9.0,9.0,11.0,9.0,11.0,11.0,9.0,9.0,9.0,9.0,0.0,0.0,0.0,0.0,0.0,0.0,0.0,0.0,,,,,False,False,15,10,4,rank,False,8,25.0,6.25,27.0,6.75,24.0,8.0,35.0,8.75,36.0,9.0,36.0,9.0,42.0,10.5,36.0,9.0,0.0,0.0,0.0,0.0,0.0,,8.419354838709678,8.0,False,
JoJo Siwa,Jenna Johnson,Social Media Personality,Nebraska,United States,18,30,2nd Place,2,8.0,7.0,7.0,7.0,8.0,8.0,7.0,8.0,8.0,8.0,8.0,,8.5,8.5,9.0,9.0,10.0,10.0,10.0,10.0,10.0,10.0,10.0,10.0,10.0,9.0,10.0,10.0,10.5,9.5,10.5,10.5,10.0,10.0,10.0,10.0,10.0,10.0,10.0,10.0,,,,,False,False,15,10,4,rank,False,10,29.0,7.25,31.0,7.75,24.0,8.0,35.0,8.75,40.0,10.0,40.0,10.0,39.0,9.75,41.0,10.25,40.0,10.0,40.0,10.0,0.0,,9.205128205128204,,True,2.0
Christine Chiu,Pasha Pashkov,TV Personality,Non-US,Taiwan China,38,30,Eliminated Week 3,14,6.0,7.0,6.0,6.0,6.0,6.0,6.0,6.0,7.0,7.0,7.0,,0.0,0.0,0.0,0.0,0.0,0.0,0.0,0.0,0.0,0.0,0.0,0.0,0.0,0.0,0.0,0.0,0.0,0.0,0.0,0.0,0.0,0.0,0.0,0.0,0.0,0.0,0.0,0.0,,,,,False,False,15,10,4,rank,False,3,25.0,6.25,24.0,6.0,21.0,7.0,0.0,0.0,0.0,0.0,0.0,0.0,0.0,0.0,0.0,0.0,0.0,0.0,0.0,0.0,0.0,,6.363636363636363,3.0,False,
Kenya Moore,Brandon Armstrong,TV Personality,Michigan,United States,50,30,Eliminated Week 6,10,7.0,6.0,6.0,7.0,6.0,6.0,6.0,6.0,7.0,7.0,7.0,,7.0,7.0,8.0,7.5,9.0,9.0,9.0,9.0,8.0,8.0,8.0,8.0,0.0,0.0,0.0,0.0,0.0,0.0,0.0,0.0,0.0,0.0,0.0,0.0,0.0,0.0,0.0,0.0,,,,,False,False,15,10,4,rank,False,6,26.0,6.5,24.0,6.0,21.0,7.0,29.5,7.375,36.0,9.0,32.0,8.0,0.0,0.0,0.0,0.0,0.0,0.0,0.0,0.0,0.0,,7.326086956521739,6.0,False,
Amanda Kloots,Alan Bersten,TV Personality,Ohio,United States,39,30,4th Place,4,7.0,7.0,7.0,7.0,8.0,8.0,8.0,8.0,8.0,8.0,8.0,,8.5,8.5,8.5,8.5,10.0,10.0,9.0,10.0,9.0,9.0,10.0,10.0,8.25,8.25,8.25,9.25,10.5,10.5,10.5,10.5,9.5,10.0,10.0,10.0,9.5,10.0,9.5,10.0,,,,,False,False,15,10,4,rank,False,10,28.0,7.0,32.0,8.0,24.0,8.0,34.0,8.5,39.0,9.75,38.0,9.5,34.0,8.5,42.0,10.5,39.5,9.875,39.0,9.75,0.0,,8.961538461538462,,False,
Jason Lewis,Peta Murgatroyd,Actor/Actress,California,United States,51,31,Eliminated Week 1,16,5.0,4.0,4.0,5.0,0.0,0.0,0.0,0.0,0.0,0.0,0.0,0.0,0.0,0.0,0.0,0.0,0.0,0.0,0.0,0.0,0.0,0.0,0.0,0.0,0.0,0.0,0.0,0.0,0.0,0.0,0.0,0.0,0.0,0.0,0.0,0.0,0.0,0.0,0.0,0.0,,,,,False,False,16,10,4,rank,False,1,18.0,4.5,0.0,0.0,0.0,0.0,0.0,0.0,0.0,0.0,0.0,0.0,0.0,0.0,0.0,0.0,0.0,0.0,0.0,0.0,0.0,,4.5,1.0,False,
Cheryl Ladd,Louis van Amstel,Actor/Actress,South Dakota,United States,71,31,Eliminated Week 3,14,6.0,5.0,5.0,5.0,5.0,6.0,5.0,5.0,6.0,6.0,6.0,6.0,0.0,0.0,0.0,0.0,0.0,0.0,0.0,0.0,0.0,0.0,0.0,0.0,0.0,0.0,0.0,0.0,0.0,0.0,0.0,0.0,0.0,0.0,0.0,0.0,0.0,0.0,0.0,0.0,,,,,False,False,16,10,4,rank,False,3,21.0,5.25,21.0,5.25,24.0,6.0,0.0,0.0,0.0,0.0,0.0,0.0,0.0,0.0,0.0,0.0,0.0,0.0,0.0,0.0,0.0,,5.5,3.0,False,
Selma Blair,Sasha Farber,Actor/Actress,Michigan,United States,50,31,Withdrew,12,7.0,7.0,7.0,7.0,7.0,7.0,7.0,7.0,7.0,7.0,7.0,7.0,8.0,8.0,8.0,8.0,10.0,10.0,10.0,10.0,0.0,0.0,0.0,0.0,0.0,0.0,0.0,0.0,0.0,0.0,0.0,0.0,0.0,0.0,0.0,0.0,0.0,0.0,0.0,0.0,,,,,True,False,16,10,4,rank,False,5,28.0,7.0,28.0,7.0,28.0,7.0,32.0,8.0,40.0,10.0,0.0,0.0,0.0,0.0,0.0,0.0,0.0,0.0,0.0,0.0,0.0,,7.8,-1.0,False,
Joseph Baena,Daniella Karagach,Actor/Actress,California,United States,24,31,Eliminated Week 5,11,6.0,5.0,6.0,6.0,6.0,6.0,6.0,6.0,8.0,7.0,7.0,7.0,7.0,7.0,7.0,7.0,9.0,8.5,9.0,8.5,0.0,0.0,0.0,0.0,0.0,0.0,0.0,0.0,0.0,0.0,0.0,0.0,0.0,0.0,0.0,0.0,0.0,0.0,0.0,0.0,,,,,False,False,16,10,4,rank,False,5,23.0,5.75,24.0,6.0,29.0,7.25,28.0,7.0,35.0,8.75,0.0,0.0,0.0,0.0,0.0,0.0,0.0,0.0,0.0,0.0,0.0,,6.95,5.0,False,
Trevor Donovan,Emma Slater,Actor/Actress,California,United States,39,31,Eliminated Week 9,6,5.0,5.0,5.0,6.0,7.0,7.0,8.0,8.0,7.0,6.0,7.0,7.0,7.0,7.0,7.0,7.0,9.0,9.0,9.0,9.0,9.0,8.0,8.0,9.0,10.0,9.0,10.0,10.0,9.25,10.25,9.25,10.25,8.5,8.0,8.0,8.0,0.0,0.0,0.0,0.0,,,,,False,False,16,10,4,rank,False,9,21.0,5.25,30.0,7.5,27.0,6.75,28.0,7.0,36.0,9.0,34.0,8.5,39.0,9.75,39.0,9.75,32.5,8.125,0.0,0.0,0.0,,7.958333333333333,9.0,False,
Daniel Durant,Britt Stewart,Actor/Actress,Michigan,United States,32,31,Eliminated Week 9,5,7.0,6.0,7.0,7.0,7.0,7.0,7.0,8.0,8.0,7.0,8.0,8.0,7.0,7.0,7.0,8.0,8.125,8.125,8.625,8.625,9.0,8.0,8.0,9.0,9.0,8.5,9.5,9.5,10.0,9.0,10.0,10.0,9.0,8.0,9.0,8.5,0.0,0.0,0.0,0.0,,,,,False,False,16,10,4,rank,False,9,27.0,6.75,29.0,7.25,31.0,7.75,29.0,7.25,33.5,8.375,34.0,8.5,36.5,9.125,39.0,9.75,34.5,8.625,0.0,0.0,0.0,,8.152777777777779,9.0,False,
Wayne Brady,Witney Carson,Comedian,Georgia,United States,50,31,3rd Place,3,7.0,7.0,7.0,8.0,8.0,8.0,8.0,8.0,8.0,8.0,8.0,9.0,9.0,9.0,9.0,9.0,10.125,10.125,10.125,10.625,8.0,9.0,8.0,9.0,9.5,9.0,9.5,10.0,11.25,11.25,11.25,11.25,9.5,9.0,9.0,9.0,9.5,9.5,9.5,9.5,,,,,False,False,16,10,4,rank,False,10,29.0,7.25,32.0,8.0,33.0,8.25,36.0,9.0,41.0,10.25,34.0,8.5,38.0,9.5,45.0,11.25,36.5,9.125,38.0,9.5,0.0,,9.0625,,True,3.0
Sam Champion,Cheryl Burke,News Anchor,Kentucky,United States,61,31,Eliminated Week 4,13,5.0,5.0,5.0,5.0,6.0,6.0,7.0,7.0,6.0,6.0,6.0,7.0,7.0,6.0,6.0,6.0,0.0,0.0,0.0,0.0,0.0,0.0,0.0,0.0,0.0,0.0,0.0,0.0,0.0,0.0,0.0,0.0,0.0,0.0,0.0,0.0,0.0,0.0,0.0,0.0,,,,,False,False,16,10,4,rank,False,4,20.0,5.0,26.0,6.5,25.0,6.25,25.0,6.25,0.0,0.0,0.0,0.0,0.0,0.0,0.0,0.0,0.0,0.0,0.0,0.0,0.0,,6.0,4.0,False,
Jessie James Decker,Alan Bersten,Singer/Rapper,Non-US,Italy,34,31,Eliminated Week 6,10,5.0,5.0,5.0,5.0,7.0,6.0,6.0,6.0,6.0,6.0,7.0,7.0,8.0,7.0,8.0,8.0,8.875,8.875,9.375,8.875,8.0,8.0,8.0,8.0,0.0,0.0,0.0,0.0,0.0,0.0,0.0,0.0,0.0,0.0,0.0,0.0,0.0,0.0,0.0,0.0,,,,,False,False,16,10,4,rank,False,6,20.0,5.0,25.0,6.25,26.0,6.5,31.0,7.75,36.0,9.0,32.0,8.0,0.0,0.0,0.0,0.0,0.0,0.0,0.0,0.0,0.0,,7.083333333333333,6.0,False,
Jordin Sparks,Brandon Armstrong,Singer/Rapper,Arizona,United States,32,31,Eliminated Week 7,9,7.0,6.0,6.0,7.0,7.0,6.0,7.0,7.0,7.0,7.0,7.0,8.0,9.0,8.0,8.0,9.0,8.875,8.375,8.875,9.375,9.0,8.0,8.0,9.0,8.5,9.0,8.5,8.5,0.0,0.0,0.0,0.0,0.0,0.0,0.0,0.0,0.0,0.0,0.0,0.0,,,,,False,False,16,10,4,rank,False,7,26.0,6.5,27.0,6.75,29.0,7.25,34.0,8.5,35.5,8.875,34.0,8.5,34.5,8.625,0.0,0.0,0.0,0.0,0.0,0.0,0.0,,7.857142857142857,7.0,False,
Heidi D'Amelio,Artem Chigvintsev,Social Media Personality,Louisiana,United States,50,31,Eliminated Week 8,8,6.0,6.0,6.0,6.0,7.0,7.0,7.0,7.0,8.0,8.0,8.0,8.0,9.0,8.0,8.0,9.0,9.625,10.125,9.625,9.625,9.0,9.0,9.0,9.0,8.5,9.0,9.0,8.5,9.0,8.0,9.0,9.0,0.0,0.0,0.0,0.0,0.0,0.0,0.0,0.0,,,,,False,False,16,10,4,rank,False,8,24.0,6.0,28.0,7.0,32.0,8.0,34.0,8.5,39.0,9.75,36.0,9.0,35.0,8.75,35.0,8.75,0.0,0.0,0.0,0.0,0.0,,8.21875,8.0,False,
Charli D'Amelio,Mark Ballas,Social Media Personality,Connecticut,United States,18,31,1st Place,1,8.0,8.0,8.0,8.0,8.0,8.0,8.0,8.0,8.0,8.0,8.0,9.0,9.0,9.0,9.0,9.0,10.375,10.375,10.375,10.875,10.0,10.0,10.0,10.0,9.5,9.5,10.0,10.0,11.25,11.25,11.25,11.25,10.0,10.0,10.0,10.0,10.0,10.0,10.0,10.0,,,,,False,False,16,10,4,rank,False,10,32.0,8.0,32.0,8.0,33.0,8.25,36.0,9.0,42.0,10.5,40.0,10.0,39.0,9.75,45.0,11.25,40.0,10.0,40.0,10.0,0.0,,9.475,,True,1.0
Teresa Giudice,Pasha Pashkov,TV Personality,New Jersey,United States,50,31,Eliminated Week 2,15,5.0,5.0,5.0,5.0,6.0,5.0,6.0,6.0,0.0,0.0,0.0,0.0,0.0,0.0,0.0,0.0,0.0,0.0,0.0,0.0,0.0,0.0,0.0,0.0,0.0,0.0,0.0,0.0,0.0,0.0,0.0,0.0,0.0,0.0,0.0,0.0,0.0,0.0,0.0,0.0,,,,,False,False,16,10,4,rank,False,2,20.0,5.0,23.0,5.75,0.0,0.0,0.0,0.0,0.0,0.0,0.0,0.0,0.0,0.0,0.0,0.0,0.0,0.0,0.0,0.0,0.0,,5.375,2.0,False,
Vinny Guadagnino,Koko Iwasaki,TV Personality,New York,United States,34,31,Eliminated Week 8,7,4.0,4.0,5.0,4.0,7.0,6.0,7.0,7.0,6.0,5.0,6.0,6.0,8.0,7.0,7.0,7.0,7.75,7.75,7.75,7.75,7.0,7.0,7.0,7.0,7.5,8.0,8.0,8.0,8.0,7.0,7.0,7.0,0.0,0.0,0.0,0.0,0.0,0.0,0.0,0.0,,,,,False,False,16,10,4,rank,False,8,17.0,4.25,27.0,6.75,23.0,5.75,29.0,7.25,31.0,7.75,28.0,7.0,31.5,7.875,29.0,7.25,0.0,0.0,0.0,0.0,0.0,,6.734375,8.0,False,
Shangela,Gleb Savchenko,TV Personality,Texas,United States,40,31,4th Place,4,7.0,7.0,7.0,7.0,7.0,7.0,7.0,7.0,8.0,7.0,7.0,8.0,8.0,8.0,8.0,8.0,9.75,9.25,9.75,9.75,9.0,9.0,9.0,9.0,9.0,9.5,9.0,9.0,11.25,10.25,10.25,10.25,9.5,9.0,9.0,9.0,9.5,9.5,9.5,9.5,,,,,False,False,16,10,4,rank,False,10,28.0,7.0,28.0,7.0,30.0,7.5,32.0,8.0,38.5,9.625,36.0,9.0,36.5,9.125,42.0,10.5,36.5,9.125,38.0,9.5,0.0,,8.6375,,False,
Gabby Windey,Valentin Chmerkovskiy,TV Personality,Illinois,United States,31,31,2nd Place,2,7.0,7.0,7.0,7.0,8.0,8.0,8.0,8.0,8.0,8.0,8.0,9.0,9.0,9.0,9.0,9.0,10.25,10.25,10.25,10.25,9.0,9.0,9.0,10.0,9.0,9.0,8.5,9.0,10.0,10.0,10.0,10.0,10.0,10.0,10.0,10.0,10.0,10.0,10.0,10.0,,,,,False,False,16,10,4,rank,False,10,28.0,7.0,32.0,8.0,33.0,8.25,36.0,9.0,41.0,10.25,37.0,9.25,35.5,8.875,40.0,10.0,40.0,10.0,40.0,10.0,0.0,,9.0625,,True,2.0
Jamie Lynn Spears,Alan Bersten,Actor/Actress,Mississippi,United States,32,32,Eliminated Week 2,13,5.0,5.0,5.0,,6.0,5.0,5.0,,0.0,0.0,0.0,0.0,0.0,0.0,0.0,,0.0,0.0,0.0,,0.0,0.0,0.0,0.0,0.0,0.0,0.0,0.0,0.0,0.0,0.0,0.0,0.0,0.0,0.0,0.0,0.0,0.0,0.0,,0.0,0.0,0.0,,False,False,14,11,4,rank,False,2,15.0,5.0,16.0,5.333333333333333,0.0,0.0,0.0,0.0,0.0,0.0,0.0,0.0,0.0,0.0,0.0,0.0,0.0,0.0,0.0,0.0,0.0,0.0,5.166666666666667,2.0,False,
Mira Sorvino,Gleb Savchenko,Actor/Actress,New York,United States,55,32,Eliminated Week 5,10,6.0,5.0,6.0,,6.0,6.0,6.0,,6.0,6.0,7.0,7.0,7.0,7.0,7.0,,7.0,8.0,7.0,,0.0,0.0,0.0,0.0,0.0,0.0,0.0,0.0,0.0,0.0,0.0,0.0,0.0,0.0,0.0,0.0,0.0,0.0,0.0,,0.0,0.0,0.0,,False,False,14,11,4,rank,False,5,17.0,5.666666666666667,18.0,6.0,26.0,6.5,21.0,7.0,22.0,7.333333333333333,0.0,0.0,0.0,0.0,0.0,0.0,0.0,0.0,0.0,0.0,0.0,0.0,6.5,5.0,False,
Barry Williams,Peta Murgatroyd,Actor/Actress,California,United States,68,32,Eliminated Week 8,7,6.0,5.0,5.0,,5.0,5.0,5.0,,6.0,6.0,7.0,6.0,6.0,6.0,6.0,,8.0,8.0,8.0,,8.25,7.25,8.25,8.25,8.0,8.0,8.5,8.0,8.75,8.75,8.75,8.75,0.0,0.0,0.0,0.0,0.0,0.0,0.0,,0.0,0.0,0.0,,False,False,14,11,4,rank,False,8,16.0,5.333333333333333,15.0,5.0,25.0,6.25,18.0,6.0,24.0,8.0,32.0,8.0,32.5,8.125,35.0,8.75,0.0,0.0,0.0,0.0,0.0,0.0,7.053571428571429,8.0,False,
Alyson Hannigan,Sasha Farber,Actor/Actress,Washington D.C.,United States,49,32,5th Place,5,5.0,4.0,4.0,,7.0,6.0,6.0,,6.0,6.0,6.0,6.0,6.0,6.0,6.0,,7.0,7.0,7.0,,7.5,7.5,7.5,8.5,8.5,8.5,9.5,8.5,8.75,8.75,9.75,8.75,7.75,7.75,8.75,7.75,8.5,8.5,8.5,,9.0,8.5,9.0,,False,False,14,11,4,rank,False,11,13.0,4.333333333333333,19.0,6.333333333333333,24.0,6.0,18.0,6.0,21.0,7.0,31.0,7.75,35.0,8.75,36.0,9.0,32.0,8.0,25.5,8.5,26.5,8.833333333333334,7.394736842105263,,False,
Xochitl Gomez,Valentin Chmerkovskiy,Actor/Actress,California,United States,17,32,1st Place,1,6.0,6.0,6.0,,8.0,8.0,8.0,,8.0,8.0,8.0,8.0,9.0,9.0,9.0,,9.0,10.0,9.0,,10.25,10.25,11.25,10.25,9.5,9.0,9.5,9.0,10.0,10.0,10.0,10.0,9.75,9.75,10.75,10.75,10.0,10.0,10.0,,10.0,10.0,10.0,,False,False,14,11,4,rank,False,11,18.0,6.0,24.0,8.0,32.0,8.0,27.0,9.0,28.0,9.333333333333334,42.0,10.5,37.0,9.25,40.0,10.0,41.0,10.25,30.0,10.0,30.0,10.0,9.18421052631579,,True,1.0
Adrian Peterson,Britt Stewart,Athlete,Texas,United States,38,32,Eliminated Week 4,11,6.0,6.0,6.0,,5.0,5.0,5.0,,5.0,5.0,6.0,6.0,7.0,7.0,7.0,,0.0,0.0,0.0,,0.0,0.0,0.0,0.0,0.0,0.0,0.0,0.0,0.0,0.0,0.0,0.0,0.0,0.0,0.0,0.0,0.0,0.0,0.0,,0.0,0.0,0.0,,False,False,14,11,4,rank,False,4,18.0,6.0,15.0,5.0,22.0,5.5,21.0,7.0,0.0,0.0,0.0,0.0,0.0,0.0,0.0,0.0,0.0,0.0,0.0,0.0,0.0,0.0,5.846153846153846,4.0,False,
Matt Walsh,Koko Iwasaki,Comedian,Illinois,United States,58,32,Eliminated Week 1,14,4.0,4.0,4.0,,0.0,0.0,0.0,,0.0,0.0,0.0,0.0,0.0,0.0,0.0,,0.0,0.0,0.0,,0.0,0.0,0.0,0.0,0.0,0.0,0.0,0.0,0.0,0.0,0.0,0.0,0.0,0.0,0.0,0.0,0.0,0.0,0.0,,0.0,0.0,0.0,,False,False,14,11,4,rank,False,1,12.0,4.0,0.0,0.0,0.0,0.0,0.0,0.0,0.0,0.0,0.0,0.0,0.0,0.0,0.0,0.0,0.0,0.0,0.0,0.0,0.0,0.0,4.0,1.0,False,
Tyson Beckford,Jenna Johnson,Model,New York,United States,52,32,Eliminated Week 3,12,4.0,4.0,4.0,,6.0,6.0,6.0,,5.0,5.0,5.0,5.0,0.0,0.0,0.0,,0.0,0.0,0.0,,0.0,0.0,0.0,0.0,0.0,0.0,0.0,0.0,0.0,0.0,0.0,0.0,0.0,0.0,0.0,0.0,0.0,0.0,0.0,,0.0,0.0,0.0,,False,False,14,11,4,rank,False,3,12.0,4.0,18.0,6.0,20.0,5.0,0.0,0.0,0.0,0.0,0.0,0.0,0.0,0.0,0.0,0.0,0.0,0.0,0.0,0.0,0.0,0.0,5.0,3.0,False,
Jason Mraz,Daniella Karagach,Singer/Rapper,Virginia,United States,46,32,2nd Place,2,7.0,7.0,7.0,,8.0,8.0,8.0,,9.0,8.0,9.0,8.0,8.0,8.0,8.0,,9.0,9.0,9.0,,9.75,9.75,9.75,9.75,8.5,8.5,10.0,9.0,8.0,9.0,8.0,8.0,10.75,10.75,10.75,10.75,9.5,9.5,9.5,,10.0,10.0,10.0,,False,False,14,11,4,rank,False,11,21.0,7.0,24.0,8.0,34.0,8.5,24.0,8.0,27.0,9.0,39.0,9.75,36.0,9.0,33.0,8.25,43.0,10.75,28.5,9.5,30.0,10.0,8.93421052631579,,True,2.0
Lele Pons,Brandon Armstrong,Social Media Personality,Non-US,Venezuela,27,32,Eliminated Week 7,8,6.0,7.0,6.0,,7.0,7.0,7.0,,7.0,6.0,7.0,7.0,7.0,7.0,8.0,,8.0,8.0,8.0,,9.0,9.0,9.0,10.0,9.5,9.0,9.0,9.0,0.0,0.0,0.0,0.0,0.0,0.0,0.0,0.0,0.0,0.0,0.0,,0.0,0.0,0.0,,False,False,14,11,4,rank,False,7,19.0,6.333333333333333,21.0,7.0,27.0,6.75,22.0,7.333333333333333,24.0,8.0,37.0,9.25,36.5,9.125,0.0,0.0,0.0,0.0,0.0,0.0,0.0,0.0,7.770833333333333,7.0,False,
Harry Jowsey,Rylee Arnold,TV Personality,Non-US,Australia,26,32,Eliminated Week 9,6,4.0,4.0,4.0,,5.0,5.0,5.0,,6.0,5.0,7.0,6.0,7.0,7.0,7.0,,6.0,6.0,6.0,,7.25,7.25,7.25,7.25,8.0,8.0,8.0,8.0,7.0,7.0,7.0,7.0,8.0,7.0,8.0,7.0,0.0,0.0,0.0,,0.0,0.0,0.0,,False,False,14,11,4,rank,False,9,12.0,4.0,15.0,5.0,24.0,6.0,21.0,7.0,18.0,6.0,29.0,7.25,32.0,8.0,28.0,7.0,30.0,7.5,0.0,0.0,0.0,0.0,6.53125,9.0,False,
Mauricio Umansky,Emma Slater,TV Personality,Non-US,Mexico,53,32,Eliminated Week 6,9,5.0,5.0,5.0,,4.0,4.0,4.0,,7.0,5.0,6.0,5.0,7.0,6.0,6.0,,8.0,8.0,8.0,,8.5,8.5,7.5,8.5,0.0,0.0,0.0,0.0,0.0,0.0,0.0,0.0,0.0,0.0,0.0,0.0,0.0,0.0,0.0,,0.0,0.0,0.0,,False,False,14,11,4,rank,False,6,15.0,5.0,12.0,4.0,23.0,5.75,19.0,6.333333333333333,24.0,8.0,33.0,8.25,0.0,0.0,0.0,0.0,0.0,0.0,0.0,0.0,0.0,0.0,6.3,6.0,False,
Charity Lawson,Artem Chigvintsev,TV Personality,Georgia,United States,27,32,4th Place,4,7.0,7.0,8.0,,7.0,7.0,7.0,,8.0,8.0,8.0,8.0,8.0,8.0,8.0,,10.0,9.0,9.0,,9.75,9.75,8.75,9.75,9.0,9.0,9.0,9.0,9.75,9.75,9.75,9.75,9.0,10.0,9.0,10.0,10.0,9.5,10.0,,9.5,10.0,10.0,,False,False,14,11,4,rank,False,11,22.0,7.333333333333333,21.0,7.0,32.0,8.0,24.0,8.0,28.0,9.333333333333334,38.0,9.5,36.0,9.0,39.0,9.75,38.0,9.5,29.5,9.833333333333334,29.5,9.833333333333334,8.868421052631579,,False,
Ariana Madix,Pasha Pashkov,TV Personality,Florida,United States,38,32,3rd Place,3,7.0,7.0,7.0,,6.0,7.0,7.0,,9.0,8.0,9.0,8.0,8.0,9.0,8.0,,8.0,8.0,8.0,,10.0,10.0,10.0,11.0,9.0,9.0,10.0,9.0,9.75,10.75,10.75,10.75,9.0,9.0,9.0,10.0,9.5,9.5,10.0,,9.5,10.0,10.0,,False,False,14,11,4,rank,False,11,21.0,7.0,20.0,6.666666666666667,34.0,8.5,25.0,8.333333333333334,24.0,8.0,41.0,10.25,37.0,9.25,42.0,10.5,37.0,9.25,29.0,9.666666666666666,29.5,9.833333333333334,8.93421052631579,,True,3.0
Tori Spelling,Pasha Pashkov,Actor/Actress,California,United States,51,33,Eliminated Week 2,12,6.0,6.0,5.0,,7.0,6.0,6.0,,0.0,0.0,0.0,0.0,0.0,0.0,0.0,0.0,0.0,0.0,0.0,,0.0,0.0,0.0,,0.0,0.0,0.0,,0.0,0.0,0.0,,0.0,0.0,0.0,,,,,,,,,,False,False,13,9,4,rank,False,2,17.0,5.666666666666667,19.0,6.333333333333333,0.0,0.0,0.0,0.0,0.0,0.0,0.0,0.0,0.0,0.0,0.0,0.0,0.0,0.0,0.0,,0.0,,6.0,2.0,False,
Eric Roberts,Britt Stewart,Actor/Actress,California,United States,68,33,Eliminated Week 3,10,5.0,5.0,5.0,,6.0,4.0,5.0,,6.5,5.5,5.5,5.5,0.0,0.0,0.0,0.0,0.0,0.0,0.0,,0.0,0.0,0.0,,0.0,0.0,0.0,,0.0,0.0,0.0,,0.0,0.0,0.0,,,,,,,,,,False,False,13,9,4,rank,False,3,15.0,5.0,15.0,5.0,23.0,5.75,0.0,0.0,0.0,0.0,0.0,0.0,0.0,0.0,0.0,0.0,0.0,0.0,0.0,,0.0,,5.3,3.0,False,
Reginald VelJohnson,Emma Slater,Actor/Actress,New York,United States,74,33,Eliminated Week 3,10,6.0,5.0,5.0,,6.0,4.0,5.0,,6.0,5.0,5.0,5.0,0.0,0.0,0.0,0.0,0.0,0.0,0.0,,0.0,0.0,0.0,,0.0,0.0,0.0,,0.0,0.0,0.0,,0.0,0.0,0.0,,,,,,,,,,False,False,13,9,4,rank,False,3,16.0,5.333333333333333,15.0,5.0,21.0,5.25,0.0,0.0,0.0,0.0,0.0,0.0,0.0,0.0,0.0,0.0,0.0,0.0,0.0,,0.0,,5.2,3.0,False,
Chandler Kinney,Brandon Armstrong,Actor/Actress,California,United States,24,33,3rd Place,3,8.0,7.0,8.0,,8.0,8.0,8.0,,8.5,8.5,9.0,8.5,8.0,8.0,8.0,8.0,9.0,9.0,9.0,,10.0,11.0,11.0,,10.0,10.0,10.0,,9.5,9.5,10.0,,10.0,10.0,10.0,,,,,,,,,,False,False,13,9,4,rank,False,9,23.0,7.666666666666667,24.0,8.0,34.5,8.625,32.0,8.0,27.0,9.0,32.0,10.666666666666666,30.0,10.0,29.0,9.666666666666666,30.0,10.0,0.0,,0.0,,9.017241379310345,,True,3.0
Dwight Howard ,Daniella Karagach,Athlete,Georgia,United States,38,33,Eliminated Week 7,6,8.0,7.0,7.0,,8.0,7.0,7.0,,7.0,6.5,6.0,6.5,7.0,8.0,7.0,7.0,8.0,8.0,8.0,,11.0,10.0,10.0,,8.0,8.0,8.0,,0.0,0.0,0.0,,0.0,0.0,0.0,,,,,,,,,,False,False,13,9,4,rank,False,7,22.0,7.333333333333333,22.0,7.333333333333333,26.0,6.5,29.0,7.25,24.0,8.0,31.0,10.333333333333334,24.0,8.0,0.0,0.0,0.0,0.0,0.0,,0.0,,7.739130434782608,7.0,False,
Danny Amendola,Witney Carson,Athlete,Texas,United States,39,33,5th Place,5,7.0,6.0,7.0,,7.0,7.0,7.0,,7.5,7.5,8.0,7.0,9.0,9.0,9.0,9.0,8.5,8.5,8.5,,10.0,9.0,9.0,,8.5,8.5,8.5,,9.0,9.0,9.0,,9.0,9.5,9.5,,,,,,,,,,False,False,13,9,4,rank,False,9,20.0,6.666666666666667,21.0,7.0,30.0,7.5,36.0,9.0,25.5,8.5,28.0,9.333333333333334,25.5,8.5,27.0,9.0,28.0,9.333333333333334,0.0,,0.0,,8.310344827586206,,False,
Stephen Nedoroscik,Rylee Arnold,Athlete,Florida,United States,26,33,4th Place,4,7.0,7.0,7.0,,8.0,7.0,7.0,,8.0,8.0,7.5,7.5,8.0,9.0,8.0,8.0,8.0,8.0,8.0,,10.0,9.0,9.0,,9.5,9.0,8.5,,9.0,8.5,9.0,,10.0,9.5,10.0,,,,,,,,,,False,False,13,9,4,rank,False,9,21.0,7.0,22.0,7.333333333333333,31.0,7.75,33.0,8.25,24.0,8.0,28.0,9.333333333333334,27.0,9.0,26.5,8.833333333333334,29.5,9.833333333333334,0.0,,0.0,,8.344827586206897,,False,
Ilona Maher,Alan Bersten,Athlete,California,United States,28,33,2nd Place,2,6.0,6.0,6.0,,7.0,7.0,7.0,,7.5,7.0,7.0,6.5,8.0,8.0,8.0,8.0,9.0,8.5,8.5,,8.0,8.0,8.0,,9.0,8.5,8.5,,9.5,9.5,9.5,,9.5,9.5,9.5,,,,,,,,,,False,False,13,9,4,rank,False,9,18.0,6.0,21.0,7.0,28.0,7.0,32.0,8.0,26.0,8.666666666666666,24.0,8.0,26.0,8.666666666666666,28.5,9.5,28.5,9.5,0.0,,0.0,,8.0,,True,2.0
Anna Delvey,Ezra Sosa,Con artist,Non-US,Russia,33,33,Eliminated Week 2,12,6.0,6.0,6.0,,6.0,5.0,6.0,,0.0,0.0,0.0,0.0,0.0,0.0,0.0,0.0,0.0,0.0,0.0,,0.0,0.0,0.0,,0.0,0.0,0.0,,0.0,0.0,0.0,,0.0,0.0,0.0,,,,,,,,,,False,False,13,9,4,rank,False,2,18.0,6.0,17.0,5.666666666666667,0.0,0.0,0.0,0.0,0.0,0.0,0.0,0.0,0.0,0.0,0.0,0.0,0.0,0.0,0.0,,0.0,,5.833333333333333,2.0,False,
Brooks Nader,Gleb Savchenko,Model,New York,United States,27,33,Eliminated Week 4,9,6.0,6.0,6.0,,7.0,6.0,7.0,,7.5,7.5,8.0,7.5,8.0,8.0,8.0,8.0,0.0,0.0,0.0,,0.0,0.0,0.0,,0.0,0.0,0.0,,0.0,0.0,0.0,,0.0,0.0,0.0,,,,,,,,,,False,False,13,9,4,rank,False,4,18.0,6.0,20.0,6.666666666666667,30.5,7.625,32.0,8.0,0.0,0.0,0.0,0.0,0.0,0.0,0.0,0.0,0.0,0.0,0.0,,0.0,,7.178571428571429,4.0,False,
Phaedra Parks,Val Chmerkovskiy,TV Personality,Georgia,United States,51,33,Eliminated Week 5,8,7.0,6.0,6.0,,7.0,7.0,7.0,,7.5,7.5,6.0,7.0,8.0,8.0,8.0,8.0,8.0,8.0,8.0,,0.0,0.0,0.0,,0.0,0.0,0.0,,0.0,0.0,0.0,,0.0,0.0,0.0,,,,,,,,,,False,False,13,9,4,rank,False,5,19.0,6.333333333333333,21.0,7.0,28.0,7.0,32.0,8.0,24.0,8.0,0.0,0.0,0.0,0.0,0.0,0.0,0.0,0.0,0.0,,0.0,,7.294117647058823,5.0,False,
Jenn Tran,Sasha Farber,TV Personality,Florida,United States,26,33,Eliminated Week 6,7,7.0,6.0,6.0,,6.0,6.0,7.0,,8.0,8.0,7.0,8.0,8.0,8.0,8.0,8.0,8.5,8.5,8.5,,11.0,10.0,10.0,,0.0,0.0,0.0,,0.0,0.0,0.0,,0.0,0.0,0.0,,,,,,,,,,False,False,13,9,4,rank,False,6,19.0,6.333333333333333,19.0,6.333333333333333,31.0,7.75,32.0,8.0,25.5,8.5,31.0,10.333333333333334,0.0,0.0,0.0,0.0,0.0,0.0,0.0,,0.0,,7.875,6.0,False,
Joey Graziadei,Jenna Johnson,TV Personality,Louisiana,United States,29,33,1st Place,1,7.0,7.0,7.0,,8.0,7.0,7.0,,9.0,9.0,8.5,8.5,9.0,9.0,9.0,9.0,8.5,8.5,9.0,,11.0,10.0,11.0,,9.0,9.5,9.0,,9.5,10.0,9.5,,9.5,10.0,10.0,,,,,,,,,,False,False,13,9,4,rank,False,9,21.0,7.0,22.0,7.333333333333333,35.0,8.75,36.0,9.0,26.0,8.666666666666666,32.0,10.666666666666666,27.5,9.166666666666666,29.0,9.666666666666666,29.5,9.833333333333334,0.0,,0.0,,8.89655172413793,,True,1.0
Corey Feldman,Jenna Johnson,Actor/Actress,California,United States,54,34,Eliminated Week 2,13,4.0,5.0,,,5.0,5.0,5.0,,0.0,0.0,0.0,,0.0,0.0,0.0,,0.0,0.0,0.0,0.0,0.0,0.0,0.0,0.0,0.0,0.0,0.0,0.0,0.0,0.0,0.0,0.0,0.0,0.0,0.0,0.0,0.0,0.0,0.0,,0.0,0.0,0.0,,False,False,14,11,4,rank,False,2,9.0,4.5,15.0,5.0,0.0,0.0,0.0,0.0,0.0,0.0,0.0,0.0,0.0,0.0,0.0,0.0,0.0,0.0,0.0,0.0,0.0,0.0,4.8,2.0,False,
Danielle Fishel,Pasha Pashkov,Actor/Actress,California,United States,44,34,Eliminated Week 8,8,6.0,6.0,,,7.0,6.0,6.0,,7.0,7.0,7.0,,7.0,7.0,7.0,,7.0,7.0,7.0,8.0,9.0,9.0,9.0,9.0,8.5,8.5,8.5,9.5,9.5,9.0,9.5,9.0,0.0,0.0,0.0,0.0,0.0,0.0,0.0,,0.0,0.0,0.0,,False,False,14,11,4,rank,False,8,12.0,6.0,19.0,6.333333333333333,21.0,7.0,21.0,7.0,29.0,7.25,36.0,9.0,35.0,8.75,37.0,9.25,0.0,0.0,0.0,0.0,0.0,0.0,7.777777777777778,8.0,False,
Elaine Hendrix,Alan Bersten (Rashad Jennings week 9),Actor/Actress,Georgia,United States,55,34,5th Place,5,6.0,6.0,,,7.0,7.0,7.0,,7.0,7.0,7.0,,8.0,8.0,8.0,,8.0,7.0,7.0,8.0,9.0,9.0,9.0,9.0,8.0,8.0,8.0,8.0,9.0,9.5,10.0,9.0,9.0,9.0,9.0,9.0,9.5,9.5,9.5,,9.6666,9.6666,9.6666,,False,False,14,11,4,rank,False,11,12.0,6.0,21.0,7.0,21.0,7.0,24.0,8.0,30.0,7.5,36.0,9.0,32.0,8.0,37.5,9.375,36.0,9.0,28.5,9.5,28.9998,9.6666,8.297291891891893,,False,
Baron Davis,Britt Stewart,Athlete,California,United States,46,34,Eliminated Week 2,13,5.0,5.0,,,6.0,6.0,6.0,,0.0,0.0,0.0,,0.0,0.0,0.0,,0.0,0.0,0.0,0.0,0.0,0.0,0.0,0.0,0.0,0.0,0.0,0.0,0.0,0.0,0.0,0.0,0.0,0.0,0.0,0.0,0.0,0.0,0.0,,0.0,0.0,0.0,,False,False,14,11,4,rank,False,2,10.0,5.0,18.0,6.0,0.0,0.0,0.0,0.0,0.0,0.0,0.0,0.0,0.0,0.0,0.0,0.0,0.0,0.0,0.0,0.0,0.0,0.0,5.6,2.0,False,
Jordan Chiles,Ezra Sosa (Apolo Anton Ohno week 9),Athlete,Texas,United States,24,34,3rd Place,3,5.0,5.0,,,8.0,7.0,7.0,,8.0,8.0,8.0,,8.0,8.0,8.0,,8.0,8.0,8.0,8.0,10.0,9.0,10.0,10.0,10.0,9.0,9.0,10.0,10.0,9.5,10.0,9.5,9.5,10.5,9.5,9.5,9.5,9.5,9.5,,9.6666,10.0,10.0,,False,False,14,11,4,rank,False,11,10.0,5.0,22.0,7.333333333333333,24.0,8.0,24.0,8.0,32.0,8.0,39.0,9.75,38.0,9.5,39.0,9.75,39.0,9.75,28.5,9.5,29.666600000000003,9.888866666666667,8.788286486486488,,True,3.0
Andy Richter,Emma Slater/Kaitlyn Bristowe (week 9),Comedian,California,United States,59,34,Eliminated Week 9,7,5.0,4.0,,,6.0,5.0,5.0,,6.0,6.0,6.0,,6.0,6.0,6.0,,6.0,6.0,6.0,6.0,7.0,6.0,7.0,7.0,7.25,7.25,7.25,7.25,8.0,8.5,9.5,8.0,8.0,7.0,7.0,7.0,0.0,0.0,0.0,,0.0,0.0,0.0,,False,False,14,11,4,rank,False,9,9.0,4.5,16.0,5.333333333333333,18.0,6.0,18.0,6.0,24.0,6.0,27.0,6.75,29.0,7.25,34.0,8.5,29.0,7.25,0.0,0.0,0.0,0.0,6.580645161290323,9.0,False,
Robert Irwin,Witney Carson (Xoshitl Gomez week 9),Conservationist,Non-US,Australia,22,34,1st Place,1,8.0,7.0,,,8.0,7.0,7.0,,8.0,7.0,7.0,,7.0,7.0,8.0,,8.0,9.0,9.0,9.0,9.0,9.0,9.0,9.0,10.75,9.75,9.75,10.75,9.0,9.5,10.0,9.5,10.5,10.5,10.5,10.5,10.0,9.5,10.0,,9.6666,10.0,10.0,,False,False,14,11,4,rank,False,11,15.0,7.5,22.0,7.333333333333333,22.0,7.333333333333333,22.0,7.333333333333333,35.0,8.75,36.0,9.0,41.0,10.25,38.0,9.5,42.0,10.5,29.5,9.833333333333334,29.666600000000003,9.888866666666667,8.977475675675676,,True,1.0
Hilaria Baldwin,Gleb Savchenko,Entrepreneur,New York,United States,41,34,Eliminated Week 4,11,7.0,7.0,,,7.0,7.0,7.0,,7.0,8.0,7.0,,8.0,7.0,8.0,,0.0,0.0,0.0,0.0,0.0,0.0,0.0,0.0,0.0,0.0,0.0,0.0,0.0,0.0,0.0,0.0,0.0,0.0,0.0,0.0,0.0,0.0,0.0,,0.0,0.0,0.0,,False,False,14,11,4,rank,False,4,14.0,7.0,21.0,7.0,22.0,7.333333333333333,23.0,7.666666666666667,0.0,0.0,0.0,0.0,0.0,0.0,0.0,0.0,0.0,0.0,0.0,0.0,0.0,0.0,7.2727272727272725,4.0,False,
Lauren Jauregui,Brandon Armstrong,Singer/Rapper,Florida,United States,29,34,Eliminated Week 3,12,7.0,6.0,,,7.0,7.0,7.0,,6.0,6.0,6.0,,0.0,0.0,0.0,,0.0,0.0,0.0,0.0,0.0,0.0,0.0,0.0,0.0,0.0,0.0,0.0,0.0,0.0,0.0,0.0,0.0,0.0,0.0,0.0,0.0,0.0,0.0,,0.0,0.0,0.0,,False,False,14,11,4,rank,False,3,13.0,6.5,21.0,7.0,18.0,6.0,0.0,0.0,0.0,0.0,0.0,0.0,0.0,0.0,0.0,0.0,0.0,0.0,0.0,0.0,0.0,0.0,6.5,3.0,False,
Scott Hoying,Rylee Arnold,Singer/Rapper,California,United States,34,34,Eliminated Week 6,10,5.0,5.0,,,6.0,6.0,6.0,,8.0,7.0,7.0,,7.0,7.0,7.0,,7.0,8.0,7.0,8.0,7.0,7.0,7.0,7.0,0.0,0.0,0.0,0.0,0.0,0.0,0.0,0.0,0.0,0.0,0.0,0.0,0.0,0.0,0.0,,0.0,0.0,0.0,,False,False,14,11,4,rank,False,6,10.0,5.0,18.0,6.0,22.0,7.333333333333333,21.0,7.0,30.0,7.5,28.0,7.0,0.0,0.0,0.0,0.0,0.0,0.0,0.0,0.0,0.0,0.0,6.7894736842105265,6.0,False,
Alix Earle,Val Chmerkovskiy (Joey Graziadei week 9),Social media personality,Florida,United States,24,34,2nd Place,2,7.0,6.0,,,7.0,7.0,7.0,,8.0,7.0,8.0,,8.0,8.0,8.0,,8.0,9.0,9.0,9.0,9.0,9.0,8.0,9.0,11.0,11.0,10.0,11.0,9.5,10.0,9.5,9.5,10.0,10.0,10.0,10.0,9.5,10.0,9.5,,10.0,10.0,10.0,,False,False,14,11,4,rank,False,11,13.0,6.5,21.0,7.0,23.0,7.666666666666667,24.0,8.0,35.0,8.75,35.0,8.75,43.0,10.75,38.5,9.625,40.0,10.0,29.0,9.666666666666666,30.0,10.0,8.95945945945946,,True,2.0
Jen Affleck,Jan Ravnik,TV Personality,Utah,United States,26,34,Eliminated Week 7,9,6.0,6.0,,,8.0,7.0,7.0,,7.0,6.0,6.0,,7.0,8.0,8.0,,8.0,7.0,7.0,7.0,8.0,8.0,8.0,8.0,8.5,8.5,8.5,8.5,0.0,0.0,0.0,0.0,0.0,0.0,0.0,0.0,0.0,0.0,0.0,,0.0,0.0,0.0,,False,False,14,11,4,rank,False,7,12.0,6.0,22.0,7.333333333333333,19.0,6.333333333333333,23.0,7.666666666666667,29.0,7.25,32.0,8.0,34.0,8.5,0.0,0.0,0.0,0.0,0.0,0.0,0.0,0.0,7.434782608695652,7.0,False,
Whitney Leavitt,Mark Ballas,TV Personality,Utah,United States,32,34,Eliminated Week 10,6,7.0,8.0,,,7.0,7.0,8.0,,8.0,8.0,8.0,,9.0,8.0,8.0,,9.0,8.0,8.0,8.0,10.0,9.0,10.0,10.0,10.25,10.25,10.25,11.25,9.5,10.0,10.0,10.0,10.5,10.5,10.5,10.5,9.0,10.0,10.0,,0.0,0.0,0.0,,False,False,14,11,4,rank,False,10,15.0,7.5,22.0,7.333333333333333,24.0,8.0,25.0,8.333333333333334,33.0,8.25,39.0,9.75,42.0,10.5,39.5,9.875,42.0,10.5,29.0,9.666666666666666,0.0,0.0,9.132352941176471,10.0,False,
Dylan Efron,Daniella Karagach (Rumer Willis week 9),TV Personality,California,United States,33,34,4th Place,4,5.0,5.0,,,7.0,6.0,7.0,,7.0,8.0,8.0,,7.0,8.0,8.0,,9.0,9.0,9.0,9.0,8.0,8.0,8.0,8.0,9.75,9.75,8.75,9.75,9.0,9.5,10.0,9.5,10.5,10.5,10.5,10.5,9.0,9.0,9.5,,9.6666,9.6666,10.0,,False,False,14,11,4,rank,False,11,10.0,5.0,20.0,6.666666666666667,23.0,7.666666666666667,23.0,7.666666666666667,36.0,9.0,32.0,8.0,38.0,9.5,38.0,9.5,42.0,10.5,27.5,9.166666666666666,29.3332,9.777733333333334,8.617113513513514,,False,
