celebrity_name,ballroom_partner,celebrity_industry,celebrity_homestate,celebrity_homecountry/region,celebrity_age_during_season,season,results,placement,week1_judge1_score,week1_judge2_score,week1_judge3_score,week1_judge4_score,week2_judge1_score,week2_judge2_score,week2_judge3_score,week2_judge4_score,week3_judge1_score,week3_judge2_score,week3_judge3_score,week3_judge4_score,week4_judge1_score,week4_judge2_score,week4_judge3_score,week4_judge4_score,week5_judge1_score,week5_judge2_score,week5_judge3_score,week5_judge4_score,week6_judge1_score,week6_judge2_score,week6_judge3_score,week6_judge4_score,week7_judge1_score,week7_judge2_score,week7_judge3_score,week7_judge4_score,week8_judge1_score,week8_judge2_score,week8_judge3_score,week8_judge4_score,week9_judge1_score,week9_judge2_score,week9_judge3_score,week9_judge4_score,week10_judge1_score,week10_judge2_score,week10_judge3_score,week10_judge4_score,week11_judge1_score,week11_judge2_score,week11_judge3_score,week11_judge4_score,is_withdrew,is_controversial,contestants,weeks,judges,voting_method,is_allstar,active_weeks,week1_total,week1_avg,week2_total,week2_avg,week3_total,week3_avg,week4_total,week4_avg,week5_total,week5_avg,week6_total,week6_avg,week7_total,week7_avg,week8_total,week8_avg,week9_total,week9_avg,week10_total,week10_avg,week11_total,week11_avg,overall_avg_score,elimination_week,is_finalist,final_rank,total_pageviews,avg_daily_pageviews,ind_Actor/Actress,ind_Athlete,ind_Comedian,ind_Con artist,ind_Conservationist,ind_Entrepreneur,ind_Fitness Instructor,ind_Journalist,ind_Military,ind_Model,ind_Musician,ind_News Anchor,ind_Politician,ind_Producer,ind_Racing Driver,ind_Radio Personality,ind_Singer/Rapper,ind_Social Media Personality,ind_Social media personality,ind_TV Personality,log_pageviews
Gary Busey,Anna Trebunskaya,Actor/Actress,Texas,United States,71,21,Eliminated Week 4,10,5.0,5.0,5.0,,5.5,5.5,5.5,,6.0,7.0,6.0,6.0,5.0,6.0,5.0,,0.0,0.0,0.0,0.0,0.0,0.0,0.0,0.0,0.0,0.0,0.0,,0.0,0.0,0.0,,0.0,0.0,0.0,,0.0,0.0,0.0,,0.0,0.0,0.0,,False,False,13,11,4,percentage,False,4,15.0,5.0,16.5,5.5,25.0,6.25,16.0,5.333333333333333,0.0,0.0,0.0,0.0,0.0,0.0,0.0,0.0,0.0,0.0,0.0,0.0,0.0,0.0,5.576923076923077,4.0,False,,949875.0,13378.5,True,False,False,False,False,False,False,False,False,False,False,False,False,False,False,False,False,False,False,False,13.764086728741633
Alexa PenaVega,Mark Ballas,Actor/Actress,Florida,United States,27,21,Eliminated Week 9,6,7.0,7.0,8.0,,7.5,7.5,8.0,,9.0,9.0,9.0,9.0,7.0,7.0,7.0,,10.0,10.0,10.0,10.0,8.0,7.0,7.0,8.0,9.0,9.5,9.0,,9.6666,8.6666,8.6666,,10.0,10.0,10.0,,0.0,0.0,0.0,,0.0,0.0,0.0,,False,False,13,11,4,percentage,False,9,22.0,7.333333333333333,23.0,7.666666666666667,36.0,9.0,21.0,7.0,40.0,10.0,30.0,7.5,27.5,9.166666666666666,26.9998,8.999933333333333,30.0,10.0,0.0,0.0,0.0,0.0,8.549993333333331,9.0,False,,156918.0,2210.1,True,False,False,False,False,False,False,False,False,False,False,False,False,False,False,False,False,False,False,False,11.96348502762921
Carlos PenaVega,Witney Carson,Actor/Actress,Missouri,United States,26,21,Eliminated Week 11,4,8.0,8.0,7.0,,7.5,7.5,7.5,,7.0,8.0,8.0,8.0,9.0,8.0,8.0,,10.0,10.0,9.0,10.0,10.0,9.0,9.0,10.0,9.0,10.0,9.0,,9.6666,9.6666,9.6666,,9.0,9.0,9.0,,10.0,10.5,11.0,,10.0,10.0,10.0,,False,False,13,11,4,percentage,False,11,23.0,7.666666666666667,22.5,7.5,31.0,7.75,25.0,8.333333333333334,39.0,9.75,38.0,9.5,28.0,9.333333333333334,28.9998,9.6666,27.0,9.0,31.5,10.5,30.0,10.0,8.999994444444445,11.0,False,,66029.0,930.0,True,False,False,False,False,False,False,False,False,False,False,False,False,False,False,False,False,False,False,False,11.097864463188618
Victor Espinoza,Karina Smirnoff,Athlete,Non-US,Mexico,43,21,Eliminated Week 2,12,5.0,5.0,5.0,,6.5,5.5,6.5,,0.0,0.0,0.0,0.0,0.0,0.0,0.0,,0.0,0.0,0.0,0.0,0.0,0.0,0.0,0.0,0.0,0.0,0.0,,0.0,0.0,0.0,,0.0,0.0,0.0,,0.0,0.0,0.0,,0.0,0.0,0.0,,False,False,13,11,4,percentage,False,2,15.0,5.0,18.5,6.166666666666667,0.0,0.0,0.0,0.0,0.0,0.0,0.0,0.0,0.0,0.0,0.0,0.0,0.0,0.0,0.0,0.0,0.0,0.0,5.583333333333333,2.0,False,,116307.0,1638.1,False,True,False,False,False,False,False,False,False,False,False,False,False,False,False,False,False,False,False,False,11.663997123759225
Alek Skarlatos,Lindsay Arnold,Military,California,United States,22,21,3rd Place,3,8.0,7.0,7.0,,7.5,7.0,8.0,,8.0,8.0,9.0,8.0,8.0,8.0,8.0,,8.0,7.0,7.0,7.0,8.0,8.0,7.0,7.0,9.0,9.0,8.5,,9.0,8.0,8.0,,8.5,8.5,8.5,,9.5,9.5,9.5,,9.3333,9.3333,9.3333,,False,False,13,11,4,percentage,False,11,22.0,7.333333333333333,22.5,7.5,33.0,8.25,24.0,8.0,29.0,7.25,30.0,7.5,26.5,8.833333333333334,25.0,8.333333333333334,25.5,8.5,28.5,9.5,27.9999,9.3333,8.16666388888889,,True,3.0,376967.0,5309.4,False,False,False,False,False,False,False,False,True,False,False,False,False,False,False,False,False,False,False,False,12.839915582190978
Chaka Khan,Keo Motsepe,Singer/Rapper,Illinois,United States,62,21,Eliminated Week 2,13,5.0,4.0,4.0,,5.0,5.0,5.0,,0.0,0.0,0.0,0.0,0.0,0.0,0.0,,0.0,0.0,0.0,0.0,0.0,0.0,0.0,0.0,0.0,0.0,0.0,,0.0,0.0,0.0,,0.0,0.0,0.0,,0.0,0.0,0.0,,0.0,0.0,0.0,,False,False,13,11,4,percentage,False,2,13.0,4.333333333333333,15.0,5.0,0.0,0.0,0.0,0.0,0.0,0.0,0.0,0.0,0.0,0.0,0.0,0.0,0.0,0.0,0.0,0.0,0.0,0.0,4.666666666666667,2.0,False,,275603.0,3881.7,False,False,False,False,False,False,False,False,False,False,False,False,False,False,False,False,True,False,False,False,12.526720331804416
Andy Grammer,Allison Holker,Singer/Rapper,California,United States,31,21,Eliminated Week 8,7,7.0,7.0,7.0,,7.5,7.5,7.0,,7.0,7.0,8.0,7.0,7.0,8.0,8.0,,9.0,9.0,9.0,9.0,10.0,10.0,10.0,10.0,9.5,9.5,9.0,,8.6666,7.6666,7.6666,,0.0,0.0,0.0,,0.0,0.0,0.0,,0.0,0.0,0.0,,False,False,13,11,4,percentage,False,8,21.0,7.0,22.0,7.333333333333333,29.0,7.25,23.0,7.666666666666667,36.0,9.0,40.0,10.0,28.0,9.333333333333334,23.9998,7.999933333333334,0.0,0.0,0.0,0.0,0.0,0.0,8.25925185185185,8.0,False,,390270.0,5496.8,False,False,False,False,False,False,False,False,False,False,False,False,False,False,False,False,True,False,False,False,12.874596648589076
Tamar Braxton,Valentin Chmerkovskiy,Singer/Rapper,Maryland,United States,38,21,Withdrew,5,8.0,7.0,8.0,,8.0,8.0,8.5,,8.0,9.0,8.0,8.0,9.0,9.0,9.0,,7.0,7.0,8.0,7.0,10.0,10.0,10.0,10.0,9.0,9.0,9.0,,9.0,9.0,10.0,,8.5,8.0,8.0,,0.0,0.0,0.0,,0.0,0.0,0.0,,True,False,13,11,4,percentage,False,9,23.0,7.666666666666667,24.5,8.166666666666666,33.0,8.25,27.0,9.0,29.0,7.25,40.0,10.0,27.0,9.0,28.0,9.333333333333334,24.5,8.166666666666666,0.0,0.0,0.0,0.0,8.533333333333333,-1.0,False,,487619.0,6867.9,False,False,False,False,False,False,False,False,False,False,False,False,False,False,False,False,True,False,False,False,13.097291692975306
Nick Carter,Sharna Burgess,Singer/Rapper,New York,United States,35,21,2nd Place,2,8.0,8.0,8.0,,7.5,7.5,7.5,,9.0,9.0,9.0,9.0,9.0,9.0,9.0,,9.0,9.0,8.0,9.0,9.0,10.0,10.0,10.0,9.0,9.0,9.0,,11.0,11.0,11.0,,9.0,9.0,9.5,,9.0,9.0,9.0,,10.0,10.0,10.0,,False,False,13,11,4,percentage,False,11,24.0,8.0,22.5,7.5,36.0,9.0,27.0,9.0,35.0,8.75,39.0,9.75,27.0,9.0,33.0,11.0,27.5,9.166666666666666,27.0,9.0,30.0,10.0,9.11111111111111,,True,2.0,14440.0,203.4,False,False,False,False,False,False,False,False,False,False,False,False,False,False,False,False,True,False,False,False,9.577826662126565
Hayes Grier,Emma Slater,Social Media Personality,North Carolina,United States,15,21,Eliminated Week 7,8,7.0,7.0,7.0,,8.0,7.0,7.5,,7.0,8.0,7.0,8.0,9.0,9.0,9.0,,8.0,8.0,7.0,7.0,8.0,8.0,8.0,8.0,9.0,9.5,9.5,,0.0,0.0,0.0,,0.0,0.0,0.0,,0.0,0.0,0.0,,0.0,0.0,0.0,,False,False,13,11,4,percentage,False,7,21.0,7.0,22.5,7.5,30.0,7.5,27.0,9.0,30.0,7.5,32.0,8.0,28.0,9.333333333333334,0.0,0.0,0.0,0.0,0.0,0.0,0.0,0.0,7.9375,7.0,False,,342133.0,4818.8,False,False,False,False,False,False,False,False,False,False,False,False,False,False,False,False,False,True,False,False,12.742957752171623
Bindi Irwin,Derek Hough,TV Personality,Non-US,Australia,17,21,1st Place,1,8.0,8.0,8.0,,8.0,8.0,8.0,,8.0,8.0,8.0,8.0,9.0,9.0,10.0,,9.0,9.0,10.0,9.0,10.0,10.0,10.0,10.0,9.5,10.0,9.5,,10.0,9.0,9.0,,10.0,10.0,10.0,,10.5,10.5,10.5,,10.0,10.0,10.0,,False,False,13,11,4,percentage,False,11,24.0,8.0,24.0,8.0,32.0,8.0,28.0,9.333333333333334,37.0,9.25,40.0,10.0,29.0,9.666666666666666,28.0,9.333333333333334,30.0,10.0,31.5,10.5,30.0,10.0,9.26388888888889,,True,1.0,872649.0,12290.8,False,False,False,False,False,False,False,False,False,False,False,False,False,False,False,False,False,False,False,True,13.679289838052982
Kim Zolciak-Biermann,Tony Dovolani,TV Personality,Florida,United States,37,21,Withdrew,11,4.0,4.0,4.0,,6.5,6.0,6.0,,0.0,0.0,0.0,0.0,0.0,0.0,0.0,,0.0,0.0,0.0,0.0,0.0,0.0,0.0,0.0,0.0,0.0,0.0,,0.0,0.0,0.0,,0.0,0.0,0.0,,0.0,0.0,0.0,,0.0,0.0,0.0,,True,False,13,11,4,percentage,False,2,12.0,4.0,18.5,6.166666666666667,0.0,0.0,0.0,0.0,0.0,0.0,0.0,0.0,0.0,0.0,0.0,0.0,0.0,0.0,0.0,0.0,0.0,0.0,5.083333333333333,-1.0,False,,651160.0,9171.3,False,False,False,False,False,False,False,False,False,False,False,False,False,False,False,False,False,False,False,True,13.386512202442134
Paula Deen,Louis van Amstel,TV Personality,Georgia,United States,68,21,Eliminated Week 6,9,5.0,5.0,5.0,,6.5,6.0,6.0,,5.0,5.0,5.0,5.0,6.0,6.0,6.0,,7.0,7.0,6.0,6.0,6.0,6.0,6.0,6.0,0.0,0.0,0.0,,0.0,0.0,0.0,,0.0,0.0,0.0,,0.0,0.0,0.0,,0.0,0.0,0.0,,False,False,13,11,4,percentage,False,6,15.0,5.0,18.5,6.166666666666667,20.0,5.0,18.0,6.0,26.0,6.5,24.0,6.0,0.0,0.0,0.0,0.0,0.0,0.0,0.0,0.0,0.0,0.0,5.785714285714286,6.0,False,,240851.0,3392.3,False,False,False,False,False,False,False,False,False,False,False,False,False,False,False,False,False,False,False,True,12.391937915947492
Mischa Barton,Artem Chigvintsev,Actor/Actress,Non-US,England,30,22,Eliminated Week 3,11,5.0,5.0,6.0,,5.0,5.0,5.0,,6.0,6.0,6.0,,0.0,0.0,0.0,0.0,0.0,0.0,0.0,0.0,0.0,0.0,0.0,,0.0,0.0,0.0,,0.0,0.0,0.0,,0.0,0.0,0.0,,0.0,0.0,0.0,,,,,,False,False,12,10,4,percentage,False,3,16.0,5.333333333333333,15.0,5.0,18.0,6.0,0.0,0.0,0.0,0.0,0.0,0.0,0.0,0.0,0.0,0.0,0.0,0.0,0.0,0.0,0.0,,5.444444444444445,3.0,False,,547464.0,8422.5,True,False,False,False,False,False,False,False,False,False,False,False,False,False,False,False,False,False,False,False,13.21305381168874
Kim Fields,Sasha Farber,Actor/Actress,New York,United States,46,22,Eliminated Week 7,8,7.0,6.0,7.0,,7.0,6.0,6.0,,8.0,7.0,7.0,,8.0,8.0,8.0,8.0,8.0,6.0,6.0,8.0,8.0,8.0,8.0,,8.5,8.5,9.0,,0.0,0.0,0.0,,0.0,0.0,0.0,,0.0,0.0,0.0,,,,,,False,False,12,10,4,percentage,False,7,20.0,6.666666666666667,19.0,6.333333333333333,22.0,7.333333333333333,32.0,8.0,28.0,7.0,24.0,8.0,26.0,8.666666666666666,0.0,0.0,0.0,0.0,0.0,0.0,0.0,,7.434782608695652,7.0,False,,336597.0,5178.4,True,False,False,False,False,False,False,False,False,False,False,False,False,False,False,False,False,False,False,False,12.726644618950543
Jodie Sweetin,Keo Motsepe,Actor/Actress,California,United States,34,22,Eliminated Week 8,6,7.0,6.0,7.0,,7.0,7.0,7.0,,8.0,7.0,8.0,,7.0,6.0,7.0,7.0,9.0,8.0,9.0,9.0,9.0,8.0,8.0,,8.0,8.5,9.0,,10.0,10.0,10.0,,0.0,0.0,0.0,,0.0,0.0,0.0,,,,,,False,False,12,10,4,percentage,False,8,20.0,6.666666666666667,21.0,7.0,23.0,7.666666666666667,27.0,6.75,35.0,8.75,25.0,8.333333333333334,25.5,8.5,30.0,10.0,0.0,0.0,0.0,0.0,0.0,,7.9423076923076925,8.0,False,,699364.0,10759.4,True,False,False,False,False,False,False,False,False,False,False,False,False,False,False,False,False,False,False,False,13.457928059465315
Doug Flutie,Karina Smirnoff,Athlete,Maryland,United States,53,22,Eliminated Week 6,9,5.0,5.0,5.0,,7.0,6.0,7.0,,7.0,6.0,7.0,,6.0,6.0,6.0,6.0,7.0,7.0,7.0,7.0,7.0,7.0,7.0,,0.0,0.0,0.0,,0.0,0.0,0.0,,0.0,0.0,0.0,,0.0,0.0,0.0,,,,,,False,False,12,10,4,percentage,False,6,15.0,5.0,20.0,6.666666666666667,20.0,6.666666666666667,24.0,6.0,28.0,7.0,21.0,7.0,0.0,0.0,0.0,0.0,0.0,0.0,0.0,0.0,0.0,,6.4,6.0,False,,506982.0,7799.7,False,True,False,False,False,False,False,False,False,False,False,False,False,False,False,False,False,False,False,False,13.136232751439167
Von Miller,Witney Carson,Athlete,Texas,United States,27,22,Eliminated Week 7,7,8.0,6.0,7.0,,7.0,6.0,7.0,,7.0,6.0,7.0,,8.0,8.0,8.0,8.0,8.0,7.0,7.0,7.0,8.0,8.0,8.0,,8.5,8.5,9.0,,0.0,0.0,0.0,,0.0,0.0,0.0,,0.0,0.0,0.0,,,,,,False,False,12,10,4,percentage,False,7,21.0,7.0,20.0,6.666666666666667,20.0,6.666666666666667,32.0,8.0,29.0,7.25,24.0,8.0,26.0,8.666666666666666,0.0,0.0,0.0,0.0,0.0,0.0,0.0,,7.478260869565218,7.0,False,,270713.0,4164.8,False,True,False,False,False,False,False,False,False,False,False,False,False,False,False,False,False,False,False,False,12.508818192033823
Antonio Brown,Sharna Burgess,Athlete,Florida,United States,27,22,Eliminated Week 9,5,8.0,6.0,7.0,,6.0,6.0,7.0,,7.0,6.0,7.0,,9.0,8.0,9.0,9.0,7.0,6.0,6.0,7.0,9.0,9.0,9.0,,8.5,8.5,9.0,,9.0,9.0,9.0,,9.0,9.0,9.5,,0.0,0.0,0.0,,,,,,False,False,12,10,4,percentage,False,9,21.0,7.0,19.0,6.333333333333333,20.0,6.666666666666667,35.0,8.75,26.0,6.5,27.0,9.0,26.0,8.666666666666666,27.0,9.0,27.5,9.166666666666666,0.0,0.0,0.0,,7.879310344827586,9.0,False,,309288.0,4758.3,False,True,False,False,False,False,False,False,False,False,False,False,False,False,False,False,False,False,False,False,12.642031393863567
Paige VanZant,Mark Ballas,Athlete,Oregon,United States,22,22,2nd Place,2,7.0,7.0,7.0,,8.0,8.0,8.0,,8.0,7.0,8.0,,9.0,9.0,9.0,9.0,8.0,8.0,7.0,8.0,9.0,10.0,9.0,,9.0,9.0,9.5,,10.0,9.0,9.0,,10.0,9.5,10.0,,10.0,9.6666,10.0,,,,,,False,False,12,10,4,percentage,False,10,21.0,7.0,24.0,8.0,23.0,7.666666666666667,36.0,9.0,31.0,7.75,28.0,9.333333333333334,27.5,9.166666666666666,28.0,9.333333333333334,29.5,9.833333333333334,29.666600000000003,9.888866666666669,0.0,,8.67708125,,True,2.0,546025.0,8400.4,False,True,False,False,False,False,False,False,False,False,False,False,False,False,False,False,False,False,False,False,13.21042187264091
Geraldo Rivera,Edyta Sliwinska,Journalist,New York,United States,72,22,Eliminated Week 2,12,5.0,4.0,4.0,,5.0,4.0,4.0,,0.0,0.0,0.0,,0.0,0.0,0.0,0.0,0.0,0.0,0.0,0.0,0.0,0.0,0.0,,0.0,0.0,0.0,,0.0,0.0,0.0,,0.0,0.0,0.0,,0.0,0.0,0.0,,,,,,False,False,12,10,4,percentage,False,2,13.0,4.333333333333333,13.0,4.333333333333333,0.0,0.0,0.0,0.0,0.0,0.0,0.0,0.0,0.0,0.0,0.0,0.0,0.0,0.0,0.0,0.0,0.0,,4.333333333333333,2.0,False,,278653.0,4287.0,False,False,False,False,False,False,False,True,False,False,False,False,False,False,False,False,False,False,False,False,12.537726147820186
Nyle DiMarco,Peta Murgatroyd,Model,New York,United States,26,22,1st Place,1,8.0,7.0,8.0,,7.0,6.0,7.0,,8.0,8.0,9.0,,8.0,8.0,9.0,9.0,9.0,10.0,9.0,9.0,8.0,8.0,9.0,,9.5,9.0,9.5,,10.0,9.0,10.0,,9.5,9.5,9.5,,9.6666,9.6666,9.6666,,,,,,False,False,12,10,4,percentage,False,10,23.0,7.666666666666667,20.0,6.666666666666667,25.0,8.333333333333334,34.0,8.5,37.0,9.25,25.0,8.333333333333334,28.0,9.333333333333334,29.0,9.666666666666666,28.5,9.5,28.9998,9.6666,0.0,,8.70311875,,True,1.0,705127.0,10848.1,False,False,False,False,False,False,False,False,False,True,False,False,False,False,False,False,False,False,False,False,13.46613462559802
Ginger Zee,Valentin Chmerkovskiy,News Anchor,California,United States,35,22,3rd Place,3,8.0,7.0,8.0,,7.0,7.0,7.0,,7.0,7.0,7.0,,9.0,9.0,9.0,9.0,8.0,8.0,8.0,8.0,8.0,8.0,8.0,,9.0,9.0,9.5,,10.0,10.0,10.0,,9.0,9.5,9.5,,9.3333,9.6666,9.3333,,,,,,False,False,12,10,4,percentage,False,10,23.0,7.666666666666667,21.0,7.0,21.0,7.0,36.0,9.0,32.0,8.0,24.0,8.0,27.5,9.166666666666666,30.0,10.0,28.0,9.333333333333334,28.3332,9.4444,0.0,,8.463537500000001,,True,3.0,405654.0,6240.8,False,False,False,False,False,False,False,False,False,False,False,True,False,False,False,False,False,False,False,False,12.913258323643957
Wanya Morris,Lindsay Arnold,Singer/Rapper,Pennsylvania,United States,42,22,Eliminated Week 9,4,8.0,7.0,8.0,,8.0,8.0,8.0,,8.0,8.0,8.0,,8.0,9.0,9.0,9.0,8.0,7.0,7.0,8.0,10.0,9.0,10.0,,9.0,9.0,9.5,,8.0,8.0,9.0,,10.0,10.0,10.0,,0.0,0.0,0.0,,,,,,False,False,12,10,4,percentage,False,9,23.0,7.666666666666667,24.0,8.0,24.0,8.0,35.0,8.75,30.0,7.5,29.0,9.666666666666666,27.5,9.166666666666666,25.0,8.333333333333334,30.0,10.0,0.0,0.0,0.0,,8.53448275862069,9.0,False,,218935.0,3368.2,False,False,False,False,False,False,False,False,False,False,False,False,False,False,False,False,True,False,False,False,12.296534728646034
Marla Maples,Tony Dovolani,TV Personality,Georgia,United States,52,22,Eliminated Week 4,10,7.0,7.0,7.0,,7.0,6.0,7.0,,7.0,7.0,7.0,,7.0,7.0,7.0,7.0,0.0,0.0,0.0,0.0,0.0,0.0,0.0,,0.0,0.0,0.0,,0.0,0.0,0.0,,0.0,0.0,0.0,,0.0,0.0,0.0,,,,,,False,False,12,10,4,percentage,False,4,21.0,7.0,20.0,6.666666666666667,21.0,7.0,28.0,7.0,0.0,0.0,0.0,0.0,0.0,0.0,0.0,0.0,0.0,0.0,0.0,0.0,0.0,,6.923076923076923,4.0,False,,1214021.0,18677.2,False,False,False,False,False,False,False,False,False,False,False,False,False,False,False,False,False,False,False,True,14.009449372348419
Jake T. Austin,Jenna Johnson,Actor/Actress,New York,United States,21,23,Eliminated Week 2,13,5.0,6.0,5.0,6.0,6.0,6.0,6.0,6.0,0.0,0.0,0.0,0.0,0.0,0.0,0.0,,0.0,0.0,0.0,,0.0,0.0,0.0,0.0,0.0,0.0,0.0,0.0,0.0,0.0,0.0,,0.0,0.0,0.0,0.0,0.0,0.0,0.0,,0.0,0.0,0.0,0.0,False,False,13,11,4,percentage,False,2,22.0,5.5,24.0,6.0,0.0,0.0,0.0,0.0,0.0,0.0,0.0,0.0,0.0,0.0,0.0,0.0,0.0,0.0,0.0,0.0,0.0,0.0,5.75,2.0,False,,317878.0,4415.0,True,False,False,False,False,False,False,False,False,False,False,False,False,False,False,False,False,False,False,False,12.66942608620797
Maureen McCormick,Artem Chigvintsev,Actor/Actress,California,United States,60,23,Eliminated Week 7,8,6.0,5.0,5.0,6.0,7.0,6.0,6.0,7.0,7.0,7.0,7.0,7.0,8.0,8.0,8.0,,8.0,8.0,8.0,,8.0,7.0,8.0,8.0,8.5,8.0,8.0,8.5,0.0,0.0,0.0,,0.0,0.0,0.0,0.0,0.0,0.0,0.0,,0.0,0.0,0.0,0.0,False,False,13,11,4,percentage,False,7,22.0,5.5,26.0,6.5,28.0,7.0,24.0,8.0,24.0,8.0,31.0,7.75,33.0,8.25,0.0,0.0,0.0,0.0,0.0,0.0,0.0,0.0,7.230769230769231,7.0,False,,807785.0,11219.2,True,False,False,False,False,False,False,False,False,False,False,False,False,False,False,False,False,False,False,False,13.602052450938736
Marilu Henner,Derek Hough,Actor/Actress,Illinois,United States,64,23,Eliminated Week 9,6,7.0,7.0,6.0,7.0,7.0,6.0,7.0,7.0,7.0,7.0,7.0,7.0,7.0,7.0,7.0,,9.0,9.0,9.0,,8.0,9.0,9.0,8.0,7.5,8.0,8.5,8.0,7.0,8.0,8.0,,9.0,9.0,9.0,9.0,0.0,0.0,0.0,,0.0,0.0,0.0,0.0,False,False,13,11,4,percentage,False,9,27.0,6.75,27.0,6.75,28.0,7.0,21.0,7.0,27.0,9.0,34.0,8.5,32.0,8.0,23.0,7.666666666666667,36.0,9.0,0.0,0.0,0.0,0.0,7.727272727272727,9.0,False,,593346.0,8240.9,True,False,False,False,False,False,False,False,False,False,False,False,False,False,False,False,False,False,False,False,13.293534667042751
Ryan Lochte,Cheryl Burke,Athlete,New York,United States,32,23,Eliminated Week 8,7,6.0,6.0,6.0,6.0,6.0,6.0,6.0,6.0,6.0,7.0,6.0,6.0,7.0,7.0,8.0,,8.0,8.0,8.0,,7.0,8.0,8.0,7.0,8.5,8.0,8.0,8.5,8.0,9.0,9.0,,0.0,0.0,0.0,0.0,0.0,0.0,0.0,,0.0,0.0,0.0,0.0,False,False,13,11,4,percentage,False,8,24.0,6.0,24.0,6.0,25.0,6.25,22.0,7.333333333333333,24.0,8.0,30.0,7.5,33.0,8.25,26.0,8.666666666666666,0.0,0.0,0.0,0.0,0.0,0.0,7.172413793103448,8.0,False,,345611.0,4800.2,False,True,False,False,False,False,False,False,False,False,False,False,False,False,False,False,False,False,False,False,12.753072037531457
Calvin Johnson Jr.,Lindsay Arnold,Athlete,Georgia,United States,30,23,3rd Place,3,7.0,6.0,6.0,7.0,7.0,7.0,7.0,7.0,8.0,8.0,8.0,8.0,8.0,7.0,8.0,,8.0,8.0,8.0,,9.0,10.0,9.0,9.0,9.5,9.0,9.0,9.5,10.0,10.0,10.0,,9.0,9.0,10.0,9.0,9.0,9.5,9.5,,9.3333,9.6666,9.6666,9.6666,False,False,13,11,4,percentage,False,11,26.0,6.5,28.0,7.0,32.0,8.0,23.0,7.666666666666667,24.0,8.0,37.0,9.25,37.0,9.25,30.0,10.0,37.0,9.25,28.0,9.333333333333334,38.3331,9.583275,8.5083275,,True,3.0,485393.0,6741.6,False,True,False,False,False,False,False,False,False,False,False,False,False,False,False,False,False,False,False,False,13.092716211258809
Laurie Hernandez,Valentin Chmerkovskiy,Athlete,New Jersey,United States,16,23,1st Place,1,8.0,8.0,7.0,8.0,8.0,8.0,8.0,8.0,7.0,8.0,8.0,8.0,10.0,10.0,10.0,,8.0,9.0,8.0,,9.0,9.0,9.0,10.0,8.0,8.5,9.0,9.0,11.0,11.0,11.0,,10.0,10.0,10.0,10.0,10.0,10.0,10.0,,9.6666,10.0,9.6666,10.0,False,False,13,11,4,percentage,False,11,31.0,7.75,32.0,8.0,31.0,7.75,30.0,10.0,25.0,8.333333333333334,37.0,9.25,34.5,8.625,33.0,11.0,40.0,10.0,30.0,10.0,39.333200000000005,9.8333,9.07083,,True,1.0,297233.0,4128.2,False,True,False,False,False,False,False,False,False,False,False,False,False,False,False,False,False,False,False,False,12.602274986359154
Amber Rose,Maksim Chmerkoskiy,Model,Pennsylvania,United States,32,23,Eliminated Week 6,9,6.0,6.0,6.0,6.0,6.0,6.0,6.0,6.0,7.0,6.0,6.0,6.0,8.0,8.0,8.0,,8.0,8.0,8.0,,7.0,7.0,7.0,7.0,0.0,0.0,0.0,0.0,0.0,0.0,0.0,,0.0,0.0,0.0,0.0,0.0,0.0,0.0,,0.0,0.0,0.0,0.0,False,False,13,11,4,percentage,False,6,24.0,6.0,24.0,6.0,25.0,6.25,24.0,8.0,24.0,8.0,28.0,7.0,0.0,0.0,0.0,0.0,0.0,0.0,0.0,0.0,0.0,0.0,6.7727272727272725,6.0,False,,1498395.0,20811.0,False,False,False,False,False,False,False,False,False,True,False,False,False,False,False,False,False,False,False,False,14.219905760594305
Rick Perry,Emma Slater,Politician,Texas,United States,66,23,Eliminated Week 3,12,5.0,5.0,5.0,5.0,6.0,5.0,6.0,5.0,6.0,5.0,6.0,6.0,0.0,0.0,0.0,,0.0,0.0,0.0,,0.0,0.0,0.0,0.0,0.0,0.0,0.0,0.0,0.0,0.0,0.0,,0.0,0.0,0.0,0.0,0.0,0.0,0.0,,0.0,0.0,0.0,0.0,False,False,13,11,4,percentage,False,3,20.0,5.0,22.0,5.5,23.0,5.75,0.0,0.0,0.0,0.0,0.0,0.0,0.0,0.0,0.0,0.0,0.0,0.0,0.0,0.0,0.0,0.0,5.416666666666667,3.0,False,,207792.0,2886.0,False,False,False,False,False,False,False,False,False,False,False,False,True,False,False,False,False,False,False,False,12.244297670843103
James Hinchcliffe,Sharna Burgess,Racing Driver,Non-US,Canada,29,23,2nd Place,2,8.0,8.0,7.0,8.0,7.0,7.0,7.0,8.0,7.0,7.0,8.0,7.0,9.0,9.0,10.0,,10.0,9.0,10.0,,10.0,9.0,9.0,10.0,9.5,9.0,9.0,9.5,11.6666,11.6666,11.6666,,9.0,9.0,9.0,9.0,9.5,10.0,10.0,,9.6666,9.6666,9.6666,10.0,False,False,13,11,4,percentage,False,11,31.0,7.75,29.0,7.25,29.0,7.25,28.0,9.333333333333334,29.0,9.666666666666666,38.0,9.5,37.0,9.25,34.9998,11.6666,36.0,9.0,29.5,9.833333333333334,38.9998,9.74995,9.01249,,True,2.0,348200.0,4836.1,False,False,False,False,False,False,False,False,False,False,False,False,False,False,True,False,False,False,False,False,12.760535178224796
Babyface,Allison Holker,Singer/Rapper,Indiana,United States,57,23,Eliminated Week 4,11,7.0,6.0,6.0,7.0,8.0,7.0,7.0,8.0,7.0,6.0,6.0,6.0,6.0,6.0,6.0,,0.0,0.0,0.0,,0.0,0.0,0.0,0.0,0.0,0.0,0.0,0.0,0.0,0.0,0.0,,0.0,0.0,0.0,0.0,0.0,0.0,0.0,,0.0,0.0,0.0,0.0,False,False,13,11,4,percentage,False,4,26.0,6.5,30.0,7.5,25.0,6.25,18.0,6.0,0.0,0.0,0.0,0.0,0.0,0.0,0.0,0.0,0.0,0.0,0.0,0.0,0.0,0.0,6.6,4.0,False,,283091.0,3931.8,False,False,False,False,False,False,False,False,False,False,False,False,False,False,False,False,True,False,False,False,12.553527212134833
Vanilla Ice,Witney Carson,Singer/Rapper,Texas,United States,48,23,Eliminated Week 4,10,7.0,5.0,6.0,7.0,6.0,7.0,6.0,7.0,6.0,6.0,5.0,6.0,8.0,7.0,8.0,,0.0,0.0,0.0,,0.0,0.0,0.0,0.0,0.0,0.0,0.0,0.0,0.0,0.0,0.0,,0.0,0.0,0.0,0.0,0.0,0.0,0.0,,0.0,0.0,0.0,0.0,False,False,13,11,4,percentage,False,4,25.0,6.25,26.0,6.5,23.0,5.75,23.0,7.666666666666667,0.0,0.0,0.0,0.0,0.0,0.0,0.0,0.0,0.0,0.0,0.0,0.0,0.0,0.0,6.466666666666667,4.0,False,,521443.0,7242.3,False,False,False,False,False,False,False,False,False,False,False,False,False,False,False,False,True,False,False,False,13.16435716510671
Jana Kramer,Gleb Savchenko,Singer/Rapper,Michigan,United States,32,23,Eliminated Week 11,4,7.0,6.0,6.0,8.0,7.0,8.0,7.0,7.0,6.0,7.0,6.0,7.0,8.0,7.0,8.0,,9.0,8.0,9.0,,10.0,10.0,10.0,10.0,8.0,8.5,9.0,9.0,10.0,10.0,10.0,,10.0,10.0,10.0,10.0,9.5,9.5,10.0,,8.5,9.0,9.0,9.0,False,False,13,11,4,percentage,False,11,27.0,6.75,29.0,7.25,26.0,6.5,23.0,7.666666666666667,26.0,8.666666666666666,40.0,10.0,34.5,8.625,30.0,10.0,40.0,10.0,29.0,9.666666666666666,35.5,8.875,8.5,11.0,False,,989027.0,13736.5,False,False,False,False,False,False,False,False,False,False,False,False,False,False,False,False,True,False,False,False,13.80447792162977
Terra Jole,Sasha Farber,TV Personality,Texas,United States,36,23,Eliminated Week 10,5,7.0,6.0,6.0,6.0,8.0,7.0,8.0,8.0,8.0,7.0,8.0,7.0,9.0,8.0,8.0,,9.0,9.0,9.0,,7.0,8.0,8.0,7.0,8.5,8.5,9.0,8.5,8.0,8.0,8.0,,10.0,10.0,9.0,9.0,10.0,10.0,10.0,,0.0,0.0,0.0,0.0,False,False,13,11,4,percentage,False,10,25.0,6.25,31.0,7.75,30.0,7.5,25.0,8.333333333333334,27.0,9.0,30.0,7.5,34.5,8.625,24.0,8.0,38.0,9.5,30.0,10.0,0.0,0.0,8.180555555555555,10.0,False,,59866.0,2494.4,False,False,False,False,False,False,False,False,False,False,False,False,False,False,False,False,False,False,False,True,10.999880714095356
Charo,Keo Motsepe,Actor/Actress,Non-US,Spain,66,24,Eliminated Week 3,11,6.0,5.0,5.0,5.0,6.0,6.0,7.0,6.0,6.0,6.0,6.0,6.0,0.0,0.0,0.0,0.0,0.0,0.0,0.0,0.0,0.0,0.0,0.0,0.0,0.0,0.0,0.0,0.0,0.0,0.0,0.0,0.0,0.0,0.0,0.0,0.0,0.0,0.0,0.0,0.0,,,,,False,False,12,10,4,percentage,False,3,21.0,5.25,25.0,6.25,24.0,6.0,0.0,0.0,0.0,0.0,0.0,0.0,0.0,0.0,0.0,0.0,0.0,0.0,0.0,0.0,0.0,,5.833333333333333,3.0,False,,1347276.0,20727.3,True,False,False,False,False,False,False,False,False,False,False,False,False,False,False,False,False,False,False,False,14.11359607641883
Mr. T,Kym Herjavec,Actor/Actress,Illinois,United States,64,24,Eliminated Week 4,10,5.0,5.0,5.0,5.0,6.0,5.0,6.0,5.0,6.0,6.0,6.0,6.0,7.0,7.0,7.0,7.0,0.0,0.0,0.0,0.0,0.0,0.0,0.0,0.0,0.0,0.0,0.0,0.0,0.0,0.0,0.0,0.0,0.0,0.0,0.0,0.0,0.0,0.0,0.0,0.0,,,,,False,False,12,10,4,percentage,False,4,20.0,5.0,22.0,5.5,24.0,6.0,28.0,7.0,0.0,0.0,0.0,0.0,0.0,0.0,0.0,0.0,0.0,0.0,0.0,0.0,0.0,,5.875,4.0,False,,873437.0,13437.5,True,False,False,False,False,False,False,False,False,False,False,False,False,False,False,False,False,False,False,False,13.680192427216296
Heather Morris,Maksim Chmerkoskiy,Actor/Actress,California,United States,30,24,Eliminated Week 6,8,7.0,7.0,7.0,7.0,8.0,6.0,8.0,8.0,9.0,8.0,8.0,8.0,8.0,9.0,9.0,9.0,8.0,8.0,9.0,9.0,9.0,9.5,9.0,9.5,0.0,0.0,0.0,0.0,0.0,0.0,0.0,0.0,0.0,0.0,0.0,0.0,0.0,0.0,0.0,0.0,,,,,False,False,12,10,4,percentage,False,6,28.0,7.0,30.0,7.5,33.0,8.25,35.0,8.75,34.0,8.5,37.0,9.25,0.0,0.0,0.0,0.0,0.0,0.0,0.0,0.0,0.0,,8.208333333333334,6.0,False,,348243.0,5357.6,True,False,False,False,False,False,False,False,False,False,False,False,False,False,False,False,False,False,False,False,12.760658662491478
Nancy Kerrigan,Artem Chigvintsev,Athlete,Massachusetts,United States,47,24,Eliminated Week 7,7,7.0,7.0,7.0,7.0,7.0,7.0,7.0,7.0,8.0,9.0,8.0,8.0,8.0,9.0,8.0,8.0,9.0,9.0,9.0,9.0,8.5,8.5,8.0,8.5,9.0,9.0,9.0,9.0,0.0,0.0,0.0,0.0,0.0,0.0,0.0,0.0,0.0,0.0,0.0,0.0,,,,,False,False,12,10,4,percentage,False,7,28.0,7.0,28.0,7.0,33.0,8.25,33.0,8.25,36.0,9.0,33.5,8.375,36.0,9.0,0.0,0.0,0.0,0.0,0.0,0.0,0.0,,8.125,7.0,False,,808153.0,12433.1,False,True,False,False,False,False,False,False,False,False,False,False,False,False,False,False,False,False,False,False,13.602507913401897
Bonner Bolton,Sharna Burgess,Athlete,Texas,United States,29,24,Eliminated Week 8,5,6.0,5.0,5.0,6.0,8.0,5.0,8.0,7.0,6.0,6.0,6.0,6.0,8.0,8.0,8.0,8.0,7.0,8.0,8.0,7.0,8.0,8.5,7.5,7.5,7.5,7.5,8.5,7.5,7.5,7.0,7.5,7.0,0.0,0.0,0.0,0.0,0.0,0.0,0.0,0.0,,,,,False,False,12,10,4,percentage,False,8,22.0,5.5,28.0,7.0,24.0,6.0,32.0,8.0,30.0,7.5,31.5,7.875,31.0,7.75,29.0,7.25,0.0,0.0,0.0,0.0,0.0,,7.109375,8.0,False,,317931.0,4967.7,False,True,False,False,False,False,False,False,False,False,False,False,False,False,False,False,False,False,False,False,12.669592802418046
Simone Biles,Sasha Farber,Athlete,Ohio,United States,20,24,Eliminated Week 9,4,8.0,8.0,8.0,8.0,7.0,7.0,7.0,8.0,7.0,8.0,9.0,8.0,9.0,9.0,9.0,9.0,9.0,9.0,10.0,10.0,8.5,8.5,8.5,9.0,10.5,9.5,9.5,9.5,9.0,9.0,9.0,9.0,10.0,10.0,10.0,10.0,0.0,0.0,0.0,0.0,,,,,False,False,12,10,4,percentage,False,9,32.0,8.0,29.0,7.25,32.0,8.0,36.0,9.0,38.0,9.5,34.5,8.625,39.0,9.75,36.0,9.0,40.0,10.0,0.0,0.0,0.0,,8.791666666666666,9.0,False,,464656.0,7148.6,False,True,False,False,False,False,False,False,False,False,False,False,False,False,False,False,False,False,False,False,13.049054777974773
Rashad Jennings,Emma Slater,Athlete,Virginia,United States,32,24,1st Place,1,8.0,7.0,8.0,8.0,8.0,8.0,8.0,8.0,7.0,7.0,7.0,7.0,10.0,9.0,10.0,10.0,7.0,8.0,9.0,8.0,8.5,9.5,8.5,8.5,9.5,9.5,10.5,9.5,9.5,9.0,9.5,9.5,9.5,9.0,10.0,10.0,10.0,9.6666,10.0,10.0,,,,,False,False,12,10,4,percentage,False,10,31.0,7.75,32.0,8.0,28.0,7.0,39.0,9.75,32.0,8.0,35.0,8.75,39.0,9.75,37.5,9.375,38.5,9.625,39.6666,9.91665,0.0,,8.791665,,True,1.0,480836.0,7397.5,False,True,False,False,False,False,False,False,False,False,False,False,False,False,False,False,False,False,False,False,13.08328361431712
Chris Kattan,Witney Carson,Comedian,California,United States,46,24,Eliminated Week 2,12,5.0,4.0,4.0,4.0,6.0,5.0,6.0,5.0,0.0,0.0,0.0,0.0,0.0,0.0,0.0,0.0,0.0,0.0,0.0,0.0,0.0,0.0,0.0,0.0,0.0,0.0,0.0,0.0,0.0,0.0,0.0,0.0,0.0,0.0,0.0,0.0,0.0,0.0,0.0,0.0,,,,,False,False,12,10,4,percentage,False,2,17.0,4.25,22.0,5.5,0.0,0.0,0.0,0.0,0.0,0.0,0.0,0.0,0.0,0.0,0.0,0.0,0.0,0.0,0.0,0.0,0.0,,4.875,2.0,False,,543480.0,8361.2,False,False,True,False,False,False,False,False,False,False,False,False,False,False,False,False,False,False,False,False,13.20575002633068
Erika Jayne,Gleb Savchenko,Singer/Rapper,Georgia,United States,45,24,Eliminated Week 5,9,6.0,6.0,6.0,6.0,7.0,7.0,7.0,7.0,6.0,7.0,7.0,6.0,8.0,7.0,7.0,8.0,8.0,8.0,8.0,8.0,0.0,0.0,0.0,0.0,0.0,0.0,0.0,0.0,0.0,0.0,0.0,0.0,0.0,0.0,0.0,0.0,0.0,0.0,0.0,0.0,,,,,False,False,12,10,4,percentage,False,5,24.0,6.0,28.0,7.0,26.0,6.5,30.0,7.5,32.0,8.0,0.0,0.0,0.0,0.0,0.0,0.0,0.0,0.0,0.0,0.0,0.0,,7.0,5.0,False,,627789.0,9658.3,False,False,False,False,False,False,False,False,False,False,False,False,False,False,False,False,True,False,False,False,13.349960994623434
Normani,Valentin Chmerkovskiy,Singer/Rapper,Georgia,United States,20,24,3rd Place,3,7.0,6.0,7.0,7.0,8.0,8.0,8.0,8.0,8.0,8.0,9.0,9.0,8.0,7.0,8.0,9.0,10.0,9.0,10.0,10.0,9.0,9.5,8.0,9.5,10.5,10.5,10.5,10.5,10.0,9.5,10.0,10.0,9.5,9.5,9.5,9.5,10.0,9.6666,9.6666,10.0,,,,,False,False,12,10,4,percentage,False,10,27.0,6.75,32.0,8.0,34.0,8.5,32.0,8.0,39.0,9.75,36.0,9.0,42.0,10.5,39.5,9.875,38.0,9.5,39.333200000000005,9.8333,0.0,,8.970830000000001,,True,3.0,470.0,7.8,False,False,False,False,False,False,False,False,False,False,False,False,False,False,False,False,True,False,False,False,6.154858094016418
Nick Viall,Peta Murgatroyd,TV Personality,Wisconsin,United States,36,24,Eliminated Week 7,6,6.0,6.0,6.0,6.0,7.0,5.0,7.0,6.0,7.0,6.0,7.0,6.0,8.0,7.0,8.0,7.0,9.0,8.0,9.0,8.0,7.5,8.0,7.5,7.5,8.0,8.0,9.0,9.0,0.0,0.0,0.0,0.0,0.0,0.0,0.0,0.0,0.0,0.0,0.0,0.0,,,,,False,False,12,10,4,percentage,False,7,24.0,6.0,25.0,6.25,26.0,6.5,30.0,7.5,34.0,8.5,30.5,7.625,34.0,8.5,0.0,0.0,0.0,0.0,0.0,0.0,0.0,,7.267857142857143,7.0,False,,75958.0,1205.7,False,False,False,False,False,False,False,False,False,False,False,False,False,False,False,False,False,False,False,True,11.237949000015973
Sasha Pieterse,Gleb Savchenko,Actor/Actress,Non-US,South Africa,21,25,Eliminated Week 5,10,6.0,6.0,6.0,,8.0,7.5,7.0,,7.0,6.0,6.0,,8.0,8.0,8.0,,8.0,8.0,8.0,,0.0,0.0,0.0,0.0,0.0,0.0,0.0,,0.0,0.0,0.0,,0.0,0.0,0.0,,0.0,0.0,0.0,0.0,,,,,False,False,13,10,4,percentage,False,5,18.0,6.0,22.5,7.5,19.0,6.333333333333333,24.0,8.0,24.0,8.0,0.0,0.0,0.0,0.0,0.0,0.0,0.0,0.0,0.0,0.0,0.0,,7.166666666666667,5.0,False,,332384.0,5113.6,True,False,False,False,False,False,False,False,False,False,False,False,False,False,False,False,False,False,False,False,12.714049214591416
Frankie Muniz,Witney Carson,Actor/Actress,New Jersey,United States,31,25,3rd Place,3,7.0,6.0,6.0,,8.0,7.5,8.5,,7.0,7.0,7.0,,8.0,8.0,8.0,,10.0,9.0,10.0,,7.0,8.0,8.0,8.0,10.0,10.0,10.0,,9.0,8.5,9.0,,8.5,8.0,9.0,,9.7777,9.3333,9.7777,10.0,,,,,False,False,13,10,4,percentage,False,10,19.0,6.333333333333333,24.0,8.0,21.0,7.0,24.0,8.0,29.0,9.666666666666666,31.0,7.75,30.0,10.0,26.5,8.833333333333334,25.5,8.5,38.8887,9.722175,0.0,,8.402771875,,True,3.0,1147167.0,17648.7,True,False,False,False,False,False,False,False,False,False,False,False,False,False,False,False,False,False,False,False,13.952806854435659
Jordan Fisher,Lindsay Arnold,Actor/Actress,Alabama,United States,23,25,1st Place,1,8.0,7.0,7.0,,8.0,8.0,8.0,,9.0,7.0,9.0,,10.0,9.0,10.0,,10.0,10.0,10.0,,10.0,9.0,10.0,10.0,9.0,9.0,9.0,,10.0,10.0,10.0,,9.5,9.5,10.0,,10.0,10.0,10.0,10.0,,,,,False,False,13,10,4,percentage,False,10,22.0,7.333333333333333,24.0,8.0,25.0,8.333333333333334,29.0,9.666666666666666,30.0,10.0,39.0,9.75,27.0,9.0,30.0,10.0,29.0,9.666666666666666,40.0,10.0,0.0,,9.21875,,True,1.0,736593.0,11332.2,True,False,False,False,False,False,False,False,False,False,False,False,False,False,False,False,False,False,False,False,13.509792137426395
Derek Fisher,Sharna Burgess,Athlete,Arkansas,United States,43,25,Eliminated Week 4,11,6.0,6.0,6.0,,6.5,6.0,6.5,,7.0,7.0,7.0,,7.0,8.0,8.0,,0.0,0.0,0.0,,0.0,0.0,0.0,0.0,0.0,0.0,0.0,,0.0,0.0,0.0,,0.0,0.0,0.0,,0.0,0.0,0.0,0.0,,,,,False,False,13,10,4,percentage,False,4,18.0,6.0,19.0,6.333333333333333,21.0,7.0,23.0,7.666666666666667,0.0,0.0,0.0,0.0,0.0,0.0,0.0,0.0,0.0,0.0,0.0,0.0,0.0,,6.75,4.0,False,,209641.0,3225.2,False,True,False,False,False,False,False,False,False,False,False,False,False,False,False,False,False,False,False,False,12.253156593034687
Nikki Bella,Artem Chigvintsev,Athlete,California,United States,33,25,Eliminated Week 7,8,7.0,7.0,6.0,,6.5,6.5,6.5,,7.0,7.0,7.0,,8.0,8.0,8.0,,9.0,9.0,9.0,,9.0,9.0,9.0,9.0,8.0,8.0,8.0,,0.0,0.0,0.0,,0.0,0.0,0.0,,0.0,0.0,0.0,0.0,,,,,False,False,13,10,4,percentage,False,7,20.0,6.666666666666667,19.5,6.5,21.0,7.0,24.0,8.0,27.0,9.0,36.0,9.0,24.0,8.0,0.0,0.0,0.0,0.0,0.0,0.0,0.0,,7.795454545454546,7.0,False,,559669.0,8610.3,False,True,False,False,False,False,False,False,False,False,False,False,False,False,False,False,False,False,False,False,13.235102603299978
Terrell Owens,Cheryl Burke,Athlete,Alabama,United States,43,25,Eliminated Week 8,6,5.0,5.0,5.0,,6.5,6.0,7.0,,7.0,7.0,7.0,,8.0,8.0,8.0,,9.0,8.0,8.0,,9.0,9.0,10.0,9.0,8.0,8.0,8.5,,8.5,8.5,8.5,,0.0,0.0,0.0,,0.0,0.0,0.0,0.0,,,,,False,False,13,10,4,percentage,False,8,15.0,5.0,19.5,6.5,21.0,7.0,24.0,8.0,25.0,8.333333333333334,37.0,9.25,24.5,8.166666666666666,25.5,8.5,0.0,0.0,0.0,0.0,0.0,,7.66,8.0,False,,385013.0,5923.3,False,True,False,False,False,False,False,False,False,False,False,False,False,False,False,False,False,False,False,False,12.861034976245143
Victoria Arlen,Valentin Chmerkovskiy,Athlete,New Hamshire,United States,22,25,Eliminated Week 9,5,7.0,6.0,6.0,,7.5,7.0,7.5,,8.0,7.0,7.0,,9.0,9.0,9.0,,9.0,9.0,9.0,,8.0,8.0,7.0,8.0,9.5,9.5,9.5,,8.0,8.0,8.0,,9.0,9.5,9.5,,0.0,0.0,0.0,0.0,,,,,False,False,13,10,4,percentage,False,9,19.0,6.333333333333333,22.0,7.333333333333333,22.0,7.333333333333333,27.0,9.0,27.0,9.0,31.0,7.75,28.5,9.5,24.0,8.0,28.0,9.333333333333334,0.0,0.0,0.0,,8.160714285714286,9.0,False,,572439.0,8806.8,False,True,False,False,False,False,False,False,False,False,False,False,False,False,False,False,False,False,False,False,13.257663205424812
Barbara Corcoran,Keo Motsepe,Entrepreneur,New Jersey,United States,68,25,Eliminated Week 2,13,5.0,4.0,5.0,,6.0,5.0,6.0,,0.0,0.0,0.0,,0.0,0.0,0.0,,0.0,0.0,0.0,,0.0,0.0,0.0,0.0,0.0,0.0,0.0,,0.0,0.0,0.0,,0.0,0.0,0.0,,0.0,0.0,0.0,0.0,,,,,False,False,13,10,4,percentage,False,2,14.0,4.666666666666667,17.0,5.666666666666667,0.0,0.0,0.0,0.0,0.0,0.0,0.0,0.0,0.0,0.0,0.0,0.0,0.0,0.0,0.0,0.0,0.0,,5.166666666666667,2.0,False,,453487.0,6976.7,False,False,False,False,False,True,False,False,False,False,False,False,False,False,False,False,False,False,False,False,13.024724087327256
Lindsey Stirling,Mark Ballas,Musician,California,United States,31,25,2nd Place,2,7.0,8.0,7.0,,7.5,7.5,7.5,,9.0,9.0,9.0,,9.0,8.0,9.0,,9.0,10.0,9.0,,10.0,10.0,10.0,10.0,8.5,8.5,8.5,,9.5,8.5,9.0,,9.5,9.0,10.0,,10.0,10.0,10.0,10.0,,,,,False,False,13,10,4,percentage,False,10,22.0,7.333333333333333,22.5,7.5,27.0,9.0,26.0,8.666666666666666,28.0,9.333333333333334,40.0,10.0,25.5,8.5,27.0,9.0,28.5,9.5,40.0,10.0,0.0,,8.953125,,True,2.0,600310.0,9235.5,False,False,False,False,False,False,False,False,False,False,True,False,False,False,False,False,False,False,False,False,13.305203133243296
Debbie Gibson,Alan Bersten,Singer/Rapper,New York,United States,47,25,Eliminated Week 2,12,6.0,5.0,6.0,,7.0,6.5,7.0,,0.0,0.0,0.0,,0.0,0.0,0.0,,0.0,0.0,0.0,,0.0,0.0,0.0,0.0,0.0,0.0,0.0,,0.0,0.0,0.0,,0.0,0.0,0.0,,0.0,0.0,0.0,0.0,,,,,False,False,13,10,4,percentage,False,2,17.0,5.666666666666667,20.5,6.833333333333333,0.0,0.0,0.0,0.0,0.0,0.0,0.0,0.0,0.0,0.0,0.0,0.0,0.0,0.0,0.0,0.0,0.0,,6.25,2.0,False,,426170.0,6556.5,False,False,False,False,False,False,False,False,False,False,False,False,False,False,False,False,True,False,False,False,12.962595953159392
Nick Lachey,Peta Murgatroyd,Singer/Rapper,Kentucky,United States,43,25,Eliminated Week 6,9,6.0,6.0,6.0,,7.0,6.0,6.0,,7.0,7.0,7.0,,8.0,7.0,7.0,,7.0,8.0,7.0,,7.0,6.0,7.0,6.0,0.0,0.0,0.0,,0.0,0.0,0.0,,0.0,0.0,0.0,,0.0,0.0,0.0,0.0,,,,,False,False,13,10,4,percentage,False,6,18.0,6.0,19.0,6.333333333333333,21.0,7.0,22.0,7.333333333333333,22.0,7.333333333333333,26.0,6.5,0.0,0.0,0.0,0.0,0.0,0.0,0.0,0.0,0.0,,6.7368421052631575,6.0,False,,384028.0,5908.1,False,False,False,False,False,False,False,False,False,False,False,False,False,False,False,False,True,False,False,False,12.858473349551643
Drew Scott,Emma Slater,TV Personality,Non-US,Canada,39,25,Eliminated Week 10,4,6.0,5.0,5.0,,7.0,6.5,7.0,,8.0,7.0,8.0,,8.0,8.0,8.0,,9.0,8.0,8.0,,7.0,7.0,9.0,7.0,9.5,9.5,9.5,,8.0,7.5,8.0,,8.0,8.0,8.0,,9.0,9.5,9.5,9.5,,,,,False,False,13,10,4,percentage,False,10,16.0,5.333333333333333,20.5,6.833333333333333,23.0,7.666666666666667,24.0,8.0,25.0,8.333333333333334,30.0,7.5,28.5,9.5,23.5,7.833333333333333,24.0,8.0,37.5,9.375,0.0,,7.875,10.0,False,,248280.0,3819.7,False,False,False,False,False,False,False,False,False,False,False,False,False,False,False,False,False,False,False,True,12.422316448230127
Vanessa Lachey,Maksim Chmerkoskiy,TV Personality,Non-US,Philippines,36,25,Eliminated Week 7,7,7.0,7.0,7.0,,8.0,8.0,7.5,,7.0,8.0,8.0,,8.0,8.0,8.0,,8.0,8.0,8.0,,9.0,9.0,9.0,9.0,9.0,9.0,9.0,,0.0,0.0,0.0,,0.0,0.0,0.0,,0.0,0.0,0.0,0.0,,,,,False,False,13,10,4,percentage,False,7,21.0,7.0,23.5,7.833333333333333,23.0,7.666666666666667,24.0,8.0,24.0,8.0,36.0,9.0,27.0,9.0,0.0,0.0,0.0,0.0,0.0,0.0,0.0,,8.113636363636363,7.0,False,,465214.0,7157.1,False,False,False,False,False,False,False,False,False,False,False,False,False,False,False,False,False,False,False,True,13.050254943302859
Jamie Anderson,Artem Chigvintsev,Athlete,California,United States,27,26,Eliminated Week 1,10,6.0,7.0,6.0,,0.0,0.0,0.0,0.0,0.0,0.0,0.0,0.0,0.0,0.0,0.0,,,,,,,,,,,,,,,,,,,,,,,,,,,,,,False,False,10,4,4,percentage,False,1,19.0,6.333333333333333,0.0,0.0,0.0,0.0,0.0,0.0,0.0,,0.0,,0.0,,0.0,,0.0,,0.0,,0.0,,6.333333333333333,1.0,False,,34902.0,698.0,False,True,False,False,False,False,False,False,False,False,False,False,False,False,False,False,False,False,False,False,10.460328064381565
Johnny Damon,Emma Slater,Athlete,Kansas,United States,44,26,Eliminated Week 1,9,6.0,6.0,6.0,,0.0,0.0,0.0,0.0,0.0,0.0,0.0,0.0,0.0,0.0,0.0,,,,,,,,,,,,,,,,,,,,,,,,,,,,,,False,False,10,4,4,percentage,False,1,18.0,6.0,0.0,0.0,0.0,0.0,0.0,0.0,0.0,,0.0,,0.0,,0.0,,0.0,,0.0,,0.0,,6.0,1.0,False,,131274.0,2625.5,False,True,False,False,False,False,False,False,False,False,False,False,False,False,False,False,False,False,False,False,11.78504963850606
Kareem Abdul-Jabbar,Lindsay Arnold,Athlete,New York,United States,71,26,Eliminated Week 2,8,6.0,5.0,6.0,,7.5,8.0,7.0,7.0,0.0,0.0,0.0,0.0,0.0,0.0,0.0,,,,,,,,,,,,,,,,,,,,,,,,,,,,,,False,False,10,4,4,percentage,False,2,17.0,5.666666666666667,29.5,7.375,0.0,0.0,0.0,0.0,0.0,,0.0,,0.0,,0.0,,0.0,,0.0,,0.0,,6.642857142857143,2.0,False,,929171.0,18583.4,False,True,False,False,False,False,False,False,False,False,False,False,False,False,False,False,False,False,False,False,13.742049145976242
Arike Ogunbowale,Gleb Savchenko,Athlete,Wisconsin,United States,21,26,Eliminated Week 2,7,7.0,6.0,7.0,,8.5,9.5,8.5,8.5,0.0,0.0,0.0,0.0,0.0,0.0,0.0,,,,,,,,,,,,,,,,,,,,,,,,,,,,,,False,False,10,4,4,percentage,False,2,20.0,6.666666666666667,35.0,8.75,0.0,0.0,0.0,0.0,0.0,,0.0,,0.0,,0.0,,0.0,,0.0,,0.0,,7.857142857142857,2.0,False,,25469.0,670.2,False,True,False,False,False,False,False,False,False,False,False,False,False,False,False,False,False,False,False,False,10.145256567973503
Jennie Finch Daigle,Keo Motsepe,Athlete,California,United States,37,26,Eliminated Week 3,6,7.0,7.0,7.0,,7.5,8.5,8.0,7.5,7.0,8.0,7.0,7.0,0.0,0.0,0.0,,,,,,,,,,,,,,,,,,,,,,,,,,,,,,False,False,10,4,4,percentage,False,3,21.0,7.0,31.5,7.875,29.0,7.25,0.0,0.0,0.0,,0.0,,0.0,,0.0,,0.0,,0.0,,0.0,,7.409090909090909,3.0,False,,87700.0,1754.0,False,True,False,False,False,False,False,False,False,False,False,False,False,False,False,False,False,False,False,False,11.381688580803818
Chris Mazdzer,Witney Carson,Athlete,Massachusetts,United States,29,26,Eliminated Week 3,5,7.0,7.0,7.0,,8.5,8.5,8.0,8.0,8.0,9.0,7.0,9.0,0.0,0.0,0.0,,,,,,,,,,,,,,,,,,,,,,,,,,,,,,False,False,10,4,4,percentage,False,3,21.0,7.0,33.0,8.25,33.0,8.25,0.0,0.0,0.0,,0.0,,0.0,,0.0,,0.0,,0.0,,0.0,,7.909090909090909,3.0,False,,51200.0,1024.0,False,True,False,False,False,False,False,False,False,False,False,False,False,False,False,False,False,False,False,False,10.843514342086866
Mirai Nagasu,Alan Bersten,Athlete,California,United States,25,26,Eliminated Week 3,4,7.0,8.0,8.0,,9.0,10.0,9.0,9.0,9.0,9.0,8.0,9.0,0.0,0.0,0.0,,,,,,,,,,,,,,,,,,,,,,,,,,,,,,False,False,10,4,4,percentage,False,3,23.0,7.666666666666667,37.0,9.25,35.0,8.75,0.0,0.0,0.0,,0.0,,0.0,,0.0,,0.0,,0.0,,0.0,,8.636363636363637,3.0,False,,78701.0,1574.0,False,True,False,False,False,False,False,False,False,False,False,False,False,False,False,False,False,False,False,False,11.273423847043201
Tonya Harding,Sasha Farber,Athlete,Oregon,United States,47,26,3rd Place,3,8.0,8.0,7.0,,8.0,9.0,8.0,8.0,8.5,9.5,8.5,8.5,9.0,9.5,9.5,,,,,,,,,,,,,,,,,,,,,,,,,,,,,,False,False,10,4,4,percentage,False,4,23.0,7.666666666666667,33.0,8.25,35.0,8.75,28.0,9.333333333333334,0.0,,0.0,,0.0,,0.0,,0.0,,0.0,,0.0,,8.5,,True,3.0,1273898.0,25478.0,False,True,False,False,False,False,False,False,False,False,False,False,False,False,False,False,False,False,False,False,14.057592834106597
Josh Norman,Sharna Burgess,Athlete,South Carolina,United States,30,26,2nd Place,2,8.0,8.0,8.0,,7.5,8.0,8.0,8.0,9.5,9.5,9.5,9.5,9.5,9.5,9.5,,,,,,,,,,,,,,,,,,,,,,,,,,,,,,False,False,10,4,4,percentage,False,4,24.0,8.0,31.5,7.875,38.0,9.5,28.5,9.5,0.0,,0.0,,0.0,,0.0,,0.0,,0.0,,0.0,,8.714285714285714,,True,2.0,101488.0,2029.8,False,True,False,False,False,False,False,False,False,False,False,False,False,False,False,False,False,False,False,False,11.527705697206814
Adam Rippon,Jenna Johnson,Athlete,Pennsylvania,United States,28,26,1st Place,1,8.0,8.0,8.0,,9.0,9.5,9.0,9.5,10.5,10.5,9.5,10.5,9.5,9.5,10.0,,,,,,,,,,,,,,,,,,,,,,,,,,,,,,False,False,10,4,4,percentage,False,4,24.0,8.0,37.0,9.25,41.0,10.25,29.0,9.666666666666666,0.0,,0.0,,0.0,,0.0,,0.0,,0.0,,0.0,,9.357142857142858,,True,1.0,102878.0,2057.6,False,True,False,False,False,False,False,False,False,False,False,False,False,False,False,False,False,False,False,False,11.541308819361998
Juan Pablo Di Pace,Cheryl Burke,Actor/Actress,Non-US,Argentina,39,27,Eliminated Week 8,5,7.0,7.0,8.0,,9.0,8.0,9.0,,10.0,10.0,10.0,,8.0,8.0,8.0,,10.0,9.0,10.0,,10.0,10.0,10.0,,9.5,9.0,9.5,,10.0,10.0,10.0,,0.0,0.0,0.0,,,,,,,,,,False,False,13,9,3,percentage,False,8,22.0,7.333333333333333,26.0,8.666666666666666,30.0,10.0,24.0,8.0,29.0,9.666666666666666,30.0,10.0,28.0,9.333333333333334,30.0,10.0,0.0,0.0,0.0,,0.0,,9.125,8.0,False,,294233.0,5162.0,True,False,False,False,False,False,False,False,False,False,False,False,False,False,False,False,False,False,False,False,12.592130648113109
Evanna Lynch,Keo Motsepe,Actor/Actress,Non-US,Ireland,27,27,3rd Place,3,7.0,5.0,6.0,,8.0,8.0,8.0,,9.0,9.0,9.0,,8.0,8.0,8.0,,8.0,8.0,8.0,,10.0,9.0,10.0,,10.0,9.5,10.0,,10.0,9.5,9.5,,10.0,10.0,10.0,,,,,,,,,,False,False,13,9,3,percentage,False,9,18.0,6.0,24.0,8.0,27.0,9.0,24.0,8.0,24.0,8.0,29.0,9.666666666666666,29.5,9.833333333333334,29.0,9.666666666666666,30.0,10.0,0.0,,0.0,,8.685185185185185,,True,3.0,313988.0,5508.6,True,False,False,False,False,False,False,False,False,False,False,False,False,False,False,False,False,False,False,False,12.657113232429626
Nancy McKeon,Valentin Chmerkovskiy,Actor/Actress,New York,United States,52,27,Eliminated Week 3,11,6.5,6.5,6.5,,7.0,6.5,7.0,,8.0,7.0,7.0,,0.0,0.0,0.0,,0.0,0.0,0.0,,0.0,0.0,0.0,,0.0,0.0,0.0,,0.0,0.0,0.0,,0.0,0.0,0.0,,,,,,,,,,False,False,13,9,3,percentage,False,3,19.5,6.5,20.5,6.833333333333333,22.0,7.333333333333333,0.0,0.0,0.0,0.0,0.0,0.0,0.0,0.0,0.0,0.0,0.0,0.0,0.0,,0.0,,6.888888888888889,3.0,False,,352154.0,6178.1,True,False,False,False,False,False,False,False,False,False,False,False,False,False,False,False,False,False,False,False,12.771826698567718
John Schneider,Emma Slater,Actor/Actress,New York,United States,58,27,Eliminated Week 7,8,7.0,5.0,6.0,,7.5,6.5,7.5,,7.0,7.0,7.0,,7.0,7.0,7.0,,8.0,8.0,8.0,,6.0,7.0,6.0,,9.0,9.0,9.0,,0.0,0.0,0.0,,0.0,0.0,0.0,,,,,,,,,,False,False,13,9,3,percentage,False,7,18.0,6.0,21.5,7.166666666666667,21.0,7.0,21.0,7.0,24.0,8.0,19.0,6.333333333333333,27.0,9.0,0.0,0.0,0.0,0.0,0.0,,0.0,,7.214285714285714,7.0,False,,553163.0,9704.6,True,False,False,False,False,False,False,False,False,False,False,False,False,False,False,False,False,False,False,False,13.223409800733302
Milo Manheim,Witney Carson,Actor/Actress,California,United States,17,27,2nd Place,2,7.0,6.0,7.0,,9.0,8.0,9.0,,9.0,9.0,9.0,,10.0,9.0,10.0,,9.0,8.0,10.0,,10.0,10.0,10.0,,10.0,9.0,10.0,,9.0,9.0,9.5,,10.0,10.0,10.0,,,,,,,,,,False,False,13,9,3,percentage,False,9,20.0,6.666666666666667,26.0,8.666666666666666,27.0,9.0,29.0,9.666666666666666,27.0,9.0,30.0,10.0,29.0,9.666666666666666,27.5,9.166666666666666,30.0,10.0,0.0,,0.0,,9.092592592592592,,True,2.0,427906.0,7507.1,True,False,False,False,False,False,False,False,False,False,False,False,False,False,False,False,False,False,False,False,12.966661161233477
Danelle Umstead,Artem Chigvintsev,Athlete,New Mexico,United States,46,27,Eliminated Week 2,12,6.0,6.0,6.0,,6.5,6.0,6.0,,0.0,0.0,0.0,,0.0,0.0,0.0,,0.0,0.0,0.0,,0.0,0.0,0.0,,0.0,0.0,0.0,,0.0,0.0,0.0,,0.0,0.0,0.0,,,,,,,,,,False,False,13,9,3,percentage,False,2,18.0,6.0,18.5,6.166666666666667,0.0,0.0,0.0,0.0,0.0,0.0,0.0,0.0,0.0,0.0,0.0,0.0,0.0,0.0,0.0,,0.0,,6.083333333333333,2.0,False,,152468.0,2674.9,False,True,False,False,False,False,False,False,False,False,False,False,False,False,False,False,False,False,False,False,11.934716575677166
Mary Lou Retton,Sasha Farber,Athlete,West Virginia,United States,50,27,Eliminated Week 6,9,6.5,7.0,6.5,,8.0,7.5,7.5,,8.0,8.0,8.0,,9.0,8.0,9.0,,9.0,8.0,8.0,,8.0,8.0,8.0,,0.0,0.0,0.0,,0.0,0.0,0.0,,0.0,0.0,0.0,,,,,,,,,,False,False,13,9,3,percentage,False,6,20.0,6.666666666666667,23.0,7.666666666666667,24.0,8.0,26.0,8.666666666666666,25.0,8.333333333333334,24.0,8.0,0.0,0.0,0.0,0.0,0.0,0.0,0.0,,0.0,,7.888888888888889,6.0,False,,652512.0,11447.6,False,True,False,False,False,False,False,False,False,False,False,False,False,False,False,False,False,False,False,False,13.388586341352166
DeMarcus Ware,Lindsay Arnold,Athlete,Alabama,United States,36,27,Eliminated Week 7,7,8.0,7.0,8.0,,8.0,7.5,8.0,,9.0,8.0,9.0,,7.0,7.0,8.0,,9.0,8.0,9.0,,8.0,9.0,9.0,,9.0,8.5,9.0,,0.0,0.0,0.0,,0.0,0.0,0.0,,,,,,,,,,False,False,13,9,3,percentage,False,7,23.0,7.666666666666667,23.5,7.833333333333333,26.0,8.666666666666666,22.0,7.333333333333333,26.0,8.666666666666666,26.0,8.666666666666666,26.5,8.833333333333334,0.0,0.0,0.0,0.0,0.0,,0.0,,8.238095238095237,7.0,False,,266356.0,4672.9,False,True,False,False,False,False,False,False,False,False,False,False,False,False,False,False,False,False,False,False,12.492592793208736
Nikki Glaser,Gleb Savchenko,Comedian,Ohio,United States,34,27,Eliminated Week 1,13,6.0,5.5,6.0,,0.0,0.0,0.0,,0.0,0.0,0.0,,0.0,0.0,0.0,,0.0,0.0,0.0,,0.0,0.0,0.0,,0.0,0.0,0.0,,0.0,0.0,0.0,,0.0,0.0,0.0,,,,,,,,,,False,False,13,9,3,percentage,False,1,17.5,5.833333333333333,0.0,0.0,0.0,0.0,0.0,0.0,0.0,0.0,0.0,0.0,0.0,0.0,0.0,0.0,0.0,0.0,0.0,,0.0,,5.833333333333333,1.0,False,,245769.0,4311.7,False,False,True,False,False,False,False,False,False,False,False,False,False,False,False,False,False,False,False,False,12.41215141821779
Bobby Bones,Sharna Burgess,Radio Personality,Arkansas,United States,38,27,1st Place,1,7.0,6.0,7.0,,7.0,6.0,6.5,,8.0,7.0,8.0,,7.0,6.0,7.0,,7.0,7.0,7.0,,8.0,7.0,7.0,,9.0,8.5,9.0,,7.5,7.5,7.5,,9.0,9.0,9.0,,,,,,,,,,False,True,13,9,3,percentage,False,9,20.0,6.666666666666667,19.5,6.5,23.0,7.666666666666667,20.0,6.666666666666667,21.0,7.0,22.0,7.333333333333333,26.5,8.833333333333334,22.5,7.5,27.0,9.0,0.0,,0.0,,7.462962962962963,,True,1.0,273153.0,4792.2,False,False,False,False,False,False,False,False,False,False,False,False,False,False,False,True,False,False,False,False,12.517791017685157
Tinashe,Brandon Armstrong,Singer/Rapper,Kentucky,United States,25,27,Eliminated Week 4,10,8.0,7.0,8.0,,9.0,8.0,9.0,,9.0,9.0,9.0,,9.0,8.0,9.0,,0.0,0.0,0.0,,0.0,0.0,0.0,,0.0,0.0,0.0,,0.0,0.0,0.0,,0.0,0.0,0.0,,,,,,,,,,False,False,13,9,3,percentage,False,4,23.0,7.666666666666667,26.0,8.666666666666666,27.0,9.0,26.0,8.666666666666666,0.0,0.0,0.0,0.0,0.0,0.0,0.0,0.0,0.0,0.0,0.0,,0.0,,8.5,4.0,False,,207479.0,3640.0,False,False,False,False,False,False,False,False,False,False,False,False,False,False,False,False,True,False,False,False,12.242790228465337
Alexis Ren,Alan Bersten,Social Media Personality,California,United States,21,27,4th Place,4,7.0,7.5,7.5,,8.0,8.5,8.0,,9.0,8.0,9.0,,8.0,8.0,9.0,,10.0,9.0,10.0,,9.0,9.0,9.0,,9.0,9.0,9.5,,9.5,9.5,10.0,,9.5,9.5,9.5,,,,,,,,,,False,False,13,9,3,percentage,False,9,22.0,7.333333333333333,24.5,8.166666666666666,26.0,8.666666666666666,25.0,8.333333333333334,29.0,9.666666666666666,27.0,9.0,27.5,9.166666666666666,29.0,9.666666666666666,28.5,9.5,0.0,,0.0,,8.833333333333334,,False,,374469.0,6569.6,False,False,False,False,False,False,False,False,False,False,False,False,False,False,False,False,False,True,False,False,12.83326697192161
Joe Amabile,Jenna Johnson,TV Personality,Illinois,United States,32,27,Eliminated Week 8,6,5.0,4.0,5.0,,5.5,6.0,6.0,,6.0,6.0,6.0,,5.0,5.0,5.0,,6.0,5.0,6.0,,8.0,7.0,7.0,,8.0,7.5,8.0,,8.0,7.5,7.5,,0.0,0.0,0.0,,,,,,,,,,False,False,13,9,3,percentage,False,8,14.0,4.666666666666667,17.5,5.833333333333333,18.0,6.0,15.0,5.0,17.0,5.666666666666667,22.0,7.333333333333333,23.5,7.833333333333333,23.0,7.666666666666667,0.0,0.0,0.0,,0.0,,6.25,8.0,False,,32593.0,571.8,False,False,False,False,False,False,False,False,False,False,False,False,False,False,False,False,False,False,False,True,10.391883501335935
Kate Flannery,Pasha Pashkov,Actor/Actress,Pennsylvania,United States,55,28,Eliminated Week 8,7,5.0,5.0,5.0,,7.0,7.0,7.0,,8.0,8.0,8.0,,7.0,7.0,6.0,6.0,8.0,8.0,8.0,,9.0,9.0,9.0,,8.0,8.0,8.0,,8.6666,8.6666,8.6666,,0.0,0.0,0.0,0.0,0.0,0.0,0.0,,0.0,0.0,0.0,,False,False,12,11,4,rank,False,8,15.0,5.0,21.0,7.0,24.0,8.0,26.0,6.5,24.0,8.0,27.0,9.0,24.0,8.0,25.9998,8.6666,0.0,0.0,0.0,0.0,0.0,0.0,7.479991999999999,8.0,False,,325618.0,4586.2,True,False,False,False,False,False,False,False,False,False,False,False,False,False,False,False,False,False,False,False,12.69348326521636
James Van Der Beek,Emma Slater,Actor/Actress,Connecticut,United States,42,28,Eliminated Week 10,5,7.0,7.0,7.0,,7.0,6.0,7.0,,8.0,7.0,8.0,,7.0,7.0,7.0,7.0,9.0,8.0,9.0,,9.0,9.0,9.0,,9.0,9.0,9.0,,10.6666,10.6666,10.6666,,9.0,8.5,9.5,9.0,8.5,8.5,8.5,,0.0,0.0,0.0,,False,False,12,11,4,rank,False,10,21.0,7.0,20.0,6.666666666666667,23.0,7.666666666666667,28.0,7.0,26.0,8.666666666666666,27.0,9.0,27.0,9.0,31.9998,10.6666,36.0,9.0,25.5,8.5,0.0,0.0,8.296868750000002,10.0,False,,844879.0,11899.7,True,False,False,False,False,False,False,False,False,False,False,False,False,False,False,False,False,False,False,False,13.646949884420357
Kel Mitchell,Witney Carson,Actor/Actress,Illinois,United States,41,28,2nd Place,2,6.0,5.0,5.0,,7.0,6.0,7.0,,7.0,6.0,7.0,,8.0,8.0,8.0,8.0,9.0,8.0,9.0,,9.0,8.0,9.0,,8.5,8.5,8.5,,9.6666,9.6666,10.6666,,9.0,9.0,9.5,9.5,9.5,9.5,9.5,,10.0,9.5,10.0,,False,False,12,11,4,rank,False,11,16.0,5.333333333333333,20.0,6.666666666666667,20.0,6.666666666666667,32.0,8.0,26.0,8.666666666666666,26.0,8.666666666666666,25.5,8.5,29.9998,9.999933333333331,37.0,9.25,28.5,9.5,29.5,9.833333333333334,8.299994285714286,,True,2.0,439733.0,6193.4,True,False,False,False,False,False,False,False,False,False,False,False,False,False,False,False,False,False,False,False,12.993925277628612
Ray Lewis,Cheryl Burke,Athlete,Florida,United States,44,28,Withdrew,11,5.0,5.0,5.0,,5.0,5.0,5.0,,0.0,0.0,0.0,,0.0,0.0,0.0,0.0,0.0,0.0,0.0,,0.0,0.0,0.0,,0.0,0.0,0.0,,0.0,0.0,0.0,,0.0,0.0,0.0,0.0,0.0,0.0,0.0,,0.0,0.0,0.0,,True,False,12,11,4,rank,False,2,15.0,5.0,15.0,5.0,0.0,0.0,0.0,0.0,0.0,0.0,0.0,0.0,0.0,0.0,0.0,0.0,0.0,0.0,0.0,0.0,0.0,0.0,5.0,-1.0,False,,369117.0,5198.8,False,True,False,False,False,False,False,False,False,False,False,False,False,False,False,False,False,False,False,False,12.818871655100747
Lamar Odom,Peta Murgatroyd,Athlete,New York,United States,39,28,Eliminated Week 4,10,5.0,3.0,3.0,,4.0,4.0,4.0,,4.0,4.0,4.0,,5.0,7.0,4.0,4.0,0.0,0.0,0.0,,0.0,0.0,0.0,,0.0,0.0,0.0,,0.0,0.0,0.0,,0.0,0.0,0.0,0.0,0.0,0.0,0.0,,0.0,0.0,0.0,,False,False,12,11,4,rank,False,4,11.0,3.6666666666666665,12.0,4.0,12.0,4.0,20.0,5.0,0.0,0.0,0.0,0.0,0.0,0.0,0.0,0.0,0.0,0.0,0.0,0.0,0.0,0.0,4.230769230769231,4.0,False,,431693.0,6080.2,False,True,False,False,False,False,False,False,False,False,False,False,False,False,False,False,False,False,False,False,12.97547228290633
Sailor Brinkley-Cook,Valentin Chmerkovskiy,Model,New York,United States,21,28,Eliminated Week 6,9,6.0,6.0,6.0,,6.0,6.0,6.0,,7.0,8.0,8.0,,7.0,8.0,8.0,8.0,8.0,8.0,8.0,,9.0,9.0,9.0,,0.0,0.0,0.0,,0.0,0.0,0.0,,0.0,0.0,0.0,0.0,0.0,0.0,0.0,,0.0,0.0,0.0,,False,False,12,11,4,rank,False,6,18.0,6.0,18.0,6.0,23.0,7.666666666666667,31.0,7.75,24.0,8.0,27.0,9.0,0.0,0.0,0.0,0.0,0.0,0.0,0.0,0.0,0.0,0.0,7.421052631578948,6.0,False,,36321.0,511.6,False,False,False,False,False,False,False,False,False,True,False,False,False,False,False,False,False,False,False,False,10.500178897278444
Sean Spicer,Lindsay Arnold,Politician,New York,United States,48,28,Eliminated Week 9,6,4.0,4.0,4.0,,6.0,5.0,5.0,,5.0,5.0,5.0,,5.0,6.0,5.0,5.0,7.0,6.0,6.0,,7.0,7.0,7.0,,7.0,7.0,7.0,,7.0,7.0,6.0,,6.5,6.0,6.5,6.0,0.0,0.0,0.0,,0.0,0.0,0.0,,False,False,12,11,4,rank,False,9,12.0,4.0,16.0,5.333333333333333,15.0,5.0,21.0,5.25,19.0,6.333333333333333,21.0,7.0,21.0,7.0,20.0,6.666666666666667,25.0,6.25,0.0,0.0,0.0,0.0,5.862068965517241,9.0,False,,420698.0,5925.3,False,False,False,False,False,False,False,False,False,False,False,False,True,False,False,False,False,False,False,False,12.949672892585058
Mary Wilson,Brandon Armstrong,Singer/Rapper,Nevada,United States,75,28,Eliminated Week 2,12,6.0,5.0,6.0,,5.0,5.0,5.0,,0.0,0.0,0.0,,0.0,0.0,0.0,0.0,0.0,0.0,0.0,,0.0,0.0,0.0,,0.0,0.0,0.0,,0.0,0.0,0.0,,0.0,0.0,0.0,0.0,0.0,0.0,0.0,,0.0,0.0,0.0,,False,False,12,11,4,rank,False,2,17.0,5.666666666666667,15.0,5.0,0.0,0.0,0.0,0.0,0.0,0.0,0.0,0.0,0.0,0.0,0.0,0.0,0.0,0.0,0.0,0.0,0.0,0.0,5.333333333333333,2.0,False,,1410.0,19.9,False,False,False,False,False,False,False,False,False,False,False,False,False,False,False,False,True,False,False,False,7.252053951852814
Lauren Alaina,Gleb Savchenko,Singer/Rapper,Georgia,United States,24,28,4th Place,4,7.0,6.0,6.0,,6.0,6.0,7.0,,6.0,7.0,7.0,,8.0,8.0,8.0,8.0,8.0,7.0,8.0,,9.0,8.0,9.0,,9.0,9.0,9.0,,8.0,8.0,8.0,,9.0,9.0,8.5,8.5,9.0,9.0,9.0,,9.5,9.5,9.5,,False,False,12,11,4,rank,False,11,19.0,6.333333333333333,19.0,6.333333333333333,20.0,6.666666666666667,32.0,8.0,23.0,7.666666666666667,26.0,8.666666666666666,27.0,9.0,24.0,8.0,35.0,8.75,27.0,9.0,28.5,9.5,8.014285714285714,,False,,316023.0,4451.0,False,False,False,False,False,False,False,False,False,False,False,False,False,False,False,False,True,False,False,False,12.663573439052131
Ally Brooke,Sasha Farber,Singer/Rapper,Texas,United States,26,28,3rd Place,3,5.0,5.0,6.0,,7.0,6.0,7.0,,8.0,8.0,8.0,,8.0,8.0,8.0,8.0,9.0,9.0,9.0,,8.0,9.0,8.0,,9.0,9.0,9.0,,10.0,10.0,10.0,,10.0,10.0,10.0,10.0,10.0,9.5,10.0,,10.0,10.0,10.0,,False,False,12,11,4,rank,False,11,16.0,5.333333333333333,20.0,6.666666666666667,24.0,8.0,32.0,8.0,27.0,9.0,25.0,8.333333333333334,27.0,9.0,30.0,10.0,40.0,10.0,29.5,9.833333333333334,30.0,10.0,8.585714285714285,,True,3.0,352554.0,4965.5,False,False,False,False,False,False,False,False,False,False,False,False,False,False,False,False,True,False,False,False,12.772961917432095
Karamo Brown,Jenna Johnson,TV Personality,Texas,United States,38,28,Eliminated Week 7,8,6.0,5.0,6.0,,7.0,5.0,7.0,,5.0,5.0,6.0,,7.0,7.0,7.0,7.0,7.0,7.0,7.0,,9.0,8.0,8.0,,8.5,8.0,8.0,,0.0,0.0,0.0,,0.0,0.0,0.0,0.0,0.0,0.0,0.0,,0.0,0.0,0.0,,False,False,12,11,4,rank,False,7,17.0,5.666666666666667,19.0,6.333333333333333,16.0,5.333333333333333,28.0,7.0,21.0,7.0,25.0,8.333333333333334,24.5,8.166666666666666,0.0,0.0,0.0,0.0,0.0,0.0,0.0,0.0,6.840909090909091,7.0,False,,391590.0,5515.4,False,False,False,False,False,False,False,False,False,False,False,False,False,False,False,False,False,False,False,True,12.877973206739046
Hannah Brown,Alan Bersten,TV Personality,Alabama,United States,24,28,1st Place,1,7.0,7.0,6.0,,8.0,8.0,8.0,,7.0,7.0,7.0,,8.0,8.0,8.0,8.0,9.0,7.0,9.0,,8.0,8.0,8.0,,8.5,9.0,8.5,,10.6666,9.6666,10.6666,,9.0,8.5,9.0,9.0,9.0,9.0,9.0,,10.0,9.5,9.5,,False,False,12,11,4,rank,False,11,20.0,6.666666666666667,24.0,8.0,21.0,7.0,32.0,8.0,25.0,8.333333333333334,24.0,8.0,26.0,8.666666666666666,30.9998,10.333266666666669,35.5,8.875,27.0,9.0,29.0,9.666666666666666,8.414280000000002,,True,1.0,245231.0,3454.0,False,False,False,False,False,False,False,False,False,False,False,False,False,False,False,False,False,False,False,True,12.409959980238689
Anne Heche,Keo Motsepe,Actor/Actress,Ohio,United States,51,29,Eliminated Week 4,13,6.0,6.0,6.0,,6.0,6.0,6.0,,5.0,5.0,5.0,,7.0,7.0,7.0,,0.0,0.0,0.0,,0.0,0.0,0.0,,0.0,0.0,0.0,,0.0,0.0,0.0,,0.0,0.0,0.0,,0.0,0.0,0.0,,0.0,0.0,0.0,,False,False,15,11,3,rank,False,4,18.0,6.0,18.0,6.0,15.0,5.0,21.0,7.0,0.0,0.0,0.0,0.0,0.0,0.0,0.0,0.0,0.0,0.0,0.0,0.0,0.0,0.0,6.0,4.0,False,,820932.0,11562.4,True,False,False,False,False,False,False,False,False,False,False,False,False,False,False,False,False,False,False,False,13.618196777309096
Jesse Metcalfe,Sharna Burgess,Actor/Actress,California,United States,41,29,Eliminated Week 5,12,6.0,6.0,6.0,,7.0,7.0,6.0,,7.0,6.0,7.0,,7.0,7.0,7.0,,7.0,6.0,6.0,,0.0,0.0,0.0,,0.0,0.0,0.0,,0.0,0.0,0.0,,0.0,0.0,0.0,,0.0,0.0,0.0,,0.0,0.0,0.0,,False,False,15,11,3,rank,False,5,18.0,6.0,20.0,6.666666666666667,20.0,6.666666666666667,21.0,7.0,19.0,6.333333333333333,0.0,0.0,0.0,0.0,0.0,0.0,0.0,0.0,0.0,0.0,0.0,0.0,6.533333333333333,5.0,False,,617571.0,8698.2,True,False,False,False,False,False,False,False,False,False,False,False,False,False,False,False,False,False,False,False,13.333550939877396
Chrishell Stause,Gleb Savchenko,Actor/Actress,Kentucky,United States,39,29,Eliminated Week 8,8,4.0,5.0,4.0,,6.0,6.0,6.0,,7.0,7.0,8.0,,7.0,8.0,7.0,,6.0,6.0,7.0,,8.0,8.0,8.0,,9.0,9.0,8.0,,9.0,9.0,9.0,,0.0,0.0,0.0,,0.0,0.0,0.0,,0.0,0.0,0.0,,False,False,15,11,3,rank,False,8,13.0,4.333333333333333,18.0,6.0,22.0,7.333333333333333,22.0,7.333333333333333,19.0,6.333333333333333,24.0,8.0,26.0,8.666666666666666,27.0,9.0,0.0,0.0,0.0,0.0,0.0,0.0,7.125,8.0,False,,837843.0,11800.6,True,False,False,False,False,False,False,False,False,False,False,False,False,False,False,False,False,False,False,False,13.63858720461686
Skai Jackson,Alan Bersten,Actor/Actress,New York,United States,18,29,Eliminated Week 10,5,7.0,7.0,7.0,,5.0,5.0,5.0,,6.0,6.0,6.0,,10.0,9.0,9.0,,8.0,8.0,8.0,,6.0,6.0,6.0,,9.0,9.0,9.0,,8.6666,9.6666,8.6666,,9.6666,9.6666,9.6666,,9.5,9.5,9.5,,0.0,0.0,0.0,,False,False,15,11,3,rank,False,10,21.0,7.0,15.0,5.0,18.0,6.0,28.0,9.333333333333334,24.0,8.0,18.0,6.0,27.0,9.0,26.9998,8.999933333333333,28.9998,9.6666,28.5,9.5,0.0,0.0,7.849986666666665,10.0,False,,646279.0,9102.5,True,False,False,False,False,False,False,False,False,False,False,False,False,False,False,False,False,False,False,False,13.378988125390768
Justina Machado,Sasha Farber,Actor/Actress,Illinois,United States,48,29,4th Place,4,7.0,7.0,7.0,,7.0,7.0,7.0,,7.0,6.0,6.0,,8.0,8.0,8.0,,8.0,8.0,8.0,,9.0,9.0,9.0,,9.0,9.0,8.0,,9.6666,9.6666,9.6666,,8.6666,8.6666,8.6666,,9.5,10.0,9.5,,10.0,10.0,10.0,,False,False,15,11,3,rank,False,11,21.0,7.0,21.0,7.0,19.0,6.333333333333333,24.0,8.0,24.0,8.0,27.0,9.0,26.0,8.666666666666666,28.9998,9.6666,25.9998,8.6666,29.0,9.666666666666666,30.0,10.0,8.363624242424242,,False,,419981.0,5915.2,True,False,False,False,False,False,False,False,False,False,False,False,False,False,False,False,False,False,False,False,12.9479671321983
Charles Oakley,Emma Slater,Athlete,Ohio,United States,56,29,Eliminated Week 2,15,4.0,4.0,4.0,,5.0,5.0,5.0,,0.0,0.0,0.0,,0.0,0.0,0.0,,0.0,0.0,0.0,,0.0,0.0,0.0,,0.0,0.0,0.0,,0.0,0.0,0.0,,0.0,0.0,0.0,,0.0,0.0,0.0,,0.0,0.0,0.0,,False,False,15,11,3,rank,False,2,12.0,4.0,15.0,5.0,0.0,0.0,0.0,0.0,0.0,0.0,0.0,0.0,0.0,0.0,0.0,0.0,0.0,0.0,0.0,0.0,0.0,0.0,4.5,2.0,False,,196032.0,2761.0,False,True,False,False,False,False,False,False,False,False,False,False,False,False,False,False,False,False,False,False,12.186038291387401
Veron Davis,Peta Murgatroyd,Athlete,Washington D.C.,United States,36,29,Eliminated Week 6,11,5.0,6.0,6.0,,6.0,6.0,6.0,,8.0,7.0,7.0,,8.0,7.0,7.0,,7.0,7.0,7.0,,7.0,7.0,7.0,,0.0,0.0,0.0,,0.0,0.0,0.0,,0.0,0.0,0.0,,0.0,0.0,0.0,,0.0,0.0,0.0,,False,False,15,11,3,rank,False,6,17.0,5.666666666666667,18.0,6.0,22.0,7.333333333333333,22.0,7.333333333333333,21.0,7.0,21.0,7.0,0.0,0.0,0.0,0.0,0.0,0.0,0.0,0.0,0.0,0.0,6.722222222222222,6.0,False,,42726.0,601.8,False,True,False,False,False,False,False,False,False,False,False,False,False,False,False,False,False,False,False,False,10.662586317888776
Johnny Weir,Britt Stewart,Athlete,Pennsylvania,United States,36,29,Eliminated Week 10,6,6.0,6.0,6.0,,6.0,6.0,6.0,,8.0,8.0,8.0,,8.0,8.0,8.0,,10.0,10.0,9.0,,7.0,8.0,7.0,,9.0,9.0,9.0,,10.0,10.0,10.0,,10.0,10.0,10.0,,9.5,9.5,9.5,,0.0,0.0,0.0,,False,False,15,11,3,rank,False,10,18.0,6.0,18.0,6.0,24.0,8.0,24.0,8.0,29.0,9.666666666666666,22.0,7.333333333333333,27.0,9.0,30.0,10.0,30.0,10.0,28.5,9.5,0.0,0.0,8.35,10.0,False,,296525.0,4176.4,False,True,False,False,False,False,False,False,False,False,False,False,False,False,False,False,False,False,False,False,12.599890183288721
Nev Schulman,Jenna Johnson,Producer,New York,United States,35,29,2nd Place,2,7.0,7.0,6.0,,7.0,7.0,7.0,,8.0,8.0,8.0,,8.0,8.0,8.0,,8.0,9.0,9.0,,9.0,9.0,8.0,,10.0,10.0,10.0,,10.0,10.0,10.0,,9.6666,9.6666,9.6666,,10.0,10.0,10.0,,10.0,10.0,10.0,,False,False,15,11,3,rank,False,11,20.0,6.666666666666667,21.0,7.0,24.0,8.0,24.0,8.0,26.0,8.666666666666666,26.0,8.666666666666666,30.0,10.0,30.0,10.0,28.9998,9.6666,30.0,10.0,30.0,10.0,8.787872727272728,,True,2.0,385686.0,5432.2,False,False,False,False,False,False,False,False,False,False,False,False,False,True,False,False,False,False,False,False,12.86278143867626
AJ McLean,Cheryl Burke,Singer/Rapper,Florida,United States,42,29,Eliminated Week 9,7,6.0,6.0,6.0,,7.0,6.0,6.0,,7.0,7.0,7.0,,8.0,8.0,8.0,,8.0,8.0,8.0,,9.0,9.0,9.0,,9.0,8.0,9.0,,9.0,9.0,9.0,,7.6666,8.6666,8.6666,,0.0,0.0,0.0,,0.0,0.0,0.0,,False,False,15,11,3,rank,False,9,18.0,6.0,19.0,6.333333333333333,21.0,7.0,24.0,8.0,24.0,8.0,27.0,9.0,26.0,8.666666666666666,27.0,9.0,24.9998,8.333266666666667,0.0,0.0,0.0,0.0,7.8148074074074065,9.0,False,,207296.0,2919.7,False,False,False,False,False,False,False,False,False,False,False,False,False,False,False,False,True,False,False,False,12.241907826539125
Nelly,Daniella Karagach,Singer/Rapper,Texas,United States,45,29,3rd Place,3,5.0,5.0,6.0,,6.0,6.0,6.0,,6.0,6.0,6.0,,7.0,7.0,7.0,,8.0,8.0,8.0,,8.0,8.0,8.0,,9.0,9.0,9.0,,8.0,8.0,8.0,,8.0,8.0,8.0,,9.5,9.0,9.5,,9.5,9.5,9.5,,False,False,15,11,3,rank,False,11,16.0,5.333333333333333,18.0,6.0,18.0,6.0,21.0,7.0,24.0,8.0,24.0,8.0,27.0,9.0,24.0,8.0,24.0,8.0,28.0,9.333333333333334,28.5,9.5,7.651515151515151,,True,3.0,517529.0,7289.1,False,False,False,False,False,False,False,False,False,False,False,False,False,False,False,False,True,False,False,False,13.1568227734559
Kaitlyn Bristowe,Artem Chigvintsev,TV Personality,Non-US,Canada,35,29,1st Place,1,6.0,7.0,7.0,,7.0,8.0,7.0,,8.0,7.0,8.0,,9.0,8.0,8.0,,9.0,9.0,9.0,,9.0,9.0,9.0,,7.0,9.0,8.0,,9.0,10.0,9.0,,10.0,10.0,10.0,,10.0,10.0,10.0,,10.0,10.0,10.0,,False,False,15,11,3,rank,False,11,20.0,6.666666666666667,22.0,7.333333333333333,23.0,7.666666666666667,25.0,8.333333333333334,27.0,9.0,27.0,9.0,24.0,8.0,28.0,9.333333333333334,30.0,10.0,30.0,10.0,30.0,10.0,8.666666666666666,,True,1.0,224571.0,3163.0,False,False,False,False,False,False,False,False,False,False,False,False,False,False,False,False,False,False,False,True,12.321951647442
Carole Baskin,Pasha Pashkov,TV Personality,Texas,United States,59,29,Eliminated Week 3,14,4.0,4.0,3.0,,6.0,5.0,5.0,,5.0,4.0,3.0,,0.0,0.0,0.0,,0.0,0.0,0.0,,0.0,0.0,0.0,,0.0,0.0,0.0,,0.0,0.0,0.0,,0.0,0.0,0.0,,0.0,0.0,0.0,,0.0,0.0,0.0,,False,False,15,11,3,rank,False,3,11.0,3.6666666666666665,16.0,5.333333333333333,12.0,4.0,0.0,0.0,0.0,0.0,0.0,0.0,0.0,0.0,0.0,0.0,0.0,0.0,0.0,0.0,0.0,0.0,4.333333333333333,3.0,False,,650781.0,9165.9,False,False,False,False,False,False,False,False,False,False,False,False,False,False,False,False,False,False,False,True,13.385929995677774
Monica Aldama,Valentin Chmerkovskiy,TV Personality,Alabama,United States,48,29,Eliminated Week 7,10,6.0,7.0,6.0,,5.0,6.0,5.0,,7.0,7.0,7.0,,8.0,8.0,8.0,,9.0,9.0,8.0,,9.0,9.0,9.0,,7.0,8.0,7.0,,0.0,0.0,0.0,,0.0,0.0,0.0,,0.0,0.0,0.0,,0.0,0.0,0.0,,False,False,15,11,3,rank,False,7,19.0,6.333333333333333,16.0,5.333333333333333,21.0,7.0,24.0,8.0,26.0,8.666666666666666,27.0,9.0,22.0,7.333333333333333,0.0,0.0,0.0,0.0,0.0,0.0,0.0,0.0,7.380952380952381,7.0,False,,188469.0,2654.5,False,False,False,False,False,False,False,False,False,False,False,False,False,False,False,False,False,False,False,True,12.146694122010674
Jeannie Mai,Brandon Armstrong,TV Personality,California,United States,41,29,Withdrew,9,6.0,6.0,6.0,,6.0,6.0,6.0,,7.0,7.0,8.0,,7.0,7.0,7.0,,8.0,8.0,8.0,,8.0,8.0,9.0,,8.0,9.0,8.0,,0.0,0.0,0.0,,0.0,0.0,0.0,,0.0,0.0,0.0,,0.0,0.0,0.0,,True,False,15,11,3,rank,False,7,18.0,6.0,18.0,6.0,22.0,7.333333333333333,21.0,7.0,24.0,8.0,25.0,8.333333333333334,25.0,8.333333333333334,0.0,0.0,0.0,0.0,0.0,0.0,0.0,0.0,7.285714285714286,-1.0,False,,508990.0,7168.9,False,False,False,False,False,False,False,False,False,False,False,False,False,False,False,False,False,False,False,True,13.140185613647455
Martin Kove,Britt Stewart,Actor/Actress,New York,United States,75,30,Eliminated Week 2,15,4.0,3.0,3.0,3.0,4.0,3.0,4.0,4.0,0.0,0.0,0.0,,0.0,0.0,0.0,0.0,0.0,0.0,0.0,0.0,0.0,0.0,0.0,0.0,0.0,0.0,0.0,0.0,0.0,0.0,0.0,0.0,0.0,0.0,0.0,0.0,0.0,0.0,0.0,0.0,,,,,False,False,15,10,4,rank,False,2,13.0,3.25,15.0,3.75,0.0,0.0,0.0,0.0,0.0,0.0,0.0,0.0,0.0,0.0,0.0,0.0,0.0,0.0,0.0,0.0,0.0,,3.5,2.0,False,,165204.0,2581.3,True,False,False,False,False,False,False,False,False,False,False,False,False,False,False,False,False,False,False,False,12.014942405954823
Brian Austin Green,Sharna Burgess,Actor/Actress,California,United States,48,30,Eliminated Week 4,13,6.0,6.0,6.0,6.0,6.0,5.0,6.0,6.0,7.0,6.0,6.0,,6.5,6.0,7.0,6.5,0.0,0.0,0.0,0.0,0.0,0.0,0.0,0.0,0.0,0.0,0.0,0.0,0.0,0.0,0.0,0.0,0.0,0.0,0.0,0.0,0.0,0.0,0.0,0.0,,,,,False,False,15,10,4,rank,False,4,24.0,6.0,23.0,5.75,19.0,6.333333333333333,26.0,6.5,0.0,0.0,0.0,0.0,0.0,0.0,0.0,0.0,0.0,0.0,0.0,0.0,0.0,,6.133333333333334,4.0,False,,702384.0,10974.8,True,False,False,False,False,False,False,False,False,False,False,False,False,False,False,False,False,False,False,False,13.46223696572194
Melora Hardin,Artem Chigvintsev,Actor/Actress,Texas,United States,54,30,Eliminated Week 9,6,7.0,6.0,7.0,6.0,7.0,6.0,7.0,7.0,8.0,7.0,8.0,,9.0,9.5,9.0,9.0,9.0,9.0,9.0,9.0,8.0,9.0,8.0,9.0,9.5,9.5,9.5,9.5,10.5,10.5,10.5,10.5,8.5,9.5,9.0,9.0,0.0,0.0,0.0,0.0,,,,,False,False,15,10,4,rank,False,9,26.0,6.5,27.0,6.75,23.0,7.666666666666667,36.5,9.125,36.0,9.0,34.0,8.5,38.0,9.5,42.0,10.5,36.0,9.0,0.0,0.0,0.0,,8.528571428571428,9.0,False,,455402.0,7115.7,True,False,False,False,False,False,False,False,False,False,False,False,False,False,False,False,False,False,False,False,13.028938020205361
Matt James,Lindsay Arnold,Athlete,North Carolina,United States,29,30,Eliminated Week 4,12,6.0,6.0,6.0,6.0,5.0,5.0,6.0,6.0,7.0,6.0,7.0,,7.0,6.5,7.5,7.5,0.0,0.0,0.0,0.0,0.0,0.0,0.0,0.0,0.0,0.0,0.0,0.0,0.0,0.0,0.0,0.0,0.0,0.0,0.0,0.0,0.0,0.0,0.0,0.0,,,,,False,False,15,10,4,rank,False,4,24.0,6.0,22.0,5.5,20.0,6.666666666666667,28.5,7.125,0.0,0.0,0.0,0.0,0.0,0.0,0.0,0.0,0.0,0.0,0.0,0.0,0.0,,6.3,4.0,False,,281.0,4.5,False,True,False,False,False,False,False,False,False,False,False,False,False,False,False,False,False,False,False,False,5.641907070938114
"Mike ""The Miz"" Mizanin",Witney Carson,Athlete,Ohio,United States,40,30,Eliminated Week 7,9,6.0,6.0,6.0,6.0,7.0,5.0,7.0,7.0,7.0,7.0,8.0,,8.5,7.5,8.5,8.0,8.0,8.0,8.0,8.0,9.0,8.0,9.0,8.0,8.0,8.0,8.0,8.0,0.0,0.0,0.0,0.0,0.0,0.0,0.0,0.0,0.0,0.0,0.0,0.0,,,,,False,False,15,10,4,rank,False,7,24.0,6.0,26.0,6.5,22.0,7.333333333333333,32.5,8.125,32.0,8.0,34.0,8.5,32.0,8.0,0.0,0.0,0.0,0.0,0.0,0.0,0.0,,7.5,7.0,False,,230030.0,3594.2,False,True,False,False,False,False,False,False,False,False,False,False,False,False,False,False,False,False,False,False,12.345969361431669
Suni Lee,Sasha Farber,Athlete,Minnesota,United States,18,30,Eliminated Week 9,5,7.0,7.0,7.0,7.0,7.0,7.0,7.0,7.0,7.0,7.0,7.0,,8.5,8.0,9.0,8.5,9.0,9.0,9.0,9.0,9.0,9.0,9.0,9.0,8.25,8.25,8.25,9.25,10.5,10.5,10.5,10.5,10.0,9.0,9.5,9.0,0.0,0.0,0.0,0.0,,,,,False,False,15,10,4,rank,False,9,28.0,7.0,28.0,7.0,21.0,7.0,34.0,8.5,36.0,9.0,36.0,9.0,34.0,8.5,42.0,10.5,37.5,9.375,0.0,0.0,0.0,,8.471428571428572,9.0,False,,120759.0,1886.9,False,True,False,False,False,False,False,False,False,False,False,False,False,False,False,False,False,False,False,False,11.701560383820775
Iman Shumpert,Daniella Karagach,Athlete,Illinois,United States,31,30,1st Place,1,7.0,4.0,5.0,5.0,7.0,6.0,6.0,6.0,7.0,6.0,6.0,,8.5,6.5,8.5,8.0,7.0,7.0,7.0,7.0,10.0,10.0,10.0,10.0,9.5,7.5,8.5,8.5,9.0,8.0,9.0,9.0,9.5,9.0,10.0,9.0,10.0,10.0,10.0,10.0,,,,,False,False,15,10,4,rank,False,10,21.0,5.25,25.0,6.25,19.0,6.333333333333333,31.5,7.875,28.0,7.0,40.0,10.0,34.0,8.5,35.0,8.75,37.5,9.375,40.0,10.0,0.0,,7.9743589743589745,,True,1.0,354856.0,5544.6,False,True,False,False,False,False,False,False,False,False,False,False,False,False,False,False,False,False,False,False,12.779470170403622
Cody Rigsby,Cheryl Burke,Fitness Instructor,California,United States,34,30,3rd Place,3,6.0,6.0,6.0,6.0,6.0,6.0,6.0,6.0,6.0,6.0,6.0,,7.5,6.5,7.5,7.5,8.0,8.0,8.0,8.0,9.0,9.0,9.0,9.0,8.5,8.5,9.5,9.5,10.0,10.0,9.0,9.0,9.0,9.0,8.5,9.0,9.5,9.5,9.5,9.5,,,,,False,False,15,10,4,rank,False,10,24.0,6.0,24.0,6.0,18.0,6.0,29.0,7.25,32.0,8.0,36.0,9.0,36.0,9.0,38.0,9.5,35.5,8.875,38.0,9.5,0.0,,7.961538461538462,,True,3.0,39434.0,616.2,False,False,False,False,False,False,True,False,False,False,False,False,False,False,False,False,False,False,False,False,10.58240902583209
Melanie C,Gleb Savchenko,Singer/Rapper,Non-US,England,47,30,Eliminated Week 5,11,7.0,7.0,6.0,7.0,7.0,7.0,8.0,8.0,7.0,7.0,8.0,,8.0,8.0,8.5,8.5,9.0,9.0,9.0,9.0,0.0,0.0,0.0,0.0,0.0,0.0,0.0,0.0,0.0,0.0,0.0,0.0,0.0,0.0,0.0,0.0,0.0,0.0,0.0,0.0,,,,,False,False,15,10,4,rank,False,5,27.0,6.75,30.0,7.5,22.0,7.333333333333333,33.0,8.25,36.0,9.0,0.0,0.0,0.0,0.0,0.0,0.0,0.0,0.0,0.0,0.0,0.0,,7.7894736842105265,5.0,False,,299886.0,4685.7,False,False,False,False,False,False,False,False,False,False,False,False,False,False,False,False,True,False,False,False,12.611161016014965
Jimmie Allen,Emma Slater,Singer/Rapper,Delaware,United States,36,30,Eliminated Week 8,7,6.0,5.0,6.0,5.0,7.0,6.0,7.0,7.0,6.0,6.0,8.0,,8.5,7.5,8.5,8.0,8.0,8.0,9.0,9.0,10.0,9.0,10.0,9.0,9.0,9.0,10.0,10.0,8.0,8.0,8.0,8.0,0.0,0.0,0.0,0.0,0.0,0.0,0.0,0.0,,,,,False,False,15,10,4,rank,False,8,22.0,5.5,27.0,6.75,20.0,6.666666666666667,32.5,8.125,34.0,8.5,38.0,9.5,38.0,9.5,32.0,8.0,0.0,0.0,0.0,0.0,0.0,,7.854838709677419,8.0,False,,256049.0,4000.8,False,False,False,False,False,False,False,False,False,False,False,False,False,False,False,False,True,False,False,False,12.453128016890696
Olivia Jade,Valentin Chmerkovskiy,Social Media Personality,California,United States,21,30,Eliminated Week 8,8,7.0,6.0,6.0,6.0,7.0,6.0,7.0,7.0,8.0,8.0,8.0,,8.0,9.0,9.0,9.0,9.0,9.0,9.0,9.0,9.0,9.0,9.0,9.0,11.0,9.0,11.0,11.0,9.0,9.0,9.0,9.0,0.0,0.0,0.0,0.0,0.0,0.0,0.0,0.0,,,,,False,False,15,10,4,rank,False,8,25.0,6.25,27.0,6.75,24.0,8.0,35.0,8.75,36.0,9.0,36.0,9.0,42.0,10.5,36.0,9.0,0.0,0.0,0.0,0.0,0.0,,8.419354838709678,8.0,False,,236534.0,3695.8,False,False,False,False,False,False,False,False,False,False,False,False,False,False,False,False,False,True,False,False,12.373851467507796
JoJo Siwa,Jenna Johnson,Social Media Personality,Nebraska,United States,18,30,2nd Place,2,8.0,7.0,7.0,7.0,8.0,8.0,7.0,8.0,8.0,8.0,8.0,,8.5,8.5,9.0,9.0,10.0,10.0,10.0,10.0,10.0,10.0,10.0,10.0,10.0,9.0,10.0,10.0,10.5,9.5,10.5,10.5,10.0,10.0,10.0,10.0,10.0,10.0,10.0,10.0,,,,,False,False,15,10,4,rank,False,10,29.0,7.25,31.0,7.75,24.0,8.0,35.0,8.75,40.0,10.0,40.0,10.0,39.0,9.75,41.0,10.25,40.0,10.0,40.0,10.0,0.0,,9.205128205128204,,True,2.0,1072075.0,16751.2,False,False,False,False,False,False,False,False,False,False,False,False,False,False,False,False,False,True,False,False,13.885107513622303
Christine Chiu,Pasha Pashkov,TV Personality,Non-US,Taiwan China,38,30,Eliminated Week 3,14,6.0,7.0,6.0,6.0,6.0,6.0,6.0,6.0,7.0,7.0,7.0,,0.0,0.0,0.0,0.0,0.0,0.0,0.0,0.0,0.0,0.0,0.0,0.0,0.0,0.0,0.0,0.0,0.0,0.0,0.0,0.0,0.0,0.0,0.0,0.0,0.0,0.0,0.0,0.0,,,,,False,False,15,10,4,rank,False,3,25.0,6.25,24.0,6.0,21.0,7.0,0.0,0.0,0.0,0.0,0.0,0.0,0.0,0.0,0.0,0.0,0.0,0.0,0.0,0.0,0.0,,6.363636363636363,3.0,False,,53085.0,829.5,False,False,False,False,False,False,False,False,False,False,False,False,False,False,False,False,False,False,False,True,10.879668518983348
Kenya Moore,Brandon Armstrong,TV Personality,Michigan,United States,50,30,Eliminated Week 6,10,7.0,6.0,6.0,7.0,6.0,6.0,6.0,6.0,7.0,7.0,7.0,,7.0,7.0,8.0,7.5,9.0,9.0,9.0,9.0,8.0,8.0,8.0,8.0,0.0,0.0,0.0,0.0,0.0,0.0,0.0,0.0,0.0,0.0,0.0,0.0,0.0,0.0,0.0,0.0,,,,,False,False,15,10,4,rank,False,6,26.0,6.5,24.0,6.0,21.0,7.0,29.5,7.375,36.0,9.0,32.0,8.0,0.0,0.0,0.0,0.0,0.0,0.0,0.0,0.0,0.0,,7.326086956521739,6.0,False,,166572.0,2602.7,False,False,False,False,False,False,False,False,False,False,False,False,False,False,False,False,False,False,False,True,12.023188930755026
Amanda Kloots,Alan Bersten,TV Personality,Ohio,United States,39,30,4th Place,4,7.0,7.0,7.0,7.0,8.0,8.0,8.0,8.0,8.0,8.0,8.0,,8.5,8.5,8.5,8.5,10.0,10.0,9.0,10.0,9.0,9.0,10.0,10.0,8.25,8.25,8.25,9.25,10.5,10.5,10.5,10.5,9.5,10.0,10.0,10.0,9.5,10.0,9.5,10.0,,,,,False,False,15,10,4,rank,False,10,28.0,7.0,32.0,8.0,24.0,8.0,34.0,8.5,39.0,9.75,38.0,9.5,34.0,8.5,42.0,10.5,39.5,9.875,39.0,9.75,0.0,,8.961538461538462,,False,,437112.0,6829.9,False,False,False,False,False,False,False,False,False,False,False,False,False,False,False,False,False,False,False,True,12.98794702188706
Jason Lewis,Peta Murgatroyd,Actor/Actress,California,United States,51,31,Eliminated Week 1,16,5.0,4.0,4.0,5.0,0.0,0.0,0.0,0.0,0.0,0.0,0.0,0.0,0.0,0.0,0.0,0.0,0.0,0.0,0.0,0.0,0.0,0.0,0.0,0.0,0.0,0.0,0.0,0.0,0.0,0.0,0.0,0.0,0.0,0.0,0.0,0.0,0.0,0.0,0.0,0.0,,,,,False,False,16,10,4,rank,False,1,18.0,4.5,0.0,0.0,0.0,0.0,0.0,0.0,0.0,0.0,0.0,0.0,0.0,0.0,0.0,0.0,0.0,0.0,0.0,0.0,0.0,,4.5,1.0,False,,100735.0,1574.0,True,False,False,False,False,False,False,False,False,False,False,False,False,False,False,False,False,False,False,False,11.520258512337021
Cheryl Ladd,Louis van Amstel,Actor/Actress,South Dakota,United States,71,31,Eliminated Week 3,14,6.0,5.0,5.0,5.0,5.0,6.0,5.0,5.0,6.0,6.0,6.0,6.0,0.0,0.0,0.0,0.0,0.0,0.0,0.0,0.0,0.0,0.0,0.0,0.0,0.0,0.0,0.0,0.0,0.0,0.0,0.0,0.0,0.0,0.0,0.0,0.0,0.0,0.0,0.0,0.0,,,,,False,False,16,10,4,rank,False,3,21.0,5.25,21.0,5.25,24.0,6.0,0.0,0.0,0.0,0.0,0.0,0.0,0.0,0.0,0.0,0.0,0.0,0.0,0.0,0.0,0.0,,5.5,3.0,False,,174009.0,2718.9,True,False,False,False,False,False,False,False,False,False,False,False,False,False,False,False,False,False,False,False,12.066868047809624
Selma Blair,Sasha Farber,Actor/Actress,Michigan,United States,50,31,Withdrew,12,7.0,7.0,7.0,7.0,7.0,7.0,7.0,7.0,7.0,7.0,7.0,7.0,8.0,8.0,8.0,8.0,10.0,10.0,10.0,10.0,0.0,0.0,0.0,0.0,0.0,0.0,0.0,0.0,0.0,0.0,0.0,0.0,0.0,0.0,0.0,0.0,0.0,0.0,0.0,0.0,,,,,True,False,16,10,4,rank,False,5,28.0,7.0,28.0,7.0,28.0,7.0,32.0,8.0,40.0,10.0,0.0,0.0,0.0,0.0,0.0,0.0,0.0,0.0,0.0,0.0,0.0,,7.8,-1.0,False,,657933.0,10280.2,True,False,False,False,False,False,False,False,False,False,False,False,False,False,False,False,False,False,False,False,13.396859901325309
Joseph Baena,Daniella Karagach,Actor/Actress,California,United States,24,31,Eliminated Week 5,11,6.0,5.0,6.0,6.0,6.0,6.0,6.0,6.0,8.0,7.0,7.0,7.0,7.0,7.0,7.0,7.0,9.0,8.5,9.0,8.5,0.0,0.0,0.0,0.0,0.0,0.0,0.0,0.0,0.0,0.0,0.0,0.0,0.0,0.0,0.0,0.0,0.0,0.0,0.0,0.0,,,,,False,False,16,10,4,rank,False,5,23.0,5.75,24.0,6.0,29.0,7.25,28.0,7.0,35.0,8.75,0.0,0.0,0.0,0.0,0.0,0.0,0.0,0.0,0.0,0.0,0.0,,6.95,5.0,False,,291203.0,4550.0,True,False,False,False,False,False,False,False,False,False,False,False,False,False,False,False,False,False,False,False,12.581779331474063
Trevor Donovan,Emma Slater,Actor/Actress,California,United States,39,31,Eliminated Week 9,6,5.0,5.0,5.0,6.0,7.0,7.0,8.0,8.0,7.0,6.0,7.0,7.0,7.0,7.0,7.0,7.0,9.0,9.0,9.0,9.0,9.0,8.0,8.0,9.0,10.0,9.0,10.0,10.0,9.25,10.25,9.25,10.25,8.5,8.0,8.0,8.0,0.0,0.0,0.0,0.0,,,,,False,False,16,10,4,rank,False,9,21.0,5.25,30.0,7.5,27.0,6.75,28.0,7.0,36.0,9.0,34.0,8.5,39.0,9.75,39.0,9.75,32.5,8.125,0.0,0.0,0.0,,7.958333333333333,9.0,False,,301354.0,4708.7,True,False,False,False,False,False,False,False,False,False,False,False,False,False,False,False,False,False,False,False,12.616044250776199
Daniel Durant,Britt Stewart,Actor/Actress,Michigan,United States,32,31,Eliminated Week 9,5,7.0,6.0,7.0,7.0,7.0,7.0,7.0,8.0,8.0,7.0,8.0,8.0,7.0,7.0,7.0,8.0,8.125,8.125,8.625,8.625,9.0,8.0,8.0,9.0,9.0,8.5,9.5,9.5,10.0,9.0,10.0,10.0,9.0,8.0,9.0,8.5,0.0,0.0,0.0,0.0,,,,,False,False,16,10,4,rank,False,9,27.0,6.75,29.0,7.25,31.0,7.75,29.0,7.25,33.5,8.375,34.0,8.5,36.5,9.125,39.0,9.75,34.5,8.625,0.0,0.0,0.0,,8.152777777777779,9.0,False,,156570.0,2446.4,True,False,False,False,False,False,False,False,False,False,False,False,False,False,False,False,False,False,False,False,11.96126486020476
Wayne Brady,Witney Carson,Comedian,Georgia,United States,50,31,3rd Place,3,7.0,7.0,7.0,8.0,8.0,8.0,8.0,8.0,8.0,8.0,8.0,9.0,9.0,9.0,9.0,9.0,10.125,10.125,10.125,10.625,8.0,9.0,8.0,9.0,9.5,9.0,9.5,10.0,11.25,11.25,11.25,11.25,9.5,9.0,9.0,9.0,9.5,9.5,9.5,9.5,,,,,False,False,16,10,4,rank,False,10,29.0,7.25,32.0,8.0,33.0,8.25,36.0,9.0,41.0,10.25,34.0,8.5,38.0,9.5,45.0,11.25,36.5,9.125,38.0,9.5,0.0,,9.0625,,True,3.0,307369.0,4802.6,False,False,True,False,False,False,False,False,False,False,False,False,False,False,False,False,False,False,False,False,12.635807512611077
Sam Champion,Cheryl Burke,News Anchor,Kentucky,United States,61,31,Eliminated Week 4,13,5.0,5.0,5.0,5.0,6.0,6.0,7.0,7.0,6.0,6.0,6.0,7.0,7.0,6.0,6.0,6.0,0.0,0.0,0.0,0.0,0.0,0.0,0.0,0.0,0.0,0.0,0.0,0.0,0.0,0.0,0.0,0.0,0.0,0.0,0.0,0.0,0.0,0.0,0.0,0.0,,,,,False,False,16,10,4,rank,False,4,20.0,5.0,26.0,6.5,25.0,6.25,25.0,6.25,0.0,0.0,0.0,0.0,0.0,0.0,0.0,0.0,0.0,0.0,0.0,0.0,0.0,,6.0,4.0,False,,68535.0,1070.9,False,False,False,False,False,False,False,False,False,False,False,True,False,False,False,False,False,False,False,False,11.13511443364388
Jessie James Decker,Alan Bersten,Singer/Rapper,Non-US,Italy,34,31,Eliminated Week 6,10,5.0,5.0,5.0,5.0,7.0,6.0,6.0,6.0,6.0,6.0,7.0,7.0,8.0,7.0,8.0,8.0,8.875,8.875,9.375,8.875,8.0,8.0,8.0,8.0,0.0,0.0,0.0,0.0,0.0,0.0,0.0,0.0,0.0,0.0,0.0,0.0,0.0,0.0,0.0,0.0,,,,,False,False,16,10,4,rank,False,6,20.0,5.0,25.0,6.25,26.0,6.5,31.0,7.75,36.0,9.0,32.0,8.0,0.0,0.0,0.0,0.0,0.0,0.0,0.0,0.0,0.0,,7.083333333333333,6.0,False,,169229.0,2644.2,False,False,False,False,False,False,False,False,False,False,False,False,False,False,False,False,True,False,False,False,12.039014015402131
Jordin Sparks,Brandon Armstrong,Singer/Rapper,Arizona,United States,32,31,Eliminated Week 7,9,7.0,6.0,6.0,7.0,7.0,6.0,7.0,7.0,7.0,7.0,7.0,8.0,9.0,8.0,8.0,9.0,8.875,8.375,8.875,9.375,9.0,8.0,8.0,9.0,8.5,9.0,8.5,8.5,0.0,0.0,0.0,0.0,0.0,0.0,0.0,0.0,0.0,0.0,0.0,0.0,,,,,False,False,16,10,4,rank,False,7,26.0,6.5,27.0,6.75,29.0,7.25,34.0,8.5,35.5,8.875,34.0,8.5,34.5,8.625,0.0,0.0,0.0,0.0,0.0,0.0,0.0,,7.857142857142857,7.0,False,,178034.0,2781.8,False,False,False,False,False,False,False,False,False,False,False,False,False,False,False,False,True,False,False,False,12.089735439158716
Heidi D'Amelio,Artem Chigvintsev,Social Media Personality,Louisiana,United States,50,31,Eliminated Week 8,8,6.0,6.0,6.0,6.0,7.0,7.0,7.0,7.0,8.0,8.0,8.0,8.0,9.0,8.0,8.0,9.0,9.625,10.125,9.625,9.625,9.0,9.0,9.0,9.0,8.5,9.0,9.0,8.5,9.0,8.0,9.0,9.0,0.0,0.0,0.0,0.0,0.0,0.0,0.0,0.0,,,,,False,False,16,10,4,rank,False,8,24.0,6.0,28.0,7.0,32.0,8.0,34.0,8.5,39.0,9.75,36.0,9.0,35.0,8.75,35.0,8.75,0.0,0.0,0.0,0.0,0.0,,8.21875,8.0,False,,470844.0,7356.9,False,False,False,False,False,False,False,False,False,False,False,False,False,False,False,False,False,True,False,False,13.062284231788697
Charli D'Amelio,Mark Ballas,Social Media Personality,Connecticut,United States,18,31,1st Place,1,8.0,8.0,8.0,8.0,8.0,8.0,8.0,8.0,8.0,8.0,8.0,9.0,9.0,9.0,9.0,9.0,10.375,10.375,10.375,10.875,10.0,10.0,10.0,10.0,9.5,9.5,10.0,10.0,11.25,11.25,11.25,11.25,10.0,10.0,10.0,10.0,10.0,10.0,10.0,10.0,,,,,False,False,16,10,4,rank,False,10,32.0,8.0,32.0,8.0,33.0,8.25,36.0,9.0,42.0,10.5,40.0,10.0,39.0,9.75,45.0,11.25,40.0,10.0,40.0,10.0,0.0,,9.475,,True,1.0,470844.0,7356.9,False,False,False,False,False,False,False,False,False,False,False,False,False,False,False,False,False,True,False,False,13.062284231788697
Teresa Giudice,Pasha Pashkov,TV Personality,New Jersey,United States,50,31,Eliminated Week 2,15,5.0,5.0,5.0,5.0,6.0,5.0,6.0,6.0,0.0,0.0,0.0,0.0,0.0,0.0,0.0,0.0,0.0,0.0,0.0,0.0,0.0,0.0,0.0,0.0,0.0,0.0,0.0,0.0,0.0,0.0,0.0,0.0,0.0,0.0,0.0,0.0,0.0,0.0,0.0,0.0,,,,,False,False,16,10,4,rank,False,2,20.0,5.0,23.0,5.75,0.0,0.0,0.0,0.0,0.0,0.0,0.0,0.0,0.0,0.0,0.0,0.0,0.0,0.0,0.0,0.0,0.0,,5.375,2.0,False,,110157.0,1721.2,False,False,False,False,False,False,False,False,False,False,False,False,False,False,False,False,False,False,False,True,11.609670977827413
Vinny Guadagnino,Koko Iwasaki,TV Personality,New York,United States,34,31,Eliminated Week 8,7,4.0,4.0,5.0,4.0,7.0,6.0,7.0,7.0,6.0,5.0,6.0,6.0,8.0,7.0,7.0,7.0,7.75,7.75,7.75,7.75,7.0,7.0,7.0,7.0,7.5,8.0,8.0,8.0,8.0,7.0,7.0,7.0,0.0,0.0,0.0,0.0,0.0,0.0,0.0,0.0,,,,,False,False,16,10,4,rank,False,8,17.0,4.25,27.0,6.75,23.0,5.75,29.0,7.25,31.0,7.75,28.0,7.0,31.5,7.875,29.0,7.25,0.0,0.0,0.0,0.0,0.0,,6.734375,8.0,False,,85859.0,1341.5,False,False,False,False,False,False,False,False,False,False,False,False,False,False,False,False,False,False,False,True,11.360473341778551
Shangela,Gleb Savchenko,TV Personality,Texas,United States,40,31,4th Place,4,7.0,7.0,7.0,7.0,7.0,7.0,7.0,7.0,8.0,7.0,7.0,8.0,8.0,8.0,8.0,8.0,9.75,9.25,9.75,9.75,9.0,9.0,9.0,9.0,9.0,9.5,9.0,9.0,11.25,10.25,10.25,10.25,9.5,9.0,9.0,9.0,9.5,9.5,9.5,9.5,,,,,False,False,16,10,4,rank,False,10,28.0,7.0,28.0,7.0,30.0,7.5,32.0,8.0,38.5,9.625,36.0,9.0,36.5,9.125,42.0,10.5,36.5,9.125,38.0,9.5,0.0,,8.6375,,False,,136614.0,2134.6,False,False,False,False,False,False,False,False,False,False,False,False,False,False,False,False,False,False,False,True,11.824922029753438
Gabby Windey,Valentin Chmerkovskiy,TV Personality,Illinois,United States,31,31,2nd Place,2,7.0,7.0,7.0,7.0,8.0,8.0,8.0,8.0,8.0,8.0,8.0,9.0,9.0,9.0,9.0,9.0,10.25,10.25,10.25,10.25,9.0,9.0,9.0,10.0,9.0,9.0,8.5,9.0,10.0,10.0,10.0,10.0,10.0,10.0,10.0,10.0,10.0,10.0,10.0,10.0,,,,,False,False,16,10,4,rank,False,10,28.0,7.0,32.0,8.0,33.0,8.25,36.0,9.0,41.0,10.25,37.0,9.25,35.5,8.875,40.0,10.0,40.0,10.0,40.0,10.0,0.0,,9.0625,,True,2.0,137227.0,2144.2,False,False,False,False,False,False,False,False,False,False,False,False,False,False,False,False,False,False,False,True,11.829399055084751
Jamie Lynn Spears,Alan Bersten,Actor/Actress,Mississippi,United States,32,32,Eliminated Week 2,13,5.0,5.0,5.0,,6.0,5.0,5.0,,0.0,0.0,0.0,0.0,0.0,0.0,0.0,,0.0,0.0,0.0,,0.0,0.0,0.0,0.0,0.0,0.0,0.0,0.0,0.0,0.0,0.0,0.0,0.0,0.0,0.0,0.0,0.0,0.0,0.0,,0.0,0.0,0.0,,False,False,14,11,4,rank,False,2,15.0,5.0,16.0,5.333333333333333,0.0,0.0,0.0,0.0,0.0,0.0,0.0,0.0,0.0,0.0,0.0,0.0,0.0,0.0,0.0,0.0,0.0,0.0,5.166666666666667,2.0,False,,1246745.0,21872.7,True,False,False,False,False,False,False,False,False,False,False,False,False,False,False,False,False,False,False,False,14.036047515061535
Mira Sorvino,Gleb Savchenko,Actor/Actress,New York,United States,55,32,Eliminated Week 5,10,6.0,5.0,6.0,,6.0,6.0,6.0,,6.0,6.0,7.0,7.0,7.0,7.0,7.0,,7.0,8.0,7.0,,0.0,0.0,0.0,0.0,0.0,0.0,0.0,0.0,0.0,0.0,0.0,0.0,0.0,0.0,0.0,0.0,0.0,0.0,0.0,,0.0,0.0,0.0,,False,False,14,11,4,rank,False,5,17.0,5.666666666666667,18.0,6.0,26.0,6.5,21.0,7.0,22.0,7.333333333333333,0.0,0.0,0.0,0.0,0.0,0.0,0.0,0.0,0.0,0.0,0.0,0.0,6.5,5.0,False,,866207.0,15196.6,True,False,False,False,False,False,False,False,False,False,False,False,False,False,False,False,False,False,False,False,13.671880343462337
Barry Williams,Peta Murgatroyd,Actor/Actress,California,United States,68,32,Eliminated Week 8,7,6.0,5.0,5.0,,5.0,5.0,5.0,,6.0,6.0,7.0,6.0,6.0,6.0,6.0,,8.0,8.0,8.0,,8.25,7.25,8.25,8.25,8.0,8.0,8.5,8.0,8.75,8.75,8.75,8.75,0.0,0.0,0.0,0.0,0.0,0.0,0.0,,0.0,0.0,0.0,,False,False,14,11,4,rank,False,8,16.0,5.333333333333333,15.0,5.0,25.0,6.25,18.0,6.0,24.0,8.0,32.0,8.0,32.5,8.125,35.0,8.75,0.0,0.0,0.0,0.0,0.0,0.0,7.053571428571429,8.0,False,,682230.0,11968.9,True,False,False,False,False,False,False,False,False,False,False,False,False,False,False,False,False,False,False,False,13.433123589153846
Alyson Hannigan,Sasha Farber,Actor/Actress,Washington D.C.,United States,49,32,5th Place,5,5.0,4.0,4.0,,7.0,6.0,6.0,,6.0,6.0,6.0,6.0,6.0,6.0,6.0,,7.0,7.0,7.0,,7.5,7.5,7.5,8.5,8.5,8.5,9.5,8.5,8.75,8.75,9.75,8.75,7.75,7.75,8.75,7.75,8.5,8.5,8.5,,9.0,8.5,9.0,,False,False,14,11,4,rank,False,11,13.0,4.333333333333333,19.0,6.333333333333333,24.0,6.0,18.0,6.0,21.0,7.0,31.0,7.75,35.0,8.75,36.0,9.0,32.0,8.0,25.5,8.5,26.5,8.833333333333334,7.394736842105263,,False,,604544.0,10606.0,True,False,False,False,False,False,False,False,False,False,False,False,False,False,False,False,False,False,False,False,13.312231387953684
Xochitl Gomez,Valentin Chmerkovskiy,Actor/Actress,California,United States,17,32,1st Place,1,6.0,6.0,6.0,,8.0,8.0,8.0,,8.0,8.0,8.0,8.0,9.0,9.0,9.0,,9.0,10.0,9.0,,10.25,10.25,11.25,10.25,9.5,9.0,9.5,9.0,10.0,10.0,10.0,10.0,9.75,9.75,10.75,10.75,10.0,10.0,10.0,,10.0,10.0,10.0,,False,False,14,11,4,rank,False,11,18.0,6.0,24.0,8.0,32.0,8.0,27.0,9.0,28.0,9.333333333333334,42.0,10.5,37.0,9.25,40.0,10.0,41.0,10.25,30.0,10.0,30.0,10.0,9.18421052631579,,True,1.0,468697.0,8222.8,True,False,False,False,False,False,False,False,False,False,False,False,False,False,False,False,False,False,False,False,13.057713916779868
Adrian Peterson,Britt Stewart,Athlete,Texas,United States,38,32,Eliminated Week 4,11,6.0,6.0,6.0,,5.0,5.0,5.0,,5.0,5.0,6.0,6.0,7.0,7.0,7.0,,0.0,0.0,0.0,,0.0,0.0,0.0,0.0,0.0,0.0,0.0,0.0,0.0,0.0,0.0,0.0,0.0,0.0,0.0,0.0,0.0,0.0,0.0,,0.0,0.0,0.0,,False,False,14,11,4,rank,False,4,18.0,6.0,15.0,5.0,22.0,5.5,21.0,7.0,0.0,0.0,0.0,0.0,0.0,0.0,0.0,0.0,0.0,0.0,0.0,0.0,0.0,0.0,5.846153846153846,4.0,False,,347558.0,6097.5,False,True,False,False,False,False,False,False,False,False,False,False,False,False,False,False,False,False,False,False,12.758689713747945
Matt Walsh,Koko Iwasaki,Comedian,Illinois,United States,58,32,Eliminated Week 1,14,4.0,4.0,4.0,,0.0,0.0,0.0,,0.0,0.0,0.0,0.0,0.0,0.0,0.0,,0.0,0.0,0.0,,0.0,0.0,0.0,0.0,0.0,0.0,0.0,0.0,0.0,0.0,0.0,0.0,0.0,0.0,0.0,0.0,0.0,0.0,0.0,,0.0,0.0,0.0,,False,False,14,11,4,rank,False,1,12.0,4.0,0.0,0.0,0.0,0.0,0.0,0.0,0.0,0.0,0.0,0.0,0.0,0.0,0.0,0.0,0.0,0.0,0.0,0.0,0.0,0.0,4.0,1.0,False,,139834.0,2453.2,False,False,True,False,False,False,False,False,False,False,False,False,False,False,False,False,False,False,False,False,11.84821843510139
Tyson Beckford,Jenna Johnson,Model,New York,United States,52,32,Eliminated Week 3,12,4.0,4.0,4.0,,6.0,6.0,6.0,,5.0,5.0,5.0,5.0,0.0,0.0,0.0,,0.0,0.0,0.0,,0.0,0.0,0.0,0.0,0.0,0.0,0.0,0.0,0.0,0.0,0.0,0.0,0.0,0.0,0.0,0.0,0.0,0.0,0.0,,0.0,0.0,0.0,,False,False,14,11,4,rank,False,3,12.0,4.0,18.0,6.0,20.0,5.0,0.0,0.0,0.0,0.0,0.0,0.0,0.0,0.0,0.0,0.0,0.0,0.0,0.0,0.0,0.0,0.0,5.0,3.0,False,,166622.0,2923.2,False,False,False,False,False,False,False,False,False,True,False,False,False,False,False,False,False,False,False,False,12.023489054408223
Jason Mraz,Daniella Karagach,Singer/Rapper,Virginia,United States,46,32,2nd Place,2,7.0,7.0,7.0,,8.0,8.0,8.0,,9.0,8.0,9.0,8.0,8.0,8.0,8.0,,9.0,9.0,9.0,,9.75,9.75,9.75,9.75,8.5,8.5,10.0,9.0,8.0,9.0,8.0,8.0,10.75,10.75,10.75,10.75,9.5,9.5,9.5,,10.0,10.0,10.0,,False,False,14,11,4,rank,False,11,21.0,7.0,24.0,8.0,34.0,8.5,24.0,8.0,27.0,9.0,39.0,9.75,36.0,9.0,33.0,8.25,43.0,10.75,28.5,9.5,30.0,10.0,8.93421052631579,,True,2.0,500200.0,8775.4,False,False,False,False,False,False,False,False,False,False,False,False,False,False,False,False,True,False,False,False,13.122765296623978
Lele Pons,Brandon Armstrong,Social Media Personality,Non-US,Venezuela,27,32,Eliminated Week 7,8,6.0,7.0,6.0,,7.0,7.0,7.0,,7.0,6.0,7.0,7.0,7.0,7.0,8.0,,8.0,8.0,8.0,,9.0,9.0,9.0,10.0,9.5,9.0,9.0,9.0,0.0,0.0,0.0,0.0,0.0,0.0,0.0,0.0,0.0,0.0,0.0,,0.0,0.0,0.0,,False,False,14,11,4,rank,False,7,19.0,6.333333333333333,21.0,7.0,27.0,6.75,22.0,7.333333333333333,24.0,8.0,37.0,9.25,36.5,9.125,0.0,0.0,0.0,0.0,0.0,0.0,0.0,0.0,7.770833333333333,7.0,False,,270624.0,4747.8,False,False,False,False,False,False,False,False,False,False,False,False,False,False,False,False,False,True,False,False,12.508489377738892
Harry Jowsey,Rylee Arnold,TV Personality,Non-US,Australia,26,32,Eliminated Week 9,6,4.0,4.0,4.0,,5.0,5.0,5.0,,6.0,5.0,7.0,6.0,7.0,7.0,7.0,,6.0,6.0,6.0,,7.25,7.25,7.25,7.25,8.0,8.0,8.0,8.0,7.0,7.0,7.0,7.0,8.0,7.0,8.0,7.0,0.0,0.0,0.0,,0.0,0.0,0.0,,False,False,14,11,4,rank,False,9,12.0,4.0,15.0,5.0,24.0,6.0,21.0,7.0,18.0,6.0,29.0,7.25,32.0,8.0,28.0,7.0,30.0,7.5,0.0,0.0,0.0,0.0,6.53125,9.0,False,,57964.0,1016.9,False,False,False,False,False,False,False,False,False,False,False,False,False,False,False,False,False,False,False,True,10.967594659104503
Mauricio Umansky,Emma Slater,TV Personality,Non-US,Mexico,53,32,Eliminated Week 6,9,5.0,5.0,5.0,,4.0,4.0,4.0,,7.0,5.0,6.0,5.0,7.0,6.0,6.0,,8.0,8.0,8.0,,8.5,8.5,7.5,8.5,0.0,0.0,0.0,0.0,0.0,0.0,0.0,0.0,0.0,0.0,0.0,0.0,0.0,0.0,0.0,,0.0,0.0,0.0,,False,False,14,11,4,rank,False,6,15.0,5.0,12.0,4.0,23.0,5.75,19.0,6.333333333333333,24.0,8.0,33.0,8.25,0.0,0.0,0.0,0.0,0.0,0.0,0.0,0.0,0.0,0.0,6.3,6.0,False,,43749.0,767.5,False,False,False,False,False,False,False,False,False,False,False,False,False,False,False,False,False,False,False,True,10.68624689178576
Ariana Madix,Pasha Pashkov,TV Personality,Florida,United States,38,32,3rd Place,3,7.0,7.0,7.0,,6.0,7.0,7.0,,9.0,8.0,9.0,8.0,8.0,9.0,8.0,,8.0,8.0,8.0,,10.0,10.0,10.0,11.0,9.0,9.0,10.0,9.0,9.75,10.75,10.75,10.75,9.0,9.0,9.0,10.0,9.5,9.5,10.0,,9.5,10.0,10.0,,False,False,14,11,4,rank,False,11,21.0,7.0,20.0,6.666666666666667,34.0,8.5,25.0,8.333333333333334,24.0,8.0,41.0,10.25,37.0,9.25,42.0,10.5,37.0,9.25,29.0,9.666666666666666,29.5,9.833333333333334,8.93421052631579,,True,3.0,295289.0,5180.5,False,False,False,False,False,False,False,False,False,False,False,False,False,False,False,False,False,False,False,True,12.595713203291366
Tori Spelling,Pasha Pashkov,Actor/Actress,California,United States,51,33,Eliminated Week 2,12,6.0,6.0,5.0,,7.0,6.0,6.0,,0.0,0.0,0.0,0.0,0.0,0.0,0.0,0.0,0.0,0.0,0.0,,0.0,0.0,0.0,,0.0,0.0,0.0,,0.0,0.0,0.0,,0.0,0.0,0.0,,,,,,,,,,False,False,13,9,4,rank,False,2,17.0,5.666666666666667,19.0,6.333333333333333,0.0,0.0,0.0,0.0,0.0,0.0,0.0,0.0,0.0,0.0,0.0,0.0,0.0,0.0,0.0,,0.0,,6.0,2.0,False,,325333.0,4582.2,True,False,False,False,False,False,False,False,False,False,False,False,False,False,False,False,False,False,False,False,12.692607625905348
Eric Roberts,Britt Stewart,Actor/Actress,California,United States,68,33,Eliminated Week 3,10,5.0,5.0,5.0,,6.0,4.0,5.0,,6.5,5.5,5.5,5.5,0.0,0.0,0.0,0.0,0.0,0.0,0.0,,0.0,0.0,0.0,,0.0,0.0,0.0,,0.0,0.0,0.0,,0.0,0.0,0.0,,,,,,,,,,False,False,13,9,4,rank,False,3,15.0,5.0,15.0,5.0,23.0,5.75,0.0,0.0,0.0,0.0,0.0,0.0,0.0,0.0,0.0,0.0,0.0,0.0,0.0,,0.0,,5.3,3.0,False,,856433.0,12062.4,True,False,False,False,False,False,False,False,False,False,False,False,False,False,False,False,False,False,False,False,13.660532535983862
Reginald VelJohnson,Emma Slater,Actor/Actress,New York,United States,74,33,Eliminated Week 3,10,6.0,5.0,5.0,,6.0,4.0,5.0,,6.0,5.0,5.0,5.0,0.0,0.0,0.0,0.0,0.0,0.0,0.0,,0.0,0.0,0.0,,0.0,0.0,0.0,,0.0,0.0,0.0,,0.0,0.0,0.0,,,,,,,,,,False,False,13,9,4,rank,False,3,16.0,5.333333333333333,15.0,5.0,21.0,5.25,0.0,0.0,0.0,0.0,0.0,0.0,0.0,0.0,0.0,0.0,0.0,0.0,0.0,,0.0,,5.2,3.0,False,,326505.0,4598.7,True,False,False,False,False,False,False,False,False,False,False,False,False,False,False,False,False,False,False,False,12.69620360425259
Chandler Kinney,Brandon Armstrong,Actor/Actress,California,United States,24,33,3rd Place,3,8.0,7.0,8.0,,8.0,8.0,8.0,,8.5,8.5,9.0,8.5,8.0,8.0,8.0,8.0,9.0,9.0,9.0,,10.0,11.0,11.0,,10.0,10.0,10.0,,9.5,9.5,10.0,,10.0,10.0,10.0,,,,,,,,,,False,False,13,9,4,rank,False,9,23.0,7.666666666666667,24.0,8.0,34.5,8.625,32.0,8.0,27.0,9.0,32.0,10.666666666666666,30.0,10.0,29.0,9.666666666666666,30.0,10.0,0.0,,0.0,,9.017241379310343,,True,3.0,301703.0,4249.3,True,False,False,False,False,False,False,False,False,False,False,False,False,False,False,False,False,False,False,False,12.617201683262776
Dwight Howard ,Daniella Karagach,Athlete,Georgia,United States,38,33,Eliminated Week 7,6,8.0,7.0,7.0,,8.0,7.0,7.0,,7.0,6.5,6.0,6.5,7.0,8.0,7.0,7.0,8.0,8.0,8.0,,11.0,10.0,10.0,,8.0,8.0,8.0,,0.0,0.0,0.0,,0.0,0.0,0.0,,,,,,,,,,False,False,13,9,4,rank,False,7,22.0,7.333333333333333,22.0,7.333333333333333,26.0,6.5,29.0,7.25,24.0,8.0,31.0,10.333333333333334,24.0,8.0,0.0,0.0,0.0,0.0,0.0,,0.0,,7.739130434782608,7.0,False,,562549.0,7923.2,False,True,False,False,False,False,False,False,False,False,False,False,False,False,False,False,False,False,False,False,13.240235297999218
Danny Amendola,Witney Carson,Athlete,Texas,United States,39,33,5th Place,5,7.0,6.0,7.0,,7.0,7.0,7.0,,7.5,7.5,8.0,7.0,9.0,9.0,9.0,9.0,8.5,8.5,8.5,,10.0,9.0,9.0,,8.5,8.5,8.5,,9.0,9.0,9.0,,9.0,9.5,9.5,,,,,,,,,,False,False,13,9,4,rank,False,9,20.0,6.666666666666667,21.0,7.0,30.0,7.5,36.0,9.0,25.5,8.5,28.0,9.333333333333334,25.5,8.5,27.0,9.0,28.0,9.333333333333334,0.0,,0.0,,8.310344827586206,,False,,826409.0,11639.6,False,True,False,False,False,False,False,False,False,False,False,False,False,False,False,False,False,False,False,False,13.624846297391992
Stephen Nedoroscik,Rylee Arnold,Athlete,Florida,United States,26,33,4th Place,4,7.0,7.0,7.0,,8.0,7.0,7.0,,8.0,8.0,7.5,7.5,8.0,9.0,8.0,8.0,8.0,8.0,8.0,,10.0,9.0,9.0,,9.5,9.0,8.5,,9.0,8.5,9.0,,10.0,9.5,10.0,,,,,,,,,,False,False,13,9,4,rank,False,9,21.0,7.0,22.0,7.333333333333333,31.0,7.75,33.0,8.25,24.0,8.0,28.0,9.333333333333334,27.0,9.0,26.5,8.833333333333334,29.5,9.833333333333334,0.0,,0.0,,8.344827586206897,,False,,232904.0,3280.3,False,True,False,False,False,False,False,False,False,False,False,False,False,False,False,False,False,False,False,False,12.35838592408338
Ilona Maher,Alan Bersten,Athlete,California,United States,28,33,2nd Place,2,6.0,6.0,6.0,,7.0,7.0,7.0,,7.5,7.0,7.0,6.5,8.0,8.0,8.0,8.0,9.0,8.5,8.5,,8.0,8.0,8.0,,9.0,8.5,8.5,,9.5,9.5,9.5,,9.5,9.5,9.5,,,,,,,,,,False,False,13,9,4,rank,False,9,18.0,6.0,21.0,7.0,28.0,7.0,32.0,8.0,26.0,8.666666666666666,24.0,8.0,26.0,8.666666666666666,28.5,9.5,28.5,9.5,0.0,,0.0,,8.0,,True,2.0,1097665.0,15460.1,False,True,False,False,False,False,False,False,False,False,False,False,False,False,False,False,False,False,False,False,13.908696665341285
Anna Delvey,Ezra Sosa,Con artist,Non-US,Russia,33,33,Eliminated Week 2,12,6.0,6.0,6.0,,6.0,5.0,6.0,,0.0,0.0,0.0,0.0,0.0,0.0,0.0,0.0,0.0,0.0,0.0,,0.0,0.0,0.0,,0.0,0.0,0.0,,0.0,0.0,0.0,,0.0,0.0,0.0,,,,,,,,,,False,False,13,9,4,rank,False,2,18.0,6.0,17.0,5.666666666666667,0.0,0.0,0.0,0.0,0.0,0.0,0.0,0.0,0.0,0.0,0.0,0.0,0.0,0.0,0.0,,0.0,,5.833333333333333,2.0,False,,44330.0,624.4,False,False,False,True,False,False,False,False,False,False,False,False,False,False,False,False,False,False,False,False,10.699439485571743
Brooks Nader,Gleb Savchenko,Model,New York,United States,27,33,Eliminated Week 4,9,6.0,6.0,6.0,,7.0,6.0,7.0,,7.5,7.5,8.0,7.5,8.0,8.0,8.0,8.0,0.0,0.0,0.0,,0.0,0.0,0.0,,0.0,0.0,0.0,,0.0,0.0,0.0,,0.0,0.0,0.0,,,,,,,,,,False,False,13,9,4,rank,False,4,18.0,6.0,20.0,6.666666666666667,30.5,7.625,32.0,8.0,0.0,0.0,0.0,0.0,0.0,0.0,0.0,0.0,0.0,0.0,0.0,,0.0,,7.178571428571429,4.0,False,,467113.0,6579.1,False,False,False,False,False,False,False,False,False,True,False,False,False,False,False,False,False,False,False,False,13.054328618209743
Phaedra Parks,Val Chmerkovskiy,TV Personality,Georgia,United States,51,33,Eliminated Week 5,8,7.0,6.0,6.0,,7.0,7.0,7.0,,7.5,7.5,6.0,7.0,8.0,8.0,8.0,8.0,8.0,8.0,8.0,,0.0,0.0,0.0,,0.0,0.0,0.0,,0.0,0.0,0.0,,0.0,0.0,0.0,,,,,,,,,,False,False,13,9,4,rank,False,5,19.0,6.333333333333333,21.0,7.0,28.0,7.0,32.0,8.0,24.0,8.0,0.0,0.0,0.0,0.0,0.0,0.0,0.0,0.0,0.0,,0.0,,7.294117647058823,5.0,False,,186615.0,2628.4,False,False,False,False,False,False,False,False,False,False,False,False,False,False,False,False,False,False,False,True,12.136808308628392
Jenn Tran,Sasha Farber,TV Personality,Florida,United States,26,33,Eliminated Week 6,7,7.0,6.0,6.0,,6.0,6.0,7.0,,8.0,8.0,7.0,8.0,8.0,8.0,8.0,8.0,8.5,8.5,8.5,,11.0,10.0,10.0,,0.0,0.0,0.0,,0.0,0.0,0.0,,0.0,0.0,0.0,,,,,,,,,,False,False,13,9,4,rank,False,6,19.0,6.333333333333333,19.0,6.333333333333333,31.0,7.75,32.0,8.0,25.5,8.5,31.0,10.333333333333334,0.0,0.0,0.0,0.0,0.0,0.0,0.0,,0.0,,7.875,6.0,False,,195230.0,2749.7,False,False,False,False,False,False,False,False,False,False,False,False,False,False,False,False,False,False,False,True,12.181938751827332
Joey Graziadei,Jenna Johnson,TV Personality,Louisiana,United States,29,33,1st Place,1,7.0,7.0,7.0,,8.0,7.0,7.0,,9.0,9.0,8.5,8.5,9.0,9.0,9.0,9.0,8.5,8.5,9.0,,11.0,10.0,11.0,,9.0,9.5,9.0,,9.5,10.0,9.5,,9.5,10.0,10.0,,,,,,,,,,False,False,13,9,4,rank,False,9,21.0,7.0,22.0,7.333333333333333,35.0,8.75,36.0,9.0,26.0,8.666666666666666,32.0,10.666666666666666,27.5,9.166666666666666,29.0,9.666666666666666,29.5,9.833333333333334,0.0,,0.0,,8.89655172413793,,True,1.0,178050.0,2507.7,False,False,False,False,False,False,False,False,False,False,False,False,False,False,False,False,False,False,False,True,12.08982530509004
Corey Feldman,Jenna Johnson,Actor/Actress,California,United States,54,34,Eliminated Week 2,13,4.0,5.0,,,5.0,5.0,5.0,,0.0,0.0,0.0,,0.0,0.0,0.0,,0.0,0.0,0.0,0.0,0.0,0.0,0.0,0.0,0.0,0.0,0.0,0.0,0.0,0.0,0.0,0.0,0.0,0.0,0.0,0.0,0.0,0.0,0.0,,0.0,0.0,0.0,,False,False,14,11,4,rank,False,2,9.0,4.5,15.0,5.0,0.0,0.0,0.0,0.0,0.0,0.0,0.0,0.0,0.0,0.0,0.0,0.0,0.0,0.0,0.0,0.0,0.0,0.0,4.8,2.0,False,,377518.0,5317.2,True,False,False,False,False,False,False,False,False,False,False,False,False,False,False,False,False,False,False,False,12.841376177530476
Danielle Fishel,Pasha Pashkov,Actor/Actress,California,United States,44,34,Eliminated Week 8,8,6.0,6.0,,,7.0,6.0,6.0,,7.0,7.0,7.0,,7.0,7.0,7.0,,7.0,7.0,7.0,8.0,9.0,9.0,9.0,9.0,8.5,8.5,8.5,9.5,9.5,9.0,9.5,9.0,0.0,0.0,0.0,0.0,0.0,0.0,0.0,,0.0,0.0,0.0,,False,False,14,11,4,rank,False,8,12.0,6.0,19.0,6.333333333333333,21.0,7.0,21.0,7.0,29.0,7.25,36.0,9.0,35.0,8.75,37.0,9.25,0.0,0.0,0.0,0.0,0.0,0.0,7.777777777777778,8.0,False,,128483.0,1809.6,True,False,False,False,False,False,False,False,False,False,False,False,False,False,False,False,False,False,False,False,11.763559661946271
Elaine Hendrix,Alan Bersten (Rashad Jennings week 9),Actor/Actress,Georgia,United States,55,34,5th Place,5,6.0,6.0,,,7.0,7.0,7.0,,7.0,7.0,7.0,,8.0,8.0,8.0,,8.0,7.0,7.0,8.0,9.0,9.0,9.0,9.0,8.0,8.0,8.0,8.0,9.0,9.5,10.0,9.0,9.0,9.0,9.0,9.0,9.5,9.5,9.5,,9.6666,9.6666,9.6666,,False,False,14,11,4,rank,False,11,12.0,6.0,21.0,7.0,21.0,7.0,24.0,8.0,30.0,7.5,36.0,9.0,32.0,8.0,37.5,9.375,36.0,9.0,28.5,9.5,28.9998,9.6666,8.297291891891893,,False,,52264.0,736.1,True,False,False,False,False,False,False,False,False,False,False,False,False,False,False,False,False,False,False,False,10.864082209966808
Baron Davis,Britt Stewart,Athlete,California,United States,46,34,Eliminated Week 2,13,5.0,5.0,,,6.0,6.0,6.0,,0.0,0.0,0.0,,0.0,0.0,0.0,,0.0,0.0,0.0,0.0,0.0,0.0,0.0,0.0,0.0,0.0,0.0,0.0,0.0,0.0,0.0,0.0,0.0,0.0,0.0,0.0,0.0,0.0,0.0,,0.0,0.0,0.0,,False,False,14,11,4,rank,False,2,10.0,5.0,18.0,6.0,0.0,0.0,0.0,0.0,0.0,0.0,0.0,0.0,0.0,0.0,0.0,0.0,0.0,0.0,0.0,0.0,0.0,0.0,5.6,2.0,False,,31825.0,448.2,False,True,False,False,False,False,False,False,False,False,False,False,False,False,False,False,False,False,False,False,10.36803884477013
Jordan Chiles,Ezra Sosa (Apolo Anton Ohno week 9),Athlete,Texas,United States,24,34,3rd Place,3,5.0,5.0,,,8.0,7.0,7.0,,8.0,8.0,8.0,,8.0,8.0,8.0,,8.0,8.0,8.0,8.0,10.0,9.0,10.0,10.0,10.0,9.0,9.0,10.0,10.0,9.5,10.0,9.5,9.5,10.5,9.5,9.5,9.5,9.5,9.5,,9.6666,10.0,10.0,,False,False,14,11,4,rank,False,11,10.0,5.0,22.0,7.333333333333333,24.0,8.0,24.0,8.0,32.0,8.0,39.0,9.75,38.0,9.5,39.0,9.75,39.0,9.75,28.5,9.5,29.666600000000003,9.888866666666669,8.788286486486488,,True,3.0,65426.0,921.5,False,True,False,False,False,False,False,False,False,False,False,False,False,False,False,False,False,False,False,False,11.088690296285336
Andy Richter,Emma Slater/Kaitlyn Bristowe (week 9),Comedian,California,United States,59,34,Eliminated Week 9,7,5.0,4.0,,,6.0,5.0,5.0,,6.0,6.0,6.0,,6.0,6.0,6.0,,6.0,6.0,6.0,6.0,7.0,6.0,7.0,7.0,7.25,7.25,7.25,7.25,8.0,8.5,9.5,8.0,8.0,7.0,7.0,7.0,0.0,0.0,0.0,,0.0,0.0,0.0,,False,False,14,11,4,rank,False,9,9.0,4.5,16.0,5.333333333333333,18.0,6.0,18.0,6.0,24.0,6.0,27.0,6.75,29.0,7.25,34.0,8.5,29.0,7.25,0.0,0.0,0.0,0.0,6.580645161290323,9.0,False,,100723.0,1418.6,False,False,True,False,False,False,False,False,False,False,False,False,False,False,False,False,False,False,False,False,11.520139381988423
Robert Irwin,Witney Carson (Xoshitl Gomez week 9),Conservationist,Non-US,Australia,22,34,1st Place,1,8.0,7.0,,,8.0,7.0,7.0,,8.0,7.0,7.0,,7.0,7.0,8.0,,8.0,9.0,9.0,9.0,9.0,9.0,9.0,9.0,10.75,9.75,9.75,10.75,9.0,9.5,10.0,9.5,10.5,10.5,10.5,10.5,10.0,9.5,10.0,,9.6666,10.0,10.0,,False,False,14,11,4,rank,False,11,15.0,7.5,22.0,7.333333333333333,22.0,7.333333333333333,22.0,7.333333333333333,35.0,8.75,36.0,9.0,41.0,10.25,38.0,9.5,42.0,10.5,29.5,9.833333333333334,29.666600000000003,9.888866666666669,8.977475675675676,,True,1.0,62903.0,886.0,False,False,False,False,True,False,False,False,False,False,False,False,False,False,False,False,False,False,False,False,11.049365033671352
Hilaria Baldwin,Gleb Savchenko,Entrepreneur,New York,United States,41,34,Eliminated Week 4,11,7.0,7.0,,,7.0,7.0,7.0,,7.0,8.0,7.0,,8.0,7.0,8.0,,0.0,0.0,0.0,0.0,0.0,0.0,0.0,0.0,0.0,0.0,0.0,0.0,0.0,0.0,0.0,0.0,0.0,0.0,0.0,0.0,0.0,0.0,0.0,,0.0,0.0,0.0,,False,False,14,11,4,rank,False,4,14.0,7.0,21.0,7.0,22.0,7.333333333333333,23.0,7.666666666666667,0.0,0.0,0.0,0.0,0.0,0.0,0.0,0.0,0.0,0.0,0.0,0.0,0.0,0.0,7.272727272727272,4.0,False,,90492.0,1274.5,False,False,False,False,False,True,False,False,False,False,False,False,False,False,False,False,False,False,False,False,11.413027778630203
Lauren Jauregui,Brandon Armstrong,Singer/Rapper,Florida,United States,29,34,Eliminated Week 3,12,7.0,6.0,,,7.0,7.0,7.0,,6.0,6.0,6.0,,0.0,0.0,0.0,,0.0,0.0,0.0,0.0,0.0,0.0,0.0,0.0,0.0,0.0,0.0,0.0,0.0,0.0,0.0,0.0,0.0,0.0,0.0,0.0,0.0,0.0,0.0,,0.0,0.0,0.0,,False,False,14,11,4,rank,False,3,13.0,6.5,21.0,7.0,18.0,6.0,0.0,0.0,0.0,0.0,0.0,0.0,0.0,0.0,0.0,0.0,0.0,0.0,0.0,0.0,0.0,0.0,6.5,3.0,False,,45337.0,638.5,False,False,False,False,False,False,False,False,False,False,False,False,False,False,False,False,True,False,False,False,10.72190081192847
Scott Hoying,Rylee Arnold,Singer/Rapper,California,United States,34,34,Eliminated Week 6,10,5.0,5.0,,,6.0,6.0,6.0,,8.0,7.0,7.0,,7.0,7.0,7.0,,7.0,8.0,7.0,8.0,7.0,7.0,7.0,7.0,0.0,0.0,0.0,0.0,0.0,0.0,0.0,0.0,0.0,0.0,0.0,0.0,0.0,0.0,0.0,,0.0,0.0,0.0,,False,False,14,11,4,rank,False,6,10.0,5.0,18.0,6.0,22.0,7.333333333333333,21.0,7.0,30.0,7.5,28.0,7.0,0.0,0.0,0.0,0.0,0.0,0.0,0.0,0.0,0.0,0.0,6.789473684210527,6.0,False,,85608.0,1205.7,False,False,False,False,False,False,False,False,False,False,False,False,False,False,False,False,True,False,False,False,11.357545696789908
Alix Earle,Val Chmerkovskiy (Joey Graziadei week 9),Social media personality,Florida,United States,24,34,2nd Place,2,7.0,6.0,,,7.0,7.0,7.0,,8.0,7.0,8.0,,8.0,8.0,8.0,,8.0,9.0,9.0,9.0,9.0,9.0,8.0,9.0,11.0,11.0,10.0,11.0,9.5,10.0,9.5,9.5,10.0,10.0,10.0,10.0,9.5,10.0,9.5,,10.0,10.0,10.0,,False,False,14,11,4,rank,False,11,13.0,6.5,21.0,7.0,23.0,7.666666666666667,24.0,8.0,35.0,8.75,35.0,8.75,43.0,10.75,38.5,9.625,40.0,10.0,29.0,9.666666666666666,30.0,10.0,8.95945945945946,,True,2.0,289672.0,4079.9,False,False,False,False,False,False,False,False,False,False,False,False,False,False,False,False,False,False,True,False,12.576507979552138
Jen Affleck,Jan Ravnik,TV Personality,Utah,United States,26,34,Eliminated Week 7,9,6.0,6.0,,,8.0,7.0,7.0,,7.0,6.0,6.0,,7.0,8.0,8.0,,8.0,7.0,7.0,7.0,8.0,8.0,8.0,8.0,8.5,8.5,8.5,8.5,0.0,0.0,0.0,0.0,0.0,0.0,0.0,0.0,0.0,0.0,0.0,,0.0,0.0,0.0,,False,False,14,11,4,rank,False,7,12.0,6.0,22.0,7.333333333333333,19.0,6.333333333333333,23.0,7.666666666666667,29.0,7.25,32.0,8.0,34.0,8.5,0.0,0.0,0.0,0.0,0.0,0.0,0.0,0.0,7.434782608695652,7.0,False,,211263.0,2975.5,False,False,False,False,False,False,False,False,False,False,False,False,False,False,False,False,False,False,False,True,12.260863815212865
Whitney Leavitt,Mark Ballas,TV Personality,Utah,United States,32,34,Eliminated Week 10,6,7.0,8.0,,,7.0,7.0,8.0,,8.0,8.0,8.0,,9.0,8.0,8.0,,9.0,8.0,8.0,8.0,10.0,9.0,10.0,10.0,10.25,10.25,10.25,11.25,9.5,10.0,10.0,10.0,10.5,10.5,10.5,10.5,9.0,10.0,10.0,,0.0,0.0,0.0,,False,False,14,11,4,rank,False,10,15.0,7.5,22.0,7.333333333333333,24.0,8.0,25.0,8.333333333333334,33.0,8.25,39.0,9.75,42.0,10.5,39.5,9.875,42.0,10.5,29.0,9.666666666666666,0.0,0.0,9.132352941176473,10.0,False,,41.0,0.9,False,False,False,False,False,False,False,False,False,False,False,False,False,False,False,False,False,False,False,True,3.7376696182833684
Dylan Efron,Daniella Karagach (Rumer Willis week 9),TV Personality,California,United States,33,34,4th Place,4,5.0,5.0,,,7.0,6.0,7.0,,7.0,8.0,8.0,,7.0,8.0,8.0,,9.0,9.0,9.0,9.0,8.0,8.0,8.0,8.0,9.75,9.75,8.75,9.75,9.0,9.5,10.0,9.5,10.5,10.5,10.5,10.5,9.0,9.0,9.5,,9.6666,9.6666,10.0,,False,False,14,11,4,rank,False,11,10.0,5.0,20.0,6.666666666666667,23.0,7.666666666666667,23.0,7.666666666666667,36.0,9.0,32.0,8.0,38.0,9.5,38.0,9.5,42.0,10.5,27.5,9.166666666666666,29.3332,9.777733333333334,8.617113513513514,,False,,35.0,1.0,False,False,False,False,False,False,False,False,False,False,False,False,False,False,False,False,False,False,False,True,3.58351893845611
